scholarship_id,scholarship_name,provider,target_groups,subject_areas,eligible_countries,study_purpose,daad_funded,description_en,source,host_country,deadline,scholarship_amount,degree_level,duration,application_link
94,Prussian Cultural Heritage Foundation: Grant Programme,Prussian Cultural Heritage Foundation: Grant Programme,Postdoctoral researchers | Graduates | Doctoral candidates/PhD students,"Languages and Cultural Studies | Law, Economics and Social Sciences | Mathematics and Natural Sciences | Human Medicine | Veterinary Medicine, Agricultural, Forest and Nutritional Sciences, Ecology | Engineering | Art, Music and Sport","Albania | Bhutan | Myanmar | Brunei Darussalam | Taiwan | Hong Kong (CN) | Cambodia | Korea, the Republic of | 107 | Lao People's Democratic Republic | Macao (CN) | Mongolia | Philippines | Vietnam | Guyana | French Guayana | Suriname | Bahamas | Barbados | Bermudas | Dominican Republic | El Salvador | Guadeloupe | Haiti | Belize | Jamaica | Montserrat | Martinique | The Dutch Antilles | Puerto Rico | Trinidad and Tobago | Anguilla | Antigua and Barbuda | Dominica | Grenada | Saint Lucia | Saint Vincent and the Grenadines | Angola | Ethiopia | Botswana | Burundi | Benin | Côte d'Ivoire | Djibouti | Gabon | Gambia | Ghana | Guinea | Guinea-Bissau | Equatorial Guinea | Cameroon | Cape Verde | Congo | Congo, Democratic Republic | Lesotho | Liberia | Madagascar | Malawi | Mali | Mauritania | Mauritius | Mozambique | Comoros | Eswatani | Niger | Nigeria | Burkina Faso | Réunion | Zimbabwe | Rwanda | Zambia | Sao Tome and Principe | Senegal | Seychelles | Sierra Leone | Somalia | Sudan | Namibia | Tanzania, United Republic of | Togo | Chad | Uganda | Central African Republic | Eritrea | Cyprus | Finland | Denmark | Australia | Lithuania | Libya | Algeria | Latvia | Estonia | France | Greece | Ireland | Austria | Italy | Japan | Canada | New Zealand | Netherlands | Norway | Poland | Portugal | 38 | Sweden | Switzerland | Spain | Bolivia | Argentina | Uruguay | United States of America | Hungary | United Kingdom | Brazil | Chile | Morocco | Tunisia | Afghanistan | Bangladesh | Iran | Nepal | Pakistan | Sri Lanka | Fiji | Samoa | Tahiti | Tonga | Papua New Guinea | Nauru | Serbia | Georgia | Bosnia and Herzegovina | Belarus | Kiribati | Solomon Islands | Azerbaijan | New Caledonia | Armenia | Kyrgyzstan | North Macedonia | Moldova, Republic of | Tajikistan | Turkmenistan | Uzbekistan | Andorra | Iceland | Liechtenstein | Malta | Monaco | San Marino | Vatican City | Bahrain | Iraq | Jordan | Yemen | Saudi Arabia | Oman | Lebanon | Kuwait | Qatar | Syrian Arab Republic (Syria) | United Arab Emirates | Cook Islands | Niue | Vanuatu | Tuvalu | Marshall Islands | Micronesia, Federated States of | Timor-Leste | Maldives | Saint Kitts and Nevis | Guam | Palau | Montenegro | Kosovo | South Sudan | South Africa | Egypt | Bulgaria | India | Indonesia | Israel | Kazakhstan | Croatia | Malaysia | Romania | Singapore | Slovakia | Slovenia | Turkey | Thailand | Czech Republic | Ukraine | Costa Rica | Ecuador | Guatemala | Honduras | Colombia | Cuba | Mexico | Panama | Paraguay | Peru | Venezuela, Bolivarian Republic of | Nicaragua | Belgium | Palestinian Territories | Kenya | Luxembourg | China, PR",Research/Doctorate/PhD,0,"The programme enables academics from all over the world to undertake research residencies of 1-3 months at the Berlin institutions of the Prussian Cultural Heritage Foundation (SPK). Funding is available for research projects, if they are",DAAD,Germany,,,,,
103,State of Bavaria: Max Weber Programme,State of Bavaria: Max Weber Programme,Undergraduates | Graduates,"Languages and Cultural Studies | Law, Economics and Social Sciences | Mathematics and Natural Sciences | Human Medicine | Veterinary Medicine, Agricultural, Forest and Nutritional Sciences, Ecology | Engineering | Art, Music and Sport","South Africa | Egypt | Bulgaria | India | Indonesia | Israel | Kazakhstan | Croatia | Malaysia | Romania | Singapore | Slovakia | Slovenia | Turkey | Thailand | Czech Republic | Ukraine | China, PR | Cyprus | Estonia | Latvia | Lithuania | Australia | Denmark | Finland | France | Greece | Ireland | Austria | Italy | Japan | Canada | New Zealand | Netherlands | Norway | Poland | Portugal | 38 | Sweden | Switzerland | Spain | United Kingdom | Hungary | United States of America | Uruguay | Argentina | Bolivia | Brazil | Chile | Costa Rica | Ecuador | Guatemala | Honduras | Colombia | Cuba | Mexico | Panama | Paraguay | Peru | Venezuela, Bolivarian Republic of | Nicaragua | Belgium | Palestinian Territories | Kenya | Luxembourg | Albania | Armenia | Azerbaijan | Belarus | Bosnia and Herzegovina | Georgia | Serbia | Kyrgyzstan | North Macedonia | Moldova, Republic of | Tajikistan | Turkmenistan | Uzbekistan | Andorra | Iceland | Liechtenstein | Malta | Monaco | San Marino | Vatican City | Bahrain | Iraq | Jordan | Qatar | Kuwait | Lebanon | Oman | Saudi Arabia | Yemen | Syrian Arab Republic (Syria) | United Arab Emirates | Bhutan | Myanmar | Brunei Darussalam | Taiwan | Hong Kong (CN) | Cambodia | Korea, the Republic of | 107 | Lao People's Democratic Republic | Macao (CN) | Mongolia | Philippines | Vietnam | Guyana | French Guayana | Suriname | Bahamas | Barbados | Bermudas | Dominican Republic | El Salvador | Guadeloupe | Haiti | Belize | Jamaica | Montserrat | Martinique | The Dutch Antilles | Puerto Rico | Trinidad and Tobago | Anguilla | Antigua and Barbuda | Dominica | Grenada | Saint Lucia | Saint Vincent and the Grenadines | Angola | Ethiopia | Botswana | Burundi | Benin | Côte d'Ivoire | Djibouti | Gabon | Gambia | Ghana | Guinea | Guinea-Bissau | Equatorial Guinea | Cameroon | Cape Verde | Congo | Congo, Democratic Republic | Lesotho | Liberia | Madagascar | Malawi | Mali | Mauritania | Mauritius | Mozambique | Comoros | Eswatani | Niger | Nigeria | Burkina Faso | Réunion | Zimbabwe | Rwanda | Zambia | Sao Tome and Principe | Senegal | Seychelles | Sierra Leone | Somalia | Sudan | Namibia | Tanzania, United Republic of | Togo | Chad | Uganda | Central African Republic | Eritrea | Algeria | Libya | Morocco | Tunisia | Afghanistan | Bangladesh | Iran | Nepal | Pakistan | Sri Lanka | Fiji | Samoa | Tahiti | Tonga | Papua New Guinea | Nauru | New Caledonia | Solomon Islands | Kiribati | Cook Islands | Niue | Vanuatu | Tuvalu | Marshall Islands | Micronesia, Federated States of | Timor-Leste | Germany | Maldives | Saint Kitts and Nevis | Guam | Palau | Montenegro | Kosovo | South Sudan",Study,0,"The Max Weber Programme is open to particularly gifted students who are enrolled at a Bavarian higher education institution. The Free State of Bavaria has entrusted the German Academic Scholarship Foundation, the Studienstiftung des",DAAD,Germany,,,,,
104,European Union: Erasmus+ Mobility Programme for Higher Education Students,European Union: Erasmus+ Mobility Programme for Higher Education Students,Undergraduates | Graduates | Doctoral candidates/PhD students,"Languages and Cultural Studies | Law, Economics and Social Sciences | Mathematics and Natural Sciences | Human Medicine | Veterinary Medicine, Agricultural, Forest and Nutritional Sciences, Ecology | Engineering | Art, Music and Sport","South Africa | Egypt | Bulgaria | India | Indonesia | Israel | Kazakhstan | Croatia | Malaysia | Romania | Singapore | Slovakia | Slovenia | Turkey | Thailand | Czech Republic | Ukraine | China, PR | Cyprus | Estonia | Latvia | Lithuania | Australia | Denmark | Finland | France | Greece | Ireland | Austria | Italy | Japan | Canada | New Zealand | Netherlands | Norway | Poland | Portugal | 38 | Sweden | Switzerland | Spain | United Kingdom | Hungary | United States of America | Uruguay | Argentina | Bolivia | Brazil | Chile | Costa Rica | Ecuador | Guatemala | Honduras | Colombia | Cuba | Mexico | Panama | Paraguay | Peru | Venezuela, Bolivarian Republic of | Nicaragua | Belgium | Palestinian Territories | Kenya | Luxembourg | Albania | Armenia | Azerbaijan | Belarus | Bosnia and Herzegovina | Georgia | Serbia | Kyrgyzstan | North Macedonia | Moldova, Republic of | Tajikistan | Turkmenistan | Uzbekistan | Andorra | Iceland | Liechtenstein | Malta | Monaco | San Marino | Vatican City | Bahrain | Iraq | Jordan | Qatar | Kuwait | Lebanon | Oman | Saudi Arabia | Yemen | Syrian Arab Republic (Syria) | United Arab Emirates | Bhutan | Myanmar | Brunei Darussalam | Taiwan | Hong Kong (CN) | Cambodia | Korea, the Republic of | 107 | Lao People's Democratic Republic | Macao (CN) | Mongolia | Philippines | Vietnam | Guyana | French Guayana | Suriname | Bahamas | Barbados | Bermudas | Dominican Republic | El Salvador | Guadeloupe | Haiti | Belize | Jamaica | Montserrat | Martinique | The Dutch Antilles | Puerto Rico | Trinidad and Tobago | Anguilla | Antigua and Barbuda | Dominica | Grenada | Saint Lucia | Saint Vincent and the Grenadines | Angola | Ethiopia | Botswana | Burundi | Benin | Côte d'Ivoire | Djibouti | Gabon | Gambia | Ghana | Guinea | Guinea-Bissau | Equatorial Guinea | Cameroon | Cape Verde | Congo | Congo, Democratic Republic | Lesotho | Liberia | Madagascar | Malawi | Mali | Mauritania | Mauritius | Mozambique | Comoros | Eswatani | Niger | Nigeria | Burkina Faso | Réunion | Zimbabwe | Rwanda | Zambia | Sao Tome and Principe | Senegal | Seychelles | Sierra Leone | Somalia | Sudan | Namibia | Tanzania, United Republic of | Togo | Chad | Uganda | Central African Republic | Eritrea | Algeria | Libya | Morocco | Tunisia | Afghanistan | Bangladesh | Iran | Nepal | Pakistan | Sri Lanka | Fiji | Samoa | Tahiti | Tonga | Papua New Guinea | Nauru | New Caledonia | Solomon Islands | Kiribati | Cook Islands | Niue | Vanuatu | Tuvalu | Marshall Islands | Micronesia, Federated States of | Timor-Leste | Germany | Maldives | Saint Kitts and Nevis | Guam | Palau | Montenegro | Kosovo | South Sudan",Study | Research/Doctorate/PhD | Internship,0,Erasmus+ mobility of individuals sponsors study periods and traineeships (work placements) in 33 specified Erasmus+ programme countries  and in Erasmus+ partner countries  around the world.,DAAD,Germany,,,,,
105,Institutions of Higher Education in Hesse: Doctoral Scholarships,Institutions of Higher Education in Hesse: Doctoral Scholarships,Doctoral candidates/PhD students,"Languages and Cultural Studies | Law, Economics and Social Sciences | Mathematics and Natural Sciences | Human Medicine | Veterinary Medicine, Agricultural, Forest and Nutritional Sciences, Ecology | Engineering | Art, Music and Sport","South Africa | Egypt | Bulgaria | India | Indonesia | Israel | Kazakhstan | Croatia | Malaysia | Romania | Singapore | Slovakia | Slovenia | Turkey | Thailand | Czech Republic | Ukraine | China, PR | Cyprus | Estonia | Latvia | Lithuania | Australia | Denmark | Finland | France | Greece | Ireland | Austria | Italy | Japan | Canada | New Zealand | Netherlands | Norway | Poland | Portugal | 38 | Sweden | Switzerland | Spain | United Kingdom | Hungary | United States of America | Uruguay | Argentina | Bolivia | Brazil | Chile | Costa Rica | Ecuador | Guatemala | Honduras | Colombia | Cuba | Mexico | Panama | Paraguay | Peru | Venezuela, Bolivarian Republic of | Nicaragua | Belgium | Palestinian Territories | Kenya | Luxembourg | Albania | Armenia | Azerbaijan | Belarus | Bosnia and Herzegovina | Georgia | Serbia | Kyrgyzstan | North Macedonia | Moldova, Republic of | Tajikistan | Turkmenistan | Uzbekistan | Andorra | Iceland | Liechtenstein | Malta | Monaco | San Marino | Vatican City | Bahrain | Iraq | Jordan | Qatar | Kuwait | Lebanon | Oman | Saudi Arabia | Yemen | Syrian Arab Republic (Syria) | United Arab Emirates | Bhutan | Myanmar | Brunei Darussalam | Taiwan | Hong Kong (CN) | Cambodia | Korea, the Republic of | 107 | Lao People's Democratic Republic | Macao (CN) | Mongolia | Philippines | Vietnam | Guyana | French Guayana | Suriname | Bahamas | Barbados | Bermudas | Dominican Republic | El Salvador | Guadeloupe | Haiti | Belize | Jamaica | Montserrat | Martinique | The Dutch Antilles | Puerto Rico | Trinidad and Tobago | Anguilla | Antigua and Barbuda | Dominica | Grenada | Saint Lucia | Saint Vincent and the Grenadines | Angola | Ethiopia | Botswana | Burundi | Benin | Côte d'Ivoire | Djibouti | Gabon | Gambia | Ghana | Guinea | Guinea-Bissau | Equatorial Guinea | Cameroon | Cape Verde | Congo | Congo, Democratic Republic | Lesotho | Liberia | Madagascar | Malawi | Mali | Mauritania | Mauritius | Mozambique | Comoros | Eswatani | Niger | Nigeria | Burkina Faso | Réunion | Zimbabwe | Rwanda | Zambia | Sao Tome and Principe | Senegal | Seychelles | Sierra Leone | Somalia | Sudan | Namibia | Tanzania, United Republic of | Togo | Chad | Uganda | Central African Republic | Eritrea | Algeria | Libya | Morocco | Tunisia | Afghanistan | Bangladesh | Iran | Nepal | Pakistan | Sri Lanka | Fiji | Samoa | Tahiti | Tonga | Papua New Guinea | Nauru | New Caledonia | Solomon Islands | Kiribati | Cook Islands | Niue | Vanuatu | Tuvalu | Marshall Islands | Micronesia, Federated States of | Timor-Leste | Germany | Maldives | Saint Kitts and Nevis | Guam | Palau | Montenegro | Kosovo | South Sudan",Research/Doctorate/PhD,0,Specific higher education institutions of the state of Hesse award doctoral scholarships to particularly qualified junior scholars and researchers who wish to conduct doctoral research at a Hessian higher education institution. Applications,DAAD,Germany,,,,,
109,"Ministry for Science, Culture, Federal and European Affairs of Mecklenburg-West Pomerania: PhD Scholarships and Caspar-David-Friedrich Scholarships (CDF)","Ministry for Science, Culture, Federal and European Affairs of Mecklenburg-West Pomerania: PhD Scholarships and Caspar-David-Friedrich Scholarships (CDF)",Graduates | Doctoral candidates/PhD students,"Languages and Cultural Studies | Law, Economics and Social Sciences | Mathematics and Natural Sciences | Human Medicine | Veterinary Medicine, Agricultural, Forest and Nutritional Sciences, Ecology | Engineering | Art, Music and Sport","South Africa | Egypt | Bulgaria | India | Indonesia | Israel | Kazakhstan | Croatia | Malaysia | Romania | Singapore | Slovakia | Slovenia | Turkey | Thailand | Czech Republic | Ukraine | China, PR | Cyprus | Estonia | Latvia | Lithuania | Australia | Denmark | Finland | France | Greece | Ireland | Austria | Italy | Japan | Canada | New Zealand | Netherlands | Norway | Poland | Portugal | 38 | Sweden | Switzerland | Spain | United Kingdom | Hungary | United States of America | Uruguay | Argentina | Bolivia | Brazil | Chile | Costa Rica | Ecuador | Guatemala | Honduras | Colombia | Cuba | Mexico | Panama | Paraguay | Peru | Venezuela, Bolivarian Republic of | Nicaragua | Belgium | Palestinian Territories | Kenya | Luxembourg | Albania | Armenia | Azerbaijan | Belarus | Bosnia and Herzegovina | Georgia | Serbia | Kyrgyzstan | North Macedonia | Moldova, Republic of | Tajikistan | Turkmenistan | Uzbekistan | Andorra | Iceland | Liechtenstein | Malta | Monaco | San Marino | Vatican City | Bahrain | Iraq | Jordan | Qatar | Kuwait | Lebanon | Oman | Saudi Arabia | Yemen | Syrian Arab Republic (Syria) | United Arab Emirates | Bhutan | Myanmar | Brunei Darussalam | Taiwan | Hong Kong (CN) | Cambodia | Korea, the Republic of | 107 | Lao People's Democratic Republic | Macao (CN) | Mongolia | Philippines | Vietnam | Guyana | French Guayana | Suriname | Bahamas | Barbados | Bermudas | Dominican Republic | El Salvador | Guadeloupe | Haiti | Belize | Jamaica | Montserrat | Martinique | The Dutch Antilles | Puerto Rico | Trinidad and Tobago | Anguilla | Antigua and Barbuda | Dominica | Grenada | Saint Lucia | Saint Vincent and the Grenadines | Angola | Ethiopia | Botswana | Burundi | Benin | Côte d'Ivoire | Djibouti | Gabon | Gambia | Ghana | Guinea | Guinea-Bissau | Equatorial Guinea | Cameroon | Cape Verde | Congo | Congo, Democratic Republic | Lesotho | Liberia | Madagascar | Malawi | Mali | Mauritania | Mauritius | Mozambique | Comoros | Eswatani | Niger | Nigeria | Burkina Faso | Réunion | Zimbabwe | Rwanda | Zambia | Sao Tome and Principe | Senegal | Seychelles | Sierra Leone | Somalia | Sudan | Namibia | Tanzania, United Republic of | Togo | Chad | Uganda | Central African Republic | Eritrea | Algeria | Libya | Morocco | Tunisia | Afghanistan | Bangladesh | Iran | Nepal | Pakistan | Sri Lanka | Fiji | Samoa | Tahiti | Tonga | Papua New Guinea | Nauru | New Caledonia | Solomon Islands | Kiribati | Cook Islands | Niue | Vanuatu | Tuvalu | Marshall Islands | Micronesia, Federated States of | Timor-Leste | Germany | Maldives | Saint Kitts and Nevis | Guam | Palau | Montenegro | Kosovo | South Sudan",Study | Research/Doctorate/PhD,0,Higher education graduates of outstanding academic merit who plan to complete a doctoral programme or carry out an artistic development project at a higher education institution in Mecklenburg-West Pomerania are welcome to apply. The PhD,DAAD,Germany,,,,,
110,Konrad-Adenauer-Stiftung (KAS): Scholarship Programme for International Students,Konrad-Adenauer-Stiftung (KAS): Scholarship Programme for International Students,Undergraduates | Graduates | Doctoral candidates/PhD students,"Languages and Cultural Studies | Law, Economics and Social Sciences | Mathematics and Natural Sciences | Veterinary Medicine, Agricultural, Forest and Nutritional Sciences, Ecology | Engineering | Art, Music and Sport","South Africa | Egypt | India | Indonesia | Israel | Kazakhstan | Malaysia | Singapore | Turkey | Thailand | Czech Republic | Ukraine | China, PR | Australia | Japan | Canada | New Zealand | Norway | 38 | Switzerland | United Kingdom | United States of America | Uruguay | Argentina | Bolivia | Brazil | Chile | Costa Rica | Ecuador | Guatemala | Honduras | Colombia | Cuba | Mexico | Panama | Paraguay | Peru | Venezuela, Bolivarian Republic of | Nicaragua | Palestinian Territories | Kenya | Luxembourg | Albania | Armenia | Azerbaijan | Belarus | Bosnia and Herzegovina | Georgia | Serbia | Kyrgyzstan | North Macedonia | Moldova, Republic of | Tajikistan | Turkmenistan | Uzbekistan | Andorra | Iceland | Liechtenstein | Monaco | San Marino | Vatican City | Bahrain | Iraq | Jordan | Qatar | Kuwait | Lebanon | Oman | Saudi Arabia | Yemen | Syrian Arab Republic (Syria) | United Arab Emirates | Bhutan | Myanmar | Brunei Darussalam | Taiwan | Hong Kong (CN) | Cambodia | Korea, the Republic of | 107 | Lao People's Democratic Republic | Macao (CN) | Mongolia | Philippines | Vietnam | Guyana | French Guayana | Suriname | Bahamas | Barbados | Bermudas | Dominican Republic | El Salvador | Guadeloupe | Haiti | Belize | Jamaica | Montserrat | Martinique | The Dutch Antilles | Puerto Rico | Trinidad and Tobago | Anguilla | Antigua and Barbuda | Dominica | Grenada | Saint Lucia | Saint Vincent and the Grenadines | Angola | Ethiopia | Botswana | Burundi | Benin | Côte d'Ivoire | Djibouti | Gabon | Gambia | Ghana | Guinea | Guinea-Bissau | Equatorial Guinea | Cameroon | Cape Verde | Congo | Congo, Democratic Republic | Lesotho | Liberia | Madagascar | Malawi | Mali | Mauritania | Mauritius | Mozambique | Comoros | Eswatani | Niger | Nigeria | Burkina Faso | Réunion | Zimbabwe | Rwanda | Zambia | Sao Tome and Principe | Senegal | Seychelles | Sierra Leone | Somalia | Sudan | Namibia | Tanzania, United Republic of | Togo | Chad | Uganda | Central African Republic | Eritrea | Algeria | Libya | Morocco | Tunisia | Afghanistan | Bangladesh | Iran | Nepal | Pakistan | Sri Lanka | Fiji | Samoa | Tahiti | Tonga | Papua New Guinea | Nauru | New Caledonia | Solomon Islands | Kiribati | Cook Islands | Niue | Vanuatu | Tuvalu | Marshall Islands | Micronesia, Federated States of | Timor-Leste | Maldives | Saint Kitts and Nevis | Guam | Palau | Montenegro | Kosovo | South Sudan",Study | Research/Doctorate/PhD,0,Every year the foundation awards scholarships to international students in degree courses or PhD programmes at higher education institutions in Germany. The scholarship programme is primarily aimed at international students and doctoral,DAAD,Germany,,,,,
112,Alexander von Humboldt Foundation: Humboldt Research Fellowships for Postdoctoral Researchers,Alexander von Humboldt Foundation: Humboldt Research Fellowships for Postdoctoral Researchers,Postdoctoral researchers,"Languages and Cultural Studies | Law, Economics and Social Sciences | Mathematics and Natural Sciences | Human Medicine | Veterinary Medicine, Agricultural, Forest and Nutritional Sciences, Ecology | Engineering | Art, Music and Sport","South Africa | Egypt | Bulgaria | India | Indonesia | Israel | Kazakhstan | Croatia | Malaysia | Romania | Singapore | Slovakia | Slovenia | Turkey | Thailand | Czech Republic | Ukraine | China, PR | Cyprus | Estonia | Latvia | Lithuania | Australia | Denmark | Finland | France | Greece | Ireland | Austria | Italy | Japan | Canada | New Zealand | Netherlands | Norway | Poland | Portugal | 38 | Sweden | Switzerland | Spain | United Kingdom | Hungary | United States of America | Uruguay | Argentina | Bolivia | Chile | Costa Rica | Ecuador | Guatemala | Honduras | Colombia | Cuba | Mexico | Panama | Paraguay | Peru | Venezuela, Bolivarian Republic of | Nicaragua | Belgium | Palestinian Territories | Kenya | Luxembourg | Albania | Armenia | Azerbaijan | Belarus | Bosnia and Herzegovina | Georgia | Serbia | Kyrgyzstan | North Macedonia | Moldova, Republic of | Tajikistan | Turkmenistan | Uzbekistan | Andorra | Iceland | Liechtenstein | Malta | Monaco | San Marino | Vatican City | Bahrain | Iraq | Jordan | Qatar | Kuwait | Lebanon | Oman | Saudi Arabia | Yemen | Syrian Arab Republic (Syria) | United Arab Emirates | Bhutan | Myanmar | Brunei Darussalam | Taiwan | Hong Kong (CN) | Cambodia | Korea, the Republic of | 107 | Lao People's Democratic Republic | Macao (CN) | Mongolia | Philippines | Vietnam | Guyana | French Guayana | Suriname | Bahamas | Barbados | Bermudas | Dominican Republic | El Salvador | Guadeloupe | Haiti | Belize | Jamaica | Montserrat | Martinique | The Dutch Antilles | Puerto Rico | Trinidad and Tobago | Anguilla | Antigua and Barbuda | Dominica | Grenada | Saint Lucia | Saint Vincent and the Grenadines | Angola | Ethiopia | Botswana | Burundi | Benin | Côte d'Ivoire | Djibouti | Gabon | Gambia | Ghana | Guinea | Guinea-Bissau | Equatorial Guinea | Cameroon | Cape Verde | Congo | Congo, Democratic Republic | Lesotho | Liberia | Madagascar | Malawi | Mali | Mauritania | Mauritius | Mozambique | Comoros | Eswatani | Niger | Nigeria | Burkina Faso | Réunion | Zimbabwe | Rwanda | Zambia | Sao Tome and Principe | Senegal | Seychelles | Sierra Leone | Somalia | Sudan | Namibia | Tanzania, United Republic of | Togo | Chad | Uganda | Central African Republic | Eritrea | Algeria | Libya | Morocco | Tunisia | Afghanistan | Bangladesh | Iran | Nepal | Pakistan | Sri Lanka | Fiji | Samoa | Tahiti | Tonga | Papua New Guinea | Nauru | New Caledonia | Solomon Islands | Kiribati | Cook Islands | Niue | Vanuatu | Tuvalu | Marshall Islands | Micronesia, Federated States of | Timor-Leste | Maldives | Saint Kitts and Nevis | Guam | Palau | Montenegro | Kosovo | South Sudan",Research/Doctorate/PhD,0,Applicants are highly qualified scientists and scholars from abroad just embarking on their academic careers who completed their doctorates less than 4 years ago. The fellowship gives international candidates from all disciplines the,DAAD,Germany,,,,,
115,Heinrich Böll Foundation: PhD scholarship,Heinrich Böll Foundation: PhD scholarship,Doctoral candidates/PhD students,"Languages and Cultural Studies | Law, Economics and Social Sciences | Mathematics and Natural Sciences | Human Medicine | Veterinary Medicine, Agricultural, Forest and Nutritional Sciences, Ecology | Engineering | Art, Music and Sport","South Africa | Egypt | Bulgaria | India | Indonesia | Israel | Kazakhstan | Croatia | Malaysia | Romania | Singapore | Slovakia | Slovenia | Turkey | Thailand | Czech Republic | Ukraine | China, PR | Cyprus | Estonia | Latvia | Lithuania | Australia | Denmark | Finland | France | Greece | Ireland | Austria | Italy | Japan | Canada | New Zealand | Netherlands | Norway | Poland | Portugal | 38 | Sweden | Switzerland | Spain | United Kingdom | Hungary | United States of America | Uruguay | Argentina | Bolivia | Brazil | Chile | Costa Rica | Ecuador | Guatemala | Honduras | Colombia | Cuba | Mexico | Panama | Paraguay | Peru | Venezuela, Bolivarian Republic of | Nicaragua | Belgium | Palestinian Territories | Kenya | Luxembourg | Albania | Armenia | Azerbaijan | Belarus | Bosnia and Herzegovina | Georgia | Serbia | Kyrgyzstan | North Macedonia | Moldova, Republic of | Tajikistan | Turkmenistan | Uzbekistan | Andorra | Iceland | Liechtenstein | Malta | Monaco | San Marino | Vatican City | Bahrain | Iraq | Jordan | Qatar | Kuwait | Lebanon | Oman | Saudi Arabia | Yemen | Syrian Arab Republic (Syria) | United Arab Emirates | Bhutan | Myanmar | Brunei Darussalam | Taiwan | Hong Kong (CN) | Cambodia | Korea, the Republic of | 107 | Lao People's Democratic Republic | Macao (CN) | Mongolia | Philippines | Vietnam | Guyana | French Guayana | Suriname | Bahamas | Barbados | Bermudas | Dominican Republic | El Salvador | Guadeloupe | Haiti | Belize | Jamaica | Montserrat | Martinique | The Dutch Antilles | Puerto Rico | Trinidad and Tobago | Anguilla | Antigua and Barbuda | Dominica | Grenada | Saint Lucia | Saint Vincent and the Grenadines | Angola | Ethiopia | Botswana | Burundi | Benin | Côte d'Ivoire | Djibouti | Gabon | Gambia | Ghana | Guinea | Guinea-Bissau | Equatorial Guinea | Cameroon | Cape Verde | Congo | Congo, Democratic Republic | Lesotho | Liberia | Madagascar | Malawi | Mali | Mauritania | Mauritius | Mozambique | Comoros | Eswatani | Niger | Nigeria | Burkina Faso | Réunion | Zimbabwe | Rwanda | Zambia | Sao Tome and Principe | Senegal | Seychelles | Sierra Leone | Somalia | Sudan | Namibia | Tanzania, United Republic of | Togo | Chad | Uganda | Central African Republic | Eritrea | Algeria | Libya | Morocco | Tunisia | Afghanistan | Bangladesh | Iran | Nepal | Pakistan | Sri Lanka | Fiji | Samoa | Tahiti | Tonga | Papua New Guinea | Nauru | New Caledonia | Solomon Islands | Kiribati | Cook Islands | Niue | Vanuatu | Tuvalu | Marshall Islands | Micronesia, Federated States of | Timor-Leste | Germany | Maldives | Saint Kitts and Nevis | Guam | Palau | Montenegro | Kosovo | South Sudan",Research/Doctorate/PhD,0,"The Heinrich Böll Foundation is the Green political foundation. Every year, under the heading &quot;promoting talent&quot;, the foundation supports around 1,450 students and 200 doctoral students from all academic backgrounds and types of",DAAD,Germany,,,,,
116,Catholic Academic Exchange Service (KAAD): Eastern Europe Programme,Catholic Academic Exchange Service (KAAD): Eastern Europe Programme,Postdoctoral researchers | Graduates | Doctoral candidates/PhD students | Faculty,"Languages and Cultural Studies | Law, Economics and Social Sciences | Mathematics and Natural Sciences | Human Medicine | Veterinary Medicine, Agricultural, Forest and Nutritional Sciences, Ecology | Engineering | Art, Music and Sport","Bulgaria | Kazakhstan | Croatia | Romania | Slovakia | Slovenia | Czech Republic | Ukraine | Estonia | Latvia | Lithuania | Poland | 38 | Hungary | Albania | Armenia | Azerbaijan | Belarus | Bosnia and Herzegovina | Georgia | Serbia | Kyrgyzstan | North Macedonia | Moldova, Republic of | Tajikistan | Turkmenistan | Uzbekistan | Kosovo",Study | Research/Doctorate/PhD,0,"The KAAD is the scholarship institution of the catholic Church in Germany. Applicants for this programme are from Central, Eastern and South-east Europe, the Caucasus and Central Asia , are proficient in German and are of catholic faith. In",DAAD,Germany,,,,,
119,Evangelisches Studienwerk: Scholarship for Students,Evangelisches Studienwerk: Scholarship for Students,Undergraduates,"Languages and Cultural Studies | Law, Economics and Social Sciences | Mathematics and Natural Sciences | Human Medicine | Veterinary Medicine, Agricultural, Forest and Nutritional Sciences, Ecology | Engineering | Art, Music and Sport","South Africa | Egypt | Bulgaria | India | Indonesia | Israel | Kazakhstan | Croatia | Malaysia | Romania | Singapore | Slovakia | Slovenia | Turkey | Thailand | Czech Republic | Ukraine | China, PR | Cyprus | Estonia | Latvia | Lithuania | Australia | Denmark | Finland | France | Greece | Ireland | Austria | Italy | Japan | Canada | New Zealand | Netherlands | Norway | Poland | Portugal | 38 | Sweden | Switzerland | Spain | United Kingdom | Hungary | United States of America | Uruguay | Argentina | Bolivia | Brazil | Chile | Costa Rica | Ecuador | Guatemala | Honduras | Colombia | Cuba | Mexico | Panama | Paraguay | Peru | Venezuela, Bolivarian Republic of | Nicaragua | Belgium | Palestinian Territories | Kenya | Luxembourg | Albania | Armenia | Azerbaijan | Belarus | Bosnia and Herzegovina | Georgia | Serbia | Kyrgyzstan | North Macedonia | Moldova, Republic of | Tajikistan | Turkmenistan | Uzbekistan | Andorra | Iceland | Liechtenstein | Malta | Monaco | San Marino | Vatican City | Bahrain | Iraq | Jordan | Qatar | Kuwait | Lebanon | Oman | Saudi Arabia | Yemen | Syrian Arab Republic (Syria) | United Arab Emirates | Bhutan | Myanmar | Brunei Darussalam | Taiwan | Hong Kong (CN) | Cambodia | Korea, the Republic of | 107 | Lao People's Democratic Republic | Macao (CN) | Mongolia | Philippines | Vietnam | Guyana | French Guayana | Suriname | Bahamas | Barbados | Bermudas | Dominican Republic | El Salvador | Guadeloupe | Haiti | Belize | Jamaica | Montserrat | Martinique | The Dutch Antilles | Puerto Rico | Trinidad and Tobago | Anguilla | Antigua and Barbuda | Dominica | Grenada | Saint Lucia | Saint Vincent and the Grenadines | Angola | Ethiopia | Botswana | Burundi | Benin | Côte d'Ivoire | Djibouti | Gabon | Gambia | Ghana | Guinea | Guinea-Bissau | Equatorial Guinea | Cameroon | Cape Verde | Congo | Congo, Democratic Republic | Lesotho | Liberia | Madagascar | Malawi | Mali | Mauritania | Mauritius | Mozambique | Comoros | Eswatani | Niger | Nigeria | Burkina Faso | Réunion | Zimbabwe | Rwanda | Zambia | Sao Tome and Principe | Senegal | Seychelles | Sierra Leone | Somalia | Sudan | Namibia | Tanzania, United Republic of | Togo | Chad | Uganda | Central African Republic | Eritrea | Algeria | Libya | Morocco | Tunisia | Afghanistan | Bangladesh | Iran | Nepal | Pakistan | Sri Lanka | Fiji | Samoa | Tahiti | Tonga | Papua New Guinea | Nauru | New Caledonia | Solomon Islands | Kiribati | Cook Islands | Niue | Vanuatu | Tuvalu | Marshall Islands | Micronesia, Federated States of | Timor-Leste | Germany | Maldives | Saint Kitts and Nevis | Guam | Palau | Montenegro | Kosovo | South Sudan",Study,0,The ESV scholarships are open to protestant students from all disciplines and subjects wishing to study full-time at a state or state-recognised higher education institution. You are welcome to apply if you are not a member of a Protestant,DAAD,Germany,,,,,
121,Foundation of German Business (sdw): Academic study sponsorship,Foundation of German Business (sdw): Academic study sponsorship,Undergraduates | Graduates,"Languages and Cultural Studies | Law, Economics and Social Sciences | Mathematics and Natural Sciences | Human Medicine | Veterinary Medicine, Agricultural, Forest and Nutritional Sciences, Ecology | Engineering | Art, Music and Sport","South Africa | Egypt | Bulgaria | India | Indonesia | Israel | Kazakhstan | Croatia | Malaysia | Romania | Singapore | Slovakia | Slovenia | Turkey | Thailand | Czech Republic | Ukraine | China, PR | Cyprus | Estonia | Latvia | Lithuania | Australia | Denmark | Finland | France | Greece | Ireland | Austria | Italy | Japan | Canada | New Zealand | Netherlands | Norway | Poland | Portugal | 38 | Sweden | Switzerland | Spain | United Kingdom | Hungary | United States of America | Uruguay | Argentina | Bolivia | Brazil | Chile | Costa Rica | Ecuador | Guatemala | Honduras | Colombia | Cuba | Mexico | Panama | Paraguay | Peru | Venezuela, Bolivarian Republic of | Nicaragua | Belgium | Palestinian Territories | Kenya | Luxembourg | Albania | Armenia | Azerbaijan | Belarus | Bosnia and Herzegovina | Georgia | Serbia | Kyrgyzstan | North Macedonia | Moldova, Republic of | Tajikistan | Turkmenistan | Uzbekistan | Andorra | Iceland | Liechtenstein | Malta | Monaco | San Marino | Vatican City | Bahrain | Iraq | Jordan | Qatar | Kuwait | Lebanon | Oman | Saudi Arabia | Yemen | Syrian Arab Republic (Syria) | United Arab Emirates | Bhutan | Myanmar | Brunei Darussalam | Taiwan | Hong Kong (CN) | Cambodia | Korea, the Republic of | 107 | Lao People's Democratic Republic | Macao (CN) | Mongolia | Philippines | Vietnam | Guyana | French Guayana | Suriname | Bahamas | Barbados | Bermudas | Dominican Republic | El Salvador | Guadeloupe | Haiti | Belize | Jamaica | Montserrat | Martinique | The Dutch Antilles | Puerto Rico | Trinidad and Tobago | Anguilla | Antigua and Barbuda | Dominica | Grenada | Saint Lucia | Saint Vincent and the Grenadines | Angola | Ethiopia | Botswana | Burundi | Benin | Côte d'Ivoire | Djibouti | Gabon | Gambia | Ghana | Guinea | Guinea-Bissau | Equatorial Guinea | Cameroon | Cape Verde | Congo | Congo, Democratic Republic | Lesotho | Liberia | Madagascar | Malawi | Mali | Mauritania | Mauritius | Mozambique | Comoros | Eswatani | Niger | Nigeria | Burkina Faso | Réunion | Zimbabwe | Rwanda | Zambia | Sao Tome and Principe | Senegal | Seychelles | Sierra Leone | Somalia | Sudan | Namibia | Tanzania, United Republic of | Togo | Chad | Uganda | Central African Republic | Eritrea | Algeria | Libya | Morocco | Tunisia | Afghanistan | Bangladesh | Iran | Nepal | Pakistan | Sri Lanka | Fiji | Samoa | Tahiti | Tonga | Papua New Guinea | Nauru | New Caledonia | Solomon Islands | Kiribati | Cook Islands | Niue | Vanuatu | Tuvalu | Marshall Islands | Micronesia, Federated States of | Timor-Leste | Germany | Maldives | Saint Kitts and Nevis | Guam | Palau | Montenegro | Kosovo | South Sudan",Study,0,"The Foundation of German Business (sdw) offers undergraduate and graduate students a vast number of opportunities ranging from various seminars and training programmes to financial support. Courses are held in German, so that candidates",DAAD,Germany,,,,,
123,European Union: Erasmus+ Mobility Project for Higher Education Teachers and Staff,European Union: Erasmus+ Mobility Project for Higher Education Teachers and Staff,Postdoctoral researchers | Doctoral candidates/PhD students | Faculty,"Languages and Cultural Studies | Law, Economics and Social Sciences | Mathematics and Natural Sciences | Human Medicine | Veterinary Medicine, Agricultural, Forest and Nutritional Sciences, Ecology | Engineering | Art, Music and Sport","Mauritania | Mali | Malawi | Madagascar | Liberia | Lesotho | Congo, Democratic Republic | Congo | Cape Verde | Cameroon | Equatorial Guinea | Guinea-Bissau | Guinea | Ghana | Gambia | Gabon | Djibouti | Croatia | Slovakia | Israel | Côte d'Ivoire | Benin | Burundi | Botswana | Ethiopia | Angola | Saint Vincent and the Grenadines | Kazakhstan | Saint Lucia | Grenada | Dominica | Antigua and Barbuda | Anguilla | Trinidad and Tobago | Puerto Rico | The Dutch Antilles | Martinique | Montserrat | Jamaica | Belize | Haiti | Guadeloupe | El Salvador | Dominican Republic | Bermudas | Barbados | Bahamas | Suriname | French Guayana | Guyana | Vietnam | Philippines | Mongolia | Macao (CN) | Lao People's Democratic Republic | 107 | Korea, the Republic of | Cambodia | Hong Kong (CN) | Taiwan | Brunei Darussalam | Myanmar | Bhutan | United Arab Emirates | Syrian Arab Republic (Syria) | Yemen | Saudi Arabia | Oman | Lebanon | Kuwait | Qatar | Jordan | Iraq | Bahrain | Vatican City | San Marino | Monaco | Malta | Liechtenstein | Iceland | Andorra | Uzbekistan | Turkmenistan | Tajikistan | Moldova, Republic of | North Macedonia | Kyrgyzstan | Serbia | Georgia | Bosnia and Herzegovina | Belarus | Azerbaijan | Armenia | Albania | Luxembourg | Kenya | Palestinian Territories | Belgium | Nicaragua | Venezuela, Bolivarian Republic of | Peru | Paraguay | Panama | Mexico | Cuba | Colombia | Honduras | Guatemala | Ecuador | Costa Rica | Chile | Brazil | Bolivia | Argentina | Uruguay | United States of America | Hungary | United Kingdom | Spain | Switzerland | Sweden | 38 | Romania | Portugal | Poland | Norway | Netherlands | New Zealand | Canada | Japan | Italy | Austria | Ireland | Greece | France | Finland | Denmark | Australia | Lithuania | Latvia | Estonia | Cyprus | China, PR | Ukraine | Czech Republic | Thailand | Turkey | Slovenia | South Sudan | Kosovo | Montenegro | Palau | Guam | Saint Kitts and Nevis | Maldives | Germany | Timor-Leste | Micronesia, Federated States of | Marshall Islands | Tuvalu | Vanuatu | Niue | Cook Islands | Kiribati | Solomon Islands | New Caledonia | Nauru | Papua New Guinea | Tonga | Tahiti | Malaysia | Singapore | Samoa | Fiji | Sri Lanka | Pakistan | Nepal | Iran | Bangladesh | Afghanistan | Tunisia | Morocco | Libya | Algeria | Eritrea | Central African Republic | Uganda | Chad | Togo | Tanzania, United Republic of | Namibia | Sudan | Somalia | Sierra Leone | Seychelles | Senegal | Sao Tome and Principe | Zambia | Rwanda | Zimbabwe | Réunion | Burkina Faso | Nigeria | Niger | Eswatani | Comoros | Mozambique | Mauritius | Indonesia | India | Bulgaria | Egypt | South Africa",Research/Doctorate/PhD | Internship | Teaching,0,The Erasmus+ individual mobility project is not only aimed at students but also at university teachers and members of staff at higher education institutions in Germany and other European states. The programme is intended to sponsor mobility,DAAD,Germany,,,,,
125,Herder Institute for Historical Research on East-Central Europe: Herder Fellowship,Herder Institute for Historical Research on East-Central Europe: Herder Fellowship,Postdoctoral researchers | Doctoral candidates/PhD students | Faculty,Languages and Cultural Studies,"South Africa | Egypt | Bulgaria | India | Indonesia | Israel | Kazakhstan | Croatia | Malaysia | Romania | Singapore | Slovakia | Slovenia | Turkey | Thailand | Czech Republic | Ukraine | China, PR | Cyprus | Estonia | Latvia | Lithuania | Australia | Denmark | Finland | France | Greece | Ireland | Austria | Italy | Japan | Canada | New Zealand | Netherlands | Norway | Poland | Portugal | 38 | Sweden | Switzerland | Spain | United Kingdom | Hungary | United States of America | Uruguay | Argentina | Bolivia | Brazil | Chile | Costa Rica | Ecuador | Guatemala | Honduras | Colombia | Cuba | Mexico | Panama | Paraguay | Peru | Venezuela, Bolivarian Republic of | Nicaragua | Belgium | Palestinian Territories | Kenya | Luxembourg | Albania | Armenia | Azerbaijan | Belarus | Bosnia and Herzegovina | Georgia | Serbia | Kyrgyzstan | North Macedonia | Moldova, Republic of | Tajikistan | Turkmenistan | Uzbekistan | Andorra | Iceland | Liechtenstein | Malta | Monaco | San Marino | Vatican City | Bahrain | Iraq | Jordan | Qatar | Kuwait | Lebanon | Oman | Saudi Arabia | Yemen | Syrian Arab Republic (Syria) | United Arab Emirates | Bhutan | Myanmar | Brunei Darussalam | Taiwan | Hong Kong (CN) | Cambodia | Korea, the Republic of | 107 | Lao People's Democratic Republic | Macao (CN) | Mongolia | Philippines | Vietnam | Guyana | French Guayana | Suriname | Bahamas | Barbados | Bermudas | Dominican Republic | El Salvador | Guadeloupe | Haiti | Belize | Jamaica | Montserrat | Martinique | The Dutch Antilles | Puerto Rico | Trinidad and Tobago | Anguilla | Antigua and Barbuda | Dominica | Grenada | Saint Lucia | Saint Vincent and the Grenadines | Angola | Ethiopia | Botswana | Burundi | Benin | Côte d'Ivoire | Djibouti | Gabon | Gambia | Ghana | Guinea | Guinea-Bissau | Equatorial Guinea | Cameroon | Cape Verde | Congo | Congo, Democratic Republic | Lesotho | Liberia | Madagascar | Malawi | Mali | Mauritania | Mauritius | Mozambique | Comoros | Eswatani | Niger | Nigeria | Burkina Faso | Réunion | Zimbabwe | Rwanda | Zambia | Sao Tome and Principe | Senegal | Seychelles | Sierra Leone | Somalia | Sudan | Namibia | Tanzania, United Republic of | Togo | Chad | Uganda | Central African Republic | Eritrea | Algeria | Libya | Morocco | Tunisia | Afghanistan | Bangladesh | Iran | Nepal | Pakistan | Sri Lanka | Fiji | Samoa | Tahiti | Tonga | Papua New Guinea | Nauru | New Caledonia | Solomon Islands | Kiribati | Cook Islands | Niue | Vanuatu | Tuvalu | Marshall Islands | Micronesia, Federated States of | Timor-Leste | Germany | Maldives | Saint Kitts and Nevis | Guam | Palau | Montenegro | Kosovo | South Sudan",Research/Doctorate/PhD,0,"The Herder Fellowship Programme is aimed at researchers of all qualification levels (doctoral students, postdocs and proven experts in historical research on East Central Europe), especially from East Central European countries and other",DAAD,Germany,,,,,
126,Heinrich Böll Foundation: Student Scholarship,Heinrich Böll Foundation: Student Scholarship,Graduates,"Languages and Cultural Studies | Law, Economics and Social Sciences | Mathematics and Natural Sciences | Human Medicine | Veterinary Medicine, Agricultural, Forest and Nutritional Sciences, Ecology | Engineering | Art, Music and Sport","South Africa | Egypt | Bulgaria | India | Indonesia | Israel | Kazakhstan | Croatia | Malaysia | Romania | Singapore | Slovakia | Slovenia | Turkey | Thailand | Czech Republic | Ukraine | China, PR | Cyprus | Estonia | Latvia | Lithuania | Australia | Denmark | Finland | France | Greece | Ireland | Austria | Italy | Japan | Canada | New Zealand | Netherlands | Norway | Poland | Portugal | 38 | Sweden | Switzerland | Spain | United Kingdom | Hungary | United States of America | Uruguay | Argentina | Bolivia | Brazil | Chile | Costa Rica | Ecuador | Guatemala | Honduras | Colombia | Cuba | Mexico | Panama | Paraguay | Peru | Venezuela, Bolivarian Republic of | Nicaragua | Belgium | Palestinian Territories | Kenya | Luxembourg | Albania | Armenia | Azerbaijan | Belarus | Bosnia and Herzegovina | Georgia | Serbia | Kyrgyzstan | North Macedonia | Moldova, Republic of | Tajikistan | Turkmenistan | Uzbekistan | Andorra | Iceland | Liechtenstein | Malta | Monaco | San Marino | Vatican City | Bahrain | Iraq | Jordan | Qatar | Kuwait | Lebanon | Oman | Saudi Arabia | Yemen | Syrian Arab Republic (Syria) | United Arab Emirates | Bhutan | Myanmar | Brunei Darussalam | Taiwan | Hong Kong (CN) | Cambodia | Korea, the Republic of | 107 | Lao People's Democratic Republic | Macao (CN) | Mongolia | Philippines | Vietnam | Guyana | French Guayana | Suriname | Bahamas | Barbados | Bermudas | Dominican Republic | El Salvador | Guadeloupe | Haiti | Belize | Jamaica | Montserrat | Martinique | The Dutch Antilles | Puerto Rico | Trinidad and Tobago | Anguilla | Antigua and Barbuda | Dominica | Grenada | Saint Lucia | Saint Vincent and the Grenadines | Angola | Ethiopia | Botswana | Burundi | Benin | Côte d'Ivoire | Djibouti | Gabon | Gambia | Ghana | Guinea | Guinea-Bissau | Equatorial Guinea | Cameroon | Cape Verde | Congo | Congo, Democratic Republic | Lesotho | Liberia | Madagascar | Malawi | Mali | Mauritania | Mauritius | Mozambique | Comoros | Eswatani | Niger | Nigeria | Burkina Faso | Réunion | Zimbabwe | Rwanda | Zambia | Sao Tome and Principe | Senegal | Seychelles | Sierra Leone | Somalia | Sudan | Namibia | Tanzania, United Republic of | Togo | Chad | Uganda | Central African Republic | Eritrea | Algeria | Libya | Morocco | Tunisia | Afghanistan | Bangladesh | Iran | Nepal | Pakistan | Sri Lanka | Fiji | Samoa | Tahiti | Tonga | Papua New Guinea | Nauru | New Caledonia | Solomon Islands | Kiribati | Cook Islands | Niue | Vanuatu | Tuvalu | Marshall Islands | Micronesia, Federated States of | Timor-Leste | Germany | Maldives | Saint Kitts and Nevis | Guam | Palau | Montenegro | Kosovo | South Sudan",Study,0,"German and international students from any discipline and higher education institution are invited to apply for the scholarship. The Heinrich Böll Foundation is the Green political foundation. Every year, under the heading &quot;promoting",DAAD,Germany,,,,,
128,Friedrich Ebert Foundation: Scholarship for International Doctoral Students,Friedrich Ebert Foundation: Scholarship for International Doctoral Students,Doctoral candidates/PhD students,"Languages and Cultural Studies | Law, Economics and Social Sciences | Mathematics and Natural Sciences | Veterinary Medicine, Agricultural, Forest and Nutritional Sciences, Ecology | Engineering | Art, Music and Sport","South Africa | Egypt | Bulgaria | India | Indonesia | Kazakhstan | Croatia | Malaysia | Romania | Thailand | Ukraine | China, PR | 38 | Uruguay | Argentina | Bolivia | Brazil | Chile | Costa Rica | Ecuador | Guatemala | Honduras | Colombia | Cuba | Mexico | Panama | Paraguay | Peru | Venezuela, Bolivarian Republic of | Nicaragua | Palestinian Territories | Kenya | Albania | Armenia | Azerbaijan | Belarus | Bosnia and Herzegovina | Georgia | Serbia | Kyrgyzstan | North Macedonia | Moldova, Republic of | Tajikistan | Turkmenistan | Uzbekistan | Andorra | Monaco | San Marino | Bahrain | Iraq | Jordan | Qatar | Kuwait | Lebanon | Oman | Saudi Arabia | Yemen | Syrian Arab Republic (Syria) | Bhutan | Myanmar | Brunei Darussalam | Hong Kong (CN) | Cambodia | 107 | Lao People's Democratic Republic | Macao (CN) | Mongolia | Philippines | Vietnam | Guyana | Suriname | Bahamas | Barbados | Bermudas | Dominican Republic | El Salvador | Haiti | Belize | Jamaica | Trinidad and Tobago | Anguilla | Antigua and Barbuda | Dominica | Grenada | Saint Lucia | Saint Vincent and the Grenadines | Angola | Ethiopia | Botswana | Burundi | Benin | Côte d'Ivoire | Djibouti | Gabon | Gambia | Ghana | Guinea | Guinea-Bissau | Equatorial Guinea | Cameroon | Cape Verde | Congo | Congo, Democratic Republic | Lesotho | Liberia | Madagascar | Malawi | Mali | Mauritania | Mauritius | Mozambique | Comoros | Eswatani | Niger | Nigeria | Burkina Faso | Zimbabwe | Rwanda | Zambia | Sao Tome and Principe | Senegal | Seychelles | Sierra Leone | Somalia | Sudan | Namibia | Tanzania, United Republic of | Togo | Chad | Uganda | Central African Republic | Eritrea | Algeria | Libya | Morocco | Afghanistan | Bangladesh | Iran | Nepal | Pakistan | Sri Lanka | Fiji | Samoa | Tahiti | Tonga | Papua New Guinea | Nauru | New Caledonia | Solomon Islands | Kiribati | Cook Islands | Niue | Vanuatu | Tuvalu | Marshall Islands | Micronesia, Federated States of | Timor-Leste | Maldives | Saint Kitts and Nevis | Guam | Palau | Montenegro | Kosovo | South Sudan",Research/Doctorate/PhD,0,International students from all subjects (except the medical disciplines) who have been admitted to a doctoral programme at a German higher education institution are eligible to apply for the scholarship. Eligible candidates come from,DAAD,Germany,,,,,
129,German Federal Environmental Foundation (DBU): PhD Scholarship Programme,German Federal Environmental Foundation (DBU): PhD Scholarship Programme,Doctoral candidates/PhD students,"Languages and Cultural Studies | Law, Economics and Social Sciences | Mathematics and Natural Sciences | Human Medicine | Veterinary Medicine, Agricultural, Forest and Nutritional Sciences, Ecology | Engineering | Art, Music and Sport","South Africa | Egypt | Bulgaria | India | Indonesia | Israel | Kazakhstan | Croatia | Malaysia | Romania | Singapore | Slovakia | Slovenia | Turkey | Thailand | Czech Republic | Ukraine | China, PR | Cyprus | Estonia | Latvia | Lithuania | Australia | Denmark | Finland | France | Greece | Ireland | Austria | Italy | Japan | Canada | New Zealand | Netherlands | Norway | Poland | Portugal | 38 | Sweden | Switzerland | Spain | United Kingdom | Hungary | United States of America | Uruguay | Argentina | Bolivia | Brazil | Chile | Costa Rica | Ecuador | Guatemala | Honduras | Colombia | Cuba | Mexico | Panama | Paraguay | Peru | Venezuela, Bolivarian Republic of | Nicaragua | Belgium | Palestinian Territories | Kenya | Luxembourg | Albania | Armenia | Azerbaijan | Belarus | Bosnia and Herzegovina | Georgia | Serbia | Kyrgyzstan | North Macedonia | Moldova, Republic of | Tajikistan | Turkmenistan | Uzbekistan | Andorra | Iceland | Liechtenstein | Malta | Monaco | San Marino | Vatican City | Bahrain | Iraq | Jordan | Qatar | Kuwait | Lebanon | Oman | Saudi Arabia | Yemen | Syrian Arab Republic (Syria) | United Arab Emirates | Bhutan | Myanmar | Brunei Darussalam | Taiwan | Hong Kong (CN) | Cambodia | Korea, the Republic of | 107 | Lao People's Democratic Republic | Macao (CN) | Mongolia | Philippines | Vietnam | Guyana | French Guayana | Suriname | Bahamas | Barbados | Bermudas | Dominican Republic | El Salvador | Guadeloupe | Haiti | Belize | Jamaica | Montserrat | Martinique | The Dutch Antilles | Puerto Rico | Trinidad and Tobago | Anguilla | Antigua and Barbuda | Dominica | Grenada | Saint Lucia | Saint Vincent and the Grenadines | Angola | Ethiopia | Botswana | Burundi | Benin | Côte d'Ivoire | Djibouti | Gabon | Gambia | Ghana | Guinea | Guinea-Bissau | Equatorial Guinea | Cameroon | Cape Verde | Congo | Congo, Democratic Republic | Lesotho | Liberia | Madagascar | Malawi | Mali | Mauritania | Mauritius | Mozambique | Comoros | Eswatani | Niger | Nigeria | Burkina Faso | Réunion | Zimbabwe | Rwanda | Zambia | Sao Tome and Principe | Senegal | Seychelles | Sierra Leone | Somalia | Sudan | Namibia | Tanzania, United Republic of | Togo | Chad | Uganda | Central African Republic | Eritrea | Algeria | Libya | Morocco | Tunisia | Afghanistan | Bangladesh | Iran | Nepal | Pakistan | Sri Lanka | Fiji | Samoa | Tahiti | Tonga | Papua New Guinea | Nauru | New Caledonia | Solomon Islands | Kiribati | Cook Islands | Niue | Vanuatu | Tuvalu | Marshall Islands | Micronesia, Federated States of | Timor-Leste | Germany | Maldives | Saint Kitts and Nevis | Guam | Palau | Montenegro | Kosovo | South Sudan",Research/Doctorate/PhD,0,"The DBU scholarship programme for PhD students aims to support young academics in the field of applied environmental sciences and build an interdisciplinary network of experts on the environment. To this end, the scholarships help finance",DAAD,Germany,,,,,
130,"Bavarian Academic Center for Central, Eastern and Southeastern Europe: One-year scholarship programme sponsored by the Free State of Bavaria for graduates of Central, Eastern and Southeastern European states (BAYHOST)","Bavarian Academic Center for Central, Eastern and Southeastern Europe: One-year scholarship programme sponsored by the Free State of Bavaria for graduates of Central, Eastern and Southeastern European states (BAYHOST)",Graduates | Doctoral candidates/PhD students,"Languages and Cultural Studies | Law, Economics and Social Sciences | Mathematics and Natural Sciences | Human Medicine | Veterinary Medicine, Agricultural, Forest and Nutritional Sciences, Ecology | Engineering | Art, Music and Sport",Bulgaria | Croatia | Romania | Slovakia | Czech Republic | Ukraine | Poland | Hungary | Serbia,Study | Research/Doctorate/PhD,0,"The one-year scholarships are intended for graduates from Bulgaria, Croatia, Czechia, Hungary, Poland, Romania, Serbia, Slovakia and Ukraine who plan to complete postgraduate studies (i.e. Master's programmes), PhDs or one-year research",DAAD,Germany,,,,,
131,Alexander von Humboldt-Foundation: Georg Forster Research Fellowship for Experienced Researchers,Alexander von Humboldt-Foundation: Georg Forster Research Fellowship for Experienced Researchers,Postdoctoral researchers | Faculty,"Languages and Cultural Studies | Law, Economics and Social Sciences | Mathematics and Natural Sciences | Human Medicine | Veterinary Medicine, Agricultural, Forest and Nutritional Sciences, Ecology | Engineering | Art, Music and Sport","Jordan | Lebanon | Comoros | Mozambique | Mauritius | Mauritania | Mali | Malawi | Madagascar | Liberia | Lesotho | Congo, Democratic Republic | Congo | Cape Verde | Cameroon | Equatorial Guinea | Guinea-Bissau | Guinea | Ghana | Gambia | Gabon | Djibouti | Côte d'Ivoire | Benin | Burundi | Botswana | Ethiopia | Angola | Saint Vincent and the Grenadines | Saint Lucia | Grenada | Dominica | Montserrat | Jamaica | Belize | Haiti | El Salvador | Dominican Republic | Suriname | Guyana | Vietnam | Philippines | Mongolia | Lao People's Democratic Republic | 107 | Cambodia | Myanmar | Bhutan | Syrian Arab Republic (Syria) | Yemen | Kenya | Cuba | Palestinian Territories | Venezuela, Bolivarian Republic of | Mexico | Tajikistan | Solomon Islands | Paraguay | Turkmenistan | Albania | Nauru | Peru | Moldova, Republic of | North Macedonia | Nicaragua | Uzbekistan | Papua New Guinea | Honduras | Armenia | Azerbaijan | Kyrgyzstan | Serbia | Georgia | Bosnia and Herzegovina | Belarus | Colombia | Iraq | Kiribati | Niue | Vanuatu | Tuvalu | Marshall Islands | Micronesia, Federated States of | Timor-Leste | Maldives | Montenegro | Kosovo | South Sudan | South Africa | Egypt | Indonesia | Kazakhstan | Malaysia | Turkey | Thailand | Ukraine | Argentina | Bolivia | Costa Rica | Ecuador | Guatemala | Samoa | Eswatani | Niger | Nigeria | Burkina Faso | Zimbabwe | Rwanda | Zambia | Sao Tome and Principe | Senegal | Namibia | Sudan | Somalia | Sierra Leone | Tanzania, United Republic of | Togo | Chad | Uganda | Algeria | Eritrea | Central African Republic | Morocco | Tunisia | Afghanistan | Bangladesh | Iran | Nepal | Pakistan | Sri Lanka | Fiji | Tonga | Libya",Research/Doctorate/PhD,0,The grant is intended to support highly qualified scientists and scholars of all disciplines from developing and transition states  excluding PR China and India. Candidates are experienced researchers who completed their doctorates less,DAAD,Germany,,,,,
132,Gerda Henkel Foundation: Research Scholarships,Gerda Henkel Foundation: Research Scholarships,Postdoctoral researchers | Faculty,"Languages and Cultural Studies | Art, Music and Sport","South Africa | Egypt | Bulgaria | India | Indonesia | Israel | Kazakhstan | Croatia | Malaysia | Romania | Singapore | Slovakia | Slovenia | Turkey | Thailand | Czech Republic | Ukraine | China, PR | Cyprus | Estonia | Latvia | Lithuania | Australia | Denmark | Finland | France | Greece | Ireland | Austria | Italy | Japan | Canada | New Zealand | Netherlands | Norway | Poland | Portugal | 38 | Sweden | Switzerland | Spain | United Kingdom | Hungary | United States of America | Uruguay | Argentina | Bolivia | Brazil | Chile | Costa Rica | Ecuador | Guatemala | Honduras | Colombia | Cuba | Mexico | Panama | Paraguay | Peru | Venezuela, Bolivarian Republic of | Nicaragua | Belgium | Palestinian Territories | Kenya | Luxembourg | Albania | Armenia | Azerbaijan | Belarus | Bosnia and Herzegovina | Georgia | Serbia | Kyrgyzstan | North Macedonia | Moldova, Republic of | Tajikistan | Turkmenistan | Uzbekistan | Andorra | Iceland | Liechtenstein | Malta | Monaco | San Marino | Vatican City | Bahrain | Iraq | Jordan | Qatar | Kuwait | Lebanon | Oman | Saudi Arabia | Yemen | Syrian Arab Republic (Syria) | United Arab Emirates | Bhutan | Myanmar | Brunei Darussalam | Taiwan | Hong Kong (CN) | Cambodia | Korea, the Republic of | 107 | Lao People's Democratic Republic | Macao (CN) | Mongolia | Philippines | Vietnam | Guyana | French Guayana | Suriname | Bahamas | Barbados | Bermudas | Dominican Republic | El Salvador | Guadeloupe | Haiti | Belize | Jamaica | Montserrat | Martinique | The Dutch Antilles | Puerto Rico | Trinidad and Tobago | Anguilla | Antigua and Barbuda | Dominica | Grenada | Saint Lucia | Saint Vincent and the Grenadines | Angola | Ethiopia | Botswana | Burundi | Benin | Côte d'Ivoire | Djibouti | Gabon | Gambia | Ghana | Guinea | Guinea-Bissau | Equatorial Guinea | Cameroon | Cape Verde | Congo | Congo, Democratic Republic | Lesotho | Liberia | Madagascar | Malawi | Mali | Mauritania | Mauritius | Mozambique | Comoros | Eswatani | Niger | Nigeria | Burkina Faso | Réunion | Zimbabwe | Rwanda | Zambia | Sao Tome and Principe | Senegal | Seychelles | Sierra Leone | Somalia | Sudan | Namibia | Tanzania, United Republic of | Togo | Chad | Uganda | Central African Republic | Eritrea | Algeria | Libya | Morocco | Tunisia | Afghanistan | Bangladesh | Iran | Nepal | Pakistan | Sri Lanka | Fiji | Samoa | Tahiti | Tonga | Papua New Guinea | Nauru | New Caledonia | Solomon Islands | Kiribati | Cook Islands | Niue | Vanuatu | Tuvalu | Marshall Islands | Micronesia, Federated States of | Timor-Leste | Germany | Maldives | Saint Kitts and Nevis | Guam | Palau | Montenegro | Kosovo | South Sudan",Research/Doctorate/PhD,0,"Applicants holding a PhD or who are eligible to be a junior professor in the historical humanities are invited to apply for the research scholarships by the GHS, independent of nationality or place of work. The funding is granted to",DAAD,Germany,,,,,
133,Foundation of the Berlin House of Representatives: Grant Programme,Foundation of the Berlin House of Representatives: Grant Programme,Postdoctoral researchers | Graduates | Doctoral candidates/PhD students,"Languages and Cultural Studies | Law, Economics and Social Sciences | Mathematics and Natural Sciences | Human Medicine | Veterinary Medicine, Agricultural, Forest and Nutritional Sciences, Ecology | Engineering | Art, Music and Sport","38 | France | Ukraine | Kazakhstan | Uzbekistan | Turkmenistan | Tajikistan | Moldova, Republic of | Kyrgyzstan | Georgia | Belarus | United Kingdom | Azerbaijan | Armenia | United States of America",Research/Doctorate/PhD,0,"The Grant Programme of the Berlin House of Representatives awards funding to young researchers in any subject area from the United States, the United Kingdom, France and states that once belonged to the Soviet Union. Eligible candidates are",DAAD,Germany,,,,,
134,Hanns Seidel Foundation: PhD scholarships,Hanns Seidel Foundation: PhD scholarships,Doctoral candidates/PhD students,"Languages and Cultural Studies | Law, Economics and Social Sciences | Mathematics and Natural Sciences | Human Medicine | Veterinary Medicine, Agricultural, Forest and Nutritional Sciences, Ecology | Engineering | Art, Music and Sport","Benin | Burundi | Botswana | Ethiopia | Angola | Saint Vincent and the Grenadines | Saint Lucia | Grenada | Dominica | Antigua and Barbuda | South Sudan | Kosovo | Montenegro | Palau | Guam | Saint Kitts and Nevis | Maldives | Germany | Timor-Leste | Micronesia, Federated States of | Marshall Islands | Tuvalu | Vanuatu | Niue | Cook Islands | Kiribati | Solomon Islands | New Caledonia | Nauru | Papua New Guinea | Tonga | Tahiti | Samoa | Fiji | Sri Lanka | Pakistan | Nepal | Iran | Bangladesh | Afghanistan | Tunisia | Morocco | Libya | Algeria | Eritrea | Central African Republic | Uganda | Chad | Togo | Tanzania, United Republic of | Namibia | Sudan | Somalia | Norway | Netherlands | New Zealand | Canada | Japan | Italy | Austria | Ireland | Greece | France | Finland | Denmark | Australia | Lithuania | Latvia | Estonia | Cyprus | China, PR | Ukraine | Czech Republic | Thailand | Turkey | Slovenia | Slovakia | Singapore | Romania | Malaysia | Croatia | Kazakhstan | Israel | Indonesia | India | Bulgaria | Egypt | South Africa | Anguilla | Trinidad and Tobago | Puerto Rico | The Dutch Antilles | Martinique | Montserrat | Jamaica | Belize | Haiti | Guadeloupe | El Salvador | Dominican Republic | Bermudas | Barbados | Bahamas | Suriname | French Guayana | Guyana | Vietnam | Philippines | Mongolia | Macao (CN) | Lao People's Democratic Republic | 107 | Korea, the Republic of | Cambodia | Hong Kong (CN) | Taiwan | Brunei Darussalam | Myanmar | Bhutan | United Arab Emirates | Syrian Arab Republic (Syria) | Yemen | Saudi Arabia | Oman | Lebanon | Sierra Leone | Seychelles | Senegal | Sao Tome and Principe | Zambia | Rwanda | Zimbabwe | Réunion | Burkina Faso | Comoros | Eswatani | Niger | Nigeria | Mozambique | Mauritius | Mauritania | Mali | Malawi | Madagascar | Liberia | Lesotho | Congo, Democratic Republic | Congo | Cape Verde | Cameroon | Equatorial Guinea | Guinea-Bissau | Guinea | Ghana | Gambia | Gabon | Djibouti | Côte d'Ivoire | Kuwait | Qatar | Jordan | Iraq | Bahrain | Vatican City | San Marino | Monaco | Malta | Liechtenstein | Iceland | Andorra | Uzbekistan | Turkmenistan | Tajikistan | Moldova, Republic of | North Macedonia | Kyrgyzstan | Serbia | Georgia | Bosnia and Herzegovina | Belarus | Azerbaijan | Armenia | Albania | Luxembourg | Kenya | Palestinian Territories | Belgium | Nicaragua | Venezuela, Bolivarian Republic of | Peru | Paraguay | Panama | Mexico | Cuba | Colombia | Honduras | Guatemala | Ecuador | Costa Rica | Chile | Brazil | Bolivia | Argentina | Uruguay | United States of America | Hungary | United Kingdom | Spain | Switzerland | Sweden | 38 | Portugal | Poland",Research/Doctorate/PhD,0,"The Hanns Seidel Foundation, which is affiliated with the political party &quot;Christian Social Union&quot; (CSU), sponsors highly-qualified doctoral candidates either from EU member states or with the legal status of German educational",DAAD,Germany,,,,,
135,Alexander von Humboldt Foundation: Hezekiah Wardwell Fellowship,Alexander von Humboldt Foundation: Hezekiah Wardwell Fellowship,Graduates,"Art, Music and Sport",Spain,Study,0,The Alexander von Humboldt Foundation awards each year up to 10 fellowships to highly gifted young musicians and musicologists from Spain to help finance their further training or advanced academic studies at an academy of music or a,DAAD,Germany,,,,,
136,Hans Böckler Foundation: PhD Fellowship,Hans Böckler Foundation: PhD Fellowship,Doctoral candidates/PhD students,"Languages and Cultural Studies | Law, Economics and Social Sciences | Mathematics and Natural Sciences | Human Medicine | Veterinary Medicine, Agricultural, Forest and Nutritional Sciences, Ecology | Engineering | Art, Music and Sport","Suriname | French Guayana | Guyana | Vietnam | Philippines | Mongolia | Macao (CN) | Anguilla | Antigua and Barbuda | Dominica | Grenada | Saint Lucia | Saint Vincent and the Grenadines | Angola | Ethiopia | Botswana | Burundi | Micronesia, Federated States of | Marshall Islands | Tuvalu | Vanuatu | Niue | Cook Islands | Kiribati | Solomon Islands | New Caledonia | Nauru | Papua New Guinea | Tonga | Tahiti | Samoa | Fiji | Sri Lanka | Pakistan | Nepal | Iran | Bangladesh | Afghanistan | Tunisia | Morocco | Libya | Algeria | Eritrea | Central African Republic | Uganda | Namibia | Tanzania, United Republic of | Togo | Chad | Sudan | Somalia | Sierra Leone | Seychelles | Senegal | Sao Tome and Principe | Zambia | Rwanda | Zimbabwe | Réunion | Burkina Faso | Nigeria | Niger | Eswatani | Comoros | Mozambique | Mauritius | Mauritania | Mali | Malawi | Madagascar | Liberia | Lesotho | Congo, Democratic Republic | Congo | Guinea-Bissau | Equatorial Guinea | Cameroon | Cape Verde | Guinea | Ghana | Gambia | Gabon | Djibouti | Côte d'Ivoire | Benin | United Arab Emirates | Syrian Arab Republic (Syria) | Yemen | Saudi Arabia | Oman | Lebanon | Kuwait | Trinidad and Tobago | Puerto Rico | The Dutch Antilles | Martinique | South Sudan | Kosovo | Montenegro | Palau | Guam | Saint Kitts and Nevis | Maldives | Germany | Timor-Leste | Haiti | Guadeloupe | El Salvador | Dominican Republic | Bermudas | Barbados | Bahamas | Belize | Jamaica | Montserrat | Qatar | Jordan | Iraq | Bahrain | Vatican City | San Marino | Monaco | Malta | Liechtenstein | Iceland | Andorra | Uzbekistan | Turkmenistan | Tajikistan | Moldova, Republic of | North Macedonia | Honduras | Colombia | Cuba | Mexico | Panama | Paraguay | Peru | Venezuela, Bolivarian Republic of | Nicaragua | Belgium | Palestinian Territories | Kenya | Luxembourg | Albania | Armenia | Korea, the Republic of | 107 | Lao People's Democratic Republic | Hong Kong (CN) | Taiwan | Brunei Darussalam | Myanmar | Bhutan | South Africa | Egypt | Bulgaria | India | Indonesia | Israel | Kazakhstan | Croatia | Malaysia | Cambodia | Azerbaijan | Belarus | Bosnia and Herzegovina | Georgia | Serbia | Kyrgyzstan | Guatemala | Ecuador | Costa Rica | Chile | Brazil | Bolivia | Argentina | Uruguay | United States of America | Hungary | United Kingdom | Spain | Switzerland | Sweden | 38 | Portugal | Poland | Norway | Netherlands | New Zealand | Canada | Japan | Italy | Austria | Ireland | Greece | France | Finland | Denmark | Australia | Lithuania | Latvia | Estonia | Cyprus | China, PR | Ukraine | Czech Republic | Thailand | Turkey | Slovenia | Slovakia | Singapore | Romania",Research/Doctorate/PhD,0,The Hans Böckler Foundation is the institute of the German Federation of Trade Unions (DGB) to promote research and studies. The HSB awards fellowships to doctoral students with outstanding academic gifts who show commitment to labour,DAAD,Germany,,,,,
138,Copernicus Hamburg: Copernicus Fellowship Programme,Copernicus Hamburg: Copernicus Fellowship Programme,Undergraduates | Graduates,"Languages and Cultural Studies | Law, Economics and Social Sciences | Mathematics and Natural Sciences | Human Medicine | Engineering","Egypt | Bulgaria | Kazakhstan | Croatia | Romania | Slovakia | Slovenia | Czech Republic | Ukraine | Estonia | Latvia | Lithuania | Poland | 38 | Hungary | Albania | Armenia | Azerbaijan | Belarus | Bosnia and Herzegovina | Georgia | Serbia | Kyrgyzstan | North Macedonia | Moldova, Republic of | Tajikistan | Turkmenistan | Uzbekistan | Algeria | Libya | Morocco | Tunisia | Montenegro",Study | Internship,0,"Copernicus Hamburg awards fellowships to Eastern and Central European, North African and Central Asian students every semester. The fellowships last about 6 months. In general, the fellowships for the winter semester run from October to the",DAAD,Germany,,,,,
139,German Research Foundation (DFG): Heisenberg Programme,German Research Foundation (DFG): Heisenberg Programme,Postdoctoral researchers | Faculty,"Languages and Cultural Studies | Law, Economics and Social Sciences | Mathematics and Natural Sciences | Human Medicine | Veterinary Medicine, Agricultural, Forest and Nutritional Sciences, Ecology | Engineering | Art, Music and Sport","Greece | Ireland | Austria | Italy | Japan | Canada | New Zealand | Netherlands | Norway | Poland | Portugal | 38 | Sweden | Switzerland | Spain | United Kingdom | Hungary | United States of America | Uruguay | Argentina | Bolivia | Brazil | Chile | Costa Rica | Ecuador | Guatemala | Honduras | Colombia | Cuba | Mexico | Panama | Paraguay | Peru | Venezuela, Bolivarian Republic of | Nicaragua | Belgium | Palestinian Territories | Kenya | Luxembourg | Albania | Armenia | Azerbaijan | Belarus | Bosnia and Herzegovina | Georgia | Serbia | Kyrgyzstan | North Macedonia | Moldova, Republic of | Tajikistan | Turkmenistan | Uzbekistan | Andorra | Iceland | Liechtenstein | Malta | Monaco | San Marino | Vatican City | Bahrain | Iraq | Jordan | Qatar | Kuwait | Lebanon | Oman | Saudi Arabia | Yemen | Syrian Arab Republic (Syria) | United Arab Emirates | Bhutan | Myanmar | Brunei Darussalam | Taiwan | Hong Kong (CN) | Cambodia | Korea, the Republic of | 107 | Lao People's Democratic Republic | Macao (CN) | Mongolia | Philippines | Vietnam | Guyana | French Guayana | Suriname | Bahamas | Barbados | Bermudas | Dominican Republic | El Salvador | Guadeloupe | Haiti | Belize | Jamaica | Montserrat | Martinique | The Dutch Antilles | Puerto Rico | Trinidad and Tobago | Anguilla | Antigua and Barbuda | Dominica | Grenada | Saint Lucia | Saint Vincent and the Grenadines | Angola | Ethiopia | Botswana | Burundi | Benin | Côte d'Ivoire | Djibouti | Gabon | Gambia | Ghana | Guinea | Guinea-Bissau | Equatorial Guinea | Cameroon | Cape Verde | Congo | Congo, Democratic Republic | Lesotho | Liberia | Madagascar | Malawi | Mali | Mauritania | Mauritius | Mozambique | Comoros | Eswatani | Niger | Nigeria | Burkina Faso | Réunion | Zimbabwe | Rwanda | Zambia | Sao Tome and Principe | Senegal | Seychelles | Sierra Leone | Somalia | Sudan | Namibia | Tanzania, United Republic of | Togo | Chad | Uganda | Central African Republic | Eritrea | Ukraine | Algeria | Libya | Morocco | Tunisia | Afghanistan | Bangladesh | Iran | Nepal | Pakistan | Sri Lanka | Fiji | Samoa | Tahiti | Tonga | Papua New Guinea | Nauru | New Caledonia | Solomon Islands | Kiribati | Cook Islands | Niue | Vanuatu | Tuvalu | Marshall Islands | Micronesia, Federated States of | Timor-Leste | Germany | Maldives | Saint Kitts and Nevis | Guam | Palau | Montenegro | Kosovo | South Sudan | South Africa | Egypt | Bulgaria | India | Indonesia | Israel | Kazakhstan | Croatia | Malaysia | Romania | Singapore | Slovakia | Slovenia | Turkey | Thailand | Czech Republic | China, PR | Cyprus | Estonia | Latvia | Lithuania | Australia | Denmark | Finland | France",Research/Doctorate/PhD | Teaching,0,The Heisenberg Programme sponsors outstanding researchers who are qualified for tenured professorship: they have the opportunity to prepare for a scientific leadership position and simultaneously continue performing top-class research. The,DAAD,Germany,,,,,
141,Evonik Foundation: Evonik Foundation Scholarship,Evonik Foundation: Evonik Foundation Scholarship,Postdoctoral researchers | Graduates | Doctoral candidates/PhD students,Mathematics and Natural Sciences,"Nauru | Papua New Guinea | Tonga | Tahiti | Samoa | Fiji | Sri Lanka | Pakistan | Nepal | Iran | Bangladesh | Afghanistan | Tunisia | Mexico | Cuba | Colombia | Honduras | Guatemala | Ecuador | Costa Rica | Chile | Brazil | Bolivia | Argentina | Uruguay | United Kingdom | Hungary | United States of America | Spain | Switzerland | Sweden | 38 | Portugal | Poland | Norway | Netherlands | New Zealand | Canada | Japan | Italy | Austria | Ireland | Greece | Morocco | Libya | Algeria | Eritrea | Central African Republic | Uganda | Chad | Togo | Tanzania, United Republic of | Namibia | Sudan | Somalia | Sierra Leone | Seychelles | Senegal | Sao Tome and Principe | Zambia | Rwanda | Zimbabwe | Réunion | Burkina Faso | Nigeria | Niger | Eswatani | Comoros | Mozambique | Mauritius | Mauritania | Mali | Malawi | Madagascar | Liberia | Lesotho | Congo, Democratic Republic | Congo | Cape Verde | Cameroon | Equatorial Guinea | Guinea-Bissau | Guinea | Ghana | Gambia | Gabon | Djibouti | Côte d'Ivoire | Benin | Burundi | Botswana | Ethiopia | Angola | Saint Vincent and the Grenadines | Saint Lucia | Grenada | Dominica | Antigua and Barbuda | Anguilla | Trinidad and Tobago | Puerto Rico | The Dutch Antilles | Martinique | Montserrat | Jamaica | Belize | Haiti | Guadeloupe | El Salvador | Dominican Republic | Bermudas | Barbados | Bahamas | Suriname | French Guayana | Guyana | Vietnam | Philippines | Mongolia | Macao (CN) | Lao People's Democratic Republic | 107 | Korea, the Republic of | Cambodia | Hong Kong (CN) | Taiwan | Brunei Darussalam | Myanmar | Bhutan | United Arab Emirates | Syrian Arab Republic (Syria) | Yemen | Saudi Arabia | Oman | Lebanon | Kuwait | Qatar | Jordan | Iraq | Bahrain | Vatican City | San Marino | Monaco | Malta | Liechtenstein | Iceland | Andorra | Uzbekistan | Turkmenistan | Tajikistan | Moldova, Republic of | North Macedonia | Kyrgyzstan | Serbia | Georgia | Bosnia and Herzegovina | Belarus | Azerbaijan | Armenia | Albania | Luxembourg | Kenya | Palestinian Territories | Belgium | Nicaragua | Venezuela, Bolivarian Republic of | Peru | Paraguay | Panama | France | Finland | Denmark | Australia | Lithuania | Latvia | Estonia | Cyprus | China, PR | Ukraine | Czech Republic | Thailand | Turkey | Slovenia | South Africa | Egypt | Bulgaria | India | Indonesia | Israel | Kazakhstan | Croatia | Malaysia | Romania | Singapore | Slovakia | South Sudan | Kosovo | Montenegro | Palau | Guam | Saint Kitts and Nevis | Maldives | Germany | Timor-Leste | Micronesia, Federated States of | Marshall Islands | Tuvalu | Vanuatu | Niue | Cook Islands | Kiribati | Solomon Islands | New Caledonia",Study | Research/Doctorate/PhD,0,"Research work (Master's theses, doctoral theses, Postdocs) in the field of natural sciences is eligible for funding. The programme's focus is on the active support of particularly gifted and skilled young scientists and includes mentoring",DAAD,Germany,,,,,
143,German Cancer Research Center (DKFZ): International PhD Programme,German Cancer Research Center (DKFZ): International PhD Programme,Doctoral candidates/PhD students,Mathematics and Natural Sciences | Human Medicine | Engineering,"Cook Islands | New Caledonia | Solomon Islands | Kiribati | Niue | Vanuatu | Tuvalu | Marshall Islands | Micronesia, Federated States of | Timor-Leste | Germany | Maldives | Saint Kitts and Nevis | Guam | South Africa | Egypt | Bulgaria | India | Indonesia | Israel | Kazakhstan | Croatia | Malaysia | Romania | Singapore | Slovakia | Slovenia | Ukraine | Czech Republic | Thailand | Turkey | China, PR | Cyprus | Estonia | Latvia | Lithuania | Australia | Denmark | Finland | France | Greece | Ireland | Austria | Italy | Japan | Canada | New Zealand | Netherlands | Norway | Poland | Portugal | 38 | Sweden | Switzerland | Spain | United Kingdom | Hungary | United States of America | Uruguay | Argentina | Bolivia | Brazil | Guatemala | Ecuador | Costa Rica | Chile | Honduras | Colombia | Cuba | Mexico | Panama | Paraguay | Peru | Venezuela, Bolivarian Republic of | Nicaragua | Luxembourg | Kenya | Palestinian Territories | Belgium | Albania | Armenia | Azerbaijan | Belarus | Bosnia and Herzegovina | Georgia | Serbia | Kyrgyzstan | North Macedonia | Moldova, Republic of | Tajikistan | Turkmenistan | Uzbekistan | Liechtenstein | Iceland | Andorra | Malta | Monaco | San Marino | Vatican City | Bahrain | South Sudan | Kosovo | Montenegro | Palau | Kuwait | Qatar | Jordan | Iraq | Oman | Saudi Arabia | Yemen | Syrian Arab Republic (Syria) | United Arab Emirates | Lebanon | Bhutan | Myanmar | Brunei Darussalam | Taiwan | Hong Kong (CN) | Cambodia | Korea, the Republic of | 107 | Lao People's Democratic Republic | Macao (CN) | Philippines | Guyana | Vietnam | Mongolia | Bahamas | Suriname | French Guayana | Barbados | Bermudas | Dominican Republic | El Salvador | Guadeloupe | Haiti | Belize | Jamaica | Montserrat | Martinique | The Dutch Antilles | Puerto Rico | Dominica | Antigua and Barbuda | Anguilla | Trinidad and Tobago | Grenada | Saint Lucia | Saint Vincent and the Grenadines | Angola | Ethiopia | Botswana | Burundi | Benin | Côte d'Ivoire | Djibouti | Gabon | Gambia | Ghana | Guinea | Guinea-Bissau | Congo | Cape Verde | Cameroon | Equatorial Guinea | Congo, Democratic Republic | Lesotho | Liberia | Madagascar | Malawi | Mali | Mauritania | Comoros | Mozambique | Mauritius | Eswatani | Niger | Zimbabwe | Réunion | Burkina Faso | Nigeria | Rwanda | Zambia | Sao Tome and Principe | Senegal | Seychelles | Sierra Leone | Somalia | Sudan | Namibia | Tanzania, United Republic of | Togo | Chad | Uganda | Central African Republic | Eritrea | Algeria | Tunisia | Morocco | Libya | Afghanistan | Bangladesh | Iran | Nepal | Pakistan | Sri Lanka | Fiji | Samoa | Tahiti | Nauru | Papua New Guinea | Tonga",Research/Doctorate/PhD,0,"International students holding a Master’s degree in (molecular) biology, (bio-)chemistry, physics, mathematics, computational biology, computer science, epidemiology/public health studies and related subjects are invited to apply for the",DAAD,Germany,,,,,
146,Herzog August Bibliothek: Doctoral Fellowships,Herzog August Bibliothek: Doctoral Fellowships,Doctoral candidates/PhD students,"Languages and Cultural Studies | Law, Economics and Social Sciences | Art, Music and Sport","Azerbaijan | Belarus | Bosnia and Herzegovina | Georgia | Serbia | Kyrgyzstan | North Macedonia | Moldova, Republic of | Tajikistan | Turkmenistan | Uzbekistan | Andorra | Iceland | Liechtenstein | Malta | Monaco | San Marino | Vatican City | Bahrain | Iraq | Jordan | Qatar | Kuwait | Lebanon | Oman | Saudi Arabia | Yemen | Syrian Arab Republic (Syria) | United Arab Emirates | Bhutan | Myanmar | Brunei Darussalam | Taiwan | Hong Kong (CN) | Cambodia | Korea, the Republic of | 107 | Lao People's Democratic Republic | Macao (CN) | Mongolia | Philippines | Vietnam | Guyana | French Guayana | Suriname | Bahamas | Barbados | Bermudas | Dominican Republic | El Salvador | Guadeloupe | Haiti | Belize | Jamaica | Montserrat | Martinique | The Dutch Antilles | Puerto Rico | Trinidad and Tobago | Anguilla | Antigua and Barbuda | Dominica | Grenada | Saint Lucia | Saint Vincent and the Grenadines | Angola | Ethiopia | Botswana | Burundi | Benin | Côte d'Ivoire | Djibouti | Gabon | Gambia | Ghana | Guinea | Guinea-Bissau | Equatorial Guinea | Cameroon | Cape Verde | Congo | Congo, Democratic Republic | Lesotho | Liberia | Madagascar | Malawi | Mali | Mauritania | Mauritius | Mozambique | Comoros | Eswatani | Niger | Nigeria | Burkina Faso | Réunion | Somalia | Sierra Leone | Seychelles | Senegal | Sao Tome and Principe | Zambia | Rwanda | Zimbabwe | Venezuela, Bolivarian Republic of | Armenia | Nicaragua | Peru | Paraguay | Panama | Mexico | Cuba | Colombia | Honduras | Guatemala | Ecuador | Costa Rica | Chile | Brazil | Bolivia | Argentina | Uruguay | United States of America | Hungary | United Kingdom | Spain | Switzerland | Sweden | 38 | Portugal | Poland | Norway | Netherlands | New Zealand | Canada | Japan | Italy | Austria | Ireland | Greece | France | Finland | Denmark | Australia | Lithuania | Latvia | Estonia | Cyprus | China, PR | Ukraine | Czech Republic | Belgium | Palestinian Territories | Kenya | Luxembourg | Albania | Sudan | Afghanistan | Bangladesh | Iran | Nepal | Pakistan | Sri Lanka | Fiji | Samoa | Tahiti | Tonga | Papua New Guinea | Nauru | New Caledonia | Solomon Islands | Kiribati | Cook Islands | Niue | Vanuatu | Tuvalu | Marshall Islands | Micronesia, Federated States of | Timor-Leste | Germany | Maldives | Saint Kitts and Nevis | Guam | Palau | Montenegro | Kosovo | South Sudan | Namibia | Tanzania, United Republic of | Togo | Chad | Uganda | Central African Republic | Eritrea | Algeria | Libya | Morocco | Tunisia | Thailand | Turkey | Slovenia | Slovakia | Singapore | Romania | Malaysia | Croatia | Kazakhstan | Israel | Indonesia | India | Bulgaria | Egypt | South Africa",Research/Doctorate/PhD,0,"The fellowships are aimed at particularly qualified junior academics and researchers from all areas of historical study, planning to focus their research on the Herzog August Library during the stay. Junior postgraduate students from",DAAD,Germany,,,,,
150,Boehringer Ingelheim Fonds: Travel Grants,Boehringer Ingelheim Fonds: Travel Grants,Postdoctoral researchers | Doctoral candidates/PhD students,Mathematics and Natural Sciences,"Gabon | Djibouti | Côte d'Ivoire | Benin | Burundi | Botswana | Ethiopia | Angola | Saint Vincent and the Grenadines | Saint Lucia | Grenada | Dominica | Antigua and Barbuda | Anguilla | Trinidad and Tobago | Puerto Rico | The Dutch Antilles | Martinique | Montserrat | Jamaica | Belize | Haiti | Guadeloupe | El Salvador | Dominican Republic | Bermudas | Barbados | Bahamas | Suriname | French Guayana | Guyana | Vietnam | Philippines | Mongolia | Macao (CN) | Lao People's Democratic Republic | 107 | Korea, the Republic of | Cambodia | Hong Kong (CN) | Taiwan | Brunei Darussalam | Myanmar | Malta | Liechtenstein | Iceland | Andorra | Uzbekistan | Turkmenistan | Tajikistan | Moldova, Republic of | North Macedonia | Kyrgyzstan | Serbia | Georgia | Bosnia and Herzegovina | Belarus | Azerbaijan | Armenia | Albania | Luxembourg | Kenya | Palestinian Territories | Belgium | Nicaragua | Venezuela, Bolivarian Republic of | Peru | Paraguay | Panama | Mexico | Cuba | Colombia | Honduras | Guatemala | Ecuador | Costa Rica | Chile | Brazil | Bolivia | Argentina | Uruguay | United States of America | Hungary | United Kingdom | Spain | Switzerland | Sweden | 38 | Tuvalu | Vanuatu | Niue | Cook Islands | Kiribati | Solomon Islands | New Caledonia | Nauru | Papua New Guinea | Tonga | Tahiti | Samoa | Fiji | Sri Lanka | Pakistan | Nepal | Iran | Bangladesh | Afghanistan | Tunisia | Morocco | Libya | Algeria | Eritrea | Central African Republic | Uganda | Chad | Togo | Tanzania, United Republic of | Namibia | Sudan | Somalia | Sierra Leone | Seychelles | Senegal | Sao Tome and Principe | Zambia | Rwanda | Zimbabwe | Réunion | Burkina Faso | Nigeria | Niger | Eswatani | Comoros | Mozambique | Mauritius | Mauritania | Mali | Malawi | Madagascar | Liberia | Lesotho | Congo, Democratic Republic | Congo | Cape Verde | Cameroon | Equatorial Guinea | Guinea-Bissau | Guinea | Ghana | Gambia | Bhutan | United Arab Emirates | Syrian Arab Republic (Syria) | Yemen | Saudi Arabia | Oman | Lebanon | Kuwait | Qatar | Jordan | Iraq | Bahrain | Vatican City | San Marino | Monaco | Estonia | Cyprus | China, PR | Ukraine | Czech Republic | Thailand | Turkey | Slovenia | Slovakia | Singapore | Romania | Malaysia | Croatia | Kazakhstan | Israel | Indonesia | India | Bulgaria | Egypt | South Africa | South Sudan | Kosovo | Montenegro | Palau | Guam | Saint Kitts and Nevis | Maldives | Germany | Timor-Leste | Micronesia, Federated States of | Marshall Islands | Portugal | Poland | Norway | Netherlands | New Zealand | Canada | Japan | Italy | Austria | Ireland | Greece | France | Finland | Denmark | Australia | Lithuania | Latvia",Research/Doctorate/PhD,0,"The Boehringer Ingelheim Fonds travel grants are aimed at doctoral, MD and post-doctoral students who pursue experimental projects in basic biomedical research and who wish to learn methods relevant to their current research. To this end,",DAAD,Germany,,,,,
152,Foundation of German Business (sdw): Support for doctoral candidates,Foundation of German Business (sdw): Support for doctoral candidates,Doctoral candidates/PhD students,"Languages and Cultural Studies | Law, Economics and Social Sciences | Mathematics and Natural Sciences | Human Medicine | Veterinary Medicine, Agricultural, Forest and Nutritional Sciences, Ecology | Engineering | Art, Music and Sport","Tajikistan | Turkmenistan | Uzbekistan | Andorra | Iceland | Dominican Republic | Niger | Nigeria | Burkina Faso | Réunion | Rwanda | Zimbabwe | Zambia | Sudan | Somalia | Sierra Leone | Seychelles | Senegal | Sao Tome and Principe | Namibia | Tanzania, United Republic of | Togo | Chad | Uganda | Central African Republic | Eritrea | Algeria | Libya | Morocco | Tunisia | Afghanistan | Bangladesh | Iran | Nepal | Pakistan | Sri Lanka | Fiji | Samoa | Tahiti | Tonga | New Caledonia | Nauru | Papua New Guinea | Solomon Islands | Kiribati | Cook Islands | Niue | Vanuatu | South Sudan | Kosovo | Montenegro | Palau | Switzerland | Sweden | 38 | Portugal | Poland | Norway | Netherlands | New Zealand | Canada | Japan | Italy | Austria | Ireland | Greece | France | Finland | Denmark | Australia | Lithuania | Latvia | Estonia | Cyprus | China, PR | Ukraine | Czech Republic | Thailand | Turkey | Slovenia | Slovakia | Singapore | Romania | Malaysia | Croatia | Kazakhstan | Israel | Indonesia | India | Bulgaria | Egypt | South Africa | Guam | Saint Kitts and Nevis | Maldives | Germany | Timor-Leste | Micronesia, Federated States of | Marshall Islands | Tuvalu | Bermudas | Chile | Costa Rica | Vietnam | Barbados | Ecuador | Bahamas | Suriname | French Guayana | Guyana | Philippines | Mongolia | Macao (CN) | Lao People's Democratic Republic | 107 | Korea, the Republic of | Cambodia | Hong Kong (CN) | Taiwan | Brunei Darussalam | Myanmar | Bhutan | United Arab Emirates | Syrian Arab Republic (Syria) | Yemen | Saudi Arabia | Oman | Lebanon | Kuwait | Qatar | Jordan | Iraq | Bahrain | Vatican City | San Marino | Monaco | Malta | Liechtenstein | Antigua and Barbuda | El Salvador | Colombia | Anguilla | Trinidad and Tobago | Puerto Rico | The Dutch Antilles | Martinique | Montserrat | Jamaica | Belize | Haiti | Guadeloupe | Dominica | Grenada | Saint Lucia | Saint Vincent and the Grenadines | Angola | Botswana | Ethiopia | Burundi | Benin | Gabon | Djibouti | Côte d'Ivoire | Gambia | Ghana | Guinea | Guinea-Bissau | Equatorial Guinea | Cameroon | Cape Verde | Congo | Congo, Democratic Republic | Eswatani | Comoros | Mozambique | Mauritius | Mauritania | Mali | Malawi | Madagascar | Liberia | Lesotho | Cuba | Mexico | Guatemala | Panama | Paraguay | Honduras | Belgium | Venezuela, Bolivarian Republic of | Nicaragua | Peru | Palestinian Territories | Kenya | Luxembourg | Albania | Armenia | Azerbaijan | Belarus | Bosnia and Herzegovina | Georgia | Serbia | Kyrgyzstan | North Macedonia | Moldova, Republic of | Brazil | Bolivia | Argentina | Uruguay | Spain | United Kingdom | Hungary | United States of America",Research/Doctorate/PhD,0,"The Foundation of German Business (sdw) offers doctoral candidates a vast number of opportunities ranging from various seminars and training programmes to financial support. Courses are held in German, so that candidates should have German",DAAD,Germany,,,,,
155,Friedrich Ebert Foundation: Scholarship for International Students,Friedrich Ebert Foundation: Scholarship for International Students,Undergraduates | Graduates,"Languages and Cultural Studies | Law, Economics and Social Sciences | Mathematics and Natural Sciences | Human Medicine | Veterinary Medicine, Agricultural, Forest and Nutritional Sciences, Ecology | Engineering | Art, Music and Sport","Brazil | Chile | Costa Rica | Ecuador | Guatemala | Honduras | Colombia | Cuba | Mexico | Panama | Syrian Arab Republic (Syria) | Yemen | Saudi Arabia | Oman | Lebanon | Kuwait | Qatar | Jordan | Iraq | Bahrain | Andorra | Uzbekistan | Turkmenistan | Tajikistan | Moldova, Republic of | North Macedonia | Kyrgyzstan | Serbia | Georgia | Bosnia and Herzegovina | Belarus | Azerbaijan | Armenia | Albania | Kenya | Palestinian Territories | Nicaragua | Venezuela, Bolivarian Republic of | Peru | Paraguay | Bhutan | Myanmar | Brunei Darussalam | Cambodia | 107 | Lao People's Democratic Republic | Mongolia | Philippines | Vietnam | Guyana | Suriname | Bahamas | Barbados | Dominican Republic | El Salvador | Haiti | Belize | Jamaica | Trinidad and Tobago | Antigua and Barbuda | Dominica | Grenada | Saint Lucia | Saint Vincent and the Grenadines | Angola | Ethiopia | Botswana | Burundi | Benin | Côte d'Ivoire | Djibouti | Gabon | Gambia | South Africa | Egypt | Bulgaria | India | Indonesia | Kazakhstan | Croatia | Malaysia | Romania | Thailand | Ukraine | China, PR | 38 | Uruguay | Argentina | Bolivia | Ghana | Guinea | Guinea-Bissau | Equatorial Guinea | Cameroon | Cape Verde | Congo | Congo, Democratic Republic | Lesotho | Liberia | Madagascar | Malawi | Mali | Mauritania | Mauritius | Mozambique | Comoros | Eswatani | Niger | Nigeria | Burkina Faso | Zimbabwe | Rwanda | Zambia | Sao Tome and Principe | Senegal | Seychelles | Sierra Leone | Somalia | Sudan | Namibia | Tanzania, United Republic of | Togo | Chad | Uganda | Central African Republic | Eritrea | Algeria | Libya | Morocco | Tunisia | Afghanistan | Bangladesh | Iran | Nepal | Pakistan | Sri Lanka | Fiji | Samoa | Tahiti | Tonga | Papua New Guinea | Nauru | New Caledonia | Solomon Islands | Kiribati | Cook Islands | Niue | Vanuatu | Tuvalu | Marshall Islands | Micronesia, Federated States of | Timor-Leste | Maldives | Saint Kitts and Nevis | Guam | Palau | Montenegro | Kosovo | South Sudan",Study,0,"Applicants come from countries in the Global South (Asia, Africa, Latin America), post-Soviet states as well as eastern and south-eastern European (EU) countries. Students in any subject area are eligible to apply, if they demonstrate",DAAD,Germany,,,,,
156,Standing Conference of the Ministers of Education and Cultural Affairs: Foreign Language Assistants from Abroad Teaching at German Schools,Standing Conference of the Ministers of Education and Cultural Affairs: Foreign Language Assistants from Abroad Teaching at German Schools,Undergraduates | Graduates,Languages and Cultural Studies,Australia | France | Ireland | Italy | Canada | New Zealand | Norway | Switzerland | Spain | United Kingdom | United States of America | Belgium,Internship | Teaching,0,Every year about 800 foreign students come to Germany as foreign-language assistants (FLA) to be placed in host schools and support the local subject-specialist teachers in their native languages. The FLA assist the teachers during 12,DAAD,Germany,,,,,
160,Fulbright Commission: Fulbright Programme,Fulbright Commission: Fulbright Programme,Undergraduates | Postdoctoral researchers | Graduates | Doctoral candidates/PhD students | Faculty,"Languages and Cultural Studies | Law, Economics and Social Sciences | Mathematics and Natural Sciences | Human Medicine | Veterinary Medicine, Agricultural, Forest and Nutritional Sciences, Ecology | Engineering | Art, Music and Sport",United States of America,Study | Research/Doctorate/PhD | Teaching,0,"The Fulbright programme is aimed at financing academic stays by US citizens in Germany. It offers a range of different funding opportunities for students and graduates from universities and other higher education institutions, for teaching",DAAD,Germany,,,,,
161,Cusanuswerk: Undergraduate and Postgraduate Fellowships,Cusanuswerk: Undergraduate and Postgraduate Fellowships,Undergraduates | Graduates | Doctoral candidates/PhD students,"Languages and Cultural Studies | Law, Economics and Social Sciences | Mathematics and Natural Sciences | Human Medicine | Veterinary Medicine, Agricultural, Forest and Nutritional Sciences, Ecology | Engineering | Art, Music and Sport",Germany | Malta | Luxembourg | Belgium | Hungary | Spain | Sweden | Portugal | Poland | Netherlands | Italy | Austria | Ireland | Greece | France | Finland | Denmark | Lithuania | Latvia | Estonia | Cyprus | Czech Republic | Slovenia | Slovakia | Romania | Croatia | Bulgaria,Study | Research/Doctorate/PhD | Language Course | Internship,0,"The Cusanuswerk offers fellowships to particularly gifted students and doctoral candidates of catholic faith from all disciplines. Besides the funding the support entails an interdisciplinary training programme, which aims at encouraging",DAAD,Germany,,,,,
163,German Research Foundation (DFG): Research Grant,German Research Foundation (DFG): Research Grant,Postdoctoral researchers | Faculty,"Languages and Cultural Studies | Law, Economics and Social Sciences | Mathematics and Natural Sciences | Human Medicine | Veterinary Medicine, Agricultural, Forest and Nutritional Sciences, Ecology | Engineering | Art, Music and Sport","Uzbekistan | Lebanon | Oman | Saudi Arabia | Yemen | Syrian Arab Republic (Syria) | United Arab Emirates | Bhutan | Myanmar | Brunei Darussalam | Taiwan | Andorra | Iceland | Liechtenstein | South Africa | Egypt | Bulgaria | India | Indonesia | Israel | Kazakhstan | Croatia | Malaysia | Romania | Singapore | Slovakia | Slovenia | Turkey | Thailand | Czech Republic | Ukraine | China, PR | Cyprus | Estonia | Latvia | Lithuania | Australia | Denmark | Finland | France | Greece | Ireland | Austria | Italy | Japan | Canada | New Zealand | Netherlands | Norway | Poland | Portugal | 38 | Sweden | Switzerland | Spain | United Kingdom | Hungary | United States of America | Uruguay | Argentina | Bolivia | Brazil | Chile | Costa Rica | Ecuador | Guatemala | Honduras | Colombia | Cuba | Mexico | Panama | Paraguay | Peru | Venezuela, Bolivarian Republic of | Nicaragua | Belgium | Palestinian Territories | Kenya | Luxembourg | Albania | Hong Kong (CN) | Cambodia | Armenia | San Marino | Vatican City | Bahrain | Iraq | Jordan | Qatar | Kuwait | North Macedonia | Moldova, Republic of | Tajikistan | Turkmenistan | Korea, the Republic of | 107 | Lao People's Democratic Republic | Macao (CN) | Mongolia | Philippines | Vietnam | Guyana | French Guayana | Suriname | Bahamas | Barbados | Bermudas | Dominican Republic | El Salvador | Guadeloupe | Haiti | Belize | Jamaica | Montserrat | Martinique | The Dutch Antilles | Puerto Rico | Trinidad and Tobago | Anguilla | Antigua and Barbuda | Dominica | Grenada | Saint Lucia | Saint Vincent and the Grenadines | Angola | Ethiopia | Botswana | Burundi | Benin | Côte d'Ivoire | Djibouti | Gabon | Gambia | Ghana | Guinea | Guinea-Bissau | Equatorial Guinea | Cameroon | Cape Verde | Congo | Congo, Democratic Republic | Lesotho | Liberia | Madagascar | Malawi | Mali | Mauritania | Mauritius | Mozambique | Comoros | Eswatani | Niger | Nigeria | Burkina Faso | Réunion | Zimbabwe | Rwanda | Zambia | Sao Tome and Principe | Senegal | Seychelles | Sierra Leone | Somalia | Sudan | Namibia | Tanzania, United Republic of | Togo | Chad | Uganda | Central African Republic | Eritrea | Algeria | Libya | Morocco | Tunisia | Afghanistan | Bangladesh | Iran | Nepal | Pakistan | Sri Lanka | Fiji | Samoa | Tahiti | Tonga | Papua New Guinea | Nauru | New Caledonia | Solomon Islands | Kiribati | Cook Islands | Niue | Vanuatu | Tuvalu | Marshall Islands | Georgia | Bosnia and Herzegovina | Belarus | Azerbaijan | Serbia | Kyrgyzstan | Malta | Monaco | Micronesia, Federated States of | Timor-Leste | Germany | Maldives | Saint Kitts and Nevis | Guam | Palau | Montenegro | Kosovo | South Sudan",Research/Doctorate/PhD,0,The grants enable scientists and academics to conduct research projects with clearly defined topics and a limited duration. Researchers from any subject working in Germany or at a German research institution abroad who have completed their,DAAD,Germany,,,,,
164,"Federal Ministry of Education and Research: Federal Training Assistance Act (Bundesausbildungsförderungsgesetz, or BAföG)","Federal Ministry of Education and Research: Federal Training Assistance Act (Bundesausbildungsförderungsgesetz, or BAföG)",Undergraduates | Graduates,"Languages and Cultural Studies | Law, Economics and Social Sciences | Mathematics and Natural Sciences | Human Medicine | Veterinary Medicine, Agricultural, Forest and Nutritional Sciences, Ecology | Engineering | Art, Music and Sport","Cameroon | Equatorial Guinea | Guinea-Bissau | Guinea | Ghana | Gambia | Gabon | Djibouti | Côte d'Ivoire | Benin | Burundi | Botswana | Ethiopia | Angola | Saint Vincent and the Grenadines | Saint Lucia | Grenada | Dominica | Antigua and Barbuda | Anguilla | Trinidad and Tobago | Puerto Rico | The Dutch Antilles | Martinique | Montserrat | Jamaica | Belize | Haiti | Guadeloupe | El Salvador | Dominican Republic | Bermudas | Switzerland | Sweden | 38 | Netherlands | Norway | Poland | Portugal | New Zealand | Canada | Japan | Italy | Austria | Ireland | Greece | France | Finland | Denmark | Australia | Lithuania | Latvia | Estonia | Cyprus | China, PR | Ukraine | Czech Republic | Thailand | Turkey | Slovenia | Slovakia | Singapore | Romania | Malaysia | Croatia | Kazakhstan | Israel | Indonesia | India | Bulgaria | Egypt | South Africa | South Sudan | Kosovo | Montenegro | Palau | Guam | Saint Kitts and Nevis | Maldives | Germany | Timor-Leste | Micronesia, Federated States of | Marshall Islands | Tuvalu | Vanuatu | Niue | Cook Islands | Kiribati | Solomon Islands | New Caledonia | Nauru | Papua New Guinea | Tonga | Tahiti | Samoa | Fiji | Sri Lanka | Pakistan | Nepal | Iran | Bangladesh | Afghanistan | Tunisia | Morocco | Libya | Algeria | Eritrea | Central African Republic | Uganda | Chad | Togo | Tanzania, United Republic of | Namibia | Sudan | Somalia | Sierra Leone | Seychelles | Senegal | Sao Tome and Principe | Zambia | Rwanda | Zimbabwe | Réunion | Burkina Faso | Nigeria | Niger | Eswatani | Comoros | Barbados | Bahamas | Suriname | French Guayana | Guyana | Vietnam | Philippines | Mongolia | Macao (CN) | Lao People's Democratic Republic | 107 | Korea, the Republic of | Cambodia | Hong Kong (CN) | Taiwan | Brunei Darussalam | Myanmar | Bhutan | United Arab Emirates | Syrian Arab Republic (Syria) | Yemen | Saudi Arabia | Oman | Lebanon | Kuwait | Qatar | Jordan | Iraq | Bahrain | Vatican City | San Marino | Monaco | Malta | Liechtenstein | Iceland | Andorra | Uzbekistan | Turkmenistan | Tajikistan | Moldova, Republic of | North Macedonia | Kyrgyzstan | Serbia | Georgia | Bosnia and Herzegovina | Belarus | Azerbaijan | Armenia | Albania | Luxembourg | Kenya | Palestinian Territories | Belgium | Nicaragua | Venezuela, Bolivarian Republic of | Peru | Paraguay | Panama | Mexico | Cuba | Colombia | Honduras | Guatemala | Ecuador | Costa Rica | Chile | Brazil | Bolivia | Argentina | Uruguay | United States of America | Hungary | United Kingdom | Spain | Mozambique | Mauritius | Mauritania | Mali | Malawi | Madagascar | Liberia | Lesotho | Congo, Democratic Republic | Congo | Cape Verde",Study | Internship,0,"BAföG, the Federal Training Assistance Act, provides funding to support studying in Germany. It can also be used to finance school-leaving qualifications and vocational training at a school or academy. Half of the funds are provided as a",DAAD,Germany,,,,,
166,Boehringer Ingelheim Fonds: PhD Fellowships,Boehringer Ingelheim Fonds: PhD Fellowships,Doctoral candidates/PhD students,Mathematics and Natural Sciences,"Ecuador | Guatemala | Honduras | Colombia | Cuba | Mexico | Panama | Paraguay | Peru | Venezuela, Bolivarian Republic of | Nicaragua | Belgium | Palestinian Territories | Kenya | Luxembourg | Albania | Armenia | Azerbaijan | Belarus | Bosnia and Herzegovina | Georgia | Serbia | Kyrgyzstan | North Macedonia | Moldova, Republic of | Tajikistan | Turkmenistan | Uzbekistan | Andorra | Iceland | Liechtenstein | Malta | Monaco | San Marino | Vatican City | Bahrain | Iraq | Jordan | Qatar | Kuwait | Lebanon | Oman | Saudi Arabia | Yemen | Syrian Arab Republic (Syria) | United Arab Emirates | Bhutan | Myanmar | Brunei Darussalam | Taiwan | Hong Kong (CN) | Cambodia | Korea, the Republic of | 107 | Lao People's Democratic Republic | Macao (CN) | Mongolia | Philippines | Vietnam | Guyana | French Guayana | Suriname | Bahamas | Barbados | Bermudas | Dominican Republic | El Salvador | Guadeloupe | Haiti | Belize | Jamaica | Montserrat | Martinique | The Dutch Antilles | Puerto Rico | Trinidad and Tobago | Anguilla | Antigua and Barbuda | Dominica | Grenada | Saint Lucia | Saint Vincent and the Grenadines | Ethiopia | Angola | Botswana | Burundi | Benin | Côte d'Ivoire | Djibouti | Gabon | Gambia | Ghana | Guinea | Guinea-Bissau | Equatorial Guinea | Cameroon | Cape Verde | Congo | Congo, Democratic Republic | Lesotho | Liberia | Madagascar | Malawi | Mali | Mauritania | Mauritius | Mozambique | Comoros | Eswatani | Niger | Nigeria | Tanzania, United Republic of | Togo | Chad | Uganda | Central African Republic | Eritrea | Algeria | Libya | Morocco | Tunisia | Afghanistan | Bangladesh | Iran | Nepal | Pakistan | Sri Lanka | Fiji | Samoa | Tahiti | Tonga | Papua New Guinea | Nauru | New Caledonia | Solomon Islands | Kiribati | Cook Islands | Niue | Vanuatu | Tuvalu | Marshall Islands | Micronesia, Federated States of | Timor-Leste | Germany | Maldives | Saint Kitts and Nevis | Guam | Palau | Montenegro | Kosovo | South Sudan | South Africa | Egypt | Bulgaria | India | Indonesia | Israel | Kazakhstan | Croatia | Malaysia | Romania | Singapore | Slovakia | Slovenia | Turkey | Thailand | Czech Republic | Ukraine | China, PR | Cyprus | Estonia | Latvia | Lithuania | Australia | Denmark | Finland | France | Greece | Ireland | Austria | Italy | Japan | Canada | New Zealand | Netherlands | Norway | Poland | Portugal | 38 | Sweden | Switzerland | Spain | United Kingdom | Hungary | United States of America | Uruguay | Argentina | Bolivia | Brazil | Chile | Costa Rica | Burkina Faso | Réunion | Zimbabwe | Rwanda | Zambia | Sao Tome and Principe | Senegal | Seychelles | Sierra Leone | Somalia | Sudan | Namibia",Research/Doctorate/PhD,0,The Boehringer Ingelheim Fonds offers doctoral fellowships to outstanding junior scientists who want to conduct an ambitious doctoral project in the field of basic biomedical research at an internationally leading laboratory. The financing,DAAD,Germany,,,,,
167,Gerda Henkel Foundation: PhD Scholarships,Gerda Henkel Foundation: PhD Scholarships,Doctoral candidates/PhD students,"Languages and Cultural Studies | Art, Music and Sport","Benin | Côte d'Ivoire | Djibouti | Gabon | Gambia | Ghana | Guinea | Guinea-Bissau | Equatorial Guinea | Cameroon | Cape Verde | Congo | Congo, Democratic Republic | Lesotho | Liberia | Madagascar | Malawi | Mali | Mauritania | Mauritius | Mozambique | Comoros | Eswatani | Niger | Nigeria | Burkina Faso | Réunion | Zimbabwe | Rwanda | Zambia | Sao Tome and Principe | Senegal | Seychelles | Sierra Leone | Somalia | Sudan | Namibia | Tanzania, United Republic of | Togo | Chad | Uganda | Central African Republic | Eritrea | Algeria | Libya | Morocco | Tunisia | Afghanistan | Bangladesh | Iran | Nepal | Pakistan | Sri Lanka | Fiji | Samoa | Tahiti | Tonga | Papua New Guinea | Nauru | New Caledonia | Solomon Islands | South Africa | Egypt | Bulgaria | India | Indonesia | Israel | Kazakhstan | Croatia | Malaysia | Romania | Singapore | Slovakia | Slovenia | Turkey | Thailand | Czech Republic | Ukraine | China, PR | Cyprus | Estonia | Latvia | Lithuania | Australia | Finland | France | Greece | Ireland | Austria | Italy | Japan | Canada | New Zealand | Netherlands | Norway | Poland | Portugal | Kiribati | Cook Islands | Niue | Vanuatu | Tuvalu | Marshall Islands | Micronesia, Federated States of | Timor-Leste | Germany | Maldives | Saint Kitts and Nevis | Guam | Palau | Montenegro | Kosovo | South Sudan | Denmark | Sweden | Switzerland | Spain | United Kingdom | Hungary | United States of America | Uruguay | Argentina | Bolivia | Brazil | Chile | Costa Rica | Ecuador | Guatemala | Honduras | Colombia | Cuba | Mexico | Panama | Paraguay | Peru | Venezuela, Bolivarian Republic of | Nicaragua | Belgium | Palestinian Territories | Kenya | Luxembourg | Albania | Armenia | Azerbaijan | Belarus | Bosnia and Herzegovina | Georgia | Serbia | Kyrgyzstan | North Macedonia | Moldova, Republic of | Tajikistan | Turkmenistan | Uzbekistan | Andorra | Iceland | Liechtenstein | Malta | Monaco | San Marino | Vatican City | Bahrain | Iraq | Jordan | Qatar | Kuwait | Lebanon | Oman | Saudi Arabia | Yemen | Syrian Arab Republic (Syria) | United Arab Emirates | Bhutan | Myanmar | Brunei Darussalam | Taiwan | Hong Kong (CN) | Cambodia | Korea, the Republic of | 107 | Lao People's Democratic Republic | Macao (CN) | Mongolia | Philippines | Vietnam | Guyana | French Guayana | Suriname | Bahamas | Barbados | Bermudas | Dominican Republic | El Salvador | Guadeloupe | Haiti | Belize | Jamaica | Montserrat | Martinique | The Dutch Antilles | Puerto Rico | Trinidad and Tobago | Anguilla | Antigua and Barbuda | Dominica | Grenada | Saint Lucia | Saint Vincent and the Grenadines | Angola | Ethiopia | Botswana | Burundi | 38",Research/Doctorate/PhD,0,The PhD scholarships support highly qualified junior academics from the historical sciences with excellent academic standing and brilliant examination results who show unusual promise for their doctoral theses. Applications can be submitted,DAAD,Germany,,,,,
170,Catholic Academic Exchange Service (KAAD): Scholarship Programme 1,Catholic Academic Exchange Service (KAAD): Scholarship Programme 1,Postdoctoral researchers | Graduates | Doctoral candidates/PhD students,"Languages and Cultural Studies | Law, Economics and Social Sciences | Mathematics and Natural Sciences | Human Medicine | Veterinary Medicine, Agricultural, Forest and Nutritional Sciences, Ecology | Engineering | Art, Music and Sport","Jordan | Bangladesh | Uganda | Tanzania, United Republic of | China, PR | Argentina | Bolivia | Brazil | Ecuador | Guatemala | Colombia | Mexico | Peru | Palestinian Territories | Kenya | Lebanon | Syrian Arab Republic (Syria) | Myanmar | Philippines | Vietnam | Ethiopia | Zimbabwe | Ghana | Israel | Indonesia | Egypt",Study | Research/Doctorate/PhD,0,The KAAD is the scholarship institution of the Catholic Church in Germany. Applicants are therefore of catholic denomination: post-graduates or academics who already have work experience and plan to do post-graduate studies or spend a,DAAD,Germany,,,,,
171,Alexander von Humboldt Foundation: Humboldt Research Fellowship for Experienced Researchers,Alexander von Humboldt Foundation: Humboldt Research Fellowship for Experienced Researchers,Postdoctoral researchers | Faculty,"Languages and Cultural Studies | Law, Economics and Social Sciences | Mathematics and Natural Sciences | Human Medicine | Veterinary Medicine, Agricultural, Forest and Nutritional Sciences, Ecology | Engineering | Art, Music and Sport","Gabon | Djibouti | Gambia | Guinea-Bissau | Guinea | Ghana | Equatorial Guinea | Cameroon | Cape Verde | Congo | Congo, Democratic Republic | Lesotho | El Salvador | Guadeloupe | Haiti | Belize | Jamaica | Montserrat | Martinique | The Dutch Antilles | Puerto Rico | Trinidad and Tobago | Dominica | Antigua and Barbuda | Anguilla | Grenada | Saint Lucia | Saint Vincent and the Grenadines | Angola | Ethiopia | Botswana | Burundi | Benin | Zimbabwe | Rwanda | Zambia | Sao Tome and Principe | Senegal | Seychelles | Sierra Leone | Somalia | Sudan | Namibia | Tanzania, United Republic of | Togo | Chad | Uganda | Central African Republic | Eritrea | Algeria | Libya | Morocco | Tunisia | Afghanistan | Bangladesh | Iran | Nepal | Pakistan | Sri Lanka | Fiji | Samoa | Tahiti | Tonga | Papua New Guinea | Nauru | New Caledonia | Solomon Islands | Kiribati | Cook Islands | Niue | Vanuatu | Tuvalu | Marshall Islands | Micronesia, Federated States of | Timor-Leste | Maldives | Saint Kitts and Nevis | Guam | Palau | Montenegro | Kosovo | South Sudan | Malta | Liechtenstein | Iceland | Andorra | Uzbekistan | Turkmenistan | Tajikistan | Cambodia | Hong Kong (CN) | Taiwan | Brunei Darussalam | Myanmar | Belarus | Bosnia and Herzegovina | Georgia | Serbia | Kyrgyzstan | North Macedonia | Moldova, Republic of | Réunion | Burkina Faso | Liberia | Qatar | Bhutan | Dominican Republic | Nigeria | Madagascar | Jordan | Kuwait | Bahamas | San Marino | Vatican City | Bahrain | Niger | Eswatani | Comoros | Mozambique | Mauritius | Mauritania | Mali | Malawi | Korea, the Republic of | 107 | Lao People's Democratic Republic | Macao (CN) | South Africa | Indonesia | India | Bulgaria | Egypt | Israel | Kazakhstan | Croatia | Malaysia | Romania | Singapore | Slovakia | Slovenia | Turkey | Thailand | Czech Republic | Cyprus | China, PR | Ukraine | Estonia | Latvia | Lithuania | Australia | Denmark | Finland | France | Greece | Ireland | Austria | Italy | Netherlands | New Zealand | Canada | Japan | Norway | Poland | Portugal | 38 | Sweden | Switzerland | Spain | United Kingdom | Hungary | United States of America | Uruguay | Argentina | Bolivia | Chile | Costa Rica | Ecuador | Guatemala | Honduras | Colombia | Cuba | Mexico | Panama | Paraguay | Peru | Venezuela, Bolivarian Republic of | Nicaragua | Belgium | Palestinian Territories | Kenya | Luxembourg | Albania | Armenia | Azerbaijan | Mongolia | Philippines | Vietnam | Yemen | Iraq | Monaco | Syrian Arab Republic (Syria) | Côte d'Ivoire | Lebanon | Saudi Arabia | United Arab Emirates | Guyana | Oman | French Guayana | Suriname | Barbados | Bermudas",Research/Doctorate/PhD,0,Highly-qualified international scientists and scholars from all disciplines who completed their doctorates less than 12 years ago and wish to spend extended periods of research in Germany are invited to apply. Candidates can come from any,DAAD,Germany,,,,,
173,Hermann Niermann Foundation/Julius Maximilian University of Würzburg: Study Exchange German Language and Literature Studies,Hermann Niermann Foundation/Julius Maximilian University of Würzburg: Study Exchange German Language and Literature Studies,Postdoctoral researchers | Graduates | Doctoral candidates/PhD students | Faculty,Languages and Cultural Studies,Serbia | Bosnia and Herzegovina | Hungary | Poland | Latvia | Estonia | Ukraine | Czech Republic | Lithuania | Kosovo | Montenegro | North Macedonia | Slovenia | Slovakia | Romania | Croatia | Bulgaria,Study | Research/Doctorate/PhD,0,"The scholarships enable particularly gifted Master's students, doctoral candidates and (junior) researchers of German language and literature studies to come to the Institute of German Philology at Würzburg University for the purpose of",DAAD,Germany,,,,,
174,"Ministry of Science, Research and the Arts Baden-Württemberg: Mathilde Planck Contract Lectureships (MPL)","Ministry of Science, Research and the Arts Baden-Württemberg: Mathilde Planck Contract Lectureships (MPL)",Postdoctoral researchers | Graduates | Doctoral candidates/PhD students,"Languages and Cultural Studies | Law, Economics and Social Sciences | Mathematics and Natural Sciences | Veterinary Medicine, Agricultural, Forest and Nutritional Sciences, Ecology | Engineering | Art, Music and Sport","Congo | Cape Verde | Cameroon | Equatorial Guinea | Guinea-Bissau | Guinea | Ghana | Gambia | Gabon | Djibouti | Côte d'Ivoire | Benin | Burundi | Botswana | Ethiopia | Angola | Saint Vincent and the Grenadines | Saint Lucia | Grenada | Dominica | Antigua and Barbuda | Anguilla | Trinidad and Tobago | Puerto Rico | The Dutch Antilles | Martinique | Montserrat | Jamaica | Belize | Haiti | Guadeloupe | El Salvador | Dominican Republic | Bermudas | Barbados | Bahamas | Suriname | French Guayana | Mali | Malawi | Madagascar | Liberia | Lesotho | Congo, Democratic Republic | Mongolia | Philippines | Vietnam | Guyana | Macao (CN) | Lao People's Democratic Republic | 107 | Korea, the Republic of | Cambodia | Hong Kong (CN) | Taiwan | Brunei Darussalam | Myanmar | Bhutan | United Arab Emirates | Syrian Arab Republic (Syria) | Yemen | Saudi Arabia | Oman | Lebanon | Kuwait | Qatar | Jordan | Iraq | Bahrain | Vatican City | San Marino | Monaco | Malta | Liechtenstein | Iceland | Andorra | Uzbekistan | Turkmenistan | Kyrgyzstan | North Macedonia | Moldova, Republic of | Tajikistan | Serbia | Georgia | Bosnia and Herzegovina | Belarus | Azerbaijan | Armenia | Albania | Luxembourg | Kenya | Palestinian Territories | Belgium | Nicaragua | Venezuela, Bolivarian Republic of | Peru | Paraguay | Panama | Mexico | Cuba | Ecuador | Guatemala | Honduras | Colombia | Costa Rica | Chile | Brazil | Bolivia | Argentina | Uruguay | United States of America | Hungary | United Kingdom | Spain | Switzerland | Sweden | 38 | Portugal | Poland | Norway | Netherlands | Comoros | Nigeria | New Zealand | Canada | Japan | Italy | Austria | Ireland | Greece | France | Finland | Denmark | Australia | Lithuania | Latvia | Estonia | Cyprus | China, PR | Ukraine | Czech Republic | Thailand | Turkey | Slovenia | Slovakia | Singapore | Romania | Malaysia | Croatia | Kazakhstan | Israel | Indonesia | India | Bulgaria | Egypt | South Africa | South Sudan | Kosovo | Montenegro | Palau | Guam | Saint Kitts and Nevis | Maldives | Germany | Eswatani | Burkina Faso | Timor-Leste | Micronesia, Federated States of | Marshall Islands | Tuvalu | Vanuatu | Niue | Cook Islands | Kiribati | Solomon Islands | New Caledonia | Nauru | Papua New Guinea | Tonga | Tahiti | Samoa | Fiji | Sri Lanka | Pakistan | Nepal | Iran | Bangladesh | Afghanistan | Tunisia | Morocco | Libya | Algeria | Eritrea | Central African Republic | Uganda | Chad | Togo | Somalia | Sudan | Namibia | Tanzania, United Republic of | Sierra Leone | Seychelles | Senegal | Sao Tome and Principe | Zambia | Rwanda | Zimbabwe | Réunion | Niger | Mozambique | Mauritius | Mauritania",Teaching,0,"The programme offers women the opportunity to qualify for professorship by teaching at a public Baden Württemberg university of applied sciences, college of art or music or at the Baden-Württemberg Cooperative State University (DHBW).",DAAD,Germany,,,,,
178,German Medical Students' Association: Professional/Research/Public Health Exchange,German Medical Students' Association: Professional/Research/Public Health Exchange,Undergraduates,Human Medicine,"South Sudan | South Africa | Egypt | Bulgaria | India | Indonesia | Israel | Kazakhstan | Croatia | Malaysia | Romania | Singapore | Slovakia | Slovenia | Turkey | Thailand | Czech Republic | Ukraine | China, PR | Cyprus | Estonia | Latvia | Lithuania | Australia | Denmark | Finland | France | Greece | Ireland | Austria | Italy | Japan | Canada | New Zealand | Netherlands | Norway | Poland | Portugal | 38 | Sweden | Switzerland | Spain | United Kingdom | Hungary | United States of America | Uruguay | Argentina | Bolivia | Brazil | Chile | Costa Rica | Ecuador | Guatemala | Honduras | Colombia | Cuba | Mexico | Panama | Paraguay | Peru | Venezuela, Bolivarian Republic of | Nicaragua | Belgium | Palestinian Territories | Kenya | Luxembourg | Albania | Armenia | Azerbaijan | Belarus | Bosnia and Herzegovina | Georgia | Serbia | Kyrgyzstan | North Macedonia | Moldova, Republic of | Tajikistan | Turkmenistan | Uzbekistan | Andorra | Iceland | Liechtenstein | Malta | Monaco | San Marino | Vatican City | Bahrain | Iraq | Jordan | Qatar | Kuwait | Lebanon | Oman | Saudi Arabia | Yemen | Syrian Arab Republic (Syria) | United Arab Emirates | Bhutan | Myanmar | Brunei Darussalam | Taiwan | Hong Kong (CN) | Cambodia | Korea, the Republic of | 107 | Lao People's Democratic Republic | Macao (CN) | Mongolia | Philippines | Vietnam | Guyana | French Guayana | Suriname | Bahamas | Barbados | Bermudas | Dominican Republic | El Salvador | Guadeloupe | Haiti | Belize | Jamaica | Montserrat | Martinique | The Dutch Antilles | Puerto Rico | Trinidad and Tobago | Anguilla | Antigua and Barbuda | Dominica | Grenada | Saint Lucia | Saint Vincent and the Grenadines | Angola | Ethiopia | Botswana | Burundi | Benin | Côte d'Ivoire | Djibouti | Gabon | Gambia | Ghana | Guinea | Guinea-Bissau | Equatorial Guinea | Cameroon | Cape Verde | Congo | Congo, Democratic Republic | Lesotho | Liberia | Madagascar | Malawi | Mali | Mauritania | Mauritius | Mozambique | Comoros | Eswatani | Niger | Nigeria | Burkina Faso | Réunion | Zimbabwe | Rwanda | Zambia | Sao Tome and Principe | Senegal | Seychelles | Sierra Leone | Somalia | Sudan | Namibia | Tanzania, United Republic of | Togo | Chad | Uganda | Central African Republic | Eritrea | Algeria | Libya | Morocco | Tunisia | Afghanistan | Bangladesh | Iran | Nepal | Pakistan | Sri Lanka | Fiji | Samoa | Tahiti | Tonga | Papua New Guinea | Nauru | New Caledonia | Solomon Islands | Kiribati | Cook Islands | Niue | Vanuatu | Tuvalu | Marshall Islands | Micronesia, Federated States of | Timor-Leste | Germany | Maldives | Saint Kitts and Nevis | Guam | Palau | Montenegro | Kosovo",Internship,0,"Medical students of any nationality enrolled at German institutions of higher education are eligible for a clinical traineeship exchange, a research internship or a public health exchange in order to gain hands-on experience in a foreign",DAAD,Germany,,,,,
180,Baden-Württemberg Stiftung: The Baden-Württemberg-STIPENDIUM for Students,Baden-Württemberg Stiftung: The Baden-Württemberg-STIPENDIUM for Students,Undergraduates | Graduates | Doctoral candidates/PhD students,"Languages and Cultural Studies | Law, Economics and Social Sciences | Mathematics and Natural Sciences | Human Medicine | Veterinary Medicine, Agricultural, Forest and Nutritional Sciences, Ecology | Engineering | Art, Music and Sport","Cape Verde | Cameroon | Equatorial Guinea | Guinea-Bissau | Guinea | Ghana | Gambia | Gabon | Djibouti | Côte d'Ivoire | Benin | Burundi | Botswana | Ethiopia | Angola | Saint Vincent and the Grenadines | Saint Lucia | Grenada | Trinidad and Tobago | Anguilla | Antigua and Barbuda | Dominica | Puerto Rico | The Dutch Antilles | Martinique | Montserrat | Jamaica | Belize | Haiti | Guadeloupe | El Salvador | Dominican Republic | Sierra Leone | Senegal | Bermudas | Barbados | Bahamas | Suriname | French Guayana | Guyana | Vietnam | Philippines | Mongolia | Macao (CN) | Bulgaria | Egypt | South Africa | Lao People's Democratic Republic | 107 | Korea, the Republic of | Cambodia | Hong Kong (CN) | Taiwan | Brunei Darussalam | Myanmar | Bhutan | United Arab Emirates | Syrian Arab Republic (Syria) | Saudi Arabia | Yemen | Lebanon | Kuwait | Qatar | Jordan | Iraq | Bahrain | Vatican City | San Marino | Chad | Bangladesh | Mauritania | Somalia | Libya | Tanzania, United Republic of | Burkina Faso | Central African Republic | Uganda | Mauritius | Sudan | Niger | Eritrea | Guam | Saint Kitts and Nevis | Maldives | Zimbabwe | Eswatani | Germany | Timor-Leste | Micronesia, Federated States of | Marshall Islands | Tuvalu | Mali | Liberia | Mozambique | Tonga | Tahiti | Samoa | Fiji | Sri Lanka | Seychelles | Sao Tome and Principe | Zambia | Rwanda | Togo | Algeria | Morocco | Tunisia | Afghanistan | Vanuatu | Niue | Cook Islands | Kiribati | Solomon Islands | New Caledonia | Nauru | Papua New Guinea | Palau | Montenegro | Kosovo | South Sudan | India | Indonesia | Oman | Israel | Kazakhstan | Croatia | Malaysia | Romania | Singapore | Slovakia | Slovenia | Turkey | Thailand | Cyprus | China, PR | Ukraine | Czech Republic | Armenia | Albania | Luxembourg | Kenya | Palestinian Territories | Belgium | Nicaragua | Venezuela, Bolivarian Republic of | Peru | Paraguay | Panama | Mexico | Cuba | Colombia | Honduras | Guatemala | Ecuador | Costa Rica | Chile | Brazil | Bolivia | Uruguay | Argentina | United States of America | Hungary | United Kingdom | Spain | Switzerland | Sweden | 38 | Portugal | Poland | Norway | New Zealand | Netherlands | Canada | France | Greece | Ireland | Austria | Italy | Japan | Finland | Denmark | Australia | Lithuania | Latvia | Estonia | Monaco | Malta | Liechtenstein | Iceland | Andorra | Uzbekistan | Turkmenistan | Tajikistan | Kyrgyzstan | Serbia | North Macedonia | Moldova, Republic of | Georgia | Bosnia and Herzegovina | Belarus | Azerbaijan | Comoros | Nigeria | Nepal | Namibia | Malawi | Pakistan | Lesotho | Congo, Democratic Republic | Congo | Iran | Madagascar | Réunion",Study | Research/Doctorate/PhD,0,"The Baden-Württemberg-STIPENDIUM for Students is a programme established by the Baden-Württemberg Stiftung . <br />
<br />
You can apply if<br />
you are a highly qualified undergraduate, graduate or doctoral student you study at",DAAD,Germany,,,,,
185,Herzog August Bibliothek: Short-term Fellowships,Herzog August Bibliothek: Short-term Fellowships,Postdoctoral researchers | Faculty,"Languages and Cultural Studies | Law, Economics and Social Sciences | Art, Music and Sport","Vietnam | Guyana | French Guayana | Suriname | Bahamas | Barbados | Bermudas | Dominican Republic | El Salvador | Guadeloupe | Haiti | Belize | Jamaica | Montserrat | Martinique | The Dutch Antilles | Puerto Rico | Trinidad and Tobago | Anguilla | Antigua and Barbuda | Dominica | Grenada | Saint Lucia | Saint Vincent and the Grenadines | Angola | Ethiopia | Botswana | Burundi | Benin | Côte d'Ivoire | Djibouti | Gabon | Gambia | Ghana | Guinea | Guinea-Bissau | Equatorial Guinea | Cameroon | Cape Verde | Congo | Congo, Democratic Republic | Lesotho | Liberia | Madagascar | Malawi | Mali | Mauritania | Mauritius | Mozambique | Comoros | Eswatani | Niger | Nigeria | Burkina Faso | Réunion | Zimbabwe | Rwanda | Zambia | Sao Tome and Principe | Senegal | Seychelles | Sierra Leone | Somalia | Sudan | Namibia | Tanzania, United Republic of | Togo | Chad | Uganda | Central African Republic | Eritrea | Algeria | Libya | Morocco | Tunisia | Afghanistan | Bangladesh | Iran | Nepal | Pakistan | Sri Lanka | Fiji | Samoa | Tahiti | Tonga | Papua New Guinea | Nauru | New Caledonia | Solomon Islands | Kiribati | Cook Islands | Niue | Vanuatu | Tuvalu | Marshall Islands | Micronesia, Federated States of | Timor-Leste | Germany | Maldives | Saint Kitts and Nevis | Guam | Palau | Montenegro | Kosovo | South Sudan | South Africa | Egypt | Bulgaria | India | Indonesia | Israel | Kazakhstan | Croatia | Malaysia | Romania | Singapore | Slovakia | Slovenia | Turkey | Thailand | Czech Republic | Ukraine | China, PR | Cyprus | Estonia | Latvia | Lithuania | Australia | Denmark | Finland | France | Greece | Ireland | Austria | Italy | Japan | Canada | New Zealand | Netherlands | Norway | Poland | Portugal | 38 | Sweden | Switzerland | Spain | United Kingdom | Hungary | United States of America | Uruguay | Argentina | Bolivia | Brazil | Chile | Costa Rica | Ecuador | Guatemala | Honduras | Colombia | Mexico | Panama | Paraguay | Peru | Venezuela, Bolivarian Republic of | Nicaragua | Belgium | Palestinian Territories | Kenya | Luxembourg | Albania | Armenia | Azerbaijan | Belarus | Bosnia and Herzegovina | Georgia | Serbia | Kyrgyzstan | North Macedonia | Moldova, Republic of | Tajikistan | Turkmenistan | Uzbekistan | Andorra | Iceland | Liechtenstein | Malta | Monaco | San Marino | Vatican City | Bahrain | Iraq | Jordan | Qatar | Kuwait | Lebanon | Oman | Saudi Arabia | Yemen | Syrian Arab Republic (Syria) | United Arab Emirates | Bhutan | Myanmar | Brunei Darussalam | Taiwan | Hong Kong (CN) | Cambodia | Korea, the Republic of | 107 | Lao People's Democratic Republic | Macao (CN) | Mongolia | Philippines | Cuba",Research/Doctorate/PhD,0,The library annually awards short-term fellowships to a broad range of scholars of all career stages (from postdoc to emeriti) wishing to make a short visit in order to gather source material. Applications can be made for stays of between 1,DAAD,Germany,,,,,
187,The American Friends of the Herzog August Bibliothek (HAB): Travel Grant,The American Friends of the Herzog August Bibliothek (HAB): Travel Grant,Postdoctoral researchers | Doctoral candidates/PhD students,"Languages and Cultural Studies | Law, Economics and Social Sciences | Art, Music and Sport",United States of America,Research/Doctorate/PhD,0,The travel grants are intended to assist young US citizens or permanent US residents who write their doctoral theses and wish to access the Herzog August Library for research purposes. Young academics who finished their PhD no more than 3,DAAD,Germany,,,,,
189,Universität Hamburg: Merit Scholarships for International Students,Universität Hamburg: Merit Scholarships for International Students,Undergraduates | Graduates,"Languages and Cultural Studies | Law, Economics and Social Sciences | Mathematics and Natural Sciences | Human Medicine | Veterinary Medicine, Agricultural, Forest and Nutritional Sciences, Ecology | Engineering | Art, Music and Sport","Bangladesh | Afghanistan | Tunisia | Morocco | Libya | Algeria | Eritrea | Central African Republic | Uganda | Mali | Togo | Chad | Malawi | Madagascar | Liberia | Lesotho | Congo, Democratic Republic | Congo | Cape Verde | Cameroon | Equatorial Guinea | Guinea-Bissau | Guinea | Ghana | Gambia | Gabon | Djibouti | Côte d'Ivoire | Benin | Burundi | Botswana | Ethiopia | Angola | Saint Vincent and the Grenadines | Saint Lucia | Grenada | Dominica | Antigua and Barbuda | Anguilla | Trinidad and Tobago | Puerto Rico | The Dutch Antilles | Martinique | Montserrat | Jamaica | Belize | Haiti | Guadeloupe | El Salvador | Dominican Republic | Bermudas | Barbados | Bahamas | Suriname | French Guayana | Guyana | Vietnam | Philippines | Mongolia | Macao (CN) | Lao People's Democratic Republic | 107 | Korea, the Republic of | Cambodia | Hong Kong (CN) | Taiwan | Brunei Darussalam | Myanmar | Bhutan | United Arab Emirates | Syrian Arab Republic (Syria) | Yemen | Saudi Arabia | Oman | Lebanon | Kuwait | Qatar | Jordan | Iraq | Bahrain | Vatican City | San Marino | Monaco | Malta | Liechtenstein | Iceland | Andorra | Uzbekistan | Turkmenistan | Tajikistan | Moldova, Republic of | North Macedonia | Kyrgyzstan | Serbia | Georgia | Bosnia and Herzegovina | Belarus | Azerbaijan | Armenia | Albania | Luxembourg | Kenya | Palestinian Territories | Belgium | Nicaragua | Venezuela, Bolivarian Republic of | Peru | Paraguay | Panama | Mexico | Cuba | Colombia | Honduras | Guatemala | Ecuador | Costa Rica | Chile | Brazil | Bolivia | Argentina | Uruguay | United States of America | Hungary | United Kingdom | Spain | Switzerland | Sweden | 38 | Portugal | Poland | Norway | Netherlands | New Zealand | Canada | Tanzania, United Republic of | Namibia | Sudan | Somalia | Sierra Leone | Seychelles | Senegal | Sao Tome and Principe | Zambia | Rwanda | Zimbabwe | Réunion | Burkina Faso | Nigeria | Niger | Eswatani | Comoros | Mozambique | Mauritius | Mauritania | Saint Kitts and Nevis | Maldives | Timor-Leste | Micronesia, Federated States of | Marshall Islands | Tuvalu | Vanuatu | Niue | Cook Islands | Kiribati | Solomon Islands | New Caledonia | Nauru | Papua New Guinea | Tonga | Tahiti | Samoa | Fiji | Sri Lanka | Pakistan | Nepal | Iran | Austria | Italy | Japan | Ireland | Greece | France | Finland | Denmark | Australia | Lithuania | Latvia | Estonia | Cyprus | China, PR | Ukraine | Czech Republic | Thailand | Turkey | Slovenia | Slovakia | Singapore | Romania | Malaysia | Croatia | Kazakhstan | Israel | Indonesia | India | Bulgaria | Egypt | South Africa | South Sudan | Kosovo | Montenegro | Palau | Guam",Study,0,The merit-based programme gives outstanding international students the opportunity to study at Universität Hamburg. There are no restrictions on the subject area or type of degree. The award of merit scholarships should enable the students,DAAD,Germany,,,,,
197,Alexander von Humboldt-Foundation: Georg Forster Research Fellowship for Postdocs,Alexander von Humboldt-Foundation: Georg Forster Research Fellowship for Postdocs,Postdoctoral researchers,"Languages and Cultural Studies | Law, Economics and Social Sciences | Mathematics and Natural Sciences | Human Medicine | Veterinary Medicine, Agricultural, Forest and Nutritional Sciences, Ecology | Engineering | Art, Music and Sport","Ghana | Guinea | Guinea-Bissau | Equatorial Guinea | Cameroon | Cape Verde | Comoros | Mozambique | Mauritius | Tonga | Samoa | Fiji | Sri Lanka | Pakistan | Nepal | Iran | Bangladesh | Afghanistan | Jamaica | Belize | Haiti | Dominica | Grenada | Saint Lucia | Saint Vincent and the Grenadines | Angola | Ethiopia | Botswana | Burundi | Benin | Côte d'Ivoire | Djibouti | Gabon | Gambia | Mauritania | Mali | Malawi | Madagascar | Liberia | Lesotho | Congo, Democratic Republic | Congo | Burkina Faso | Nigeria | Chad | Togo | Tanzania, United Republic of | Namibia | Sudan | Somalia | Sierra Leone | Senegal | Sao Tome and Principe | Rwanda | Zimbabwe | Kiribati | Niue | Vanuatu | Tuvalu | Marshall Islands | Micronesia, Federated States of | Timor-Leste | Maldives | South Africa | Egypt | Indonesia | Kazakhstan | Malaysia | Turkey | Thailand | Ukraine | Argentina | Bolivia | Costa Rica | Ecuador | Guatemala | Honduras | Colombia | Cuba | Montenegro | Kosovo | South Sudan | Mexico | Paraguay | Peru | Venezuela, Bolivarian Republic of | Eswatani | Nicaragua | Palestinian Territories | Kenya | Albania | Armenia | Azerbaijan | Belarus | Bosnia and Herzegovina | Georgia | Serbia | Kyrgyzstan | North Macedonia | Moldova, Republic of | Tajikistan | Turkmenistan | Uzbekistan | Iraq | Jordan | Lebanon | Yemen | Syrian Arab Republic (Syria) | Bhutan | Myanmar | Cambodia | 107 | Lao People's Democratic Republic | Mongolia | Philippines | Vietnam | Guyana | Suriname | Montserrat | El Salvador | Dominican Republic | Niger | Nauru | Solomon Islands | Uganda | Central African Republic | Eritrea | Algeria | Libya | Morocco | Tunisia | Papua New Guinea",Research/Doctorate/PhD,0,"The programme is intended for highly qualified scientists and scholars of all disciplines from selected developing or transition countries , excluding PR China and India.<br />
<br />
The fellowship enables early-career post-doctoral",DAAD,Germany,,,,,
200,German National Academic Foundation: Leo Baeck Fellowship Programme,German National Academic Foundation: Leo Baeck Fellowship Programme,Doctoral candidates/PhD students,"Languages and Cultural Studies | Art, Music and Sport","San Marino | Monaco | Malta | Liechtenstein | Iceland | Andorra | Uzbekistan | Turkmenistan | Tajikistan | Moldova, Republic of | North Macedonia | Kyrgyzstan | Serbia | Georgia | Bosnia and Herzegovina | Belarus | Azerbaijan | Armenia | Albania | Luxembourg | Kenya | Palestinian Territories | Peru | Venezuela, Bolivarian Republic of | Nicaragua | Belgium | Vatican City | Bahrain | Iraq | Jordan | Qatar | Kuwait | Lebanon | Oman | Saudi Arabia | Yemen | Syrian Arab Republic (Syria) | United Arab Emirates | Bhutan | Myanmar | Brunei Darussalam | Taiwan | Hong Kong (CN) | Cambodia | Korea, the Republic of | 107 | Lao People's Democratic Republic | Macao (CN) | Mongolia | Philippines | Vietnam | Guyana | French Guayana | Suriname | Bahamas | Barbados | Bermudas | Dominican Republic | El Salvador | Guadeloupe | Haiti | Belize | Jamaica | Montserrat | Trinidad and Tobago | Puerto Rico | The Dutch Antilles | Martinique | Anguilla | Antigua and Barbuda | Dominica | Grenada | Saint Lucia | Saint Vincent and the Grenadines | Angola | Ethiopia | Botswana | Burundi | Benin | Côte d'Ivoire | Djibouti | Gabon | Gambia | Ghana | Guinea | Cameroon | Equatorial Guinea | Guinea-Bissau | Cape Verde | Congo | South Africa | Egypt | Bulgaria | India | Indonesia | Israel | Kazakhstan | Croatia | Malaysia | Romania | Singapore | Slovakia | Slovenia | Turkey | Thailand | Congo, Democratic Republic | Lesotho | Liberia | Madagascar | Malawi | Mali | Mauritania | Mauritius | Mozambique | Comoros | Eswatani | Niger | Nigeria | Burkina Faso | Réunion | Zimbabwe | Rwanda | Zambia | Sao Tome and Principe | Senegal | Seychelles | Sierra Leone | Somalia | Sudan | Namibia | Tanzania, United Republic of | Togo | Chad | Uganda | Central African Republic | Eritrea | Algeria | Libya | Morocco | Iran | Bangladesh | Afghanistan | Tunisia | Nepal | Pakistan | Sri Lanka | Fiji | Samoa | Tahiti | Tonga | Papua New Guinea | Nauru | New Caledonia | Solomon Islands | Kiribati | Cook Islands | Niue | Vanuatu | Tuvalu | Marshall Islands | Micronesia, Federated States of | Timor-Leste | Germany | Maldives | Saint Kitts and Nevis | Guam | Palau | Montenegro | Kosovo | South Sudan | Czech Republic | Ukraine | China, PR | Cyprus | Estonia | Latvia | Lithuania | Australia | Denmark | Finland | France | Greece | Ireland | Canada | Japan | Italy | Austria | New Zealand | Netherlands | Norway | Poland | Portugal | 38 | Sweden | Switzerland | Spain | United Kingdom | Hungary | United States of America | Uruguay | Argentina | Bolivia | Brazil | Chile | Costa Rica | Ecuador | Guatemala | Honduras | Colombia | Cuba | Mexico | Panama | Paraguay",Research/Doctorate/PhD,0,"The international Leo Baeck Fellowship Programme awards grants to doctoral students who carry out research into the German-Jewish Studies on history and culture. Projects on any period or field (including literature, philosophy, history,",DAAD,Germany,,,,,
205,German Federal Environmental Foundation (DBU): Fellowship Programme with CEE Countries,German Federal Environmental Foundation (DBU): Fellowship Programme with CEE Countries,Graduates | Doctoral candidates/PhD students,"Languages and Cultural Studies | Law, Economics and Social Sciences | Mathematics and Natural Sciences | Human Medicine | Veterinary Medicine, Agricultural, Forest and Nutritional Sciences, Ecology | Engineering | Art, Music and Sport","Bulgaria | Serbia | Poland | Slovenia | Latvia | Czech Republic | Lithuania | Moldova, Republic of | North Macedonia | Kosovo | Romania | Croatia | Estonia | Bosnia and Herzegovina | Hungary | Slovakia | Albania | Ukraine | Montenegro",Research/Doctorate/PhD | Internship,0,The DBU awards up to 50 fellowships per year for advanced qualification in all fields of environmental protection and nature conservation. Highly qualified graduates of all disciplines from the countries of Central and Eastern Europe (CEE),DAAD,Germany,,,,,
208,Bayer Foundation: Carl Duisberg Fellowships for Medical Sciences,Bayer Foundation: Carl Duisberg Fellowships for Medical Sciences,Graduates | Doctoral candidates/PhD students,"Mathematics and Natural Sciences | Human Medicine | Veterinary Medicine, Agricultural, Forest and Nutritional Sciences, Ecology | Engineering","Dominica | Grenada | Saint Lucia | Saint Vincent and the Grenadines | Angola | Ethiopia | Botswana | Burundi | Benin | Côte d'Ivoire | Djibouti | Gabon | Gambia | Ghana | Guinea | Guinea-Bissau | Equatorial Guinea | Cameroon | Cape Verde | Congo | Congo, Democratic Republic | Malawi | Madagascar | Liberia | Lesotho | Mali | Mauritania | Mauritius | Mozambique | Comoros | Eswatani | Niger | Nigeria | Burkina Faso | Réunion | Zimbabwe | Rwanda | Zambia | Sao Tome and Principe | Senegal | Seychelles | Sierra Leone | Somalia | Sudan | Namibia | Tanzania, United Republic of | Togo | Chad | Uganda | Central African Republic | Eritrea | Algeria | Libya | Morocco | Tunisia | Afghanistan | Bangladesh | Iran | Nepal | Pakistan | Sri Lanka | Fiji | Samoa | Tahiti | Tonga | Papua New Guinea | Nauru | New Caledonia | Solomon Islands | Kiribati | Cook Islands | Niue | Vanuatu | Tuvalu | Marshall Islands | Micronesia, Federated States of | Timor-Leste | Germany | Maldives | Saint Kitts and Nevis | Guam | Palau | Montenegro | South Sudan | Kosovo | South Africa | Egypt | Bulgaria | India | Indonesia | Israel | Kazakhstan | Croatia | Malaysia | Romania | Singapore | Slovakia | Slovenia | Turkey | Thailand | Czech Republic | Ukraine | China, PR | Cyprus | Estonia | Latvia | Lithuania | Australia | Denmark | Finland | France | Greece | Ireland | Switzerland | United States of America | Brazil | Bolivia | Argentina | Uruguay | Chile | Costa Rica | Ecuador | Guatemala | Honduras | Colombia | Cuba | Mexico | Panama | Paraguay | Peru | Venezuela, Bolivarian Republic of | Nicaragua | Belgium | Palestinian Territories | Kenya | Luxembourg | Albania | Armenia | Azerbaijan | Belarus | Bosnia and Herzegovina | Georgia | Serbia | Kyrgyzstan | North Macedonia | Austria | Italy | Japan | Canada | New Zealand | Netherlands | Norway | Poland | Portugal | 38 | Sweden | Hungary | United Kingdom | Spain | Uzbekistan | Turkmenistan | Tajikistan | Moldova, Republic of | Andorra | Iceland | Liechtenstein | Malta | Monaco | San Marino | Vatican City | Bahrain | Iraq | Jordan | Qatar | Kuwait | Lebanon | Oman | Saudi Arabia | Yemen | Syrian Arab Republic (Syria) | United Arab Emirates | Bhutan | Myanmar | Brunei Darussalam | Taiwan | Hong Kong (CN) | Cambodia | Korea, the Republic of | 107 | Lao People's Democratic Republic | Macao (CN) | Mongolia | Philippines | Vietnam | Guyana | French Guayana | Suriname | Bahamas | Barbados | Bermudas | Dominican Republic | El Salvador | Guadeloupe | Haiti | Belize | Jamaica | Montserrat | Martinique | The Dutch Antilles | Puerto Rico | Trinidad and Tobago | Anguilla | Antigua and Barbuda",Study | Research/Doctorate/PhD | Internship,0,"The Carl Duisberg fellowship offers individual support to students in the disciplines of human or veterinary medicine or for an MSc or PhD (or equivalent) in medical engineering, applied medical sciences, public health, or data science in",DAAD,Germany,,,,,
209,Federal Ministry of Education and Research: Deutschlandstipendium,Federal Ministry of Education and Research: Deutschlandstipendium,Undergraduates | Graduates,"Languages and Cultural Studies | Law, Economics and Social Sciences | Mathematics and Natural Sciences | Human Medicine | Veterinary Medicine, Agricultural, Forest and Nutritional Sciences, Ecology | Engineering | Art, Music and Sport","Luxembourg | Albania | Armenia | Azerbaijan | Belarus | Bosnia and Herzegovina | Georgia | Serbia | Kyrgyzstan | North Macedonia | Moldova, Republic of | Tajikistan | Turkmenistan | Uzbekistan | Andorra | Iceland | Liechtenstein | Malta | Monaco | San Marino | Vatican City | Bahrain | Iraq | Jordan | Qatar | Kuwait | Lebanon | Oman | Saudi Arabia | Yemen | Syrian Arab Republic (Syria) | United Arab Emirates | Bhutan | Myanmar | Brunei Darussalam | Taiwan | Hong Kong (CN) | Cambodia | Korea, the Republic of | 107 | Lao People's Democratic Republic | Macao (CN) | Mongolia | Philippines | Vietnam | Guyana | French Guayana | Suriname | Bahamas | Barbados | Bermudas | Dominican Republic | El Salvador | Guadeloupe | Haiti | Belize | Jamaica | Montserrat | Martinique | The Dutch Antilles | Puerto Rico | Trinidad and Tobago | Anguilla | Antigua and Barbuda | Dominica | Grenada | Saint Lucia | Saint Vincent and the Grenadines | Angola | Ethiopia | Botswana | Burundi | Benin | Côte d'Ivoire | Djibouti | Gabon | Gambia | Ghana | Algeria | Libya | Morocco | Tunisia | Afghanistan | Bangladesh | Iran | Nepal | Pakistan | Sri Lanka | Fiji | Samoa | Tahiti | Tonga | Papua New Guinea | Nauru | New Caledonia | Solomon Islands | Kiribati | Cook Islands | Niue | Vanuatu | Tuvalu | Marshall Islands | Micronesia, Federated States of | Timor-Leste | Germany | Maldives | Saint Kitts and Nevis | Guam | Palau | Montenegro | Kosovo | South Africa | South Sudan | Egypt | Bulgaria | India | Indonesia | Israel | Kazakhstan | Croatia | Malaysia | Romania | Singapore | Slovakia | Slovenia | Turkey | Thailand | Czech Republic | Ukraine | China, PR | Cyprus | Estonia | Latvia | Lithuania | Australia | Denmark | Finland | France | Greece | Ireland | Austria | Italy | Japan | Canada | New Zealand | Netherlands | Norway | Poland | Portugal | 38 | Sweden | Switzerland | Spain | United Kingdom | Hungary | United States of America | Uruguay | Argentina | Bolivia | Brazil | Chile | Costa Rica | Ecuador | Guatemala | Honduras | Colombia | Cuba | Mexico | Panama | Paraguay | Peru | Venezuela, Bolivarian Republic of | Nicaragua | Belgium | Palestinian Territories | Kenya | Guinea | Guinea-Bissau | Equatorial Guinea | Cameroon | Cape Verde | Congo | Congo, Democratic Republic | Lesotho | Liberia | Madagascar | Malawi | Mali | Mauritania | Mauritius | Mozambique | Comoros | Eswatani | Niger | Nigeria | Burkina Faso | Réunion | Zimbabwe | Rwanda | Zambia | Sao Tome and Principe | Senegal | Seychelles | Sierra Leone | Somalia | Sudan | Namibia | Tanzania, United Republic of | Togo | Eritrea | Central African Republic | Uganda | Chad",Study,0,"The Deutschlandstipendium supports new or advanced students of excellent academic and professional promise. A wide net is cast to include all talents and potential: good grades and an excellent academic record, the willingness to take",DAAD,Germany,,,,,
210,Bayer Foundation: Otto Bayer Fellowship in Drug Discovery,Bayer Foundation: Otto Bayer Fellowship in Drug Discovery,Graduates | Doctoral candidates/PhD students,Mathematics and Natural Sciences | Human Medicine | Engineering,"Sri Lanka | Fiji | Samoa | Tahiti | Guatemala | Honduras | Colombia | Cuba | Mexico | Panama | Paraguay | Peru | Venezuela, Bolivarian Republic of | Nicaragua | Belgium | China, PR | Ukraine | Czech Republic | Thailand | Cyprus | Estonia | Latvia | Lithuania | Australia | Denmark | Finland | France | Greece | Ireland | Austria | Palestinian Territories | Kenya | Luxembourg | Ghana | Guinea | Guinea-Bissau | Equatorial Guinea | Cameroon | Cape Verde | Congo | Congo, Democratic Republic | Lesotho | Liberia | Sweden | Slovakia | Singapore | Romania | Malaysia | Croatia | Kazakhstan | Israel | Indonesia | India | Bulgaria | Egypt | South Africa | Albania | Armenia | Azerbaijan | Belarus | Bosnia and Herzegovina | Georgia | Moldova, Republic of | North Macedonia | Kyrgyzstan | Serbia | Portugal | Poland | Norway | Netherlands | New Zealand | Canada | Japan | Italy | South Sudan | Kosovo | Montenegro | Palau | Guam | Saint Kitts and Nevis | Maldives | Germany | Timor-Leste | Micronesia, Federated States of | Marshall Islands | Tuvalu | Vanuatu | Niue | Cook Islands | Kiribati | Solomon Islands | New Caledonia | Nauru | Papua New Guinea | Tonga | Slovenia | Turkey | Switzerland | Spain | 38 | United Kingdom | Hungary | United States of America | Uruguay | Argentina | Bolivia | Chile | Brazil | Costa Rica | Ecuador | Tajikistan | Turkmenistan | Uzbekistan | Andorra | Iceland | Liechtenstein | Malta | Monaco | San Marino | Vatican City | Bahrain | Iraq | Lebanon | Kuwait | Qatar | Jordan | Oman | Saudi Arabia | Yemen | Syrian Arab Republic (Syria) | United Arab Emirates | Madagascar | Malawi | Mali | Mauritania | Mauritius | Niger | Eswatani | Comoros | Mozambique | Nigeria | Burkina Faso | Réunion | Zimbabwe | Rwanda | Bhutan | Myanmar | Brunei Darussalam | Taiwan | Hong Kong (CN) | Cambodia | Korea, the Republic of | 107 | Lao People's Democratic Republic | Macao (CN) | Mongolia | Philippines | Vietnam | Guyana | French Guayana | Suriname | Bahamas | Barbados | Bermudas | Dominican Republic | El Salvador | Guadeloupe | Haiti | Belize | Jamaica | Montserrat | Martinique | The Dutch Antilles | Puerto Rico | Trinidad and Tobago | Anguilla | Antigua and Barbuda | Dominica | Grenada | Saint Lucia | Saint Vincent and the Grenadines | Angola | Ethiopia | Botswana | Burundi | Benin | Côte d'Ivoire | Djibouti | Gabon | Gambia | Zambia | Sao Tome and Principe | Senegal | Seychelles | Sierra Leone | Somalia | Sudan | Namibia | Tanzania, United Republic of | Togo | Chad | Uganda | Central African Republic | Eritrea | Algeria | Libya | Morocco | Tunisia | Afghanistan | Bangladesh | Iran | Nepal | Pakistan",Study | Research/Doctorate/PhD | Internship,0,"The scholarships are aimed at Master's and PhD students in the following disciplines: natural science, pharmacy or data science with relevance to the pharmaceutical and consumer healthcare (over-the-counter) industries.<br />
Students from",DAAD,Germany,,,,,
212,Evangelisches Studienwerk: Scholarship for Doctoral Students,Evangelisches Studienwerk: Scholarship for Doctoral Students,Doctoral candidates/PhD students,"Languages and Cultural Studies | Law, Economics and Social Sciences | Mathematics and Natural Sciences | Human Medicine | Veterinary Medicine, Agricultural, Forest and Nutritional Sciences, Ecology | Engineering | Art, Music and Sport","Morocco | Libya | Algeria | Eritrea | Central African Republic | Uganda | Chad | Togo | Tanzania, United Republic of | Namibia | Sudan | Somalia | Sierra Leone | Iceland | Andorra | Uzbekistan | Turkmenistan | Tajikistan | Moldova, Republic of | North Macedonia | Kyrgyzstan | Serbia | Georgia | Bosnia and Herzegovina | Belarus | Azerbaijan | Armenia | Albania | Luxembourg | Kenya | Palestinian Territories | Belgium | Nicaragua | Venezuela, Bolivarian Republic of | Peru | Paraguay | Panama | Mexico | Cuba | Colombia | Honduras | Guatemala | Ecuador | Costa Rica | Chile | Brazil | United States of America | Uruguay | Argentina | Bolivia | Seychelles | Senegal | Sao Tome and Principe | Zambia | Rwanda | Zimbabwe | Réunion | Burkina Faso | Nigeria | Niger | Eswatani | Comoros | Mozambique | Mauritius | Mauritania | Mali | Malawi | Madagascar | Liberia | Lesotho | Congo, Democratic Republic | Congo | Cape Verde | Cameroon | Equatorial Guinea | Guinea-Bissau | Guinea | Ghana | Gambia | Gabon | Djibouti | Côte d'Ivoire | Benin | Burundi | Botswana | Ethiopia | Angola | Saint Vincent and the Grenadines | Saint Lucia | Grenada | Dominica | Antigua and Barbuda | Anguilla | Trinidad and Tobago | Puerto Rico | The Dutch Antilles | Martinique | Montserrat | Jamaica | Belize | Haiti | Guadeloupe | El Salvador | Dominican Republic | Bermudas | Barbados | Bahamas | Suriname | French Guayana | Guyana | Vietnam | Philippines | Mongolia | Macao (CN) | Lao People's Democratic Republic | 107 | Korea, the Republic of | Cambodia | Hong Kong (CN) | Taiwan | Brunei Darussalam | Myanmar | Bhutan | United Arab Emirates | Syrian Arab Republic (Syria) | Yemen | Saudi Arabia | Oman | Lebanon | Kuwait | Qatar | Jordan | Iraq | Bahrain | Vatican City | San Marino | Monaco | Malta | Liechtenstein | Hungary | United Kingdom | Spain | Switzerland | Sweden | 38 | Portugal | Poland | Norway | Netherlands | New Zealand | Canada | Japan | Italy | Austria | Ireland | Greece | France | Finland | Denmark | Australia | Lithuania | Latvia | Estonia | Cyprus | China, PR | Ukraine | Czech Republic | Thailand | Turkey | Slovenia | Slovakia | Singapore | Romania | South Sudan | Kosovo | Montenegro | Palau | Guam | Saint Kitts and Nevis | Maldives | Germany | Timor-Leste | Micronesia, Federated States of | Marshall Islands | Tuvalu | Vanuatu | Niue | Cook Islands | Kiribati | Solomon Islands | New Caledonia | Nauru | Papua New Guinea | Tonga | Tahiti | Samoa | Fiji | Sri Lanka | Pakistan | Nepal | Iran | Bangladesh | Afghanistan | Tunisia | Malaysia | Croatia | Kazakhstan | Israel | Indonesia | India | Bulgaria | Egypt | South Africa",Research/Doctorate/PhD,0,Every year the Studienwerk funds scholarships and a wide range of educational programmes for about 300 German and foreign doctoral candidates of protestant faith from all disciplines. The grants are awarded in accordance with the guidelines,DAAD,Germany,,,,,
214,German Bundestag: International Parliamentary Scholarships,German Bundestag: International Parliamentary Scholarships,Graduates,"Languages and Cultural Studies | Law, Economics and Social Sciences | Mathematics and Natural Sciences | Human Medicine | Veterinary Medicine, Agricultural, Forest and Nutritional Sciences, Ecology | Engineering | Art, Music and Sport","Lithuania | Latvia | Egypt | Ukraine | Hungary | Libya | Algeria | Namibia | Mongolia | Syrian Arab Republic (Syria) | Morocco | Tunisia | Montenegro | Argentina | Palestinian Territories | Colombia | Chile | Turkey | Poland | Greece | South Africa | Cyprus | Slovakia | Estonia | Israel | Kosovo | Indonesia | Romania | France | Uzbekistan | Moldova, Republic of | Slovenia | Kazakhstan | New Zealand | Canada | Jordan | Iraq | Lebanon | Malaysia | Croatia | United States of America | North Macedonia | Serbia | Georgia | Bosnia and Herzegovina | Azerbaijan | Armenia | Albania | Bulgaria | Czech Republic",Study | Internship,0,Up to 120 sponsorships for young graduates from 50 nations are awarded every year by the German Federal Parliament (Deutsche Bundestag). The sponsored students are invited to Berlin for a period of 5 months. They take part in events and,DAAD,Germany,,,,,
222,Rosa Luxemburg Foundation: Scholarship Programme for International Doctoral Students,Rosa Luxemburg Foundation: Scholarship Programme for International Doctoral Students,Doctoral candidates/PhD students,"Languages and Cultural Studies | Law, Economics and Social Sciences | Mathematics and Natural Sciences | Veterinary Medicine, Agricultural, Forest and Nutritional Sciences, Ecology | Engineering | Art, Music and Sport","Spain | Switzerland | Egypt | Bulgaria | Azerbaijan | Nicaragua | Austria | Italy | Belarus | Bosnia and Herzegovina | Ecuador | Guatemala | Réunion | Zimbabwe | Rwanda | Belize | Tahiti | United Arab Emirates | Kenya | Luxembourg | Honduras | Jordan | Qatar | Kuwait | Lebanon | Oman | Saudi Arabia | Yemen | Syrian Arab Republic (Syria) | 38 | Portugal | Poland | Trinidad and Tobago | Albania | Anguilla | Antigua and Barbuda | Guam | Saint Kitts and Nevis | Dominica | Palau | Montenegro | Angola | Saint Vincent and the Grenadines | Saint Lucia | Burundi | Morocco | Dominican Republic | Benin | Côte d'Ivoire | Djibouti | Gabon | Cape Verde | Gambia | Equatorial Guinea | Guinea-Bissau | Guinea | Ghana | Congo | Congo, Democratic Republic | Barbados | Mali | Comoros | Mozambique | Mauritius | Mauritania | Georgia | Guyana | Bermudas | Suriname | Tajikistan | Moldova, Republic of | North Macedonia | Libya | Slovenia | Turkey | Armenia | Kosovo | South Sudan | Argentina | 107 | Korea, the Republic of | Cambodia | Nepal | Hong Kong (CN) | Taiwan | Myanmar | Bhutan | Ukraine | Finland | Denmark | Australia | Lithuania | Netherlands | New Zealand | Grenada | Canada | Japan | Brunei Darussalam | Belgium | Venezuela, Bolivarian Republic of | Peru | Slovakia | South Africa | Bahrain | Iraq | China, PR | Palestinian Territories | Botswana | Lao People's Democratic Republic | Ireland | Macao (CN) | Mongolia | Philippines | Cuba | Colombia | Panama | Paraguay | Norway | Pakistan | Sri Lanka | Fiji | Samoa | Cyprus | Serbia | Mexico | Romania | Malaysia | Croatia | Singapore | Kazakhstan | Israel | Indonesia | India | United Kingdom | Czech Republic | Brazil | Bolivia | Bahamas | Malawi | Cameroon | Lesotho | Madagascar | Liberia | Zambia | Estonia | Algeria | Eritrea | Central African Republic | Uganda | Chad | Togo | Tanzania, United Republic of | Namibia | Sudan | Somalia | Sierra Leone | Seychelles | Senegal | Sao Tome and Principe | Eswatani | Burkina Faso | Nigeria | Niger | France | Greece | Haiti | Guadeloupe | El Salvador | Thailand | Sweden | Latvia | Chile | Vietnam | Kyrgyzstan | Costa Rica | Cook Islands | Kiribati | Solomon Islands | New Caledonia | Nauru | Papua New Guinea | Tonga | Uruguay | United States of America | Hungary | Jamaica | Montserrat | Martinique | The Dutch Antilles | Puerto Rico | Vanuatu | San Marino | Vatican City | Niue | Ethiopia | French Guayana | Monaco | Malta | Liechtenstein | Iceland | Andorra | Uzbekistan | Turkmenistan | Tuvalu | Marshall Islands | Tunisia | Timor-Leste | Maldives | Micronesia, Federated States of | Afghanistan | Bangladesh | Iran",Research/Doctorate/PhD,0,The RLF is a political educational organisation closely affiliated with DIE LINKE (The Left Party) which awards scholarships to foreigners who come to Germany for their dissertation or in order to conduct research as part of their,DAAD,Germany,,,,,
223,Bayer Foundation: Kurt Hansen Fellowship for STEM Education,Bayer Foundation: Kurt Hansen Fellowship for STEM Education,Undergraduates | Graduates | Doctoral candidates/PhD students,Languages and Cultural Studies | Mathematics and Natural Sciences | Engineering,"Vatican City | San Marino | Monaco | Malta | Jordan | Qatar | Kuwait | Lebanon | Oman | Saudi Arabia | Yemen | Syrian Arab Republic (Syria) | United Arab Emirates | Bhutan | Myanmar | Brunei Darussalam | Taiwan | Hong Kong (CN) | Philippines | Mongolia | Macao (CN) | Lao People's Democratic Republic | 107 | Korea, the Republic of | Cambodia | Vietnam | Guyana | French Guayana | Suriname | Bahamas | Barbados | Bermudas | Dominican Republic | El Salvador | Guadeloupe | Haiti | Belize | Jamaica | Montserrat | Martinique | The Dutch Antilles | Puerto Rico | Trinidad and Tobago | Anguilla | Antigua and Barbuda | Dominica | Grenada | Saint Lucia | Saint Vincent and the Grenadines | Angola | Ethiopia | Botswana | Burundi | Benin | Côte d'Ivoire | Djibouti | Gabon | Libya | Algeria | Eritrea | Central African Republic | Uganda | Chad | Togo | Tanzania, United Republic of | Namibia | Sudan | Somalia | Sierra Leone | Seychelles | Senegal | Sao Tome and Principe | Zambia | Rwanda | Zimbabwe | Réunion | Burkina Faso | Nigeria | Niger | Eswatani | Comoros | Mozambique | Mauritius | Mauritania | Mali | Malawi | Madagascar | Liberia | Lesotho | Congo, Democratic Republic | Congo | Cape Verde | Cameroon | Equatorial Guinea | Guinea-Bissau | Guinea | Ghana | Gambia | Iran | Nepal | Pakistan | Sri Lanka | Fiji | Samoa | Tahiti | Tonga | Papua New Guinea | Nauru | New Caledonia | Solomon Islands | Kiribati | Guam | Saint Kitts and Nevis | Maldives | Germany | Timor-Leste | Micronesia, Federated States of | Marshall Islands | Tuvalu | Vanuatu | Niue | Cook Islands | Morocco | South Africa | Tunisia | Afghanistan | Bangladesh | Egypt | Bulgaria | India | Palau | Montenegro | Kosovo | South Sudan | Indonesia | Israel | Kazakhstan | Croatia | Malaysia | Romania | Singapore | Slovakia | Slovenia | Turkey | Thailand | Czech Republic | Ukraine | China, PR | Cyprus | Estonia | Latvia | Lithuania | Australia | Denmark | Finland | France | Greece | Ireland | Austria | Italy | Japan | Canada | New Zealand | Netherlands | Norway | Poland | Portugal | 38 | Sweden | Switzerland | Spain | United Kingdom | Hungary | United States of America | Uruguay | Argentina | Bolivia | Brazil | Chile | Costa Rica | Ecuador | Guatemala | Honduras | Colombia | Cuba | Mexico | Panama | Paraguay | Peru | Venezuela, Bolivarian Republic of | Nicaragua | Belgium | Palestinian Territories | Kenya | Luxembourg | Albania | Armenia | Azerbaijan | Belarus | Bosnia and Herzegovina | Georgia | Serbia | Kyrgyzstan | North Macedonia | Moldova, Republic of | Tajikistan | Turkmenistan | Uzbekistan | Andorra | Iceland | Liechtenstein | Iraq | Bahrain",Study | Research/Doctorate/PhD | Internship,0,"The Kurt Hansen Fellowship supports teachers, trainee teachers, and students of teaching subjects or pedagogy in the STEM area (mathematics, computer science, natural sciences and technology).<br />
The Kurt Hansen grant can be used for",DAAD,Germany,,,,,
238,Munich Aerospace: PhD Scholarships,Munich Aerospace: PhD Scholarships,Doctoral candidates/PhD students,Engineering,"Italy | Austria | Ireland | Greece | France | Finland | Denmark | Australia | Lithuania | Latvia | Estonia | Cyprus | China, PR | Ukraine | Czech Republic | Armenia | Albania | Luxembourg | Kenya | Palestinian Territories | Belgium | Nicaragua | Venezuela, Bolivarian Republic of | Peru | Paraguay | Panama | Mexico | Cuba | Colombia | Honduras | Guatemala | Ecuador | Costa Rica | Chile | Brazil | Bolivia | Argentina | Uruguay | United States of America | Hungary | United Kingdom | Spain | Switzerland | Sweden | 38 | Portugal | Poland | Norway | Netherlands | Zimbabwe | Réunion | Burkina Faso | Nigeria | Niger | Eswatani | Comoros | Mozambique | Mauritius | Mauritania | Mali | Malawi | Madagascar | Liberia | Lesotho | South Sudan | Kosovo | Montenegro | Palau | Guam | Saint Kitts and Nevis | Maldives | Germany | Timor-Leste | Micronesia, Federated States of | Marshall Islands | Tuvalu | Vanuatu | Niue | Cook Islands | Kiribati | Solomon Islands | New Caledonia | Nauru | Papua New Guinea | Tonga | Tahiti | Samoa | Fiji | Sri Lanka | Pakistan | Nepal | Iran | Bangladesh | Afghanistan | Tunisia | Morocco | Libya | Algeria | Eritrea | Central African Republic | Uganda | Chad | Togo | Tanzania, United Republic of | Namibia | Sudan | Somalia | Sierra Leone | Seychelles | Senegal | Sao Tome and Principe | Zambia | Rwanda | New Zealand | Canada | Congo, Democratic Republic | Congo | Cape Verde | Cameroon | Equatorial Guinea | Guinea-Bissau | Guinea | Ghana | Gambia | Gabon | Djibouti | Côte d'Ivoire | Benin | Burundi | Botswana | Ethiopia | Angola | Saint Vincent and the Grenadines | Saint Lucia | Grenada | Dominica | Antigua and Barbuda | Anguilla | Trinidad and Tobago | Puerto Rico | The Dutch Antilles | Martinique | Montserrat | Jamaica | Belize | Haiti | Guadeloupe | El Salvador | Dominican Republic | Bermudas | Barbados | Bahamas | Suriname | French Guayana | Guyana | Vietnam | Japan | Mongolia | Macao (CN) | Lao People's Democratic Republic | 107 | Korea, the Republic of | Cambodia | Hong Kong (CN) | Taiwan | Brunei Darussalam | Myanmar | Bhutan | United Arab Emirates | Syrian Arab Republic (Syria) | Yemen | Saudi Arabia | Oman | Lebanon | Kuwait | Qatar | Jordan | Iraq | Bahrain | Vatican City | San Marino | Monaco | Malta | Liechtenstein | Iceland | Andorra | Uzbekistan | Turkmenistan | Tajikistan | Moldova, Republic of | North Macedonia | Kyrgyzstan | Serbia | Georgia | Bosnia and Herzegovina | Belarus | Azerbaijan | Philippines | Thailand | Turkey | Slovenia | Slovakia | Singapore | Romania | Malaysia | Croatia | Kazakhstan | Israel | Indonesia | India | Bulgaria | Egypt | South Africa",Research/Doctorate/PhD,0,"The Munich Aerospace e.V. Bavarian Research Network was initiated in 2010 to combine key expertise in the field of aerospace and to act as a centre of research, development and training.<br />
<br />
The Munich Aerospace unites 4 entities",DAAD,Germany,,,,,
240,Heinrich Böll Foundation: Sur-Place Scholarship Programme,Heinrich Böll Foundation: Sur-Place Scholarship Programme,Graduates | Doctoral candidates/PhD students,"Languages and Cultural Studies | Law, Economics and Social Sciences | Mathematics and Natural Sciences | Human Medicine | Veterinary Medicine, Agricultural, Forest and Nutritional Sciences, Ecology | Engineering | Art, Music and Sport",Costa Rica | Guatemala | Honduras | Cuba | Nicaragua | El Salvador | Haiti,Study | Research/Doctorate/PhD,0,"Since 1997, the Heinrich Böll Foundation supports graduates from Latin America through its Sur-Place Programme in Mexico. The programme aims at strengthening and professionalising the expert and leadership potential in Central America.",DAAD,Germany,,,,,
306,Country-related cooperation programme with Argentina (ALEARG),Country-related cooperation programme with Argentina (ALEARG),Undergraduates | Postdoctoral researchers | Graduates | Doctoral candidates/PhD students | Faculty,"Languages and Cultural Studies | Law, Economics and Social Sciences | Mathematics and Natural Sciences | Human Medicine | Veterinary Medicine, Agricultural, Forest and Nutritional Sciences, Ecology | Engineering | Art, Music and Sport",Argentina,Study | Research/Doctorate/PhD,1,"Students, graduates, doctoral candidates and postdocs receive a scholarship to complete a study or research stay or a Master's, postgraduate or doctoral degree in Germany",DAAD,Germany,,,,,
318,DAAD/NSTC- Sandwich- Scholarship Programme,DAAD/NSTC- Sandwich- Scholarship Programme,Doctoral candidates/PhD students,"Languages and Cultural Studies | Law, Economics and Social Sciences | Mathematics and Natural Sciences | Human Medicine | Veterinary Medicine, Agricultural, Forest and Nutritional Sciences, Ecology | Engineering | Art, Music and Sport",Taiwan,Research/Doctorate/PhD,1,The sandwich scholarships offered by the National Science and Technology Council - NSTC are aimed at doctoral candidates from all disciplines who are already taking a doctoral degree in Taiwan,DAAD,Germany,,,,,
327,German Studies Research Grant,German Studies Research Grant,Undergraduates | Graduates | Doctoral candidates/PhD students,"Languages and Cultural Studies | Law, Economics and Social Sciences | Art, Music and Sport",Canada | United States of America,Research/Doctorate/PhD,1,Grants that offer qualified students from North America the opportunity to spend 1 to 2 months in Germany researching subjects relating to current or historical German affairs.,DAAD,Germany,,,,,
341,Government Scholarships Programme Oman,Government Scholarships Programme Oman,Undergraduates,"Languages and Cultural Studies | Law, Economics and Social Sciences | Mathematics and Natural Sciences | Human Medicine | Engineering",Oman,Study,1,The programme is aimed at students from Oman who wish to take a Bachelor degree in Germany.,DAAD,Germany,,,,,
351,Government Scholarships Programme Tunesia,Government Scholarships Programme Tunesia,Undergraduates,Engineering,Tunisia,Study,1, The programme is aimed at engineering students from Tunisia who wish to take a Bachelor or Master’s degree in Germany.,DAAD,Germany,,,,,
1104,"BAYHOST: Scholarships for students and young academics from Central, Eastern and Southeastern Europe for summer language courses","BAYHOST: Scholarships for students and young academics from Central, Eastern and Southeastern Europe for summer language courses",Undergraduates | Postdoctoral researchers | Graduates | Doctoral candidates/PhD students | Faculty,"Languages and Cultural Studies | Law, Economics and Social Sciences | Mathematics and Natural Sciences | Human Medicine | Veterinary Medicine, Agricultural, Forest and Nutritional Sciences, Ecology | Engineering | Art, Music and Sport",Croatia | Slovenia | Ukraine | Albania | Bosnia and Herzegovina | Serbia | North Macedonia | Montenegro | Kosovo,Language Course,0,"Students and young academics from Albania, Bosnia and Herzegovina, Croatia, Kosovo, Montenegro, North Macedonia, Serbia, Slovenia and Ukraine with intermediate German knowledge (at least B1-level) are eligible to apply for the summer school",DAAD,Germany,,,,,
1213,German-Czech Fund for the Future: Grants for Study Stays of German and Czech Students in the Neighbour Countries,German-Czech Fund for the Future: Grants for Study Stays of German and Czech Students in the Neighbour Countries,Undergraduates | Graduates | Doctoral candidates/PhD students,"Languages and Cultural Studies | Law, Economics and Social Sciences",Czech Republic | Germany,Study | Research/Doctorate/PhD,0,"The German-Czech Fund for the Future was launched in 1998 to create and support trust, encounters and cooperation between Germans and Czechs. The Fund's scholarship programme is aimed at German and Czech students researching German-Czech",DAAD,Germany,,,,,
1445,Important Information,Important Information,Undergraduates | Postdoctoral researchers | Graduates | Doctoral candidates/PhD students | Faculty,"Languages and Cultural Studies | Law, Economics and Social Sciences | Mathematics and Natural Sciences | Human Medicine | Veterinary Medicine, Agricultural, Forest and Nutritional Sciences, Ecology | Engineering | Art, Music and Sport",French Guayana | Bermudas | Guadeloupe | Montserrat | Martinique | Puerto Rico | Anguilla | Réunion | Tahiti | New Caledonia | Guam,Study | Research/Doctorate/PhD | Language Course | Internship | Teaching,1,- In the case of politically non-independent countries of origin -,DAAD,Germany,,,,,
1446,Canon Foundation Research Fellowship,Canon Foundation Research Fellowship,Postdoctoral researchers | Graduates | Doctoral candidates/PhD students | Faculty,"Languages and Cultural Studies | Law, Economics and Social Sciences | Mathematics and Natural Sciences | Human Medicine | Veterinary Medicine, Agricultural, Forest and Nutritional Sciences, Ecology | Engineering | Art, Music and Sport","Bulgaria | Israel | Croatia | Romania | Slovakia | Slovenia | Turkey | Czech Republic | Ukraine | Estonia | Latvia | Lithuania | Denmark | Finland | France | Greece | Ireland | Austria | Italy | Japan | Netherlands | Norway | Poland | Portugal | Sweden | Switzerland | Spain | United Kingdom | Hungary | Belgium | Luxembourg | Albania | Bosnia and Herzegovina | Serbia | North Macedonia | Moldova, Republic of | Andorra | Iceland | Liechtenstein | Malta | Monaco | San Marino | Vatican City | Germany | Montenegro | Kosovo",Research/Doctorate/PhD,0,"Annually, the Canon Foundation in Europe grants up to 15 fellowships to European researchers to enable them to continue their studies in Japan. The same applies to PhD researchers based in Japan in relation to their studies in Europe. This",DAAD,Germany,,,,,
1489,Evangelisches Studienwerk: Scholarship for Students With Refugee Status,Evangelisches Studienwerk: Scholarship for Students With Refugee Status,Undergraduates,"Languages and Cultural Studies | Law, Economics and Social Sciences | Mathematics and Natural Sciences | Human Medicine | Veterinary Medicine, Agricultural, Forest and Nutritional Sciences, Ecology | Engineering | Art, Music and Sport","South Africa | Egypt | Bulgaria | India | Indonesia | Israel | Kazakhstan | Croatia | Malaysia | Romania | Singapore | Slovakia | Slovenia | Turkey | Thailand | Czech Republic | Ukraine | China, PR | Cyprus | Estonia | Latvia | Lithuania | Australia | Denmark | Finland | France | Greece | Ireland | Austria | Italy | Japan | Canada | New Zealand | Netherlands | Norway | Poland | Portugal | 38 | Sweden | Switzerland | Spain | United Kingdom | Hungary | United States of America | Uruguay | Argentina | Bolivia | Brazil | Chile | Costa Rica | Ecuador | Guatemala | Honduras | Colombia | Cuba | Mexico | Panama | Paraguay | Peru | Venezuela, Bolivarian Republic of | Nicaragua | Belgium | Palestinian Territories | Kenya | Luxembourg | Albania | Armenia | Azerbaijan | Belarus | Bosnia and Herzegovina | Georgia | Serbia | Kyrgyzstan | North Macedonia | Moldova, Republic of | Tajikistan | Turkmenistan | Uzbekistan | Andorra | Iceland | Liechtenstein | Malta | Monaco | San Marino | Vatican City | Bahrain | Iraq | Jordan | Qatar | Kuwait | Lebanon | Oman | Saudi Arabia | Yemen | Syrian Arab Republic (Syria) | United Arab Emirates | Bhutan | Myanmar | Brunei Darussalam | Taiwan | Hong Kong (CN) | Cambodia | Korea, the Republic of | 107 | Lao People's Democratic Republic | Macao (CN) | Mongolia | Philippines | Vietnam | Guyana | French Guayana | Suriname | Bahamas | Barbados | Bermudas | Dominican Republic | El Salvador | Guadeloupe | Haiti | Belize | Jamaica | Montserrat | Martinique | The Dutch Antilles | Puerto Rico | Trinidad and Tobago | Anguilla | Antigua and Barbuda | Dominica | Grenada | Saint Lucia | Saint Vincent and the Grenadines | Angola | Ethiopia | Botswana | Burundi | Benin | Côte d'Ivoire | Djibouti | Gabon | Gambia | Ghana | Guinea | Guinea-Bissau | Equatorial Guinea | Cameroon | Cape Verde | Congo | Congo, Democratic Republic | Lesotho | Liberia | Madagascar | Malawi | Mali | Mauritania | Mauritius | Mozambique | Comoros | Eswatani | Niger | Nigeria | Burkina Faso | Réunion | Zimbabwe | Rwanda | Zambia | Sao Tome and Principe | Senegal | Seychelles | Sierra Leone | Somalia | Sudan | Namibia | Tanzania, United Republic of | Togo | Chad | Uganda | Central African Republic | Eritrea | Algeria | Libya | Morocco | Tunisia | Afghanistan | Bangladesh | Iran | Nepal | Pakistan | Sri Lanka | Fiji | Samoa | Tahiti | Tonga | Papua New Guinea | Nauru | New Caledonia | Solomon Islands | Kiribati | Cook Islands | Niue | Vanuatu | Tuvalu | Marshall Islands | Micronesia, Federated States of | Timor-Leste | Maldives | Saint Kitts and Nevis | Guam | Palau | Montenegro | Kosovo | South Sudan",Study,0,The scholarship is aimed at refugees who are studying at German institutions of higher education. Candidates from all disciplines and subjects are welcome to apply. The grant amount is of up to 855 EUR each month plus 300 EUR flat rate for,DAAD,Germany,,,,,
1662,German Bundestag: International Parliamentary Scholarships: Programme Arab Countries,German Bundestag: International Parliamentary Scholarships: Programme Arab Countries,Graduates,"Languages and Cultural Studies | Law, Economics and Social Sciences | Mathematics and Natural Sciences | Human Medicine | Veterinary Medicine, Agricultural, Forest and Nutritional Sciences, Ecology | Engineering | Art, Music and Sport",Tunisia | Jordan | Qatar | Kuwait | Libya | Syrian Arab Republic (Syria) | Palestinian Territories | Saudi Arabia | United Arab Emirates | Oman | Yemen | Algeria | Bahrain | Iraq | Morocco | Lebanon | Egypt,Internship,0,"The German Bundestag invites politically engaged graduates from the Arab region to take part in a scholarship programme in Berlin from 1 to 30 September each year.<br />
<br />
The International Parliamentary Scholarship (IPS) programme",DAAD,Germany,,,,,
1690,Scholarships for Language and Short Courses (Summer or Winter Schools) for Students and Researchers from the Czech Republic,Scholarships for Language and Short Courses (Summer or Winter Schools) for Students and Researchers from the Czech Republic,Undergraduates | Postdoctoral researchers | Graduates | Doctoral candidates/PhD students | Faculty,"Languages and Cultural Studies | Law, Economics and Social Sciences | Mathematics and Natural Sciences | Human Medicine | Veterinary Medicine, Agricultural, Forest and Nutritional Sciences, Ecology | Engineering | Art, Music and Sport",Czech Republic,Study | Language Course,0,The scholarship is intended to meet the costs students and researchers from higher education institutions in the Czech Republic incur when attending language and short courses  at a state or state-funded higher education institution in the,DAAD,Germany,,,,,
1727,German Academic Scholarship Foundation: Doctoral Scholarships,German Academic Scholarship Foundation: Doctoral Scholarships,Doctoral candidates/PhD students,"Languages and Cultural Studies | Law, Economics and Social Sciences | Mathematics and Natural Sciences | Human Medicine | Veterinary Medicine, Agricultural, Forest and Nutritional Sciences, Ecology | Engineering | Art, Music and Sport","South Africa | Egypt | Bulgaria | India | Indonesia | Israel | Kazakhstan | Croatia | Malaysia | Romania | Singapore | Slovakia | Slovenia | Turkey | Thailand | Czech Republic | Ukraine | China, PR | Cyprus | Estonia | Latvia | Lithuania | Australia | Denmark | Finland | France | Greece | Ireland | Austria | Italy | Japan | Canada | New Zealand | Netherlands | Norway | Poland | Portugal | 38 | Sweden | Switzerland | Spain | United Kingdom | Hungary | United States of America | Uruguay | Argentina | Bolivia | Brazil | Chile | Costa Rica | Ecuador | Guatemala | Honduras | Colombia | Cuba | Mexico | Panama | Paraguay | Peru | Venezuela, Bolivarian Republic of | Nicaragua | Belgium | Palestinian Territories | Kenya | Luxembourg | Albania | Armenia | Azerbaijan | Belarus | Bosnia and Herzegovina | Georgia | Serbia | Kyrgyzstan | North Macedonia | Moldova, Republic of | Tajikistan | Turkmenistan | Uzbekistan | Andorra | Iceland | Liechtenstein | Malta | Monaco | San Marino | Vatican City | Bahrain | Iraq | Jordan | Qatar | Kuwait | Lebanon | Oman | Saudi Arabia | Yemen | Syrian Arab Republic (Syria) | United Arab Emirates | Bhutan | Myanmar | Brunei Darussalam | Taiwan | Hong Kong (CN) | Cambodia | Korea, the Republic of | 107 | Lao People's Democratic Republic | Macao (CN) | Mongolia | Philippines | Vietnam | Guyana | French Guayana | Suriname | Bahamas | Barbados | Bermudas | Dominican Republic | El Salvador | Guadeloupe | Haiti | Belize | Jamaica | Montserrat | Martinique | The Dutch Antilles | Puerto Rico | Trinidad and Tobago | Anguilla | Antigua and Barbuda | Dominica | Grenada | Saint Lucia | Saint Vincent and the Grenadines | Angola | Ethiopia | Botswana | Burundi | Benin | Côte d'Ivoire | Djibouti | Gabon | Gambia | Ghana | Guinea | Guinea-Bissau | Equatorial Guinea | Cameroon | Cape Verde | Congo | Congo, Democratic Republic | Lesotho | Liberia | Madagascar | Malawi | Mali | Mauritania | Mauritius | Mozambique | Comoros | Eswatani | Niger | Nigeria | Burkina Faso | Réunion | Zimbabwe | Rwanda | Zambia | Sao Tome and Principe | Senegal | Seychelles | Sierra Leone | Somalia | Sudan | Namibia | Tanzania, United Republic of | Togo | Chad | Uganda | Central African Republic | Eritrea | Algeria | Libya | Morocco | Tunisia | Afghanistan | Bangladesh | Iran | Nepal | Pakistan | Sri Lanka | Fiji | Samoa | Tahiti | Tonga | Papua New Guinea | Nauru | New Caledonia | Solomon Islands | Kiribati | Cook Islands | Niue | Vanuatu | Tuvalu | Marshall Islands | Micronesia, Federated States of | Timor-Leste | Germany | Maldives | Saint Kitts and Nevis | Guam | Palau | Montenegro | Kosovo | South Sudan",Research/Doctorate/PhD,0,"In line with its statutes, the Studienstiftung des deutschen Volkes (German Academic Scholarship Foundation) supports the university education of young people who, because of their exceptional academic or artistic talents and personal",DAAD,Germany,,,,,
1780,German Academic Scholarship Foundation: Scholarships for Students,German Academic Scholarship Foundation: Scholarships for Students,Undergraduates | Graduates,"Languages and Cultural Studies | Law, Economics and Social Sciences | Mathematics and Natural Sciences | Human Medicine | Veterinary Medicine, Agricultural, Forest and Nutritional Sciences, Ecology | Engineering | Art, Music and Sport","Eswatani | Niger | Nigeria | Burkina Faso | Réunion | Croatia | Malaysia | Romania | Singapore | Slovakia | Slovenia | Turkey | Thailand | Czech Republic | Ukraine | China, PR | Cyprus | Estonia | Latvia | Lithuania | Australia | Denmark | Finland | France | Greece | Ireland | Austria | Italy | Japan | Canada | New Zealand | Netherlands | Norway | Poland | Portugal | 38 | Sweden | Switzerland | Spain | United Kingdom | Hungary | United States of America | Uruguay | Chile | Brazil | Bolivia | Argentina | Costa Rica | Ecuador | Guatemala | Honduras | Colombia | Cuba | Mexico | Panama | Paraguay | Peru | Venezuela, Bolivarian Republic of | Nicaragua | Belgium | Palestinian Territories | Kenya | Luxembourg | Albania | Armenia | Azerbaijan | Belarus | Bosnia and Herzegovina | Georgia | Serbia | Kyrgyzstan | North Macedonia | Moldova, Republic of | Tajikistan | Turkmenistan | Uzbekistan | Andorra | Iceland | Liechtenstein | Malta | Monaco | San Marino | Vatican City | Bahrain | Iraq | Jordan | Qatar | Kuwait | Lebanon | Oman | Saudi Arabia | Yemen | Syrian Arab Republic (Syria) | United Arab Emirates | Bhutan | Myanmar | Brunei Darussalam | Taiwan | Hong Kong (CN) | Cambodia | Korea, the Republic of | 107 | Lao People's Democratic Republic | Macao (CN) | Mongolia | Philippines | Vietnam | Guyana | French Guayana | Suriname | Bahamas | Barbados | Bermudas | Dominican Republic | El Salvador | Guadeloupe | Haiti | Belize | Jamaica | Montserrat | Martinique | The Dutch Antilles | Puerto Rico | Trinidad and Tobago | Anguilla | Antigua and Barbuda | Dominica | Grenada | Saint Lucia | Saint Vincent and the Grenadines | Angola | Ethiopia | Botswana | Burundi | Benin | Côte d'Ivoire | Djibouti | Gabon | Gambia | Ghana | Guinea | Guinea-Bissau | Equatorial Guinea | Cameroon | Cape Verde | Congo | Congo, Democratic Republic | Lesotho | Liberia | Madagascar | Malawi | Mali | Mauritania | Mauritius | Mozambique | Comoros | Zimbabwe | Rwanda | Zambia | Sao Tome and Principe | Senegal | Seychelles | Sierra Leone | Somalia | Sudan | Namibia | Tanzania, United Republic of | Togo | Chad | Uganda | Central African Republic | Eritrea | Algeria | Libya | Morocco | Tunisia | Afghanistan | Bangladesh | Iran | Nepal | Pakistan | Sri Lanka | Fiji | Samoa | Tahiti | Tonga | Papua New Guinea | Nauru | New Caledonia | Solomon Islands | Kiribati | Cook Islands | Niue | Vanuatu | Tuvalu | Marshall Islands | Micronesia, Federated States of | Timor-Leste | Germany | Maldives | Saint Kitts and Nevis | Guam | Palau | Montenegro | Kosovo | South Sudan | South Africa | Egypt | Bulgaria | India | Indonesia | Israel | Kazakhstan",Study,0,"The Studienstiftung sponsors students whose talent and personality shows exceptional promise for contributing to the community.<br />
Eligible candidates for a scholarship are:<br />
students at a state or state-recognised higher",DAAD,Germany,,,,,
1826,Ernst Ludwig Ehrlich Studienwerk: Doctoral Scholarship,Ernst Ludwig Ehrlich Studienwerk: Doctoral Scholarship,Doctoral candidates/PhD students,"Languages and Cultural Studies | Law, Economics and Social Sciences | Mathematics and Natural Sciences | Veterinary Medicine, Agricultural, Forest and Nutritional Sciences, Ecology | Engineering | Art, Music and Sport","South Africa | Egypt | Bulgaria | India | Indonesia | Israel | Kazakhstan | Croatia | Malaysia | Romania | Singapore | Slovakia | Slovenia | Turkey | Thailand | Czech Republic | Ukraine | China, PR | Cyprus | Estonia | Latvia | Lithuania | Australia | Denmark | Finland | France | Greece | Ireland | Austria | Italy | Japan | Canada | New Zealand | Netherlands | Norway | Poland | Portugal | 38 | Sweden | Switzerland | Spain | United Kingdom | Hungary | United States of America | Uruguay | Argentina | Bolivia | Brazil | Chile | Costa Rica | Ecuador | Guatemala | Honduras | Colombia | Cuba | Mexico | Panama | Paraguay | Peru | Venezuela, Bolivarian Republic of | Nicaragua | Belgium | Palestinian Territories | Kenya | Luxembourg | Albania | Armenia | Azerbaijan | Belarus | Bosnia and Herzegovina | Georgia | Serbia | Kyrgyzstan | North Macedonia | Moldova, Republic of | Tajikistan | Turkmenistan | Uzbekistan | Andorra | Iceland | Liechtenstein | Malta | Monaco | San Marino | Vatican City | Bahrain | Iraq | Jordan | Qatar | Kuwait | Lebanon | Oman | Saudi Arabia | Yemen | Syrian Arab Republic (Syria) | United Arab Emirates | Bhutan | Myanmar | Brunei Darussalam | Taiwan | Hong Kong (CN) | Cambodia | Korea, the Republic of | 107 | Lao People's Democratic Republic | Macao (CN) | Mongolia | Philippines | Vietnam | Guyana | French Guayana | Suriname | Bahamas | Barbados | Bermudas | Dominican Republic | El Salvador | Guadeloupe | Haiti | Belize | Jamaica | Montserrat | Martinique | The Dutch Antilles | Puerto Rico | Trinidad and Tobago | Anguilla | Antigua and Barbuda | Dominica | Grenada | Saint Lucia | Saint Vincent and the Grenadines | Angola | Ethiopia | Botswana | Burundi | Benin | Côte d'Ivoire | Djibouti | Gabon | Gambia | Ghana | Guinea | Guinea-Bissau | Equatorial Guinea | Cameroon | Cape Verde | Congo | Congo, Democratic Republic | Lesotho | Liberia | Madagascar | Malawi | Mali | Mauritania | Mauritius | Mozambique | Comoros | Eswatani | Niger | Nigeria | Burkina Faso | Réunion | Zimbabwe | Rwanda | Zambia | Sao Tome and Principe | Senegal | Seychelles | Sierra Leone | Somalia | Sudan | Namibia | Tanzania, United Republic of | Togo | Chad | Uganda | Central African Republic | Eritrea | Algeria | Libya | Morocco | Tunisia | Afghanistan | Bangladesh | Iran | Nepal | Pakistan | Sri Lanka | Fiji | Samoa | Tahiti | Tonga | Papua New Guinea | Nauru | New Caledonia | Solomon Islands | Kiribati | Cook Islands | Niue | Vanuatu | Tuvalu | Marshall Islands | Micronesia, Federated States of | Timor-Leste | Germany | Maldives | Saint Kitts and Nevis | Guam | Palau | Montenegro | Kosovo | South Sudan",Research/Doctorate/PhD,0,The Ernst Ludwig Ehrlich Studienwerk (ELES) is one of the foundations for the development of talent which are supported by the German Federal Ministry of Education and Research (BMBF). The Studienwerk specifically promotes talented Jewish,DAAD,Germany,,,,,
1844,RWTH International Academy: Women in Engineering Scholarship,RWTH International Academy: Women in Engineering Scholarship,Graduates,Engineering,"South Africa | Egypt | Bulgaria | India | Indonesia | Israel | Kazakhstan | Croatia | Malaysia | Romania | Singapore | Slovakia | Slovenia | Turkey | Thailand | Czech Republic | Ukraine | China, PR | Cyprus | Estonia | Latvia | Lithuania | Australia | Denmark | Finland | France | Greece | Ireland | Austria | Italy | Japan | Canada | New Zealand | Netherlands | Norway | Poland | Portugal | 38 | Sweden | Switzerland | Spain | United Kingdom | Hungary | United States of America | Uruguay | Argentina | Bolivia | Brazil | Chile | Costa Rica | Ecuador | Guatemala | Honduras | Colombia | Cuba | Mexico | Panama | Paraguay | Peru | Venezuela, Bolivarian Republic of | Nicaragua | Belgium | Palestinian Territories | Kenya | Luxembourg | Albania | Armenia | Azerbaijan | Belarus | Bosnia and Herzegovina | Georgia | Serbia | Kyrgyzstan | North Macedonia | Moldova, Republic of | Tajikistan | Turkmenistan | Uzbekistan | Andorra | Iceland | Liechtenstein | Malta | Monaco | San Marino | Vatican City | Bahrain | Iraq | Jordan | Qatar | Kuwait | Lebanon | Oman | Saudi Arabia | Yemen | Syrian Arab Republic (Syria) | United Arab Emirates | Bhutan | Myanmar | Brunei Darussalam | Taiwan | Hong Kong (CN) | Cambodia | Korea, the Republic of | 107 | Lao People's Democratic Republic | Macao (CN) | Mongolia | Philippines | Vietnam | Guyana | French Guayana | Suriname | Bahamas | Barbados | Bermudas | Dominican Republic | El Salvador | Guadeloupe | Haiti | Belize | Jamaica | Montserrat | Martinique | The Dutch Antilles | Puerto Rico | Trinidad and Tobago | Anguilla | Antigua and Barbuda | Dominica | Grenada | Saint Lucia | Saint Vincent and the Grenadines | Angola | Ethiopia | Botswana | Burundi | Benin | Côte d'Ivoire | Djibouti | Gabon | Gambia | Ghana | Guinea | Guinea-Bissau | Equatorial Guinea | Cameroon | Cape Verde | Congo | Congo, Democratic Republic | Lesotho | Liberia | Madagascar | Malawi | Mali | Mauritania | Mauritius | Mozambique | Comoros | Eswatani | Niger | Nigeria | Burkina Faso | Réunion | Zimbabwe | Rwanda | Zambia | Sao Tome and Principe | Senegal | Seychelles | Sierra Leone | Somalia | Sudan | Namibia | Tanzania, United Republic of | Togo | Chad | Uganda | Central African Republic | Eritrea | Algeria | Libya | Morocco | Tunisia | Afghanistan | Bangladesh | Iran | Nepal | Pakistan | Sri Lanka | Fiji | Samoa | Tahiti | Tonga | Papua New Guinea | Nauru | New Caledonia | Solomon Islands | Kiribati | Cook Islands | Niue | Vanuatu | Tuvalu | Marshall Islands | Micronesia, Federated States of | Timor-Leste | Maldives | Saint Kitts and Nevis | Guam | Palau | Montenegro | Kosovo | South Sudan",Study,0,This scholarship was created to enable for more qualified female engineering students to pursue a Master’s degree programme and establish gender equality among students of English-language Master’s degree programmes at RWTH,DAAD,Germany,,,,,
1865,ALECOSTA: Alemania-Costa Rica,ALECOSTA: Alemania-Costa Rica,Graduates | Doctoral candidates/PhD students,"Languages and Cultural Studies | Law, Economics and Social Sciences | Mathematics and Natural Sciences | Human Medicine | Veterinary Medicine, Agricultural, Forest and Nutritional Sciences, Ecology | Engineering | Art, Music and Sport",Costa Rica,Study | Research/Doctorate/PhD,1,"Based on an agreement between CONARE and the DAAD, university lecturers from four Costa Rican universities receive funding to obtain further qualifications in Germany with scholarships for Master's and doctoral degrees.",DAAD,Germany,,,,,
1941,Hertie School: Human Rights Scholarship,Hertie School: Human Rights Scholarship,Graduates,"Law, Economics and Social Sciences","South Africa | Egypt | Bulgaria | India | Indonesia | Israel | Kazakhstan | Croatia | Malaysia | Romania | Singapore | Slovakia | Slovenia | Turkey | Thailand | Czech Republic | Ukraine | China, PR | Cyprus | Estonia | Latvia | Lithuania | Australia | Denmark | Finland | France | Greece | Ireland | Austria | Italy | Japan | Canada | New Zealand | Netherlands | Norway | Poland | Portugal | 38 | Sweden | Switzerland | Spain | United Kingdom | Hungary | United States of America | Uruguay | Argentina | Bolivia | Brazil | Chile | Costa Rica | Ecuador | Guatemala | Honduras | Colombia | Cuba | Mexico | Panama | Paraguay | Peru | Venezuela, Bolivarian Republic of | Nicaragua | Belgium | Palestinian Territories | Kenya | Luxembourg | Albania | Armenia | Azerbaijan | Belarus | Bosnia and Herzegovina | Georgia | Serbia | Kyrgyzstan | North Macedonia | Moldova, Republic of | Tajikistan | Turkmenistan | Uzbekistan | Andorra | Iceland | Liechtenstein | Malta | Monaco | San Marino | Vatican City | Bahrain | Iraq | Jordan | Qatar | Kuwait | Lebanon | Oman | Saudi Arabia | Yemen | Syrian Arab Republic (Syria) | United Arab Emirates | Bhutan | Myanmar | Brunei Darussalam | Taiwan | Hong Kong (CN) | Cambodia | Korea, the Republic of | 107 | Lao People's Democratic Republic | Macao (CN) | Mongolia | Philippines | Vietnam | Guyana | French Guayana | Suriname | Bahamas | Barbados | Bermudas | Dominican Republic | El Salvador | Guadeloupe | Haiti | Belize | Jamaica | Montserrat | Martinique | The Dutch Antilles | Puerto Rico | Trinidad and Tobago | Anguilla | Antigua and Barbuda | Dominica | Grenada | Saint Lucia | Saint Vincent and the Grenadines | Angola | Ethiopia | Botswana | Burundi | Benin | Côte d'Ivoire | Djibouti | Gabon | Gambia | Ghana | Guinea | Guinea-Bissau | Equatorial Guinea | Cameroon | Cape Verde | Congo | Congo, Democratic Republic | Lesotho | Liberia | Madagascar | Malawi | Mali | Mauritania | Mauritius | Mozambique | Comoros | Eswatani | Niger | Nigeria | Burkina Faso | Réunion | Zimbabwe | Rwanda | Zambia | Sao Tome and Principe | Senegal | Seychelles | Sierra Leone | Somalia | Sudan | Namibia | Tanzania, United Republic of | Togo | Chad | Uganda | Central African Republic | Eritrea | Algeria | Libya | Morocco | Tunisia | Afghanistan | Bangladesh | Iran | Nepal | Pakistan | Sri Lanka | Fiji | Samoa | Tahiti | Tonga | Papua New Guinea | Nauru | New Caledonia | Solomon Islands | Kiribati | Cook Islands | Niue | Vanuatu | Tuvalu | Marshall Islands | Micronesia, Federated States of | Timor-Leste | Germany | Maldives | Saint Kitts and Nevis | Guam | Palau | Montenegro | Kosovo | South Sudan",Study,0,"The Human Rights Scholarship from the Hertie School is a full tuition scholarship, available for applicants of all nationalities who wish to pursue a 2-year, full-time, Master of International Affairs programme taught in English in Berlin,",DAAD,Germany,,,,,
2041,Federal Ministry of Education and Research: Digital GreenTalents Award,Federal Ministry of Education and Research: Digital GreenTalents Award,Graduates | Doctoral candidates/PhD students,"Languages and Cultural Studies | Law, Economics and Social Sciences | Mathematics and Natural Sciences | Human Medicine | Veterinary Medicine, Agricultural, Forest and Nutritional Sciences, Ecology | Engineering | Art, Music and Sport","South Africa | Egypt | Bulgaria | India | Indonesia | Israel | Kazakhstan | Croatia | Malaysia | Romania | Singapore | Slovakia | Slovenia | Turkey | Thailand | Czech Republic | Ukraine | China, PR | Cyprus | Estonia | Latvia | Lithuania | Australia | Denmark | Finland | France | Greece | Ireland | Austria | Italy | Japan | Canada | New Zealand | Netherlands | Norway | Poland | Portugal | 38 | Sweden | Switzerland | Spain | United Kingdom | Hungary | United States of America | Uruguay | Argentina | Bolivia | Brazil | Chile | Costa Rica | Ecuador | Guatemala | Honduras | Colombia | Cuba | Mexico | Panama | Paraguay | Peru | Venezuela, Bolivarian Republic of | Nicaragua | Belgium | Palestinian Territories | Kenya | Luxembourg | Albania | Armenia | Azerbaijan | Belarus | Bosnia and Herzegovina | Georgia | Serbia | Kyrgyzstan | North Macedonia | Moldova, Republic of | Tajikistan | Turkmenistan | Uzbekistan | Andorra | Iceland | Liechtenstein | Malta | Monaco | San Marino | Vatican City | Bahrain | Iraq | Jordan | Qatar | Kuwait | Lebanon | Oman | Saudi Arabia | Yemen | Syrian Arab Republic (Syria) | United Arab Emirates | Bhutan | Myanmar | Brunei Darussalam | Taiwan | Hong Kong (CN) | Cambodia | Korea, the Republic of | 107 | Lao People's Democratic Republic | Macao (CN) | Mongolia | Philippines | Vietnam | Guyana | French Guayana | Suriname | Bahamas | Barbados | Bermudas | Dominican Republic | El Salvador | Guadeloupe | Haiti | Belize | Jamaica | Montserrat | Martinique | The Dutch Antilles | Puerto Rico | Trinidad and Tobago | Anguilla | Antigua and Barbuda | Dominica | Grenada | Saint Lucia | Saint Vincent and the Grenadines | Angola | Ethiopia | Botswana | Burundi | Benin | Côte d'Ivoire | Djibouti | Gabon | Gambia | Ghana | Guinea | Guinea-Bissau | Equatorial Guinea | Cameroon | Cape Verde | Congo | Congo, Democratic Republic | Lesotho | Liberia | Madagascar | Malawi | Mali | Mauritania | Mauritius | Mozambique | Comoros | Eswatani | Niger | Nigeria | Burkina Faso | Réunion | Zimbabwe | Rwanda | Zambia | Sao Tome and Principe | Senegal | Seychelles | Sierra Leone | Somalia | Sudan | Namibia | Tanzania, United Republic of | Togo | Chad | Uganda | Central African Republic | Eritrea | Algeria | Libya | Morocco | Tunisia | Afghanistan | Bangladesh | Iran | Nepal | Pakistan | Sri Lanka | Fiji | Samoa | Tahiti | Tonga | Papua New Guinea | Nauru | New Caledonia | Solomon Islands | Kiribati | Cook Islands | Niue | Vanuatu | Tuvalu | Marshall Islands | Micronesia, Federated States of | Timor-Leste | Germany | Maldives | Saint Kitts and Nevis | Guam | Palau | Montenegro | Kosovo | South Sudan",Research/Doctorate/PhD,0,"Artificial intelligence precisely sorts valuable raw materials, collection robots remove waste from the environment, or digital twins enable sustainable urban planning: The digital age offers powerful tools like robotics to find solutions",DAAD,Germany,,,,,
2201,KOSPIE Mexico,Combined study and practical stays for engineers from developing countries (KOSPIE) with Mexican universities,Undergraduates,"Languages and Cultural Studies | Law, Economics and Social Sciences | Mathematics and Natural Sciences | Human Medicine | Veterinary Medicine, Agricultural, Forest and Nutritional Sciences, Ecology | Engineering | Art, Music and Sport",Mexico,Study,1,"As part of the programme with Mexican partners, students studying the natural sciences and engineering spend one year in Germany",DAAD,Germany,,,,,
2274,IAESTE Incoming,"Practical Traineeships for Foreign Students of Natural and Technical Sciences, Agriculture and Forestry (IAESTE)",Undergraduates | Graduates,"Languages and Cultural Studies | Law, Economics and Social Sciences | Mathematics and Natural Sciences | Human Medicine | Veterinary Medicine, Agricultural, Forest and Nutritional Sciences, Ecology | Engineering | Art, Music and Sport","South Africa | Egypt | Bulgaria | India | Indonesia | Israel | Kazakhstan | Croatia | Malaysia | Romania | Singapore | Slovakia | Slovenia | Turkey | Thailand | Czech Republic | Ukraine | China, PR | Cyprus | Estonia | Latvia | Lithuania | Australia | Denmark | Finland | France | Greece | Ireland | Austria | Italy | Japan | Canada | New Zealand | Netherlands | Norway | Poland | Portugal | 38 | Sweden | Switzerland | Spain | United Kingdom | Hungary | United States of America | Uruguay | Argentina | Bolivia | Brazil | Chile | Costa Rica | Ecuador | Guatemala | Honduras | Colombia | Cuba | Mexico | Panama | Paraguay | Peru | Venezuela, Bolivarian Republic of | Nicaragua | Belgium | Palestinian Territories | Kenya | Luxembourg | Albania | Armenia | Azerbaijan | Belarus | Bosnia and Herzegovina | Georgia | Serbia | Kyrgyzstan | North Macedonia | Moldova, Republic of | Tajikistan | Turkmenistan | Uzbekistan | Andorra | Iceland | Liechtenstein | Malta | Monaco | San Marino | Vatican City | Bahrain | Iraq | Jordan | Qatar | Kuwait | Lebanon | Oman | Saudi Arabia | Yemen | Syrian Arab Republic (Syria) | United Arab Emirates | Bhutan | Myanmar | Brunei Darussalam | Taiwan | Hong Kong (CN) | Cambodia | Korea, the Republic of | 107 | Lao People's Democratic Republic | Macao (CN) | Mongolia | Philippines | Vietnam | Guyana | Suriname | Bahamas | Barbados | Dominican Republic | El Salvador | Haiti | Belize | Jamaica | Trinidad and Tobago | Antigua and Barbuda | Dominica | Grenada | Saint Lucia | Saint Vincent and the Grenadines | Angola | Ethiopia | Botswana | Burundi | Benin | Côte d'Ivoire | Djibouti | Gabon | Gambia | Ghana | Guinea | Guinea-Bissau | Equatorial Guinea | Cameroon | Cape Verde | Congo | Congo, Democratic Republic | Lesotho | Liberia | Madagascar | Malawi | Mali | Mauritania | Mauritius | Mozambique | Comoros | Eswatani | Niger | Nigeria | Burkina Faso | Zimbabwe | Rwanda | Zambia | Sao Tome and Principe | Senegal | Seychelles | Sierra Leone | Somalia | Sudan | Namibia | Tanzania, United Republic of | Togo | Chad | Uganda | Central African Republic | Eritrea | Algeria | Libya | Morocco | Tunisia | Afghanistan | Bangladesh | Iran | Nepal | Pakistan | Sri Lanka | Fiji | Samoa | Tonga | Papua New Guinea | Nauru | Solomon Islands | Kiribati | Cook Islands | Niue | Vanuatu | Tuvalu | Marshall Islands | Micronesia, Federated States of | Timor-Leste | Maldives | Saint Kitts and Nevis | Palau | Montenegro | Kosovo | South Sudan",Internship,1,"IAESTE arranges internships for international students of the natural sciences, engineering and agriculture and forestry",DAAD,Germany,,,,,
2306,In-Country/In-Region Programme Sub-Saharan Africa,In-Country/In-Region Programme Sub-Saharan Africa,Graduates | Doctoral candidates/PhD students,"Languages and Cultural Studies | Law, Economics and Social Sciences | Mathematics and Natural Sciences | Human Medicine | Veterinary Medicine, Agricultural, Forest and Nutritional Sciences, Ecology | Engineering | Art, Music and Sport","Ethiopia | Burundi | Benin | Gabon | Djibouti | Gambia | Ghana | Guinea | Guinea-Bissau | Equatorial Guinea | Cameroon | Cape Verde | Congo | Congo, Democratic Republic | Lesotho | Liberia | Madagascar | Malawi | Mali | Mauritania | Mauritius | Mozambique | Comoros | Eswatani | Niger | Nigeria | Burkina Faso | Zimbabwe | Rwanda | Zambia | Sao Tome and Principe | Senegal | Seychelles | Sierra Leone | South Sudan | Eritrea | Kenya | South Africa | Somalia | Sudan | Namibia | Tanzania, United Republic of | Togo | Chad | Uganda | Central African Republic | Côte d'Ivoire | Botswana | Angola",-1,1,Scholarships for (post)graduate programmes in a field with strong relevance to national or regional development aiming at university staff development and public sector demand of academically trained personnel.,DAAD,Germany,,,,,
2325,KOSPIE ICETEX,Combined study and practical stays for engineers from developing countries (KOSPIE) with Colombian universities,Undergraduates,"Languages and Cultural Studies | Law, Economics and Social Sciences | Mathematics and Natural Sciences | Human Medicine | Veterinary Medicine, Agricultural, Forest and Nutritional Sciences, Ecology | Engineering | Art, Music and Sport",Colombia,Study,1,Advanced students of engineering spend one semester at a German university and then complete a 4 to 6-month industrial internship,DAAD,Germany,,,,,
2356,BECAL,Government Scholarships Programme Paraguay BECAL-DAAD Promotion,Graduates | Doctoral candidates/PhD students,"Mathematics and Natural Sciences | Veterinary Medicine, Agricultural, Forest and Nutritional Sciences, Ecology | Engineering",Paraguay,Research/Doctorate/PhD,1,Country related cooperation programme with Paraguay BECAL-DAAD,DAAD,Germany,,,,,
2425,SBW Berlin Scholarship,SBW Berlin Scholarship,Undergraduates | Graduates,"Languages and Cultural Studies | Law, Economics and Social Sciences | Mathematics and Natural Sciences | Human Medicine | Veterinary Medicine, Agricultural, Forest and Nutritional Sciences, Ecology | Engineering | Art, Music and Sport","Lithuania | Egypt | South Africa | Taiwan | Hong Kong (CN) | Cambodia | Korea, the Republic of | 107 | Lao People's Democratic Republic | Vietnam | Philippines | Mongolia | Macao (CN) | Guyana | French Guayana | Suriname | Bahamas | Barbados | Bermudas | Dominican Republic | South Sudan | Kosovo | Montenegro | Palau | Guam | Saint Kitts and Nevis | Maldives | Germany | Timor-Leste | Micronesia, Federated States of | Marshall Islands | Tuvalu | Vanuatu | Niue | Cook Islands | Kiribati | Solomon Islands | New Caledonia | Nauru | Papua New Guinea | Tonga | Tahiti | Samoa | Fiji | Sri Lanka | Pakistan | Nepal | Iran | Bangladesh | Afghanistan | Tunisia | Morocco | Libya | Algeria | Eritrea | Central African Republic | Uganda | Chad | Togo | Tanzania, United Republic of | Namibia | Sudan | Somalia | Sierra Leone | Seychelles | Senegal | Sao Tome and Principe | Zambia | Rwanda | Zimbabwe | Réunion | Burkina Faso | Nigeria | Niger | Eswatani | Comoros | Mozambique | Mauritius | Mauritania | Mali | Malawi | Madagascar | Liberia | Lesotho | Congo, Democratic Republic | Congo | Cape Verde | Cameroon | Equatorial Guinea | Guinea-Bissau | Guinea | Ghana | Gambia | Gabon | Djibouti | Côte d'Ivoire | Benin | Burundi | Botswana | Ethiopia | Angola | Saint Vincent and the Grenadines | Saint Lucia | Grenada | Dominica | Antigua and Barbuda | Anguilla | Trinidad and Tobago | Puerto Rico | The Dutch Antilles | Martinique | Montserrat | Jamaica | Belize | Haiti | Guadeloupe | El Salvador | Bulgaria | India | Israel | Indonesia | Kazakhstan | Croatia | Malaysia | Romania | Singapore | Slovakia | Slovenia | Turkey | Thailand | Czech Republic | Ukraine | China, PR | Latvia | Estonia | Cyprus | Australia | Denmark | Finland | France | Greece | Ireland | Austria | Italy | Japan | Canada | New Zealand | Netherlands | Norway | Poland | Portugal | 38 | Sweden | Switzerland | Spain | United Kingdom | Hungary | United States of America | Uruguay | Argentina | Bolivia | Brazil | Chile | Costa Rica | Ecuador | Guatemala | Cuba | Colombia | Honduras | Mexico | Panama | Paraguay | Peru | Venezuela, Bolivarian Republic of | Nicaragua | Belgium | Palestinian Territories | Kenya | Luxembourg | Albania | Armenia | Azerbaijan | Belarus | Bosnia and Herzegovina | Georgia | Serbia | Kyrgyzstan | North Macedonia | Moldova, Republic of | Tajikistan | Turkmenistan | Uzbekistan | Andorra | Iceland | Liechtenstein | Malta | Monaco | San Marino | Vatican City | Bahrain | Iraq | Jordan | Qatar | Kuwait | Lebanon | Oman | Saudi Arabia | Yemen | Syrian Arab Republic (Syria) | United Arab Emirates | Bhutan | Myanmar | Brunei Darussalam",Study,0,The SBW Berlin scholarship programme supports social commitment through the development of social projects during the scholarship recipients’ studies and includes various types of scholarships. The scholarships are only granted for a,DAAD,Germany,,,,,
2444,Third Country Programme Central America,Third Country Programme Central America,Graduates | Doctoral candidates/PhD students,"Languages and Cultural Studies | Law, Economics and Social Sciences | Mathematics and Natural Sciences | Human Medicine | Veterinary Medicine, Agricultural, Forest and Nutritional Sciences, Ecology | Engineering | Art, Music and Sport",Costa Rica | Dominican Republic | Nicaragua | Belize | Guatemala | Panama | Honduras | El Salvador | Nicaragua | Costa Rica | Dominican Republic | Panama | Guatemala | Honduras | El Salvador | Belize | Dominican Republic | Costa Rica | Belize | Honduras | Guatemala | Nicaragua | Panama | El Salvador | Dominican Republic | Costa Rica | Nicaragua | Honduras | Guatemala | Belize | Panama | El Salvador | Dominican Republic | Costa Rica | Nicaragua | Guatemala | Honduras | El Salvador | Panama | Belize,Study | Research/Doctorate/PhD,1,The Third Country Programme funds Master's or doctoral degree programmes on subjects relating to development policy at select universities in Central America.,DAAD,Germany,,,,,
2459,Regierungsstip. Pakistan - DAAD/HEC Overseas,Overseas Scholarship Scheme for MSc leading to PhD,Doctoral candidates/PhD students,"Languages and Cultural Studies | Law, Economics and Social Sciences | Mathematics and Natural Sciences | Human Medicine | Veterinary Medicine, Agricultural, Forest and Nutritional Sciences, Ecology | Engineering | Art, Music and Sport",Pakistan,Study | Research/Doctorate/PhD,1,Government Scholarship Programme Pakistan,DAAD,Germany,,,,,
2535,Jean Monnet Scholarship Programme (JMSP),Jean Monnet Scholarship Programme (JMSP),Postdoctoral researchers | Graduates | Doctoral candidates/PhD students | Faculty,"Languages and Cultural Studies | Law, Economics and Social Sciences | Mathematics and Natural Sciences | Veterinary Medicine, Agricultural, Forest and Nutritional Sciences, Ecology | Engineering",Bulgaria | Croatia | Romania | Slovakia | Slovenia | Turkey | Czech Republic | Cyprus | Estonia | Latvia | Lithuania | Denmark | Finland | France | Greece | Ireland | Austria | Italy | Netherlands | Poland | Portugal | Sweden | Spain | Hungary | Belgium | Luxembourg | Albania | Bosnia and Herzegovina | Serbia | North Macedonia | Malta | Germany | Montenegro | Kosovo,Study | Research/Doctorate/PhD,0,"Within the framework of Turkey’s negotiation process for full membership to the EU, the Jean Monnet Scholarship Programme (JMSP) aims at contributing to Turkey’s administrative capacity building efforts through increasing the number of",DAAD,Germany,,,,,
2673,BECAL Master,Government Scholarships Programme Paraguay BECAL-DAAD Master,Undergraduates | Graduates,"Mathematics and Natural Sciences | Veterinary Medicine, Agricultural, Forest and Nutritional Sciences, Ecology | Engineering",Paraguay,Study,1,Country related cooperation programme with Paraguay BECAL-DAAD ,DAAD,Germany,,,,,
2777,Klassik Stiftung Weimar Fellowships,Klassik Stiftung Weimar Fellowships,Undergraduates | Postdoctoral researchers | Graduates | Doctoral candidates/PhD students | Faculty,"Languages and Cultural Studies | Art, Music and Sport","South Africa | Egypt | Bulgaria | India | Indonesia | Israel | Kazakhstan | Croatia | Malaysia | Romania | Singapore | Slovakia | Slovenia | Turkey | Thailand | Czech Republic | Ukraine | China, PR | Cyprus | Estonia | Latvia | Lithuania | Australia | Denmark | Finland | France | Greece | Ireland | Austria | Italy | Japan | Canada | New Zealand | Netherlands | Norway | Poland | Portugal | 38 | Sweden | Switzerland | Spain | United Kingdom | Hungary | United States of America | Uruguay | Argentina | Bolivia | Brazil | Chile | Costa Rica | Ecuador | Guatemala | Honduras | Colombia | Cuba | Mexico | Panama | Paraguay | Peru | Venezuela, Bolivarian Republic of | Nicaragua | Belgium | Palestinian Territories | Kenya | Luxembourg | Albania | Armenia | Azerbaijan | Belarus | Bosnia and Herzegovina | Georgia | Serbia | Kyrgyzstan | North Macedonia | Moldova, Republic of | Tajikistan | Turkmenistan | Uzbekistan | Andorra | Iceland | Liechtenstein | Malta | Monaco | San Marino | Vatican City | Bahrain | Iraq | Jordan | Qatar | Kuwait | Lebanon | Oman | Saudi Arabia | Yemen | Syrian Arab Republic (Syria) | United Arab Emirates | Bhutan | Myanmar | Brunei Darussalam | Taiwan | Hong Kong (CN) | Cambodia | Korea, the Republic of | 107 | Lao People's Democratic Republic | Macao (CN) | Mongolia | Philippines | Vietnam | Guyana | French Guayana | Suriname | Bahamas | Barbados | Bermudas | Dominican Republic | El Salvador | Guadeloupe | Haiti | Belize | Jamaica | Montserrat | Martinique | The Dutch Antilles | Puerto Rico | Trinidad and Tobago | Anguilla | Antigua and Barbuda | Dominica | Grenada | Saint Lucia | Saint Vincent and the Grenadines | Angola | Ethiopia | Botswana | Burundi | Benin | Côte d'Ivoire | Djibouti | Gabon | Gambia | Ghana | Guinea | Guinea-Bissau | Equatorial Guinea | Cameroon | Cape Verde | Congo | Congo, Democratic Republic | Lesotho | Liberia | Madagascar | Malawi | Mali | Mauritania | Mauritius | Mozambique | Comoros | Eswatani | Niger | Nigeria | Burkina Faso | Réunion | Zimbabwe | Rwanda | Zambia | Sao Tome and Principe | Senegal | Seychelles | Sierra Leone | Somalia | Sudan | Namibia | Tanzania, United Republic of | Togo | Chad | Uganda | Central African Republic | Eritrea | Algeria | Libya | Morocco | Tunisia | Afghanistan | Bangladesh | Iran | Nepal | Pakistan | Sri Lanka | Fiji | Samoa | Tahiti | Tonga | Papua New Guinea | Nauru | New Caledonia | Solomon Islands | Kiribati | Cook Islands | Niue | Vanuatu | Tuvalu | Marshall Islands | Micronesia, Federated States of | Timor-Leste | Germany | Maldives | Saint Kitts and Nevis | Guam | Palau | Montenegro | Kosovo | South Sudan",Research/Doctorate/PhD,0,"With its fellowship programme, the Klassik Stiftung Weimar supports outstanding scientific, essayistic and art projects within 3 funding lines. As residency scholarships, they offer a sojourn of several months in Weimar, a city rich in",DAAD,Germany,,,,,
2835,Copernicus Berlin: International Excellence Scholarship Programme,Copernicus Berlin: International Excellence Scholarship Programme,Undergraduates | Graduates | Doctoral candidates/PhD students,"Languages and Cultural Studies | Law, Economics and Social Sciences | Mathematics and Natural Sciences | Human Medicine | Veterinary Medicine, Agricultural, Forest and Nutritional Sciences, Ecology | Engineering | Art, Music and Sport","Kazakhstan | Turkey | Ukraine | Albania | Armenia | Azerbaijan | Belarus | Bosnia and Herzegovina | Georgia | Serbia | Kyrgyzstan | North Macedonia | Moldova, Republic of | Tajikistan | Turkmenistan | Uzbekistan | Mongolia | Montenegro | Kosovo",Study | Research/Doctorate/PhD | Internship,0,"The International Excellence Scholarship Programme (IES) is a scholarship programme that enables ambitious students of all fields of study from Eastern and Southeastern Europe, the Caucasus and Central Asia with above-average grades to",DAAD,Germany,,,,,
2844,Alexander von Humboldt Foundation: International Climate Protection Fellowship,Alexander von Humboldt Foundation: International Climate Protection Fellowship,Postdoctoral researchers | Graduates,"Law, Economics and Social Sciences | Mathematics and Natural Sciences | Veterinary Medicine, Agricultural, Forest and Nutritional Sciences, Ecology | Engineering","South Africa | Egypt | India | Indonesia | Kazakhstan | Malaysia | Thailand | China, PR | Argentina | Bolivia | Brazil | Costa Rica | Ecuador | Guatemala | Honduras | Colombia | Cuba | Mexico | Paraguay | Peru | Venezuela, Bolivarian Republic of | Nicaragua | Palestinian Territories | Kenya | Kyrgyzstan | Tajikistan | Turkmenistan | Uzbekistan | Iraq | Jordan | Lebanon | Yemen | Syrian Arab Republic (Syria) | Bhutan | Myanmar | Cambodia | 107 | Lao People's Democratic Republic | Mongolia | Philippines | Vietnam | Guyana | Suriname | Dominican Republic | El Salvador | Haiti | Belize | Jamaica | Dominica | Grenada | Saint Lucia | Saint Vincent and the Grenadines | Angola | Ethiopia | Botswana | Burundi | Benin | Côte d'Ivoire | Djibouti | Gabon | Gambia | Ghana | Guinea | Guinea-Bissau | Equatorial Guinea | Cameroon | Cape Verde | Congo | Congo, Democratic Republic | Lesotho | Liberia | Madagascar | Malawi | Mali | Mauritania | Mauritius | Mozambique | Comoros | Eswatani | Niger | Nigeria | Burkina Faso | Zimbabwe | Rwanda | Zambia | Sao Tome and Principe | Senegal | Seychelles | Sierra Leone | Somalia | Sudan | Namibia | Tanzania, United Republic of | Togo | Chad | Uganda | Central African Republic | Eritrea | Algeria | Libya | Morocco | Tunisia | Afghanistan | Bangladesh | Iran | Nepal | Pakistan | Sri Lanka | Fiji | Samoa | Tonga | Papua New Guinea | Nauru | Solomon Islands | Kiribati | Niue | Vanuatu | Tuvalu | Marshall Islands | Micronesia, Federated States of | Timor-Leste | Maldives | Saint Kitts and Nevis | South Sudan",Research/Doctorate/PhD,0,The International Climate Protection Fellowship supports prospective leaders working academically or practically in climate protection or climate-relevant resource conservation in their home countries - a non-European developing or,DAAD,Germany,,,,,
2854,Bayer Foundation: Jeff Schell Fellowship in Agricultural Sciences,Bayer Foundation: Jeff Schell Fellowship in Agricultural Sciences,Graduates | Doctoral candidates/PhD students,"Mathematics and Natural Sciences | Veterinary Medicine, Agricultural, Forest and Nutritional Sciences, Ecology | Engineering","Estonia | Djibouti | Latvia | Lithuania | Australia | Denmark | Finland | France | Greece | Ireland | Austria | Italy | Japan | Canada | New Zealand | Netherlands | Norway | Poland | Portugal | 38 | Sweden | Switzerland | Spain | United Kingdom | Hungary | United States of America | Uruguay | Argentina | Bolivia | Brazil | Chile | Costa Rica | Ecuador | Guatemala | Honduras | Colombia | Cuba | Mexico | Panama | Paraguay | Peru | Venezuela, Bolivarian Republic of | Nicaragua | Belgium | Palestinian Territories | Kenya | Luxembourg | Albania | Armenia | Azerbaijan | Belarus | Bosnia and Herzegovina | Georgia | Serbia | Kyrgyzstan | North Macedonia | Moldova, Republic of | Tajikistan | Turkmenistan | Uzbekistan | Andorra | Iceland | Liechtenstein | Malta | Monaco | San Marino | Vatican City | Bahrain | Iraq | Jordan | Qatar | Kuwait | Lebanon | Oman | Saudi Arabia | Yemen | Syrian Arab Republic (Syria) | United Arab Emirates | Bhutan | Myanmar | Brunei Darussalam | Taiwan | Hong Kong (CN) | Cambodia | Korea, the Republic of | 107 | Lao People's Democratic Republic | Macao (CN) | Mongolia | Philippines | Vietnam | Guyana | French Guayana | Suriname | Bahamas | Barbados | Bermudas | Dominican Republic | El Salvador | Belize | Haiti | Guadeloupe | Jamaica | Montserrat | Martinique | The Dutch Antilles | Puerto Rico | Trinidad and Tobago | Anguilla | Antigua and Barbuda | Dominica | Grenada | Saint Lucia | Saint Vincent and the Grenadines | Angola | Ethiopia | Botswana | Burundi | Benin | Côte d'Ivoire | Gambia | Ghana | Guinea | Guinea-Bissau | Equatorial Guinea | Cameroon | Cape Verde | Congo | Congo, Democratic Republic | Lesotho | Liberia | Madagascar | Malawi | Mali | Mauritania | Mauritius | Mozambique | Comoros | Eswatani | Niger | Nigeria | Burkina Faso | Réunion | Zimbabwe | Rwanda | Zambia | Sao Tome and Principe | Senegal | Seychelles | Sierra Leone | Somalia | Sudan | Namibia | Tanzania, United Republic of | Togo | Chad | Uganda | Central African Republic | Eritrea | Algeria | Libya | Morocco | Tunisia | Afghanistan | Bangladesh | Iran | Nepal | Pakistan | Sri Lanka | Fiji | Samoa | Nauru | Papua New Guinea | Tonga | Tahiti | New Caledonia | Solomon Islands | Kiribati | Cook Islands | Niue | Vanuatu | Tuvalu | Marshall Islands | Micronesia, Federated States of | Timor-Leste | Germany | Maldives | Saint Kitts and Nevis | Guam | Palau | Montenegro | Kosovo | South Sudan | South Africa | Egypt | Bulgaria | India | Indonesia | Israel | Kazakhstan | Croatia | Malaysia | Romania | Singapore | Slovakia | Slovenia | Turkey | Thailand | Czech Republic | Ukraine | China, PR | Cyprus | Gabon",Study | Research/Doctorate/PhD | Internship,0,"The Jeff Schell Fellowship can be granted to MSc and PhD students from all fields of natural science and data science with fundamental or applied studies with relevance to the crop science industry.<br />
Students from Germany who are",DAAD,Germany,,,,,
2885,KOSPIE UTN,Combined study and practical stays for engineers from developing countries (KOSPIE) in cooperation with the Argentinean Universidad Tecnológica Nacional (UTN),Undergraduates,"Languages and Cultural Studies | Law, Economics and Social Sciences | Mathematics and Natural Sciences | Human Medicine | Veterinary Medicine, Agricultural, Forest and Nutritional Sciences, Ecology | Engineering | Art, Music and Sport",Argentina,Study,1,Combined study and practical stays in Germany for advanced students of engineering sciences,DAAD,Germany,,,,,
2911,Leibniz Institute of European History Mainz: Fellowships for Doctoral Students,Leibniz Institute of European History Mainz: Fellowships for Doctoral Students,Doctoral candidates/PhD students,"Languages and Cultural Studies | Law, Economics and Social Sciences","South Africa | Egypt | Bulgaria | India | Indonesia | Israel | Kazakhstan | Croatia | Malaysia | Romania | Singapore | Slovakia | Slovenia | Turkey | Thailand | Czech Republic | Ukraine | China, PR | Cyprus | Estonia | Latvia | Lithuania | Australia | Denmark | Finland | France | Greece | Ireland | Austria | Italy | Japan | Canada | New Zealand | Netherlands | Norway | Poland | Portugal | 38 | Sweden | Switzerland | Spain | United Kingdom | Hungary | United States of America | Uruguay | Argentina | Bolivia | Brazil | Chile | Costa Rica | Ecuador | Guatemala | Honduras | Colombia | Cuba | Mexico | Panama | Paraguay | Peru | Venezuela, Bolivarian Republic of | Nicaragua | Belgium | Palestinian Territories | Kenya | Luxembourg | Albania | Armenia | Azerbaijan | Belarus | Bosnia and Herzegovina | Georgia | Serbia | Kyrgyzstan | North Macedonia | Moldova, Republic of | Tajikistan | Turkmenistan | Uzbekistan | Andorra | Iceland | Liechtenstein | Malta | Monaco | San Marino | Vatican City | Bahrain | Iraq | Jordan | Qatar | Kuwait | Lebanon | Oman | Saudi Arabia | Yemen | Syrian Arab Republic (Syria) | United Arab Emirates | Bhutan | Myanmar | Brunei Darussalam | Taiwan | Hong Kong (CN) | Cambodia | Korea, the Republic of | 107 | Lao People's Democratic Republic | Macao (CN) | Mongolia | Philippines | Vietnam | Guyana | French Guayana | Suriname | Bahamas | Barbados | Bermudas | Dominican Republic | El Salvador | Guadeloupe | Haiti | Belize | Jamaica | Montserrat | Martinique | The Dutch Antilles | Puerto Rico | Trinidad and Tobago | Anguilla | Antigua and Barbuda | Dominica | Grenada | Saint Lucia | Saint Vincent and the Grenadines | Angola | Ethiopia | Botswana | Burundi | Benin | Côte d'Ivoire | Djibouti | Gabon | Gambia | Ghana | Guinea | Guinea-Bissau | Equatorial Guinea | Cameroon | Cape Verde | Congo | Congo, Democratic Republic | Lesotho | Liberia | Madagascar | Malawi | Mali | Mauritania | Mauritius | Mozambique | Comoros | Eswatani | Niger | Nigeria | Burkina Faso | Réunion | Zimbabwe | Rwanda | Zambia | Sao Tome and Principe | Senegal | Seychelles | Sierra Leone | Somalia | Sudan | Namibia | Tanzania, United Republic of | Togo | Chad | Uganda | Central African Republic | Eritrea | Algeria | Libya | Morocco | Tunisia | Afghanistan | Bangladesh | Iran | Nepal | Pakistan | Sri Lanka | Fiji | Samoa | Tahiti | Tonga | Papua New Guinea | Nauru | New Caledonia | Solomon Islands | Kiribati | Cook Islands | Niue | Vanuatu | Tuvalu | Marshall Islands | Micronesia, Federated States of | Timor-Leste | Germany | Maldives | Saint Kitts and Nevis | Guam | Palau | Montenegro | Kosovo | South Sudan",Research/Doctorate/PhD,0,"The Leibniz Institute of European History (IEG) in Mainz awards fellowships for doctoral students in European history, the history of religion and other historical disciplines. The IEG funds PhD projects in European history from early",DAAD,Germany,,,,,
2935,Indo-German Science and Technology Centre (IGSTC): Women Involvement in Science and Engineering Research (WISER),Indo-German Science and Technology Centre (IGSTC): Women Involvement in Science and Engineering Research (WISER),Postdoctoral researchers | Graduates | Doctoral candidates/PhD students | Faculty,Mathematics and Natural Sciences | Engineering,"South Africa | Egypt | Bulgaria | India | Indonesia | Israel | Kazakhstan | Croatia | Malaysia | Romania | Singapore | Slovakia | Slovenia | Turkey | Thailand | Czech Republic | Ukraine | China, PR | Cyprus | Estonia | Latvia | Lithuania | Australia | Denmark | Finland | France | Greece | Ireland | Austria | Italy | Japan | Canada | New Zealand | Netherlands | Norway | Poland | Portugal | 38 | Sweden | Switzerland | Spain | United Kingdom | Hungary | United States of America | Uruguay | Argentina | Bolivia | Brazil | Chile | Costa Rica | Ecuador | Guatemala | Honduras | Colombia | Cuba | Mexico | Panama | Paraguay | Peru | Venezuela, Bolivarian Republic of | Nicaragua | Belgium | Palestinian Territories | Kenya | Luxembourg | Albania | Armenia | Azerbaijan | Belarus | Bosnia and Herzegovina | Georgia | Serbia | Kyrgyzstan | North Macedonia | Moldova, Republic of | Tajikistan | Turkmenistan | Uzbekistan | Andorra | Iceland | Liechtenstein | Malta | Monaco | San Marino | Vatican City | Bahrain | Iraq | Jordan | Qatar | Kuwait | Lebanon | Oman | Saudi Arabia | Yemen | Syrian Arab Republic (Syria) | United Arab Emirates | Bhutan | Myanmar | Brunei Darussalam | Taiwan | Hong Kong (CN) | Cambodia | Korea, the Republic of | 107 | Lao People's Democratic Republic | Macao (CN) | Mongolia | Philippines | Vietnam | Guyana | French Guayana | Suriname | Bahamas | Barbados | Bermudas | Dominican Republic | El Salvador | Guadeloupe | Haiti | Belize | Jamaica | Montserrat | Martinique | The Dutch Antilles | Puerto Rico | Trinidad and Tobago | Anguilla | Antigua and Barbuda | Dominica | Grenada | Saint Lucia | Saint Vincent and the Grenadines | Angola | Ethiopia | Botswana | Burundi | Benin | Côte d'Ivoire | Djibouti | Gabon | Gambia | Ghana | Guinea | Guinea-Bissau | Equatorial Guinea | Cameroon | Cape Verde | Congo | Congo, Democratic Republic | Lesotho | Liberia | Madagascar | Malawi | Mali | Mauritania | Mauritius | Mozambique | Comoros | Eswatani | Niger | Nigeria | Burkina Faso | Réunion | Zimbabwe | Rwanda | Zambia | Sao Tome and Principe | Senegal | Seychelles | Sierra Leone | Somalia | Sudan | Namibia | Tanzania, United Republic of | Togo | Chad | Uganda | Central African Republic | Eritrea | Algeria | Libya | Morocco | Tunisia | Afghanistan | Bangladesh | Iran | Nepal | Pakistan | Sri Lanka | Fiji | Samoa | Tahiti | Tonga | Papua New Guinea | Nauru | New Caledonia | Solomon Islands | Kiribati | Cook Islands | Niue | Vanuatu | Tuvalu | Marshall Islands | Micronesia, Federated States of | Timor-Leste | Germany | Maldives | Saint Kitts and Nevis | Guam | Palau | Montenegro | Kosovo | South Sudan",Research/Doctorate/PhD,0,"Women Involvement in Science and Engineering Research (WISER), a programme by the Indo-German Science and Technology Centre (IGSTC), aims to build scientific capacity, encourage, and promote women researchers. Applications for the WISER",DAAD,Germany,,,,,
2950,Indo-German Science and Technology Centre (IGSTC): Paired Early Career Fellowship in Applied Research (PECFAR),Indo-German Science and Technology Centre (IGSTC): Paired Early Career Fellowship in Applied Research (PECFAR),Postdoctoral researchers | Graduates | Doctoral candidates/PhD students,Mathematics and Natural Sciences | Engineering,"South Africa | Egypt | Bulgaria | India | Indonesia | Israel | Kazakhstan | Croatia | Malaysia | Romania | Singapore | Slovakia | Slovenia | Turkey | Thailand | Czech Republic | Ukraine | China, PR | Cyprus | Estonia | Latvia | Lithuania | Australia | Denmark | Finland | France | Greece | Ireland | Austria | Italy | Japan | Canada | New Zealand | Netherlands | Norway | Poland | Portugal | 38 | Sweden | Switzerland | Spain | United Kingdom | Hungary | United States of America | Uruguay | Argentina | Bolivia | Brazil | Chile | Costa Rica | Ecuador | Guatemala | Honduras | Colombia | Cuba | Mexico | Panama | Paraguay | Peru | Venezuela, Bolivarian Republic of | Nicaragua | Belgium | Palestinian Territories | Kenya | Luxembourg | Albania | Armenia | Azerbaijan | Belarus | Bosnia and Herzegovina | Georgia | Serbia | Kyrgyzstan | North Macedonia | Moldova, Republic of | Tajikistan | Turkmenistan | Uzbekistan | Andorra | Iceland | Liechtenstein | Malta | Monaco | San Marino | Vatican City | Bahrain | Iraq | Jordan | Qatar | Kuwait | Lebanon | Oman | Saudi Arabia | Yemen | Syrian Arab Republic (Syria) | United Arab Emirates | Bhutan | Myanmar | Brunei Darussalam | Taiwan | Hong Kong (CN) | Cambodia | Korea, the Republic of | 107 | Lao People's Democratic Republic | Macao (CN) | Mongolia | Philippines | Vietnam | Guyana | French Guayana | Suriname | Bahamas | Barbados | Bermudas | Dominican Republic | El Salvador | Guadeloupe | Haiti | Belize | Jamaica | Montserrat | Martinique | The Dutch Antilles | Puerto Rico | Trinidad and Tobago | Anguilla | Antigua and Barbuda | Dominica | Grenada | Saint Lucia | Saint Vincent and the Grenadines | Angola | Ethiopia | Botswana | Burundi | Benin | Côte d'Ivoire | Djibouti | Gabon | Gambia | Ghana | Guinea | Guinea-Bissau | Equatorial Guinea | Cameroon | Cape Verde | Congo | Congo, Democratic Republic | Lesotho | Liberia | Madagascar | Malawi | Mali | Mauritania | Mauritius | Mozambique | Comoros | Eswatani | Niger | Nigeria | Burkina Faso | Réunion | Zimbabwe | Rwanda | Zambia | Sao Tome and Principe | Senegal | Seychelles | Sierra Leone | Somalia | Sudan | Namibia | Tanzania, United Republic of | Togo | Chad | Uganda | Central African Republic | Eritrea | Algeria | Libya | Morocco | Tunisia | Afghanistan | Bangladesh | Iran | Nepal | Pakistan | Sri Lanka | Fiji | Samoa | Tahiti | Tonga | Papua New Guinea | Nauru | New Caledonia | Solomon Islands | Kiribati | Cook Islands | Niue | Vanuatu | Tuvalu | Marshall Islands | Micronesia, Federated States of | Timor-Leste | Germany | Maldives | Saint Kitts and Nevis | Guam | Palau | Montenegro | Kosovo | South Sudan",Research/Doctorate/PhD,0,"The Indo-German Science &amp; Technology Centre (IGSTC), established as a joint initiative of the Department of Science and Technology (DST), Government of India and the Federal Ministry of Research, Technology and Space (BMFTR), Government",DAAD,Germany,,,,,
2965,Regierungsstipendien Aceh,DAAD-ACEH Scholarship of Excellence,Graduates | Doctoral candidates/PhD students,"Languages and Cultural Studies | Law, Economics and Social Sciences | Mathematics and Natural Sciences | Human Medicine | Veterinary Medicine, Agricultural, Forest and Nutritional Sciences, Ecology | Engineering | Art, Music and Sport",Indonesia,Study | Research/Doctorate/PhD,1,Scholarships for Master's and doctoral degrees for graduates from all disciplines from the province of Aceh (Indonesia),DAAD,Germany,,,,,
3018,Gilman-DAAD Germany Scholarships,Gilman-DAAD Germany Scholarships,Undergraduates,"Languages and Cultural Studies | Law, Economics and Social Sciences | Mathematics and Natural Sciences | Human Medicine | Veterinary Medicine, Agricultural, Forest and Nutritional Sciences, Ecology | Engineering | Art, Music and Sport",United States of America,Study | Research/Doctorate/PhD | Language Course | Internship,1,The new Gilman-DAAD Germany Scholarship will provide 40 additional scholarships per year from 2022 to 2024 for exceptional U.S. undergraduate students to study and/or intern for academic credit in Germany. ,DAAD,Germany,,,,,
3024,Taiwan Summer Institute Programme,Taiwan Summer Institute Programme,Graduates | Doctoral candidates/PhD students,"Mathematics and Natural Sciences | Veterinary Medicine, Agricultural, Forest and Nutritional Sciences, Ecology | Engineering",Taiwan,Internship,1,The programme is aimed at doctoral candidates and students of Master's degree courses in Taiwan wishing to take part in a short study visit to Germany.,DAAD,Germany,,,,,
3063,Helmut-Schmidt-Programme,Helmut-Schmidt-Programme (Master’s Scholarships for Public Policy and Good Governance - PPGG),Graduates,"Law, Economics and Social Sciences","Timor-Leste | Micronesia, Federated States of | Marshall Islands | Papua New Guinea | Tuvalu | Vanuatu | Niue | Cook Islands | Kiribati | Solomon Islands | Nauru | Tonga | Samoa | Fiji | Sri Lanka | Pakistan | Nepal | Iran | India | Bangladesh | Afghanistan | Egypt | Tunisia | Morocco | Libya | Jordan | Lebanon | Palestinian Territories | South Sudan | Algeria | Central African Republic | Uganda | Chad | Togo | Tanzania, United Republic of | Namibia | Sudan | Somalia | South Africa | Sierra Leone | Seychelles | Senegal | Zambia | Sao Tome and Principe | Rwanda | Zimbabwe | Burkina Faso | Nigeria | Niger | Eswatani | Comoros | Mozambique | Mauritius | Mauritania | Mali | Malawi | Madagascar | Liberia | Lesotho | Congo, Democratic Republic | Congo | Kenya | Cape Verde | Cameroon | Equatorial Guinea | Guinea-Bissau | Guinea | Ghana | Gambia | Dominica | Grenada | Saint Lucia | Saint Vincent and the Grenadines | Saint Kitts and Nevis | Angola | Ethiopia | Botswana | Burundi | Benin | Côte d'Ivoire | Djibouti | Gabon | Panama | Nicaragua | Mexico | Jamaica | Belize | Haiti | Guatemala | El Salvador | Dominican Republic | Cuba | Costa Rica | Honduras | Venezuela, Bolivarian Republic of | Peru | Paraguay | Colombia | Suriname | Guyana | Ecuador | Brazil | Bolivia | Argentina | Vietnam | Thailand | Ukraine | Belarus | Mongolia | Maldives | Malaysia | Lao People's Democratic Republic | 107 | Cambodia | Indonesia | Myanmar | China, PR | Bhutan | Syrian Arab Republic (Syria) | Yemen | Iraq | Kosovo | Montenegro | Serbia | Kyrgyzstan | Bosnia and Herzegovina | Tajikistan | Uzbekistan | Kazakhstan | Turkmenistan | North Macedonia | Georgia | Azerbaijan | Armenia | Philippines | Moldova, Republic of | Albania | Turkey",Study,1,"Support to aquire a Master’s degree in Master programmes of particular relevance for the social, political and economic development in the students’ country of origin",DAAD,Germany,,,,,
3074,HessenFonds for Refugees and Researchers at Risk,HessenFonds for Refugees and Researchers at Risk,Undergraduates | Postdoctoral researchers | Graduates | Doctoral candidates/PhD students | Faculty,"Languages and Cultural Studies | Law, Economics and Social Sciences | Mathematics and Natural Sciences | Human Medicine | Veterinary Medicine, Agricultural, Forest and Nutritional Sciences, Ecology | Engineering | Art, Music and Sport","South Africa | Egypt | Bulgaria | India | Indonesia | Seychelles | Israel | Kazakhstan | Croatia | Malaysia | Romania | Singapore | Slovakia | Slovenia | Turkey | Thailand | Czech Republic | Ukraine | China, PR | Estonia | Latvia | Lithuania | Australia | Namibia | Denmark | Finland | France | Greece | Ireland | Austria | Italy | Japan | Canada | New Zealand | Netherlands | Norway | Poland | Portugal | 38 | Sweden | Switzerland | Spain | United Kingdom | Hungary | United States of America | Uruguay | Argentina | Bolivia | Brazil | Chile | Costa Rica | Ecuador | Guatemala | Honduras | Colombia | Cuba | Mexico | Panama | Paraguay | Peru | Venezuela, Bolivarian Republic of | Nicaragua | Belgium | Palestinian Territories | Kenya | Luxembourg | Albania | Armenia | Azerbaijan | Belarus | Bosnia and Herzegovina | Georgia | Serbia | Kyrgyzstan | North Macedonia | Moldova, Republic of | Tajikistan | Turkmenistan | Uzbekistan | Andorra | Iceland | Liechtenstein | Malta | Monaco | San Marino | Vatican City | Bahrain | Iraq | Jordan | Qatar | Kuwait | Lebanon | Oman | Saudi Arabia | Yemen | Syrian Arab Republic (Syria) | United Arab Emirates | Bhutan | Myanmar | Brunei Darussalam | Taiwan | Hong Kong (CN) | Cambodia | Korea, the Republic of | 107 | Lao People's Democratic Republic | Macao (CN) | Mongolia | Philippines | Vietnam | Guyana | French Guayana | Suriname | Bahamas | Barbados | Bermudas | Dominican Republic | El Salvador | Guadeloupe | Haiti | Belize | Jamaica | Montserrat | Martinique | The Dutch Antilles | Puerto Rico | Trinidad and Tobago | Anguilla | Antigua and Barbuda | Dominica | Grenada | Saint Lucia | Saint Vincent and the Grenadines | Angola | Ethiopia | Botswana | Burundi | Benin | Côte d'Ivoire | Djibouti | Gabon | Gambia | Ghana | Guinea | Guinea-Bissau | Equatorial Guinea | Cameroon | Cape Verde | Congo | Congo, Democratic Republic | Lesotho | Liberia | Madagascar | Malawi | Mali | Mauritania | Mauritius | Mozambique | Comoros | Eswatani | Niger | Nigeria | Burkina Faso | Réunion | Zimbabwe | Rwanda | Sao Tome and Principe | Senegal | Cyprus | Sierra Leone | Somalia | Sudan | Zambia | Tanzania, United Republic of | Togo | Chad | Uganda | Central African Republic | Eritrea | Algeria | Libya | Morocco | Tunisia | Afghanistan | Bangladesh | Iran | Nepal | Pakistan | Sri Lanka | Fiji | Samoa | Tahiti | Tonga | Papua New Guinea | Nauru | New Caledonia | Solomon Islands | Kiribati | Cook Islands | Niue | Vanuatu | Tuvalu | Marshall Islands | Micronesia, Federated States of | Timor-Leste | Maldives | Saint Kitts and Nevis | Guam | Palau | Montenegro | Kosovo | South Sudan",Study | Research/Doctorate/PhD | Teaching,0,"As part of the HessenFonds, the Hessian Ministry of Higher Education, Research, Science and the Arts provides scholarships for exceptionally talented and high achieving students and researchers with refugee status at public higher education",DAAD,Germany,,,,,
3123,Development-Related Postgraduate Courses,Development-Related Postgraduate Courses (EPOS),Graduates,"Languages and Cultural Studies | Law, Economics and Social Sciences | Mathematics and Natural Sciences | Human Medicine | Veterinary Medicine, Agricultural, Forest and Nutritional Sciences, Ecology | Engineering","Ethiopia | Botswana | Burundi | Benin | Côte d'Ivoire | Gabon | Gambia | Bangladesh | Mexico | Nicaragua | Panama | Dominica | Grenada | Saint Lucia | Saint Vincent and the Grenadines | Angola | Ghana | Guinea | Guinea-Bissau | Equatorial Guinea | Cameroon | Cape Verde | Kenya | Congo | Congo, Democratic Republic | Lesotho | Albania | Ukraine | Belarus | Moldova, Republic of | Armenia | Azerbaijan | Georgia | Turkmenistan | Kazakhstan | Uzbekistan | Kyrgyzstan | Tajikistan | Iraq | Jordan | Lebanon | Palestinian Territories | Yemen | Syrian Arab Republic (Syria) | Bhutan | Myanmar | China, PR | Indonesia | Cambodia | 107 | Lao People's Democratic Republic | Malaysia | Maldives | Mongolia | Philippines | Thailand | Vietnam | Argentina | Bolivia | Brazil | Ecuador | Guyana | Suriname | Colombia | Paraguay | Peru | Venezuela, Bolivarian Republic of | Honduras | Liberia | Madagascar | Malawi | Mali | Mauritania | Mauritius | Mozambique | Comoros | Eswatani | Niger | Nigeria | Burkina Faso | Zimbabwe | Rwanda | Zambia | Sao Tome and Principe | Senegal | Seychelles | Sierra Leone | Somalia | South Africa | Sudan | Namibia | Tanzania, United Republic of | Togo | Chad | Uganda | Central African Republic | Eritrea | South Sudan | Algeria | Libya | Morocco | Tunisia | Egypt | Afghanistan | Costa Rica | Cuba | Dominican Republic | El Salvador | Guatemala | Haiti | Belize | Jamaica | India | Iran | Nepal | Solomon Islands | Kiribati | Cook Islands | Niue | Vanuatu | Tuvalu | Marshall Islands | Micronesia, Federated States of | Timor-Leste | Pakistan | Sri Lanka | Fiji | Samoa | Tonga | Papua New Guinea | Nauru",Study | Research/Doctorate/PhD,1,Postgraduate or Master's degree completed in Germany for graduates from development and newly industrialised countries,DAAD,Germany,,,,,
3223,DAAD/TEV Master Scholarships,DAAD-TEV-Master's degree scholarships,Graduates,"Languages and Cultural Studies | Law, Economics and Social Sciences | Mathematics and Natural Sciences | Human Medicine | Veterinary Medicine, Agricultural, Forest and Nutritional Sciences, Ecology | Engineering | Art, Music and Sport",Turkey,Study,1,The scholarships offer Turkish students from all disciplines the opportunity to improve their qualifications with a Master's degree programme.,DAAD,Germany,,,,,
3306,DAAD Zuse School of Embedded Composite Artificial Intelligence (SECAI): Scholarships for Master's students in AI,DAAD Zuse School of Embedded Composite Artificial Intelligence (SECAI): Scholarships for Master's students in AI,Graduates,"Law, Economics and Social Sciences | Mathematics and Natural Sciences | Human Medicine | Engineering","South Africa | Egypt | Bulgaria | India | Indonesia | Israel | Kazakhstan | Croatia | Malaysia | Romania | Singapore | Slovakia | Slovenia | Turkey | Thailand | Czech Republic | Ukraine | China, PR | Cyprus | Estonia | Latvia | Lithuania | Australia | Denmark | Finland | France | Greece | Ireland | Austria | Italy | Japan | Canada | New Zealand | Netherlands | Norway | Poland | Portugal | 38 | Sweden | Switzerland | Spain | United Kingdom | Hungary | United States of America | Uruguay | Argentina | Bolivia | Brazil | Chile | Costa Rica | Ecuador | Guatemala | Honduras | Colombia | Cuba | Mexico | Panama | Paraguay | Peru | Venezuela, Bolivarian Republic of | Nicaragua | Belgium | Palestinian Territories | Kenya | Luxembourg | Albania | Armenia | Azerbaijan | Belarus | Bosnia and Herzegovina | Georgia | Serbia | Kyrgyzstan | North Macedonia | Moldova, Republic of | Tajikistan | Turkmenistan | Uzbekistan | Andorra | Iceland | Liechtenstein | Malta | Monaco | San Marino | Vatican City | Bahrain | Iraq | Jordan | Qatar | Kuwait | Lebanon | Oman | Saudi Arabia | Yemen | Syrian Arab Republic (Syria) | United Arab Emirates | Bhutan | Myanmar | Brunei Darussalam | Taiwan | Hong Kong (CN) | Cambodia | Korea, the Republic of | 107 | Lao People's Democratic Republic | Macao (CN) | Mongolia | Philippines | Vietnam | Guyana | French Guayana | Suriname | Bahamas | Barbados | Bermudas | Dominican Republic | El Salvador | Guadeloupe | Haiti | Belize | Jamaica | Montserrat | Martinique | The Dutch Antilles | Puerto Rico | Trinidad and Tobago | Anguilla | Antigua and Barbuda | Dominica | Grenada | Saint Lucia | Saint Vincent and the Grenadines | Angola | Ethiopia | Botswana | Burundi | Benin | Côte d'Ivoire | Djibouti | Gabon | Gambia | Ghana | Guinea | Guinea-Bissau | Equatorial Guinea | Cameroon | Cape Verde | Congo | Congo, Democratic Republic | Lesotho | Liberia | Madagascar | Malawi | Mali | Mauritania | Mauritius | Mozambique | Comoros | Eswatani | Niger | Nigeria | Burkina Faso | Réunion | Zimbabwe | Rwanda | Zambia | Sao Tome and Principe | Senegal | Seychelles | Sierra Leone | Somalia | Sudan | Namibia | Tanzania, United Republic of | Togo | Chad | Uganda | Central African Republic | Eritrea | Algeria | Libya | Morocco | Tunisia | Afghanistan | Bangladesh | Iran | Nepal | Pakistan | Sri Lanka | Fiji | Samoa | Tahiti | Tonga | Papua New Guinea | Nauru | New Caledonia | Solomon Islands | Kiribati | Cook Islands | Niue | Vanuatu | Tuvalu | Marshall Islands | Micronesia, Federated States of | Timor-Leste | Germany | Maldives | Saint Kitts and Nevis | Guam | Palau | Montenegro | Kosovo | South Sudan",Study,0,"SECAI scholarships were created to support outstanding students who intend to study AI or a related field at TU Dresden or Leipzig University. AI is viewed as an interdisciplinary undertaking that requires talents in computer science,",DAAD,Germany,,,,,
3315,DAAD Konrad Zuse School of Excellence in Reliable Artificial Intelligence (relAI): Scholarship for Master's Students,DAAD Konrad Zuse School of Excellence in Reliable Artificial Intelligence (relAI): Scholarship for Master's Students,Graduates,Mathematics and Natural Sciences | Engineering,"South Africa | Egypt | Bulgaria | India | Indonesia | Israel | Kazakhstan | Croatia | Malaysia | Romania | Singapore | Slovakia | Slovenia | Turkey | Thailand | Czech Republic | Ukraine | China, PR | Cyprus | Estonia | Latvia | Lithuania | Australia | Denmark | Finland | France | Greece | Ireland | Austria | Italy | Japan | Canada | New Zealand | Netherlands | Norway | Poland | Portugal | 38 | Sweden | Switzerland | Spain | United Kingdom | Hungary | United States of America | Uruguay | Argentina | Bolivia | Brazil | Chile | Costa Rica | Ecuador | Guatemala | Honduras | Colombia | Cuba | Mexico | Panama | Paraguay | Peru | Venezuela, Bolivarian Republic of | Nicaragua | Belgium | Palestinian Territories | Kenya | Luxembourg | Albania | Armenia | Azerbaijan | Belarus | Bosnia and Herzegovina | Georgia | Serbia | Kyrgyzstan | North Macedonia | Moldova, Republic of | Tajikistan | Turkmenistan | Uzbekistan | Andorra | Iceland | Liechtenstein | Malta | Monaco | San Marino | Vatican City | Bahrain | Iraq | Jordan | Qatar | Kuwait | Lebanon | Oman | Saudi Arabia | Yemen | Syrian Arab Republic (Syria) | United Arab Emirates | Bhutan | Myanmar | Brunei Darussalam | Taiwan | Hong Kong (CN) | Cambodia | Korea, the Republic of | 107 | Lao People's Democratic Republic | Macao (CN) | Mongolia | Philippines | Vietnam | Guyana | French Guayana | Suriname | Bahamas | Barbados | Bermudas | Dominican Republic | El Salvador | Guadeloupe | Haiti | Belize | Jamaica | Montserrat | Martinique | The Dutch Antilles | Puerto Rico | Trinidad and Tobago | Anguilla | Antigua and Barbuda | Dominica | Grenada | Saint Lucia | Saint Vincent and the Grenadines | Angola | Ethiopia | Botswana | Burundi | Benin | Côte d'Ivoire | Djibouti | Gabon | Gambia | Ghana | Guinea | Guinea-Bissau | Equatorial Guinea | Cameroon | Cape Verde | Congo | Congo, Democratic Republic | Lesotho | Liberia | Madagascar | Malawi | Mali | Mauritania | Mauritius | Mozambique | Comoros | Eswatani | Niger | Nigeria | Burkina Faso | Réunion | Zimbabwe | Rwanda | Zambia | Sao Tome and Principe | Senegal | Seychelles | Sierra Leone | Somalia | Sudan | Namibia | Tanzania, United Republic of | Togo | Chad | Uganda | Central African Republic | Eritrea | Algeria | Libya | Morocco | Tunisia | Afghanistan | Bangladesh | Iran | Nepal | Pakistan | Sri Lanka | Fiji | Samoa | Tahiti | Tonga | Papua New Guinea | Nauru | New Caledonia | Solomon Islands | Kiribati | Cook Islands | Niue | Vanuatu | Tuvalu | Marshall Islands | Micronesia, Federated States of | Timor-Leste | Germany | Maldives | Saint Kitts and Nevis | Guam | Palau | Montenegro | Kosovo | South Sudan",Study,0,"The research and training programme focusses on the mathematical and algorithmic foundations of reliable AI along with domain knowledge in 3 core application domains, for which reliable AI methods are most urgently needed: medicine and",DAAD,Germany,,,,,
3334,KOSPIE ALEARG,Combined study and practical stays for engineers from developing countries (KOSPIE) in cooperation with the Argentine Ministry of Education (ALEARG),Undergraduates,"Languages and Cultural Studies | Law, Economics and Social Sciences | Mathematics and Natural Sciences | Human Medicine | Veterinary Medicine, Agricultural, Forest and Nutritional Sciences, Ecology | Engineering | Art, Music and Sport",Argentina,Study,1,Combined study and practical stays in Germany for advanced students of engineering sciences ,DAAD,Germany,,,,,
3417,Residential Fellowships at the Center for Advanced Internet Studies (CAIS),Residential Fellowships at the Center for Advanced Internet Studies (CAIS),Postdoctoral researchers | Graduates | Doctoral candidates/PhD students | Faculty,"Languages and Cultural Studies | Law, Economics and Social Sciences | Mathematics and Natural Sciences | Human Medicine | Veterinary Medicine, Agricultural, Forest and Nutritional Sciences, Ecology | Engineering | Art, Music and Sport","South Africa | Bulgaria | Slovakia | Turkey | Panama | Egypt | Romania | Colombia | Paraguay | Mexico | Cuba | Peru | Venezuela, Bolivarian Republic of | Nicaragua | Belgium | Albania | Luxembourg | Tajikistan | Armenia | Azerbaijan | Belarus | Kenya | Palestinian Territories | Bosnia and Herzegovina | Moldova, Republic of | North Macedonia | Kyrgyzstan | Serbia | Georgia | Cambodia | Hong Kong (CN) | Taiwan | Brunei Darussalam | Myanmar | Bhutan | United Arab Emirates | Syrian Arab Republic (Syria) | Yemen | Saudi Arabia | Oman | Lebanon | Kuwait | Qatar | Jordan | Iraq | Bahrain | Vatican City | San Marino | Monaco | Malta | Liechtenstein | Iceland | Andorra | Uzbekistan | Turkmenistan | Bahamas | Suriname | French Guayana | Guyana | Vietnam | Philippines | Mongolia | Macao (CN) | Lao People's Democratic Republic | 107 | Korea, the Republic of | Guam | India | Indonesia | Israel | Kazakhstan | Croatia | Palau | Montenegro | Kosovo | Cyprus | Estonia | Latvia | Lithuania | Australia | Denmark | Finland | France | Greece | Ireland | Austria | Italy | Japan | Canada | New Zealand | Netherlands | Norway | Poland | Portugal | 38 | Sweden | Switzerland | Spain | United Kingdom | Hungary | United States of America | Uruguay | Argentina | Bolivia | Brazil | Chile | Costa Rica | Ecuador | Guatemala | Honduras | Barbados | Bermudas | Dominican Republic | El Salvador | Guadeloupe | Haiti | Belize | Jamaica | Montserrat | Martinique | The Dutch Antilles | Puerto Rico | Trinidad and Tobago | Anguilla | Antigua and Barbuda | Dominica | Grenada | Saint Lucia | Saint Vincent and the Grenadines | Angola | Ethiopia | Botswana | Burundi | Benin | Côte d'Ivoire | Djibouti | Gabon | Gambia | Ghana | Guinea | Guinea-Bissau | Equatorial Guinea | Cameroon | Cape Verde | Congo | Congo, Democratic Republic | Lesotho | Liberia | Madagascar | Malawi | Mali | Mauritania | Mauritius | Mozambique | Comoros | Eswatani | Niger | Nigeria | Burkina Faso | Réunion | Zimbabwe | Rwanda | Zambia | Slovenia | Saint Kitts and Nevis | Maldives | Germany | Timor-Leste | Micronesia, Federated States of | Marshall Islands | Tuvalu | Vanuatu | Niue | Cook Islands | Kiribati | Solomon Islands | New Caledonia | Nauru | Papua New Guinea | Tonga | Tahiti | Samoa | Fiji | Sri Lanka | Pakistan | Nepal | Iran | Bangladesh | Afghanistan | Tunisia | Morocco | Libya | Algeria | Eritrea | Central African Republic | Uganda | Chad | Togo | Tanzania, United Republic of | Namibia | Sudan | Somalia | Sierra Leone | Seychelles | Senegal | Sao Tome and Principe | Thailand | Czech Republic | Ukraine | China, PR | South Sudan | Malaysia | Singapore",Research/Doctorate/PhD,0,Are you researching the social effects of digitalisation? Do you want more freedom for your project and are interested in interdisciplinary exchange? A fellowship at CAIS releases you from your regular work obligations and offers many,DAAD,Germany,,,,,
3418,RISE professional,RISE Professional - Research Internships in Science and Engineering,Undergraduates | Graduates | Doctoral candidates/PhD students,"Law, Economics and Social Sciences | Mathematics and Natural Sciences | Human Medicine | Veterinary Medicine, Agricultural, Forest and Nutritional Sciences, Ecology | Engineering",United States of America | Canada | Ireland | United Kingdom,Internship,1,Research internships in German companies or non-university research institutions with strong relations to industry,DAAD,Germany,,,,,
3419,RISE Germany,RISE Germany - Research Internships in Science and Engineering,Undergraduates,"Mathematics and Natural Sciences | Human Medicine | Veterinary Medicine, Agricultural, Forest and Nutritional Sciences, Ecology | Engineering",United States of America | Canada | Ireland | United Kingdom,Internship,1,Internships at German universities and research institutions,DAAD,Germany,,,,,
3529,International Scholarship Programme of the Avicenna Studienwerk,International Scholarship Programme of the Avicenna Studienwerk,Graduates | Doctoral candidates/PhD students,"Languages and Cultural Studies | Law, Economics and Social Sciences | Mathematics and Natural Sciences | Human Medicine | Veterinary Medicine, Agricultural, Forest and Nutritional Sciences, Ecology | Engineering | Art, Music and Sport","South Africa | Egypt | Bulgaria | India | Indonesia | Israel | Kazakhstan | Croatia | Malaysia | Romania | Singapore | Slovakia | Slovenia | Turkey | Thailand | Czech Republic | Ukraine | China, PR | Cyprus | Estonia | Latvia | Lithuania | Australia | Denmark | Finland | France | Greece | Ireland | Austria | Italy | Japan | Canada | New Zealand | Netherlands | Norway | Poland | Portugal | 38 | Sweden | Switzerland | Spain | United Kingdom | Hungary | United States of America | Uruguay | Argentina | Bolivia | Brazil | Chile | Costa Rica | Ecuador | Guatemala | Honduras | Colombia | Cuba | Mexico | Panama | Paraguay | Peru | Venezuela, Bolivarian Republic of | Nicaragua | Belgium | Palestinian Territories | Kenya | Luxembourg | Albania | Armenia | Azerbaijan | Belarus | Bosnia and Herzegovina | Georgia | Serbia | Kyrgyzstan | North Macedonia | Moldova, Republic of | Tajikistan | Turkmenistan | Uzbekistan | Andorra | Iceland | Liechtenstein | Malta | Monaco | San Marino | Vatican City | Bahrain | Iraq | Jordan | Qatar | Kuwait | Lebanon | Oman | Saudi Arabia | Yemen | Syrian Arab Republic (Syria) | United Arab Emirates | Bhutan | Myanmar | Brunei Darussalam | Taiwan | Hong Kong (CN) | Cambodia | Korea, the Republic of | 107 | Lao People's Democratic Republic | Macao (CN) | Mongolia | Philippines | Vietnam | Guyana | French Guayana | Suriname | Bahamas | Barbados | Bermudas | Dominican Republic | El Salvador | Guadeloupe | Haiti | Belize | Jamaica | Montserrat | Martinique | The Dutch Antilles | Puerto Rico | Trinidad and Tobago | Anguilla | Antigua and Barbuda | Dominica | Grenada | Saint Lucia | Saint Vincent and the Grenadines | Angola | Ethiopia | Botswana | Burundi | Benin | Côte d'Ivoire | Djibouti | Gabon | Gambia | Ghana | Guinea | Guinea-Bissau | Equatorial Guinea | Cameroon | Cape Verde | Congo | Congo, Democratic Republic | Lesotho | Liberia | Madagascar | Malawi | Mali | Mauritania | Mauritius | Mozambique | Comoros | Eswatani | Niger | Nigeria | Burkina Faso | Réunion | Zimbabwe | Rwanda | Zambia | Sao Tome and Principe | Senegal | Seychelles | Sierra Leone | Somalia | Sudan | Namibia | Tanzania, United Republic of | Togo | Chad | Uganda | Central African Republic | Eritrea | Algeria | Libya | Morocco | Tunisia | Afghanistan | Bangladesh | Iran | Nepal | Pakistan | Sri Lanka | Fiji | Samoa | Tahiti | Tonga | Papua New Guinea | Nauru | New Caledonia | Solomon Islands | Kiribati | Cook Islands | Niue | Vanuatu | Tuvalu | Marshall Islands | Micronesia, Federated States of | Timor-Leste | Germany | Maldives | Saint Kitts and Nevis | Guam | Palau | Montenegro | Kosovo | South Sudan",Study | Research/Doctorate/PhD,0,"The International Scholarship Programme (ISP) of the Avicenna Studienwerk, in cooperation with the Islamkolleg Deutschland, supports international Muslim students and doctoral candidates with funds from the Federal Foreign Office",DAAD,Germany,,,,,
3559,Alfred Toepfer Stiftung & Studienstiftung des deutschen Volkes: You and Europe Scholarship Programme,Alfred Toepfer Stiftung & Studienstiftung des deutschen Volkes: You and Europe Scholarship Programme,Graduates,"Languages and Cultural Studies | Law, Economics and Social Sciences | Mathematics and Natural Sciences | Human Medicine | Veterinary Medicine, Agricultural, Forest and Nutritional Sciences, Ecology | Engineering | Art, Music and Sport","Bulgaria | Israel | Kazakhstan | Slovakia | Slovenia | Turkey | Czech Republic | Ukraine | Estonia | Latvia | Lithuania | Denmark | Finland | France | Greece | Ireland | Austria | Italy | Netherlands | Norway | Poland | Portugal | Sweden | Switzerland | Spain | United Kingdom | Hungary | Belgium | Luxembourg | Albania | Belarus | Bosnia and Herzegovina | Georgia | Serbia | North Macedonia | Moldova, Republic of | Andorra | Iceland | Liechtenstein | Malta | Monaco | San Marino | Vatican City | Montenegro | Kosovo",Study,0,The European Scholarship Programme You and Europe is aimed at European students wishing to complete a Master’s degree in Germany. “Europe” in this case is to be understood in its geographical entirety and thus independent of,DAAD,Germany,,,,,
3634,Alfried Krupp Wissenschaftskolleg Greifswald: Alfried Krupp Fellowships,Alfried Krupp Wissenschaftskolleg Greifswald: Alfried Krupp Fellowships,Postdoctoral researchers | Faculty,"Languages and Cultural Studies | Law, Economics and Social Sciences | Mathematics and Natural Sciences | Human Medicine | Veterinary Medicine, Agricultural, Forest and Nutritional Sciences, Ecology | Engineering | Art, Music and Sport","Afghanistan | Tonga | New Caledonia | Hong Kong (CN) | Nicaragua | Qatar | Samoa | Tanzania, United Republic of | Bangladesh | Cuba | Panama | Nepal | Belgium | Papua New Guinea | Eritrea | Algeria | Oman | Central African Republic | Togo | Iran | Pakistan | Libya | Tahiti | Monaco | Nauru | Vatican City | Fiji | Lebanon | Colombia | Sri Lanka | Tunisia | Honduras | Morocco | Chad | Uganda | Chile | Brazil | Bolivia | Argentina | Uruguay | United States of America | Hungary | United Kingdom | Spain | Switzerland | Sweden | 38 | Portugal | Poland | Norway | Netherlands | New Zealand | Canada | Japan | Italy | Austria | Ireland | Palestinian Territories | Kenya | Luxembourg | Albania | Armenia | Azerbaijan | Belarus | Bosnia and Herzegovina | Georgia | Serbia | Kyrgyzstan | North Macedonia | Moldova, Republic of | Tajikistan | Turkmenistan | Uzbekistan | Andorra | Guatemala | Czech Republic | Ukraine | China, PR | Cyprus | Estonia | Latvia | Lithuania | Australia | Denmark | Finland | France | Greece | Cambodia | Korea, the Republic of | 107 | Lao People's Democratic Republic | Macao (CN) | Mongolia | Philippines | Vietnam | Guyana | French Guayana | Suriname | Bahamas | Barbados | Bermudas | Dominican Republic | El Salvador | Guadeloupe | Haiti | Belize | Jamaica | Montserrat | Martinique | The Dutch Antilles | Puerto Rico | Trinidad and Tobago | Anguilla | Antigua and Barbuda | Dominica | Grenada | Saint Lucia | Saint Vincent and the Grenadines | Angola | Ethiopia | Botswana | Burundi | Benin | Côte d'Ivoire | Djibouti | Gabon | Gambia | Ghana | Guinea | Guinea-Bissau | Equatorial Guinea | Cameroon | Cape Verde | Congo | Congo, Democratic Republic | Lesotho | Liberia | Madagascar | Bulgaria | Egypt | South Africa | India | Indonesia | Israel | Kazakhstan | Croatia | Malaysia | Romania | Singapore | Slovakia | Slovenia | Turkey | Mauritius | Mauritania | Mali | Malawi | Mozambique | Comoros | Eswatani | Niger | Nigeria | Burkina Faso | Réunion | Zimbabwe | Rwanda | Zambia | Sao Tome and Principe | Senegal | Seychelles | Sierra Leone | Somalia | Sudan | Namibia | Iceland | Solomon Islands | Kiribati | Cook Islands | Niue | Vanuatu | Tuvalu | Marshall Islands | Micronesia, Federated States of | Timor-Leste | Germany | Maldives | Saint Kitts and Nevis | Guam | Palau | Montenegro | Kosovo | South Sudan | Thailand | Brunei Darussalam | Yemen | Venezuela, Bolivarian Republic of | Costa Rica | Saudi Arabia | Iraq | Peru | Paraguay | Bahrain | Mexico | Malta | San Marino | Syrian Arab Republic (Syria) | Jordan | Kuwait | Taiwan | Myanmar | Ecuador | United Arab Emirates | Bhutan | Liechtenstein",Research/Doctorate/PhD,0,"The Alfried Krupp Wissenschaftskolleg Greifswald is awarding up to 6 Alfried Krupp Senior Fellowships and up to 8 Alfried Krupp Junior Fellowships for the academic year 2026/27.<br />
The Alfried Krupp Wissenschaftskolleg Greifswald is an",DAAD,Germany,,,,,
3741,Sino-German Postdoc Program,Sino-German (CSC-DAAD) Postdoc Scholarship Program,Postdoctoral researchers | Doctoral candidates/PhD students,"Languages and Cultural Studies | Law, Economics and Social Sciences | Mathematics and Natural Sciences | Human Medicine | Veterinary Medicine, Agricultural, Forest and Nutritional Sciences, Ecology | Engineering | Art, Music and Sport","China, PR",Research/Doctorate/PhD,1,"To intensify German-Chinese research cooperation and improve funding opportunities for young Chinese scientists and academics, the China Scholarship Council (CSC) and the DAAD have offered a joint programme to support Chinese postdocs since",DAAD,Germany,,,,,
3792,Hanse-Wissenschaftskolleg (HWK): Funded Regular and Junior Fellowships,Hanse-Wissenschaftskolleg (HWK): Funded Regular and Junior Fellowships,Postdoctoral researchers | Faculty,"Languages and Cultural Studies | Law, Economics and Social Sciences | Mathematics and Natural Sciences | Human Medicine | Veterinary Medicine, Agricultural, Forest and Nutritional Sciences, Ecology | Engineering | Art, Music and Sport","South Africa | Egypt | Bulgaria | India | Indonesia | Israel | Kazakhstan | Croatia | Malaysia | Romania | Singapore | Slovakia | Slovenia | Turkey | Thailand | Czech Republic | Ukraine | China, PR | Cyprus | Estonia | Latvia | Lithuania | Australia | Denmark | Finland | France | Greece | Ireland | Austria | Italy | Japan | Canada | New Zealand | Netherlands | Norway | Poland | Portugal | 38 | Sweden | Switzerland | Spain | United Kingdom | Hungary | United States of America | Uruguay | Argentina | Bolivia | Brazil | Chile | Costa Rica | Ecuador | Guatemala | Honduras | Colombia | Cuba | Mexico | Panama | Paraguay | Peru | Venezuela, Bolivarian Republic of | Nicaragua | Belgium | Palestinian Territories | Kenya | Luxembourg | Albania | Armenia | Azerbaijan | Belarus | Bosnia and Herzegovina | Georgia | Serbia | Kyrgyzstan | North Macedonia | Moldova, Republic of | Tajikistan | Turkmenistan | Uzbekistan | Andorra | Iceland | Liechtenstein | Malta | Monaco | San Marino | Vatican City | Bahrain | Iraq | Jordan | Qatar | Kuwait | Lebanon | Oman | Saudi Arabia | Yemen | Syrian Arab Republic (Syria) | United Arab Emirates | Bhutan | Myanmar | Brunei Darussalam | Taiwan | Hong Kong (CN) | Cambodia | Korea, the Republic of | 107 | Lao People's Democratic Republic | Macao (CN) | Mongolia | Philippines | Vietnam | Guyana | French Guayana | Suriname | Bahamas | Barbados | Bermudas | Dominican Republic | El Salvador | Guadeloupe | Haiti | Belize | Jamaica | Montserrat | Martinique | The Dutch Antilles | Puerto Rico | Trinidad and Tobago | Anguilla | Antigua and Barbuda | Dominica | Grenada | Saint Lucia | Saint Vincent and the Grenadines | Angola | Ethiopia | Botswana | Burundi | Benin | Côte d'Ivoire | Djibouti | Gabon | Gambia | Ghana | Guinea | Guinea-Bissau | Equatorial Guinea | Cameroon | Cape Verde | Congo | Congo, Democratic Republic | Lesotho | Liberia | Madagascar | Malawi | Mali | Mauritania | Mauritius | Mozambique | Comoros | Eswatani | Niger | Nigeria | Burkina Faso | Réunion | Zimbabwe | Rwanda | Zambia | Sao Tome and Principe | Senegal | Seychelles | Sierra Leone | Somalia | Sudan | Namibia | Tanzania, United Republic of | Togo | Chad | Uganda | Central African Republic | Eritrea | Algeria | Libya | Morocco | Tunisia | Afghanistan | Bangladesh | Iran | Nepal | Pakistan | Sri Lanka | Fiji | Samoa | Tahiti | Tonga | Papua New Guinea | Nauru | New Caledonia | Solomon Islands | Kiribati | Cook Islands | Niue | Vanuatu | Tuvalu | Marshall Islands | Micronesia, Federated States of | Timor-Leste | Germany | Maldives | Saint Kitts and Nevis | Guam | Palau | Montenegro | Kosovo | South Sudan",Research/Doctorate/PhD,0,The Hanse-Wissenschaftskolleg (HWK) in Delmenhorst is an Institute for Advanced Study in the Northwest of Germany. Its fellowship programme offers outstanding researchers the opportunity to focus on research without the distraction of,DAAD,Germany,,,,,
3808,Government Scholarships Programme Mexico COMECYT-DAAD Master,Government Scholarships Programme Mexico COMECYT-DAAD Master,Graduates,"Languages and Cultural Studies | Law, Economics and Social Sciences | Mathematics and Natural Sciences | Human Medicine | Veterinary Medicine, Agricultural, Forest and Nutritional Sciences, Ecology | Engineering | Art, Music and Sport",Mexico,Research/Doctorate/PhD,1,Graduates receive a scholarship to complete a Master’s degree in Germany,DAAD,Germany,,,,,
3809,Government Scholarships Programme Mexico COMECYT-DAAD Promotion,Government Scholarships Programme Mexico COMECYT-DAAD Promotion,Doctoral candidates/PhD students,"Languages and Cultural Studies | Law, Economics and Social Sciences | Mathematics and Natural Sciences | Human Medicine | Veterinary Medicine, Agricultural, Forest and Nutritional Sciences, Ecology | Engineering | Art, Music and Sport",Mexico,Research/Doctorate/PhD,1,Graduates receive a scholarship to complete a doctoral degree in Germany.,DAAD,Germany,,,,,
3841,COLFUTURO MA,Country-related cooperation programme with Colombia (COLFUTURO - Fundación para el Futuro de Colombia) Master,Graduates,"Languages and Cultural Studies | Law, Economics and Social Sciences | Mathematics and Natural Sciences | Human Medicine | Veterinary Medicine, Agricultural, Forest and Nutritional Sciences, Ecology | Engineering | Art, Music and Sport",Colombia,Study,1,Graduates receive grants to complete a Master's degree in Germany,DAAD,Germany,,,,,
3842,COLFUTURO PhD,Country-related cooperation programme with Colombia (COLFUTURO - Fundación para el Futuro de Colombia) Promotion,Doctoral candidates/PhD students,"Languages and Cultural Studies | Law, Economics and Social Sciences | Mathematics and Natural Sciences | Human Medicine | Veterinary Medicine, Agricultural, Forest and Nutritional Sciences, Ecology | Engineering | Art, Music and Sport",Colombia,Research/Doctorate/PhD,1,Graduates receive grants to complete a doctoral degree in Germany,DAAD,Germany,,,,,
3889,Third Country Programme Latin America MA,Third Country Programme Latin America - Master,Graduates,Engineering,"Bolivia | Costa Rica | Ecuador | Guatemala | Honduras | Colombia | Paraguay | Peru | Venezuela, Bolivarian Republic of | Nicaragua | Guyana | Dominican Republic | El Salvador | Haiti | Belize | Jamaica | Antigua and Barbuda | Dominica | Grenada | Saint Lucia | Saint Vincent and the Grenadines",Study,1,This program awards scholarships to graduates pursuing a Master's degree in electrical engineering at the Universidad Nacional San Juan (Argentina).,DAAD,Germany,,,,,
3891,Co-financed Short-Term Research Grant Brazil,Co-funded Research Grants – Short-Term Grants - DAAD,Doctoral candidates/PhD students,"Languages and Cultural Studies | Law, Economics and Social Sciences | Mathematics and Natural Sciences | Human Medicine | Veterinary Medicine, Agricultural, Forest and Nutritional Sciences, Ecology | Engineering | Art, Music and Sport",Brazil,Research/Doctorate/PhD,1,DAAD research grants provide foreign doctoral candidates with an opportunity to take part in a study visit to Germany as part of their doctoral studies. ,DAAD,Germany,,,,,
3909,DAAD/BECAS Chile,DAAD/BECAS Chile,Graduates | Doctoral candidates/PhD students,"Languages and Cultural Studies | Law, Economics and Social Sciences | Mathematics and Natural Sciences | Human Medicine | Veterinary Medicine, Agricultural, Forest and Nutritional Sciences, Ecology | Engineering | Art, Music and Sport",Chile,Research/Doctorate/PhD,1,Cooperation between the National Committee for scientific and technological Research (ANID) and the German Academic Exchange Service (DAAD),DAAD,Germany,,,,,
3913,University Summer Courses,University Summer Courses offered in Germany for Foreign Students and Graduates,Undergraduates | Graduates,"Languages and Cultural Studies | Law, Economics and Social Sciences | Mathematics and Natural Sciences | Human Medicine | Veterinary Medicine, Agricultural, Forest and Nutritional Sciences, Ecology | Engineering | Art, Music and Sport","Egypt | Bulgaria | India | Indonesia | Israel | Kazakhstan | Croatia | Malaysia | Romania | Singapore | Slovakia | Slovenia | Turkey | Thailand | Czech Republic | Ukraine | China, PR | Cyprus | Estonia | Latvia | Lithuania | Denmark | Finland | France | Greece | Ireland | Italy | Japan | Canada | Netherlands | Norway | Poland | Portugal | Sweden | Spain | United Kingdom | Hungary | United States of America | Costa Rica | Ecuador | Guatemala | Colombia | Cuba | Mexico | Venezuela, Bolivarian Republic of | Nicaragua | Belgium | Palestinian Territories | Kenya | Luxembourg | Albania | Armenia | Azerbaijan | Belarus | Bosnia and Herzegovina | Georgia | Serbia | Kyrgyzstan | North Macedonia | Moldova, Republic of | Tajikistan | Turkmenistan | Uzbekistan | Iceland | Malta | San Marino | Vatican City | Iraq | Jordan | Lebanon | Oman | Saudi Arabia | Myanmar | Taiwan | Hong Kong (CN) | Korea, the Republic of | Lao People's Democratic Republic | Mongolia | Philippines | Vietnam | Ethiopia | Burundi | Benin | Côte d'Ivoire | Gabon | Ghana | Cameroon | Madagascar | Mali | Nigeria | Burkina Faso | Senegal | Sudan | Togo | Uganda | Algeria | Morocco | Tunisia | Bangladesh | Iran | Sri Lanka | Montenegro | Kosovo",Language Course,1,DAAD scholarships for students taking Bachelor's and Master's degree courses in all subjects wishing to improve their German proficiency and cultural knowledge of the country.,DAAD,Germany,,,,,
3920,German Centre for Integrative Biodiversity Research (iDiv): Graduate School Scholarship Programme (GSSP),German Centre for Integrative Biodiversity Research (iDiv): Graduate School Scholarship Programme (GSSP),Doctoral candidates/PhD students,"Languages and Cultural Studies | Law, Economics and Social Sciences | Veterinary Medicine, Agricultural, Forest and Nutritional Sciences, Ecology","South Africa | Egypt | India | Indonesia | Malaysia | Singapore | Thailand | China, PR | Uruguay | Argentina | Bolivia | Brazil | Chile | Costa Rica | Ecuador | Guatemala | Honduras | Colombia | Cuba | Panama | Paraguay | Peru | Venezuela, Bolivarian Republic of | Nicaragua | Palestinian Territories | Kenya | Bosnia and Herzegovina | Tajikistan | Turkmenistan | Bahrain | Iraq | Jordan | Qatar | Kuwait | Lebanon | Oman | Saudi Arabia | Yemen | Syrian Arab Republic (Syria) | United Arab Emirates | Bhutan | Myanmar | Brunei Darussalam | Cambodia | 107 | Lao People's Democratic Republic | Mongolia | Philippines | Vietnam | Guyana | Suriname | Bahamas | Barbados | Dominican Republic | El Salvador | Haiti | Belize | Jamaica | Trinidad and Tobago | Antigua and Barbuda | Dominica | Grenada | Saint Lucia | Saint Vincent and the Grenadines | Angola | Ethiopia | Botswana | Burundi | Benin | Côte d'Ivoire | Djibouti | Gabon | Gambia | Ghana | Guinea | Guinea-Bissau | Equatorial Guinea | Cameroon | Cape Verde | Congo | Congo, Democratic Republic | Lesotho | Liberia | Madagascar | Malawi | Mali | Mauritania | Mauritius | Mozambique | Comoros | Eswatani | Niger | Nigeria | Burkina Faso | Zimbabwe | Rwanda | Zambia | Sao Tome and Principe | Senegal | Seychelles | Sierra Leone | Somalia | Sudan | Namibia | Tanzania, United Republic of | Togo | Chad | Uganda | Central African Republic | Eritrea | Algeria | Libya | Morocco | Tunisia | Afghanistan | Bangladesh | Iran | Nepal | Pakistan | Sri Lanka | Fiji | Samoa | Tonga | Papua New Guinea | Nauru | Kiribati | Vanuatu | Marshall Islands | Micronesia, Federated States of | Timor-Leste | Maldives | Saint Kitts and Nevis | South Sudan",Research/Doctorate/PhD,0,"The yDiv Graduate School is looking for highly-motivated, international candidates from the Global South to apply for the DAAD GSSP Scholarships 2025 funded by the German Academic Exchange Service (DAAD). The research area is limited to the",DAAD,Germany,,,,,
3931,CAS-DAAD Regierungsstipendien - Programme for the Promotion of,CAS-DAAD-Programme / Joint Fellowship Programme for Doctoral Students of CAS,Doctoral candidates/PhD students,Mathematics and Natural Sciences | Human Medicine | Engineering,"China, PR",Research/Doctorate/PhD,1,With this programme doctoral students from institutes of Chinese Academy of Sciences (CAS) are provided the opportunity to perform part of their doctoral research in German universities and research institutions with the exception of,DAAD,Germany,,,,,
3949,PEA,Programme d'Etudes en Allemagne (PEA),Undergraduates,Languages and Cultural Studies,France,Study,1,Scholarships for French students of the faculties &quot;Langues étrangères appliqués&quot; and &quot;Langues et cultures étrangères&quot; for one semester stay in Germany,DAAD,Germany,,,,,
3952,TheMuseumsLab,TheMuseumsLab,Undergraduates | Postdoctoral researchers | Graduates | Doctoral candidates/PhD students | Faculty,"Languages and Cultural Studies | Law, Economics and Social Sciences | Mathematics and Natural Sciences | Human Medicine | Veterinary Medicine, Agricultural, Forest and Nutritional Sciences, Ecology | Engineering | Art, Music and Sport","Togo | Somalia | Seychelles | Sierra Leone | Morocco | Nigeria | Tunisia | Egypt | Libya | Germany | Uganda | South Africa | Sudan | Algeria | Eritrea | Tanzania, United Republic of | Namibia | South Sudan | Central African Republic | Mauritius | United Kingdom | Ireland | Iceland | Italy | Liechtenstein | Luxembourg | Malta | Monaco | Netherlands | Norway | Austria | Portugal | San Marino | Sweden | Switzerland | Spain | Turkey | Vatican City | Albania | Bulgaria | Poland | Romania | Czech Republic | Hungary | Latvia | Estonia | Lithuania | Ukraine | Moldova, Republic of | Armenia | Georgia | Slovakia | Slovenia | Croatia | Bosnia and Herzegovina | North Macedonia | Serbia | Montenegro | Kosovo | Angola | Ethiopia | Botswana | Burundi | Benin | Côte d'Ivoire | Djibouti | Gabon | Gambia | Ghana | Guinea | Guinea-Bissau | Equatorial Guinea | Cameroon | Cape Verde | Kenya | Congo | Congo, Democratic Republic | Lesotho | Liberia | Madagascar | Malawi | Mali | Mauritania | Senegal | Burkina Faso | Zimbabwe | Rwanda | Zambia | Sao Tome and Principe | Niger | Eswatani | Comoros | Andorra | Belgium | Cyprus | Denmark | Finland | France | Greece | Chad | Mozambique",Internship,1,"TheMuseumsLab is a joint learning and exchange programme for African and European museum professionals, consisting of three seminar modules and short residencies. The programme is taking place online and onsite in Europe and Africa.",DAAD,Germany,,,,,
3999,DLR/DAAD Research Fellowship Programme,DLR-DAAD Research Fellowship Programme,Postdoctoral researchers | Graduates | Doctoral candidates/PhD students | Faculty,Mathematics and Natural Sciences | Engineering,"South Africa | Egypt | Bulgaria | India | Indonesia | Israel | Kazakhstan | Croatia | Malaysia | Romania | Singapore | Slovakia | Slovenia | Turkey | Thailand | Czech Republic | Ukraine | China, PR | Cyprus | Estonia | Latvia | Lithuania | Australia | Denmark | Finland | France | Greece | Ireland | Austria | Italy | Japan | Canada | New Zealand | Netherlands | Norway | Poland | Portugal | Sweden | Switzerland | Spain | United Kingdom | Hungary | United States of America | Uruguay | Argentina | Bolivia | Brazil | Chile | Costa Rica | Ecuador | Guatemala | Honduras | Colombia | Cuba | Mexico | Panama | Paraguay | Peru | Venezuela, Bolivarian Republic of | Nicaragua | Belgium | Palestinian Territories | Kenya | Luxembourg | Albania | Armenia | Azerbaijan | Belarus | Bosnia and Herzegovina | Georgia | Serbia | Kyrgyzstan | North Macedonia | Moldova, Republic of | Tajikistan | Turkmenistan | Uzbekistan | Andorra | Iceland | Liechtenstein | Malta | Monaco | San Marino | Vatican City | Bahrain | Iraq | Jordan | Qatar | Kuwait | Lebanon | Oman | Saudi Arabia | Yemen | Syrian Arab Republic (Syria) | United Arab Emirates | Bhutan | Myanmar | Brunei Darussalam | Taiwan | Hong Kong (CN) | Cambodia | Korea, the Republic of | 107 | Lao People's Democratic Republic | Mongolia | Philippines | Vietnam | Guyana | Suriname | Bahamas | Barbados | Dominican Republic | El Salvador | Haiti | Belize | Jamaica | Trinidad and Tobago | Antigua and Barbuda | Dominica | Grenada | Saint Lucia | Saint Vincent and the Grenadines | Angola | Ethiopia | Botswana | Burundi | Benin | Côte d'Ivoire | Djibouti | Gabon | Gambia | Ghana | Guinea | Guinea-Bissau | Equatorial Guinea | Cameroon | Cape Verde | Congo | Congo, Democratic Republic | Lesotho | Liberia | Madagascar | Malawi | Mali | Mauritania | Mauritius | Mozambique | Comoros | Eswatani | Niger | Nigeria | Burkina Faso | Zimbabwe | Rwanda | Zambia | Sao Tome and Principe | Senegal | Seychelles | Sierra Leone | Somalia | Sudan | Namibia | Tanzania, United Republic of | Togo | Chad | Uganda | Central African Republic | Eritrea | Algeria | Libya | Morocco | Tunisia | Afghanistan | Bangladesh | Iran | Nepal | Pakistan | Sri Lanka | Fiji | Samoa | Tonga | Papua New Guinea | Nauru | Solomon Islands | Kiribati | Cook Islands | Niue | Vanuatu | Tuvalu | Marshall Islands | Micronesia, Federated States of | Timor-Leste | Germany | Maldives | Montenegro | Kosovo | South Sudan",Research/Doctorate/PhD,1,"This programme is implemented by the 'German Aerospace Center' (DLR) and the German Academic Exchange Service (DAAD). DLR is Germany's national research center for aeronautics and space.<br />
",DAAD,Germany,,,,,
4008,In-Country/In Region Scholarships Programme at AIT,In-Country/In Region Scholarships Programme at AIT,Graduates,"Law, Economics and Social Sciences | Veterinary Medicine, Agricultural, Forest and Nutritional Sciences, Ecology",Indonesia | Malaysia | Thailand | Myanmar | Cambodia | Lao People's Democratic Republic | Philippines | Vietnam | Timor-Leste,Study,1,Scholarships for development-related Master's studies at a higher education institution in Southeast Asia.,DAAD,Germany,,,,,
4009,In-Country/In Region Scholarships Programme at SEARCA FS,In-Country/In Region Scholarships Programme at SEARCA FS (Scholarship for PhD’s Studies),Doctoral candidates/PhD students,"Veterinary Medicine, Agricultural, Forest and Nutritional Sciences, Ecology",Thailand | Myanmar | Indonesia | Cambodia | Lao People's Democratic Republic | Malaysia | Philippines | Timor-Leste | Vietnam | Thailand | Myanmar | Indonesia | Cambodia | Lao People's Democratic Republic | Malaysia | Philippines | Timor-Leste | Vietnam | Thailand | Myanmar | Indonesia | Cambodia | Lao People's Democratic Republic | Malaysia | Philippines | Timor-Leste | Vietnam,Study | Research/Doctorate/PhD,1,Scholarships for development-related PhD’s studies at a higher education institution in Southeast Asia,DAAD,Germany,,,,,
4010,In-Country/In Region Scholarships Programme at SEARCA NRM,In-Country/In Region Scholarships Programme at SEARCA NRM (Scholarship for PhD’s Studies),Doctoral candidates/PhD students,"Veterinary Medicine, Agricultural, Forest and Nutritional Sciences, Ecology",Lao People's Democratic Republic | Malaysia | Philippines | Thailand | Vietnam | Timor-Leste | Cambodia | Myanmar | Indonesia | Myanmar | Timor-Leste | Lao People's Democratic Republic | Malaysia | Philippines | Thailand | Vietnam | Cambodia | Indonesia | Indonesia | Cambodia | Lao People's Democratic Republic | Malaysia | Philippines | Thailand | Vietnam | Myanmar | Timor-Leste | Cambodia | Lao People's Democratic Republic | Malaysia | Philippines | Thailand | Vietnam | Myanmar | Timor-Leste | Indonesia,Study | Research/Doctorate/PhD,1,Scholarships for development-related PhD’s  studies at a higher education institution in Southeast Asia,DAAD,Germany,,,,,
4011,In-Country/In Region Scholarships Programme at UGM,In-Country/In Region Scholarships Programme at UGM,Graduates,Mathematics and Natural Sciences,Indonesia | Malaysia | Thailand | Myanmar | Cambodia | Lao People's Democratic Republic | Philippines | Vietnam | Timor-Leste,Study,1,Scholarships for development-related Master's studies at a higher education institution in Southeast Asia,DAAD,Germany,,,,,
4012,In-Country/In Region Scholarships Programme at IITD,In-Country/In Region Scholarships Programme at IITD (Scholarship for Master’s Studies),Graduates,Mathematics and Natural Sciences,Bhutan | Bangladesh | Nepal | Sri Lanka,Study,1,Scholarships for development-related Master’s studies at at the IIT Delhi,DAAD,Germany,,,,,
4013,In-Country/In Region Scholarships Programme at SEARCA FS,In-Country/In Region Scholarships Programme at SEARCA FS (Scholarship for Master’s Studies),Graduates,"Veterinary Medicine, Agricultural, Forest and Nutritional Sciences, Ecology",Malaysia | Philippines | Cambodia | Lao People's Democratic Republic | Indonesia | Myanmar | Timor-Leste | Thailand | Vietnam | Thailand | Philippines | Malaysia | Lao People's Democratic Republic | Cambodia | Indonesia | Myanmar | Timor-Leste | Vietnam | Myanmar | Thailand | Philippines | Malaysia | Lao People's Democratic Republic | Cambodia | Indonesia | Timor-Leste | Vietnam,Study,1,Scholarships for development-related Master’s studies at a higher education institution in Southeast Asia,DAAD,Germany,,,,,
4014,In-Country/In Region Scholarships Programme at SEARCA NRM,In-Country/In Region Scholarships Programme at SEARCA NRM (Scholarship for Master's Studies),Graduates,"Veterinary Medicine, Agricultural, Forest and Nutritional Sciences, Ecology",Indonesia | Indonesia | Indonesia | Indonesia | Malaysia | Malaysia | Malaysia | Malaysia | Thailand | Thailand | Thailand | Thailand | Myanmar | Myanmar | Myanmar | Myanmar | Cambodia | Cambodia | Cambodia | Cambodia | Lao People's Democratic Republic | Lao People's Democratic Republic | Lao People's Democratic Republic | Lao People's Democratic Republic | Philippines | Philippines | Philippines | Philippines | Vietnam | Vietnam | Vietnam | Vietnam | Timor-Leste | Timor-Leste | Timor-Leste | Timor-Leste,Study,1,Scholarships for development-related Master’s studies at a higher education institution in Southeast Asia,DAAD,Germany,,,,,
4015,"University of Konstanz: ZUKOnnect Fellowships for Scholars from Africa, Asia and Latin America","University of Konstanz: ZUKOnnect Fellowships for Scholars from Africa, Asia and Latin America",Postdoctoral researchers | Doctoral candidates/PhD students,"Languages and Cultural Studies | Law, Economics and Social Sciences | Mathematics and Natural Sciences","South Africa | Egypt | India | Indonesia | Israel | Kazakhstan | Malaysia | Singapore | Turkey | Thailand | China, PR | Japan | 38 | Uruguay | Argentina | Bolivia | Brazil | Chile | Costa Rica | Ecuador | Guatemala | Honduras | Colombia | Cuba | Mexico | Panama | Paraguay | Peru | Venezuela, Bolivarian Republic of | Nicaragua | Palestinian Territories | Kenya | Armenia | Azerbaijan | Georgia | Kyrgyzstan | Tajikistan | Turkmenistan | Uzbekistan | Bahrain | Iraq | Jordan | Qatar | Kuwait | Lebanon | Oman | Saudi Arabia | Yemen | Syrian Arab Republic (Syria) | United Arab Emirates | Bhutan | Myanmar | Brunei Darussalam | Taiwan | Cambodia | Korea, the Republic of | 107 | Lao People's Democratic Republic | Mongolia | Philippines | Vietnam | Dominican Republic | El Salvador | Puerto Rico | Angola | Ethiopia | Botswana | Burundi | Benin | Côte d'Ivoire | Djibouti | Gabon | Gambia | Ghana | Guinea | Guinea-Bissau | Equatorial Guinea | Cameroon | Cape Verde | Congo | Congo, Democratic Republic | Lesotho | Liberia | Madagascar | Malawi | Mali | Mauritania | Mauritius | Mozambique | Comoros | Eswatani | Niger | Nigeria | Burkina Faso | Zimbabwe | Rwanda | Zambia | Sao Tome and Principe | Senegal | Seychelles | Sierra Leone | Somalia | Sudan | Namibia | Tanzania, United Republic of | Togo | Chad | Uganda | Central African Republic | Eritrea | Algeria | Libya | Morocco | Tunisia | Afghanistan | Bangladesh | Iran | Nepal | Pakistan | Sri Lanka | Timor-Leste | Maldives | South Sudan",Research/Doctorate/PhD,0,"The Zukunftskolleg Konnect Fellowships support early career researchers from Africa, Asia and Latin America, who do research that fits one of the 13 departments at the University of Konstanz. As a ZUKOnnect Fellow, you can use this time to",DAAD,Germany,,,,,
4018,University Clinic Bonn: Research Training Group dedicated to the development and epileptogenesis of dysplasias,University Clinic Bonn: Research Training Group dedicated to the development and epileptogenesis of dysplasias,Doctoral candidates/PhD students,Mathematics and Natural Sciences | Human Medicine,"South Africa | Egypt | Bulgaria | India | Indonesia | Israel | Kazakhstan | Croatia | Malaysia | Romania | Singapore | Slovakia | Slovenia | Turkey | Thailand | Czech Republic | Ukraine | China, PR | Cyprus | Estonia | Latvia | Lithuania | Australia | Denmark | Finland | France | Greece | Ireland | Austria | Italy | Japan | Canada | New Zealand | Netherlands | Norway | Poland | Portugal | 38 | Sweden | Switzerland | Spain | United Kingdom | Hungary | United States of America | Uruguay | Argentina | Bolivia | Brazil | Chile | Costa Rica | Ecuador | Guatemala | Honduras | Colombia | Cuba | Mexico | Panama | Paraguay | Peru | Venezuela, Bolivarian Republic of | Nicaragua | Belgium | Palestinian Territories | Kenya | Luxembourg | Albania | Armenia | Azerbaijan | Belarus | Bosnia and Herzegovina | Georgia | Serbia | Kyrgyzstan | North Macedonia | Moldova, Republic of | Tajikistan | Turkmenistan | Uzbekistan | Andorra | Iceland | Liechtenstein | Malta | Monaco | San Marino | Vatican City | Bahrain | Iraq | Jordan | Qatar | Kuwait | Lebanon | Oman | Saudi Arabia | Yemen | Syrian Arab Republic (Syria) | United Arab Emirates | Bhutan | Myanmar | Brunei Darussalam | Taiwan | Hong Kong (CN) | Cambodia | Korea, the Republic of | 107 | Lao People's Democratic Republic | Macao (CN) | Mongolia | Philippines | Vietnam | Guyana | French Guayana | Suriname | Bahamas | Barbados | Bermudas | Dominican Republic | El Salvador | Guadeloupe | Haiti | Belize | Jamaica | Montserrat | Martinique | The Dutch Antilles | Puerto Rico | Trinidad and Tobago | Anguilla | Antigua and Barbuda | Dominica | Grenada | Saint Lucia | Saint Vincent and the Grenadines | Angola | Ethiopia | Botswana | Burundi | Benin | Côte d'Ivoire | Djibouti | Gabon | Gambia | Ghana | Guinea | Guinea-Bissau | Equatorial Guinea | Cameroon | Cape Verde | Congo | Congo, Democratic Republic | Lesotho | Liberia | Madagascar | Malawi | Mali | Mauritania | Mauritius | Mozambique | Comoros | Eswatani | Niger | Nigeria | Burkina Faso | Réunion | Zimbabwe | Rwanda | Zambia | Sao Tome and Principe | Senegal | Seychelles | Sierra Leone | Somalia | Sudan | Namibia | Tanzania, United Republic of | Togo | Chad | Uganda | Central African Republic | Eritrea | Algeria | Libya | Morocco | Tunisia | Afghanistan | Bangladesh | Iran | Nepal | Pakistan | Sri Lanka | Fiji | Samoa | Tahiti | Tonga | Papua New Guinea | Nauru | New Caledonia | Solomon Islands | Kiribati | Cook Islands | Niue | Vanuatu | Tuvalu | Marshall Islands | Micronesia, Federated States of | Timor-Leste | Germany | Maldives | Saint Kitts and Nevis | Guam | Palau | Montenegro | Kosovo | South Sudan",Research/Doctorate/PhD,0,This Research Training Group (RTG) offers an integrated research and graduate programme for PhD and MD students at the Medical and Mathematical and Natural Sciences Faculties of the University of Bonn and the DZNE funded by the German,DAAD,Germany,,,,,
4021,Study Scholarships - Master Studies for All Academic Disciplines,Study Scholarships - Master Studies for All Academic Disciplines,Graduates,"Languages and Cultural Studies | Law, Economics and Social Sciences | Mathematics and Natural Sciences | Human Medicine | Veterinary Medicine, Agricultural, Forest and Nutritional Sciences, Ecology | Engineering | Art, Music and Sport","Bulgaria | Israel | Kazakhstan | Croatia | Romania | Singapore | Slovakia | Slovenia | Czech Republic | Ukraine | Cyprus | Estonia | Latvia | Lithuania | Australia | Denmark | Finland | France | Greece | Ireland | Austria | Italy | Japan | Canada | New Zealand | Netherlands | Norway | Poland | Portugal | Sweden | Switzerland | Spain | United Kingdom | Hungary | United States of America | Belgium | Palestinian Territories | Luxembourg | Albania | Armenia | Azerbaijan | Belarus | Bosnia and Herzegovina | Georgia | Serbia | Kyrgyzstan | North Macedonia | Moldova, Republic of | Tajikistan | Turkmenistan | Uzbekistan | Andorra | Iceland | Liechtenstein | Malta | Monaco | San Marino | Vatican City | Yemen | Syrian Arab Republic (Syria) | Korea, the Republic of | Afghanistan | Montenegro | Kosovo",Study,1,DAAD scholarships for graduates with a first academic degree wishing to continue their academic training in Germany with a postgraduate course of study.,DAAD,Germany,,,,,
4022,Study Scholarships - Postgraduate Studies in the Field of the Performing,Study Scholarships - Postgraduate Studies in the Field of the Performing Arts,Graduates,"Art, Music and Sport","Nepal | Pakistan | Kenya | Congo | Congo, Democratic Republic | Lesotho | New Zealand | Liberia | Madagascar | Malawi | Mali | Mauritania | Mauritius | Mozambique | Andorra | Belgium | Cyprus | Denmark | Finland | France | Greece | United Kingdom | Ireland | Iceland | Italy | Liechtenstein | Luxembourg | Malta | Monaco | Netherlands | Norway | Austria | Portugal | San Marino | Sweden | Switzerland | Spain | Turkey | Vatican City | Albania | Bulgaria | Poland | Romania | Czech Republic | Hungary | Latvia | Estonia | Lithuania | Ukraine | Belarus | Moldova, Republic of | Armenia | Azerbaijan | Georgia | Turkmenistan | Kazakhstan | Uzbekistan | Kyrgyzstan | Tajikistan | Slovakia | Slovenia | Croatia | Bosnia and Herzegovina | North Macedonia | Serbia | Montenegro | Kosovo | Iraq | Israel | Jordan | Lebanon | Oman | Palestinian Territories | Saudi Arabia | Yemen | Syrian Arab Republic (Syria) | Bhutan | Myanmar | China, PR | Taiwan | Hong Kong (CN) | Indonesia | Japan | Cambodia | Korea, the Republic of | Lao People's Democratic Republic | Macao (CN) | Malaysia | Mongolia | Philippines | Singapore | Thailand | Vietnam | Canada | United States of America | Argentina | Bolivia | Brazil | Chile | Ecuador | Guyana | Suriname | Colombia | Paraguay | Peru | Uruguay | Venezuela, Bolivarian Republic of | Bahamas | Barbados | Honduras | Costa Rica | Cuba | Dominican Republic | El Salvador | Guatemala | Haiti | Belize | Jamaica | Mexico | Nicaragua | Panama | Trinidad and Tobago | Antigua and Barbuda | Dominica | Grenada | Saint Lucia | Saint Vincent and the Grenadines | Saint Kitts and Nevis | Angola | Ethiopia | Botswana | Burundi | Benin | Côte d'Ivoire | Djibouti | Gabon | Gambia | Ghana | Guinea | Guinea-Bissau | Equatorial Guinea | Cameroon | Cape Verde | Australia | Sri Lanka | Egypt | Afghanistan | Bangladesh | India | Iran | Tunisia | Comoros | Eswatani | Niger | Nigeria | Burkina Faso | Zimbabwe | Rwanda | Zambia | Sao Tome and Principe | Senegal | Seychelles | Sierra Leone | Somalia | South Africa | Sudan | Namibia | Tanzania, United Republic of | Togo | Chad | Uganda | Central African Republic | South Sudan | Algeria | Libya | Morocco",Study | 8,1,DAAD scholarships that allow students to continue their academic training with a postgraduate or continuing course of study in Germany,DAAD,Germany,,,,,
4023,Research Grants - Doctoral Programmes in Germany,Doctoral Programmes in Germany,Graduates | Doctoral candidates/PhD students,"Languages and Cultural Studies | Law, Economics and Social Sciences | Mathematics and Natural Sciences | Human Medicine | Veterinary Medicine, Agricultural, Forest and Nutritional Sciences, Ecology | Engineering | Art, Music and Sport","South Africa | Egypt | India | Indonesia | Israel | Kazakhstan | Malaysia | Turkey | Thailand | Ukraine | China, PR | Japan | Uruguay | Argentina | Bolivia | Brazil | Chile | Costa Rica | Ecuador | Guatemala | Honduras | Colombia | Cuba | Mexico | Panama | Paraguay | Peru | Venezuela, Bolivarian Republic of | Nicaragua | Palestinian Territories | Kenya | Albania | Armenia | Azerbaijan | Belarus | Bosnia and Herzegovina | Georgia | Serbia | Kyrgyzstan | North Macedonia | Moldova, Republic of | Tajikistan | Turkmenistan | Uzbekistan | Iraq | Jordan | Lebanon | Yemen | Syrian Arab Republic (Syria) | Bhutan | Myanmar | Taiwan | Hong Kong (CN) | Cambodia | Korea, the Republic of | Lao People's Democratic Republic | Macao (CN) | Mongolia | Philippines | Vietnam | Guyana | Suriname | Dominican Republic | El Salvador | Haiti | Belize | Jamaica | Dominica | Grenada | Saint Lucia | Saint Vincent and the Grenadines | Angola | Ethiopia | Botswana | Burundi | Benin | Côte d'Ivoire | Djibouti | Gabon | Gambia | Ghana | Guinea | Guinea-Bissau | Equatorial Guinea | Cameroon | Cape Verde | Congo | Congo, Democratic Republic | Lesotho | Liberia | Madagascar | Malawi | Mali | Mauritania | Mauritius | Mozambique | Comoros | Eswatani | Niger | Nigeria | Burkina Faso | Zimbabwe | Rwanda | Zambia | Sao Tome and Principe | Senegal | Seychelles | Sierra Leone | Somalia | Sudan | Namibia | Tanzania, United Republic of | Togo | Chad | Uganda | Central African Republic | Algeria | Libya | Morocco | Tunisia | Afghanistan | Bangladesh | Iran | Nepal | Pakistan | Sri Lanka | Montenegro | Kosovo | South Sudan",Research/Doctorate/PhD,1,"DAAD grants for young scientists and academics wishing to improve their academic qualifications with a doctoral degree in Germany.<br />
",DAAD,Germany,,,,,
4024,"Study Scholarships - Postgraduate Studies in the Fields of Fine Art,","Study Scholarships - Postgraduate Studies in the Fields of Fine Art, Design, Visual Communication and Film",Graduates,"Engineering | Art, Music and Sport","South Africa | Egypt | Bulgaria | India | Indonesia | Israel | Kazakhstan | Croatia | Malaysia | Romania | Singapore | Slovakia | Slovenia | Turkey | Thailand | Czech Republic | Ukraine | China, PR | Cyprus | Estonia | Latvia | Lithuania | Australia | Denmark | Finland | France | Greece | Ireland | Austria | Italy | Japan | Canada | New Zealand | Netherlands | Norway | Poland | Portugal | Sweden | Switzerland | Spain | United Kingdom | Hungary | United States of America | Uruguay | Argentina | Bolivia | Brazil | Chile | Costa Rica | Ecuador | Guatemala | Honduras | Colombia | Cuba | Mexico | Panama | Paraguay | Peru | Venezuela, Bolivarian Republic of | Nicaragua | Belgium | Palestinian Territories | Kenya | Luxembourg | Albania | Armenia | Azerbaijan | Belarus | Bosnia and Herzegovina | Georgia | Serbia | Kyrgyzstan | North Macedonia | Moldova, Republic of | Tajikistan | Turkmenistan | Uzbekistan | Andorra | Iceland | Liechtenstein | Malta | Monaco | San Marino | Vatican City | Iraq | Jordan | Lebanon | Oman | Saudi Arabia | Yemen | Syrian Arab Republic (Syria) | Bhutan | Myanmar | Taiwan | Hong Kong (CN) | Cambodia | Korea, the Republic of | Lao People's Democratic Republic | Macao (CN) | Mongolia | Philippines | Vietnam | Guyana | Suriname | Bahamas | Barbados | Dominican Republic | El Salvador | Haiti | Belize | Jamaica | Trinidad and Tobago | Antigua and Barbuda | Dominica | Grenada | Saint Lucia | Saint Vincent and the Grenadines | Angola | Ethiopia | Botswana | Burundi | Benin | Côte d'Ivoire | Djibouti | Gabon | Gambia | Ghana | Guinea | Guinea-Bissau | Equatorial Guinea | Cameroon | Cape Verde | Congo | Congo, Democratic Republic | Lesotho | Liberia | Madagascar | Malawi | Mali | Mauritania | Mauritius | Mozambique | Comoros | Eswatani | Niger | Nigeria | Burkina Faso | Zimbabwe | Rwanda | Zambia | Sao Tome and Principe | Senegal | Seychelles | Sierra Leone | Somalia | Sudan | Namibia | Tanzania, United Republic of | Togo | Chad | Uganda | Central African Republic | Eritrea | Algeria | Libya | Morocco | Tunisia | Afghanistan | Bangladesh | Iran | Nepal | Pakistan | Sri Lanka | Saint Kitts and Nevis | Montenegro | Kosovo | South Sudan",Study,1,DAAD scholarships that allow students to continue their academic training with a postgraduate or continuing course of study in Germany,DAAD,Germany,,,,,
4025,Study Scholarships - Postgraduate Studies in the Field of Music,Study Scholarships - Postgraduate Studies in the Field of Music,Graduates,"Art, Music and Sport","South Africa | Egypt | Bulgaria | India | Indonesia | Israel | Kazakhstan | Croatia | Malaysia | Romania | Singapore | Slovakia | Slovenia | Turkey | Thailand | Czech Republic | Ukraine | China, PR | Cyprus | Estonia | Latvia | Lithuania | Australia | Denmark | Finland | France | Greece | Ireland | Austria | Italy | Japan | Canada | New Zealand | Netherlands | Norway | Poland | Portugal | Sweden | Switzerland | Spain | United Kingdom | Hungary | United States of America | Uruguay | Argentina | Bolivia | Brazil | Chile | Costa Rica | Ecuador | Guatemala | Honduras | Colombia | Cuba | Mexico | Panama | Paraguay | Peru | Venezuela, Bolivarian Republic of | Nicaragua | Belgium | Palestinian Territories | Kenya | Luxembourg | Albania | Armenia | Azerbaijan | Belarus | Bosnia and Herzegovina | Georgia | Serbia | Kyrgyzstan | North Macedonia | Moldova, Republic of | Tajikistan | Turkmenistan | Uzbekistan | Andorra | Iceland | Liechtenstein | Malta | Monaco | San Marino | Vatican City | Iraq | Jordan | Lebanon | Oman | Saudi Arabia | Yemen | Syrian Arab Republic (Syria) | Bhutan | Myanmar | Taiwan | Hong Kong (CN) | Cambodia | Korea, the Republic of | Lao People's Democratic Republic | Macao (CN) | Mongolia | Philippines | Vietnam | Guyana | Suriname | Bahamas | Barbados | Dominican Republic | El Salvador | Haiti | Belize | Jamaica | Trinidad and Tobago | Antigua and Barbuda | Dominica | Grenada | Saint Lucia | Saint Vincent and the Grenadines | Angola | Ethiopia | Botswana | Burundi | Benin | Côte d'Ivoire | Djibouti | Gabon | Gambia | Ghana | Guinea | Guinea-Bissau | Equatorial Guinea | Cameroon | Cape Verde | Congo | Congo, Democratic Republic | Lesotho | Liberia | Madagascar | Malawi | Mali | Mauritania | Mauritius | Mozambique | Comoros | Eswatani | Niger | Nigeria | Burkina Faso | Zimbabwe | Rwanda | Zambia | Sao Tome and Principe | Senegal | Seychelles | Sierra Leone | Somalia | Sudan | Namibia | Tanzania, United Republic of | Togo | Chad | Uganda | Central African Republic | Algeria | Libya | Morocco | Tunisia | Afghanistan | Bangladesh | Iran | Nepal | Pakistan | Sri Lanka | Saint Kitts and Nevis | Montenegro | Kosovo | South Sudan",Study,1,DAAD scholarships that allow students to continue their academic training with a postgraduate or continuing course of study in Germany,DAAD,Germany,,,,,
4026,Study Scholarships - Postgraduate Studies in the Field of Architecture,Study Scholarships - Postgraduate Studies in the Field of Architecture,Graduates,Engineering,"New Zealand | Australia | Sri Lanka | Pakistan | Nepal | Iran | India | Bangladesh | Afghanistan | Egypt | Tunisia | Morocco | Libya | Algeria | South Sudan | Central African Republic | Uganda | Chad | Togo | Tanzania, United Republic of | Namibia | Sudan | South Africa | Somalia | Sierra Leone | Seychelles | Senegal | Sao Tome and Principe | Zambia | Rwanda | Zimbabwe | Burkina Faso | Nigeria | Niger | Eswatani | Comoros | Mozambique | Mauritius | Mauritania | Mali | Malawi | Madagascar | Liberia | Lesotho | Congo, Democratic Republic | Congo | Kenya | Cape Verde | Cameroon | Equatorial Guinea | Guinea-Bissau | Guinea | Ghana | Gambia | Gabon | Djibouti | Côte d'Ivoire | Benin | Burundi | Botswana | Ethiopia | Angola | Saint Kitts and Nevis | Saint Vincent and the Grenadines | Saint Lucia | Grenada | Dominica | Antigua and Barbuda | Trinidad and Tobago | Panama | Nicaragua | Mexico | Jamaica | Belize | Haiti | Guatemala | El Salvador | Dominican Republic | Cuba | Costa Rica | Honduras | Barbados | Bahamas | Venezuela, Bolivarian Republic of | Uruguay | Peru | Paraguay | Colombia | Suriname | Guyana | Ecuador | Chile | Brazil | Bolivia | Argentina | United States of America | Canada | Vietnam | Thailand | Singapore | Philippines | Mongolia | Malaysia | Macao (CN) | Lao People's Democratic Republic | Korea, the Republic of | Cambodia | Japan | Indonesia | Hong Kong (CN) | Taiwan | China, PR | Myanmar | Bhutan | Syrian Arab Republic (Syria) | Yemen | Saudi Arabia | Palestinian Territories | Oman | Lebanon | Jordan | Israel | Iraq | Kosovo | Montenegro | Serbia | North Macedonia | Bosnia and Herzegovina | Croatia | Slovenia | Slovakia | Tajikistan | Kyrgyzstan | Uzbekistan | Kazakhstan | Turkmenistan | Georgia | Azerbaijan | Armenia | Moldova, Republic of | Belarus | Ukraine | Lithuania | Estonia | Latvia | Hungary | Czech Republic | Romania | Poland | Bulgaria | Albania | Vatican City | Turkey | Spain | Switzerland | Sweden | San Marino | Portugal | Austria | Norway | Netherlands | Monaco | Malta | Luxembourg | Liechtenstein | Italy | Iceland | Ireland | United Kingdom | Greece | France | Finland | Denmark | Cyprus | Belgium | Andorra",Study,1,DAAD scholarships allowing students to continue their academic training with a postgraduate or continuing course of study in Germany,DAAD,Germany,,,,,
4027,Research Grants - Bi-nationally Supervised Doctoral Degrees/Cotutelle,Bi-nationally Supervised Doctoral Degrees / Cotutelle,Graduates | Doctoral candidates/PhD students,"Languages and Cultural Studies | Law, Economics and Social Sciences | Mathematics and Natural Sciences | Human Medicine | Veterinary Medicine, Agricultural, Forest and Nutritional Sciences, Ecology | Engineering | Art, Music and Sport","South Africa | Egypt | Bulgaria | India | Indonesia | Israel | Kazakhstan | Croatia | Malaysia | Romania | Singapore | Slovakia | Slovenia | Turkey | Thailand | Czech Republic | Ukraine | Cyprus | Estonia | Latvia | Lithuania | Australia | Denmark | Finland | France | Greece | Ireland | Austria | Italy | Japan | Canada | New Zealand | Netherlands | Norway | Poland | Portugal | Sweden | Switzerland | Spain | United Kingdom | Hungary | United States of America | Uruguay | Argentina | Bolivia | Brazil | Chile | Costa Rica | Ecuador | Guatemala | Honduras | Colombia | Cuba | Mexico | Panama | Paraguay | Peru | Venezuela, Bolivarian Republic of | Nicaragua | Belgium | Kenya | Luxembourg | Albania | Armenia | Azerbaijan | Belarus | Bosnia and Herzegovina | Georgia | Serbia | Kyrgyzstan | North Macedonia | Moldova, Republic of | Tajikistan | Turkmenistan | Uzbekistan | Andorra | Iceland | Liechtenstein | Malta | Monaco | San Marino | Vatican City | Jordan | Lebanon | Yemen | Bhutan | Myanmar | Taiwan | Cambodia | Korea, the Republic of | Lao People's Democratic Republic | Mongolia | Philippines | Vietnam | Guyana | Suriname | Bahamas | Barbados | Dominican Republic | El Salvador | Haiti | Belize | Jamaica | Trinidad and Tobago | Antigua and Barbuda | Dominica | Grenada | Saint Lucia | Saint Vincent and the Grenadines | Angola | Ethiopia | Botswana | Burundi | Benin | Côte d'Ivoire | Djibouti | Gabon | Gambia | Ghana | Guinea | Guinea-Bissau | Equatorial Guinea | Cameroon | Cape Verde | Congo | Congo, Democratic Republic | Lesotho | Liberia | Madagascar | Malawi | Mali | Mauritania | Mauritius | Mozambique | Comoros | Eswatani | Niger | Nigeria | Burkina Faso | Zimbabwe | Rwanda | Zambia | Sao Tome and Principe | Senegal | Seychelles | Sierra Leone | Somalia | Sudan | Namibia | Tanzania, United Republic of | Togo | Chad | Uganda | Central African Republic | Algeria | Libya | Morocco | Tunisia | Bangladesh | Iran | Nepal | Pakistan | Sri Lanka | Saint Kitts and Nevis | Montenegro | Kosovo | South Sudan",Research/Doctorate/PhD,1,DAAD grants for doctoral candidates and young scientists and academics whose doctoral degrees are supervised both by a university teacher at the home university and an academic adviser at the host institute in Germany ,DAAD,Germany,,,,,
4028,Study scholarships for STEM disciplines,Study scholarships for STEM disciplines,Graduates,Mathematics and Natural Sciences | Engineering,"Timor-Leste | Kenya | Ghana | Panama | Nicaragua | Mexico | Belize | Guatemala | El Salvador | Dominican Republic | Costa Rica | Honduras | Venezuela, Bolivarian Republic of | Peru | Colombia | Ecuador | Vietnam | Thailand | Malaysia | Lao People's Democratic Republic | Cambodia | Indonesia | Myanmar | Jordan",Study,1,"DAAD scholarships for Master's degrees in innovation-driving STEM fields to support the qualification and employability of young academics and future professionals from developing and emerging countries.<br />
",DAAD,Germany,,,,,
4029,ERP Study Scholarships for Graduates of Economics and Business,ERP Study Scholarships for Graduates of Economics and Business Administration,Graduates,"Law, Economics and Social Sciences","Kazakhstan | Ukraine | Armenia | Azerbaijan | Belarus | Georgia | Serbia | Kyrgyzstan | Moldova, Republic of | Tajikistan | Turkmenistan | Uzbekistan",Study,1,"One-year DAAD scholarships as part of two-year Master's study programmes for countries in Eastern, Central Eastern and Southeastern Europe",DAAD,Germany,,,,,
4031,DAAD-K.C.Wong Postdoc Fellowships,DAAD-K.C.Wong Postdoc Fellowships,Postdoctoral researchers,"Mathematics and Natural Sciences | Human Medicine | Veterinary Medicine, Agricultural, Forest and Nutritional Sciences, Ecology | Engineering","China, PR",Research/Doctorate/PhD,1,"The research grants allow Chinese scientists and academics from the natural sciences, mathematics, engineering, agriculture and medicine to carry out research in Germany.",DAAD,Germany,,,,,
4038,DAAD-Short-term scholarships for master's degree students,DAAD-Short-term scholarships for master's degree students,Graduates,"Languages and Cultural Studies | Law, Economics and Social Sciences | Mathematics and Natural Sciences | Human Medicine | Veterinary Medicine, Agricultural, Forest and Nutritional Sciences, Ecology | Engineering | Art, Music and Sport","China, PR",Research/Doctorate/PhD,1,The scholarships offer Chinese students from all disciplines the opportunity to undertake research in Germany as part of their Master's thesis.,DAAD,Germany,,,,,
4045,University Winter Courses,University Winter Courses in Germany for Foreign Students and Graduates,Undergraduates | Graduates,"Languages and Cultural Studies | Law, Economics and Social Sciences | Mathematics and Natural Sciences | Human Medicine | Veterinary Medicine, Agricultural, Forest and Nutritional Sciences, Ecology | Engineering | Art, Music and Sport",Australia | Namibia | South Africa | Zimbabwe | Mozambique | Uruguay | Peru | Paraguay | Colombia | Ecuador | Chile | Brazil | Argentina | New Zealand,Language Course,1,"DAAD scholarships for students, graduates and doctoral candidates to improve German language skills",DAAD,Germany,,,,,
4047,SECIHTI,"Cooperation programme with Mexico (SECIHTI – Secretaría de Ciencia, Humanidades, Tecnología e Innovación) Master",Graduates,"Languages and Cultural Studies | Law, Economics and Social Sciences | Mathematics and Natural Sciences | Human Medicine | Veterinary Medicine, Agricultural, Forest and Nutritional Sciences, Ecology | Engineering | Art, Music and Sport",Mexico,Study,1,The aim of this joint scholarship programme of DAAD and SECIHTI is to support the qualification and employability of young academics and future professionals from Mexico.,DAAD,Germany,,,,,
4048,GROW – Programm Line 1,GROW – Global Research Opportunities for the South,Postdoctoral researchers | Graduates | Doctoral candidates/PhD students | Faculty,"Languages and Cultural Studies | Law, Economics and Social Sciences | Mathematics and Natural Sciences | Human Medicine | Veterinary Medicine, Agricultural, Forest and Nutritional Sciences, Ecology | Engineering | Art, Music and Sport","Palau | Timor-Leste | Micronesia, Federated States of | Marshall Islands | Tuvalu | Vanuatu | Niue | Cook Islands | Kiribati | Solomon Islands | Nauru | Papua New Guinea | Tonga | Samoa | Fiji | Sri Lanka | Nepal | India | Bangladesh | South Sudan | Central African Republic | Uganda | Chad | Togo | Tanzania, United Republic of | Namibia | Sudan | South Africa | Somalia | Sierra Leone | Seychelles | Senegal | Sao Tome and Principe | Zambia | Rwanda | Zimbabwe | Burkina Faso | Nigeria | Niger | Eswatani | Comoros | Mozambique | Mauritius | Mauritania | Mali | Malawi | Madagascar | Liberia | Lesotho | Congo, Democratic Republic | Congo | Kenya | Cape Verde | Cameroon | Equatorial Guinea | Guinea-Bissau | Guinea | Ghana | Gambia | Gabon | Djibouti | Côte d'Ivoire | Benin | Burundi | Botswana | Ethiopia | Angola | Saint Vincent and the Grenadines | Saint Lucia | Grenada | Dominica | Panama | Nicaragua | Mexico | Jamaica | Belize | Haiti | Guatemala | El Salvador | Dominican Republic | Cuba | Costa Rica | Honduras | Venezuela, Bolivarian Republic of | Peru | Paraguay | Colombia | Suriname | Guyana | Ecuador | Brazil | Bolivia | Argentina | Vietnam | Thailand | Philippines | Mongolia | Maldives | Malaysia | Lao People's Democratic Republic | Cambodia | Indonesia | Myanmar | Bhutan",Research/Doctorate/PhD,1,"The programme is aimed at early career researchers as well as established academics and scientists from countries on the OECD DAC list in Latin America, Asia and Sub Saharan Africa.",DAAD,Germany,,,,,
4051,Combined Study and Practice Stays for Engineers from Developing,Combined Study and Practice Stays for Engineers from Developing Countries (KOSPIE) with Indian IITs,Graduates,Mathematics and Natural Sciences | Engineering,India | Bangladesh | Nepal,Study,1,Scholarships for Master's students from Indian Institutes of Technology (IIT),DAAD,Germany,,,,,
4052,Re-invitation Programme for Former Scholarship Holders,Re-invitation Programme for Former Scholarship Holders,Postdoctoral researchers | Graduates | Faculty,"Languages and Cultural Studies | Law, Economics and Social Sciences | Mathematics and Natural Sciences | Human Medicine | Veterinary Medicine, Agricultural, Forest and Nutritional Sciences, Ecology | Engineering | Art, Music and Sport","New Zealand | Fiji | Australia | Sri Lanka | Pakistan | Nepal | Iran | India | Bangladesh | Egypt | Tunisia | Libya | Morocco | Algeria | South Sudan | Central African Republic | Uganda | Chad | Togo | Tanzania, United Republic of | Namibia | Sudan | South Africa | Somalia | Sierra Leone | Seychelles | Senegal | Sao Tome and Principe | Zambia | Rwanda | Zimbabwe | Burkina Faso | Nigeria | Niger | Eswatani | Comoros | Mozambique | Mauritius | Mauritania | Mali | Malawi | Madagascar | Liberia | Lesotho | Congo, Democratic Republic | Congo | Kenya | Cape Verde | Equatorial Guinea | Guinea-Bissau | Guinea | Ghana | Gambia | Gabon | Djibouti | Côte d'Ivoire | Benin | Burundi | Botswana | Ethiopia | Angola | Saint Kitts and Nevis | Saint Vincent and the Grenadines | Saint Lucia | Grenada | Dominica | Antigua and Barbuda | Trinidad and Tobago | Panama | Nicaragua | Mexico | Jamaica | Cuba | Belize | Haiti | Guatemala | El Salvador | Dominican Republic | Costa Rica | Honduras | Barbados | Bahamas | Venezuela, Bolivarian Republic of | Uruguay | Peru | Paraguay | Colombia | Suriname | Guyana | Ecuador | Chile | Brazil | Bolivia | Argentina | United States of America | Canada | Vietnam | Thailand | Singapore | Philippines | Mongolia | Malaysia | Macao (CN) | Lao People's Democratic Republic | Korea, the Republic of | Cambodia | Japan | Indonesia | Cameroon | Hong Kong (CN) | Taiwan | China, PR | Myanmar | Bhutan | Saudi Arabia | Palestinian Territories | Oman | Lebanon | Jordan | Israel | Iraq | Kosovo | Montenegro | Serbia | North Macedonia | Bosnia and Herzegovina | Croatia | Slovenia | Slovakia | Tajikistan | Kyrgyzstan | Uzbekistan | Kazakhstan | Turkmenistan | Georgia | Azerbaijan | Armenia | Moldova, Republic of | Belarus | Ukraine | Lithuania | Estonia | Latvia | Hungary | Czech Republic | Romania | Poland | Bulgaria | Albania | Vatican City | Turkey | Spain | Switzerland | Sweden | San Marino | Portugal | Austria | Norway | Netherlands | Monaco | Malta | Luxembourg | Liechtenstein | Italy | Iceland | Ireland | United Kingdom | Greece | France | Finland | Denmark | Cyprus | Belgium | Andorra",Research/Doctorate/PhD,1,DAAD scholarships for former scholarship holders wishing to carry out research or work projects and maintain their academic contacts in Germany.,DAAD,Germany,,,,,
4053,Bilateral Exchange of Academics (to Germany),Bilateral Exchange of Academics (to Germany),Postdoctoral researchers | Faculty,"Languages and Cultural Studies | Law, Economics and Social Sciences | Mathematics and Natural Sciences | Human Medicine | Veterinary Medicine, Agricultural, Forest and Nutritional Sciences, Ecology | Engineering | Art, Music and Sport",India | Greece | Uruguay | Argentina | Chile | Costa Rica | Guatemala | Honduras | Mexico | Panama | Paraguay | Peru | Nicaragua | Jordan | Mongolia | Vietnam | El Salvador,Research/Doctorate/PhD,1,This programme promotes exchanges with scientists and academics from partner countries to improve international relations and bilateral research cooperations.,DAAD,Germany,,,,,
4054,Study Visits for Academics - Artistic Disciplines and Architecture,Study Visits for Academics - Artists and Architects,Postdoctoral researchers | Graduates | Faculty,"Engineering | Art, Music and Sport","Bahamas | Barbados | Venezuela, Bolivarian Republic of | Peru | Paraguay | Colombia | Chile | Guyana | Ecuador | Belize | Argentina | Uruguay | Brazil | Bolivia | United States of America | Canada | Vietnam | Thailand | Singapore | Suriname | Philippines | Mongolia | Malaysia | Macao (CN) | Lao People's Democratic Republic | Cambodia | Indonesia | Hong Kong (CN) | Taiwan | China, PR | Myanmar | Bhutan | Palestinian Territories | Lebanon | Iraq | Kosovo | Montenegro | Serbia | North Macedonia | Bosnia and Herzegovina | Croatia | Slovenia | Slovakia | Tajikistan | Kyrgyzstan | Uzbekistan | Kazakhstan | Turkmenistan | Georgia | Azerbaijan | Armenia | Moldova, Republic of | Belarus | Ukraine | Lithuania | Estonia | Latvia | Hungary | Czech Republic | Romania | Poland | Bulgaria | Albania | Vatican City | Turkey | Spain | Switzerland | Sweden | San Marino | Portugal | Austria | Norway | Netherlands | Monaco | Malta | Luxembourg | Liechtenstein | Italy | Iceland | Ireland | United Kingdom | Greece | France | Finland | Denmark | Cyprus | Belgium | Andorra | Haiti | Guatemala | El Salvador | Dominican Republic | Cuba | Costa Rica | Honduras | New Zealand | Australia | Sri Lanka | Pakistan | Nepal | Iran | India | Bangladesh | Egypt | Tunisia | Morocco | Libya | Algeria | Saint Kitts and Nevis | Saint Vincent and the Grenadines | Saint Lucia | Grenada | Dominica | Antigua and Barbuda | Trinidad and Tobago | Panama | Jamaica | Mexico | Nicaragua | Korea, the Republic of",Research/Doctorate/PhD,1,DAAD grants for university teachers and artists which enable them to continue their education with a study visit to Germany and intensify artistic cooperations with German host institutions.,DAAD,Germany,,,,,
4055,Research Grants in Germany,Research Grants in Germany,Postdoctoral researchers | Doctoral candidates/PhD students,"Languages and Cultural Studies | Law, Economics and Social Sciences | Mathematics and Natural Sciences | Human Medicine | Veterinary Medicine, Agricultural, Forest and Nutritional Sciences, Ecology | Engineering | Art, Music and Sport","India | Iran | Venezuela, Bolivarian Republic of | Bahamas | Barbados | Honduras | Pakistan | Costa Rica | Sri Lanka | Cuba | Dominican Republic | El Salvador | Guatemala | Andorra | Haiti | Belize | Jamaica | Mexico | Nicaragua | Panama | Trinidad and Tobago | Australia | Antigua and Barbuda | Dominica | Grenada | Saint Lucia | Saint Vincent and the Grenadines | Saint Kitts and Nevis | Angola | Ethiopia | Botswana | Burundi | Benin | Côte d'Ivoire | Djibouti | Gabon | Gambia | Ghana | Guinea | Guinea-Bissau | Equatorial Guinea | New Zealand | Cameroon | Cape Verde | Kenya | Libya | Congo | Congo, Democratic Republic | Lesotho | Liberia | Madagascar | Malawi | Mali | Mauritania | Mauritius | Mozambique | Comoros | Eswatani | Niger | Nigeria | Burkina Faso | Latvia | Estonia | Lithuania | Ukraine | Belarus | Moldova, Republic of | Armenia | Azerbaijan | Georgia | Turkmenistan | Kazakhstan | Uzbekistan | Kyrgyzstan | Tajikistan | Slovakia | Slovenia | Croatia | Bosnia and Herzegovina | North Macedonia | Serbia | Montenegro | Kosovo | Iraq | Israel | Jordan | Lebanon | Palestinian Territories | Myanmar | China, PR | Taiwan | Hong Kong (CN) | Indonesia | Japan | Cambodia | Korea, the Republic of | Lao People's Democratic Republic | Macao (CN) | Malaysia | Mongolia | Philippines | Singapore | Thailand | Vietnam | Canada | United States of America | Argentina | Bolivia | Chile | Ecuador | Guyana | Suriname | Colombia | Paraguay | Peru | Uruguay | Belgium | Cyprus | Denmark | Finland | France | Greece | United Kingdom | Ireland | Iceland | Italy | Liechtenstein | Luxembourg | Malta | Monaco | Netherlands | Norway | Austria | Portugal | San Marino | Sweden | Switzerland | Spain | Turkey | Vatican City | Albania | Bulgaria | Poland | Romania | Czech Republic | Hungary | Tunisia | Egypt | Bangladesh | Zimbabwe | Rwanda | Zambia | Sao Tome and Principe | Senegal | Seychelles | Sierra Leone | Algeria | Somalia | South Africa | Sudan | Namibia | Tanzania, United Republic of | Togo | Chad | Uganda | Central African Republic | Nepal | Morocco | South Sudan",Research/Doctorate/PhD,1,"The research grant offers the opportunity to realise a research project in Germany. During a doctorate funding is available for 2 to 12 months, and in the early postdoc phase for 2 to 6 months.",DAAD,Germany,,,,,
4065,KOSPIE Tunisia,KOSPIE Combined study and practice stays for engineers from developing countries Tunisia,Undergraduates | Graduates,Mathematics and Natural Sciences | Engineering,Tunisia,Research/Doctorate/PhD,1,"As part of the scholarship programme KOSPIE, students from Tunisia in engineering subjects and informatics complete a short study and practical stay at selected German universities to carry out their final thesis project.<br />
",DAAD,Germany,,,,,
4086,Göttingen Academy of Sciences and Humanities: Hannah Arendt Fellowships,Göttingen Academy of Sciences and Humanities: Hannah Arendt Fellowships,Postdoctoral researchers | Faculty,"Languages and Cultural Studies | Law, Economics and Social Sciences","South Africa | Egypt | Bulgaria | India | Indonesia | Israel | Kazakhstan | Croatia | Malaysia | Romania | Singapore | Slovakia | Slovenia | Turkey | Thailand | Czech Republic | Ukraine | China, PR | Cyprus | Estonia | Latvia | Lithuania | Australia | Denmark | Finland | France | Greece | Ireland | Austria | Italy | Japan | Canada | New Zealand | Netherlands | Norway | Poland | Portugal | Sweden | Switzerland | Spain | United Kingdom | Hungary | United States of America | Uruguay | Argentina | Bolivia | Brazil | Chile | Costa Rica | Ecuador | Guatemala | Honduras | Colombia | Cuba | Mexico | Panama | Paraguay | Peru | Venezuela, Bolivarian Republic of | Nicaragua | Belgium | Palestinian Territories | Kenya | Luxembourg | Albania | Armenia | Azerbaijan | Belarus | Bosnia and Herzegovina | Georgia | Serbia | Kyrgyzstan | North Macedonia | Moldova, Republic of | Tajikistan | Turkmenistan | Uzbekistan | Andorra | Iceland | Liechtenstein | Malta | Monaco | San Marino | Vatican City | Bahrain | Iraq | Jordan | Qatar | Kuwait | Lebanon | Oman | Saudi Arabia | Yemen | Syrian Arab Republic (Syria) | United Arab Emirates | Bhutan | Myanmar | Brunei Darussalam | Taiwan | Hong Kong (CN) | Cambodia | Korea, the Republic of | 107 | Lao People's Democratic Republic | Macao (CN) | Mongolia | Philippines | Vietnam | Guyana | French Guayana | Suriname | Bahamas | Barbados | Bermudas | Dominican Republic | El Salvador | Guadeloupe | Haiti | Belize | Jamaica | Montserrat | Martinique | The Dutch Antilles | Puerto Rico | Trinidad and Tobago | Anguilla | Antigua and Barbuda | Dominica | Grenada | Saint Lucia | Saint Vincent and the Grenadines | Angola | Ethiopia | Botswana | Burundi | Benin | Côte d'Ivoire | Djibouti | Gabon | Gambia | Ghana | Guinea | Guinea-Bissau | Equatorial Guinea | Cameroon | Cape Verde | Congo | Congo, Democratic Republic | Lesotho | Liberia | Madagascar | Malawi | Mali | Mauritania | Mauritius | Mozambique | Comoros | Eswatani | Niger | Nigeria | Burkina Faso | Réunion | Zimbabwe | Rwanda | Zambia | Sao Tome and Principe | Senegal | Seychelles | Sierra Leone | Somalia | Sudan | Namibia | Tanzania, United Republic of | Togo | Chad | Uganda | Central African Republic | Eritrea | Algeria | Libya | Morocco | Tunisia | Afghanistan | Bangladesh | Iran | Nepal | Pakistan | Sri Lanka | Fiji | Samoa | Tahiti | Tonga | Papua New Guinea | Nauru | New Caledonia | Solomon Islands | Kiribati | Cook Islands | Niue | Vanuatu | Tuvalu | Marshall Islands | Micronesia, Federated States of | Timor-Leste | Maldives | Saint Kitts and Nevis | Guam | Palau | Montenegro | Kosovo | South Sudan",Research/Doctorate/PhD,0,"The Hannah Arendt Fellowships offer outstanding international scholars the opportunity to pursue independent research for up to 6 months in Lower Saxony (Germany). The programme is a funding initiative of zukunft.niedersachsen, a joint",DAAD,Germany,,,,,
4088,Future Ukraine: Research Grants,Future Ukraine: Research Grants for Ukrainian Master´s students and researchers ,Postdoctoral researchers | Graduates | Doctoral candidates/PhD students | Faculty,"Languages and Cultural Studies | Law, Economics and Social Sciences | Mathematics and Natural Sciences | Human Medicine | Veterinary Medicine, Agricultural, Forest and Nutritional Sciences, Ecology | Engineering | Art, Music and Sport",Ukraine,Research/Doctorate/PhD,1,"Research scholarships for very well qualified Ukrainian students and researchers working at universities in Ukraine, regardless of their current place of residence.",DAAD,Germany,,,,,
4094,Joint Rustaveli-DAAD-fellowship programme,Joint Rustaveli-DAAD-fellowship programme,Postdoctoral researchers | Doctoral candidates/PhD students,"Languages and Cultural Studies | Law, Economics and Social Sciences | Mathematics and Natural Sciences | Human Medicine | Veterinary Medicine, Agricultural, Forest and Nutritional Sciences, Ecology | Engineering | Art, Music and Sport",Georgia,Research/Doctorate/PhD,1,These scholarships offer doctoral students and young researchers from Georgia the opportunity to carry out research in Germany. The scholarships also encourage students to network with German colleagues.,DAAD,Germany,,,,,
4095,Third Country Scholarships for Postgraduate Studies for Students from,In-Region Scholarships for Postgraduate Studies for Yemenis in Jordan,Graduates,"Languages and Cultural Studies | Law, Economics and Social Sciences | Mathematics and Natural Sciences | Human Medicine | Veterinary Medicine, Agricultural, Forest and Nutritional Sciences, Ecology | Engineering | Art, Music and Sport",Yemen,Study,1,This programme offers Yemeni graduates the opportunity to gain a Master's degree at selected Jordanian universities in Amman and Irbid,DAAD,Germany,,,,,
4098,Zukunftsnetzwerk Weimarer Dreieck,Future Network Weimar Triangle: Science for Europe - Doctoral candidates (to Germany),Doctoral candidates/PhD students,"Languages and Cultural Studies | Law, Economics and Social Sciences | Mathematics and Natural Sciences | Human Medicine | Veterinary Medicine, Agricultural, Forest and Nutritional Sciences, Ecology | Engineering | Art, Music and Sport",Poland | France,Research/Doctorate/PhD,1,"The programme “Future Network Weimar Triangle: Science for Europe” aims to expand the political initiative “Weimar Triangle”, launched in 1991 by the foreign ministers of Germany, France, and Poland, to include a sustainable science",DAAD,Germany,,,,,
4099,Zukunftsnetzwerk Weimarer Dreieck,Future Network Weimar Triangle: Science for Europe - Postdoctoral researchers (to Germany),Postdoctoral researchers,"Languages and Cultural Studies | Law, Economics and Social Sciences | Mathematics and Natural Sciences | Human Medicine | Veterinary Medicine, Agricultural, Forest and Nutritional Sciences, Ecology | Engineering | Art, Music and Sport",France | Poland,Research/Doctorate/PhD,1,"The programme “Future Network Weimar Triangle: Science for Europe” aims to expand the political initiative “Weimar Triangle”, launched in 1991 by the foreign ministers of Germany, France, and Poland, to include a sustainable science",DAAD,Germany,,,,,
4112,In-Country Palestinian Territories,In-Country Scholarships for Postgraduate Studies for Palestinians in the Palestinian Territories (West Bank),Graduates,"Law, Economics and Social Sciences | Mathematics and Natural Sciences | Human Medicine | Veterinary Medicine, Agricultural, Forest and Nutritional Sciences, Ecology | Engineering",Palestinian Territories,Study,1,The 'In-Country Scholarships for Postgraduate Studies for Palestinians in the Palestinian Territories (West Bank) ' offer Palestinian graduates the opportunity to gain a Master's degree at selected Palestinian universities in the West Bank,DAAD,Germany,,,,,
GKS-1,GKS Scholarship - AJOU UNIVERSITY,Global Korea Scholarship,Undergraduates | Graduates,All Fields,International,Study,0,GKS scholarship opportunity at AJOU UNIVERSITY.,GKS,South Korea,,Full Scholarship,Bachelor | Masters | PhD,,https://studyinkorea.go.kr
GKS-3,GKS Scholarship - CHUNG-ANG UNIVERSITY,Global Korea Scholarship,Undergraduates | Graduates,All Fields,International,Study,0,GKS scholarship opportunity at CHUNG-ANG UNIVERSITY.,GKS,South Korea,,Full Scholarship,Bachelor | Masters | PhD,,https://studyinkorea.go.kr
GKS-4,GKS Scholarship - Cheongju University,Global Korea Scholarship,Undergraduates | Graduates,All Fields,International,Study,0,GKS scholarship opportunity at Cheongju University.,GKS,South Korea,,Full Scholarship,Bachelor | Masters | PhD,,https://studyinkorea.go.kr
GKS-5,GKS Scholarship - Chonnam National University,Global Korea Scholarship,Undergraduates | Graduates,All Fields,International,Study,0,GKS scholarship opportunity at Chonnam National University.,GKS,South Korea,,Full Scholarship,Bachelor | Masters | PhD,,https://studyinkorea.go.kr
GKS-7,GKS Scholarship - DAEGU UNIVERSITY,Global Korea Scholarship,Undergraduates | Graduates,All Fields,International,Study,0,GKS scholarship opportunity at DAEGU UNIVERSITY.,GKS,South Korea,,Full Scholarship,Bachelor | Masters | PhD,,https://studyinkorea.go.kr
GKS-8,GKS Scholarship - DGIST (Daegu Gyeongbuk Institute of Science and Technology),Global Korea Scholarship,Undergraduates | Graduates,All Fields,International,Study,0,GKS scholarship opportunity at DGIST (Daegu Gyeongbuk Institute of Science and Technology).,GKS,South Korea,,Full Scholarship,Bachelor | Masters | PhD,,https://studyinkorea.go.kr
GKS-9,GKS Scholarship - DONG-A UNIVERSITY,Global Korea Scholarship,Undergraduates | Graduates,All Fields,International,Study,0,GKS scholarship opportunity at DONG-A UNIVERSITY.,GKS,South Korea,,Full Scholarship,Bachelor | Masters | PhD,,https://studyinkorea.go.kr
GKS-10,GKS Scholarship - DONGGUK UNIVERSITY(Seoul),Global Korea Scholarship,Undergraduates | Graduates,All Fields,International,Study,0,GKS scholarship opportunity at DONGGUK UNIVERSITY(Seoul).,GKS,South Korea,,Full Scholarship,Bachelor | Masters | PhD,,https://studyinkorea.go.kr
GKS-11,GKS Scholarship - DUKSUNG WOMEN`S UNIVERSITY,Global Korea Scholarship,Undergraduates | Graduates,All Fields,International,Study,0,GKS scholarship opportunity at DUKSUNG WOMEN`S UNIVERSITY.,GKS,South Korea,,Full Scholarship,Bachelor | Masters | PhD,,https://studyinkorea.go.kr
GKS-12,GKS Scholarship - Dankook University,Global Korea Scholarship,Undergraduates | Graduates,All Fields,International,Study,0,GKS scholarship opportunity at Dankook University.,GKS,South Korea,,Full Scholarship,Bachelor | Masters | PhD,,https://studyinkorea.go.kr
GKS-14,GKS Scholarship - Dongguk University,Global Korea Scholarship,Undergraduates | Graduates,All Fields,International,Study,0,GKS scholarship opportunity at Dongguk University.,GKS,South Korea,,Full Scholarship,Bachelor | Masters | PhD,,https://studyinkorea.go.kr
GKS-15,GKS Scholarship - Duksung Women's University,Global Korea Scholarship,Undergraduates | Graduates,All Fields,International,Study,0,GKS scholarship opportunity at Duksung Women's University.,GKS,South Korea,,Full Scholarship,Bachelor | Masters | PhD,,https://studyinkorea.go.kr
GKS-16,GKS Scholarship - EWHA WOMANS UNIVERSITY,Global Korea Scholarship,Undergraduates | Graduates,All Fields,International,Study,0,GKS scholarship opportunity at EWHA WOMANS UNIVERSITY.,GKS,South Korea,,Full Scholarship,Bachelor | Masters | PhD,,https://studyinkorea.go.kr
GKS-18,GKS Scholarship - GIST (Gwangju Institute of Science and Technology),Global Korea Scholarship,Undergraduates | Graduates,All Fields,International,Study,0,GKS scholarship opportunity at GIST (Gwangju Institute of Science and Technology).,GKS,South Korea,,Full Scholarship,Bachelor | Masters | PhD,,https://studyinkorea.go.kr
GKS-19,GKS Scholarship - Gyeongkuk National University,Global Korea Scholarship,Undergraduates | Graduates,All Fields,International,Study,0,GKS scholarship opportunity at Gyeongkuk National University.,GKS,South Korea,,Full Scholarship,Bachelor | Masters | PhD,,https://studyinkorea.go.kr
GKS-20,GKS Scholarship - Gyeongsang National University,Global Korea Scholarship,Undergraduates | Graduates,All Fields,International,Study,0,GKS scholarship opportunity at Gyeongsang National University.,GKS,South Korea,,Full Scholarship,Bachelor | Masters | PhD,,https://studyinkorea.go.kr
GKS-21,GKS Scholarship - HANKUK UNIVERSITY OF FOREIGN STUDIES,Global Korea Scholarship,Undergraduates | Graduates,All Fields,International,Study,0,GKS scholarship opportunity at HANKUK UNIVERSITY OF FOREIGN STUDIES.,GKS,South Korea,,Full Scholarship,Bachelor | Masters | PhD,,https://studyinkorea.go.kr
GKS-22,GKS Scholarship - HANSUNG UNIVERSITY,Global Korea Scholarship,Undergraduates | Graduates,All Fields,International,Study,0,GKS scholarship opportunity at HANSUNG UNIVERSITY.,GKS,South Korea,,Full Scholarship,Bachelor | Masters | PhD,,https://studyinkorea.go.kr
GKS-23,GKS Scholarship - HANYANG UNIVERSITY,Global Korea Scholarship,Undergraduates | Graduates,All Fields,International,Study,0,GKS scholarship opportunity at HANYANG UNIVERSITY.,GKS,South Korea,,Full Scholarship,Bachelor | Masters | PhD,,https://studyinkorea.go.kr
GKS-24,GKS Scholarship - HONGIK UNIVERSITY,Global Korea Scholarship,Undergraduates | Graduates,All Fields,International,Study,0,GKS scholarship opportunity at HONGIK UNIVERSITY.,GKS,South Korea,,Full Scholarship,Bachelor | Masters | PhD,,https://studyinkorea.go.kr
GKS-26,GKS Scholarship - Hannam University,Global Korea Scholarship,Undergraduates | Graduates,All Fields,International,Study,0,GKS scholarship opportunity at Hannam University.,GKS,South Korea,,Full Scholarship,Bachelor | Masters | PhD,,https://studyinkorea.go.kr
GKS-27,GKS Scholarship - Hanyang University (ERICA),Global Korea Scholarship,Undergraduates | Graduates,All Fields,International,Study,0,GKS scholarship opportunity at Hanyang University (ERICA).,GKS,South Korea,,Full Scholarship,Bachelor | Masters | PhD,,https://studyinkorea.go.kr
GKS-28,GKS Scholarship - Hanyang University (Seoul),Global Korea Scholarship,Undergraduates | Graduates,All Fields,International,Study,0,GKS scholarship opportunity at Hanyang University (Seoul).,GKS,South Korea,,Full Scholarship,Bachelor | Masters | PhD,,https://studyinkorea.go.kr
GKS-30,GKS Scholarship - INCHEON NATIONAL UNIVERSITY,Global Korea Scholarship,Undergraduates | Graduates,All Fields,International,Study,0,GKS scholarship opportunity at INCHEON NATIONAL UNIVERSITY.,GKS,South Korea,,Full Scholarship,Bachelor | Masters | PhD,,https://studyinkorea.go.kr
GKS-31,GKS Scholarship - INHA UNIVERSITY,Global Korea Scholarship,Undergraduates | Graduates,All Fields,International,Study,0,GKS scholarship opportunity at INHA UNIVERSITY.,GKS,South Korea,,Full Scholarship,Bachelor | Masters | PhD,,https://studyinkorea.go.kr
GKS-32,GKS Scholarship - INJE UNIVERSITY,Global Korea Scholarship,Undergraduates | Graduates,All Fields,International,Study,0,GKS scholarship opportunity at INJE UNIVERSITY.,GKS,South Korea,,Full Scholarship,Bachelor | Masters | PhD,,https://studyinkorea.go.kr
GKS-36,GKS Scholarship - Jeju National University,Global Korea Scholarship,Undergraduates | Graduates,All Fields,International,Study,0,GKS scholarship opportunity at Jeju National University.,GKS,South Korea,,Full Scholarship,Bachelor | Masters | PhD,,https://studyinkorea.go.kr
GKS-37,GKS Scholarship - KAIST (Korea Advanced Institute of Science and Technology),Global Korea Scholarship,Undergraduates | Graduates,All Fields,International,Study,0,GKS scholarship opportunity at KAIST (Korea Advanced Institute of Science and Technology).,GKS,South Korea,,Full Scholarship,Bachelor | Masters | PhD,,https://studyinkorea.go.kr
GKS-38,GKS Scholarship - KDI School of Public Policy and Management,Global Korea Scholarship,Undergraduates | Graduates,All Fields,International,Study,0,GKS scholarship opportunity at KDI School of Public Policy and Management.,GKS,South Korea,,Full Scholarship,Bachelor | Masters | PhD,,https://studyinkorea.go.kr
GKS-39,GKS Scholarship - KEIMYUNG UNIVERSITY,Global Korea Scholarship,Undergraduates | Graduates,All Fields,International,Study,0,GKS scholarship opportunity at KEIMYUNG UNIVERSITY.,GKS,South Korea,,Full Scholarship,Bachelor | Masters | PhD,,https://studyinkorea.go.kr
GKS-40,GKS Scholarship - KONKUK UNIVERSITY,Global Korea Scholarship,Undergraduates | Graduates,All Fields,International,Study,0,GKS scholarship opportunity at KONKUK UNIVERSITY.,GKS,South Korea,,Full Scholarship,Bachelor | Masters | PhD,,https://studyinkorea.go.kr
GKS-41,GKS Scholarship - KONYANG UNIVERSITY,Global Korea Scholarship,Undergraduates | Graduates,All Fields,International,Study,0,GKS scholarship opportunity at KONYANG UNIVERSITY.,GKS,South Korea,,Full Scholarship,Bachelor | Masters | PhD,,https://studyinkorea.go.kr
GKS-42,GKS Scholarship - KOOKMIN UNIVERSITY,Global Korea Scholarship,Undergraduates | Graduates,All Fields,International,Study,0,GKS scholarship opportunity at KOOKMIN UNIVERSITY.,GKS,South Korea,,Full Scholarship,Bachelor | Masters | PhD,,https://studyinkorea.go.kr
GKS-43,GKS Scholarship - KOREA UNIVERSITY,Global Korea Scholarship,Undergraduates | Graduates,All Fields,International,Study,0,GKS scholarship opportunity at KOREA UNIVERSITY.,GKS,South Korea,,Full Scholarship,Bachelor | Masters | PhD,,https://studyinkorea.go.kr
GKS-44,GKS Scholarship - KOREATECH (Korea University of Technology and Education),Global Korea Scholarship,Undergraduates | Graduates,All Fields,International,Study,0,GKS scholarship opportunity at KOREATECH (Korea University of Technology and Education).,GKS,South Korea,,Full Scholarship,Bachelor | Masters | PhD,,https://studyinkorea.go.kr
GKS-45,GKS Scholarship - KOREATECH(Korea University of Technology and Education),Global Korea Scholarship,Undergraduates | Graduates,All Fields,International,Study,0,GKS scholarship opportunity at KOREATECH(Korea University of Technology and Education).,GKS,South Korea,,Full Scholarship,Bachelor | Masters | PhD,,https://studyinkorea.go.kr
GKS-46,GKS Scholarship - KYUNG HEE UNIVERSITY,Global Korea Scholarship,Undergraduates | Graduates,All Fields,International,Study,0,GKS scholarship opportunity at KYUNG HEE UNIVERSITY.,GKS,South Korea,,Full Scholarship,Bachelor | Masters | PhD,,https://studyinkorea.go.kr
GKS-51,GKS Scholarship - Kunsan National University,Global Korea Scholarship,Undergraduates | Graduates,All Fields,International,Study,0,GKS scholarship opportunity at Kunsan National University.,GKS,South Korea,,Full Scholarship,Bachelor | Masters | PhD,,https://studyinkorea.go.kr
GKS-53,GKS Scholarship - Kyungpook National University,Global Korea Scholarship,Undergraduates | Graduates,All Fields,International,Study,0,GKS scholarship opportunity at Kyungpook National University.,GKS,South Korea,,Full Scholarship,Bachelor | Masters | PhD,,https://studyinkorea.go.kr
GKS-54,GKS Scholarship - MYONGJI UNIVERSITY（Yongin campus),Global Korea Scholarship,Undergraduates | Graduates,All Fields,International,Study,0,GKS scholarship opportunity at MYONGJI UNIVERSITY（Yongin campus).,GKS,South Korea,,Full Scholarship,Bachelor | Masters | PhD,,https://studyinkorea.go.kr
GKS-55,GKS Scholarship - NCC-GCSP (National Cancer Center Graduate School of Cancer Science and Policy),Global Korea Scholarship,Undergraduates | Graduates,All Fields,International,Study,0,GKS scholarship opportunity at NCC-GCSP (National Cancer Center Graduate School of Cancer Science and Policy).,GKS,South Korea,,Full Scholarship,Bachelor | Masters | PhD,,https://studyinkorea.go.kr
GKS-56,GKS Scholarship - POSTECH (Pohang University of Science and Technology),Global Korea Scholarship,Undergraduates | Graduates,All Fields,International,Study,0,GKS scholarship opportunity at POSTECH (Pohang University of Science and Technology).,GKS,South Korea,,Full Scholarship,Bachelor | Masters | PhD,,https://studyinkorea.go.kr
GKS-57,GKS Scholarship - Pohang University of Science and Technology (POSTECH),Global Korea Scholarship,Undergraduates | Graduates,All Fields,International,Study,0,GKS scholarship opportunity at Pohang University of Science and Technology (POSTECH).,GKS,South Korea,,Full Scholarship,Bachelor | Masters | PhD,,https://studyinkorea.go.kr
GKS-58,GKS Scholarship - Pukyong National University,Global Korea Scholarship,Undergraduates | Graduates,All Fields,International,Study,0,GKS scholarship opportunity at Pukyong National University.,GKS,South Korea,,Full Scholarship,Bachelor | Masters | PhD,,https://studyinkorea.go.kr
GKS-59,GKS Scholarship - Pusan National University,Global Korea Scholarship,Undergraduates | Graduates,All Fields,International,Study,0,GKS scholarship opportunity at Pusan National University.,GKS,South Korea,,Full Scholarship,Bachelor | Masters | PhD,,https://studyinkorea.go.kr
GKS-60,GKS Scholarship - SEOKYEONG UNIVERSITY,Global Korea Scholarship,Undergraduates | Graduates,All Fields,International,Study,0,GKS scholarship opportunity at SEOKYEONG UNIVERSITY.,GKS,South Korea,,Full Scholarship,Bachelor | Masters | PhD,,https://studyinkorea.go.kr
GKS-61,GKS Scholarship - SEOUL NATIONAL UNIVERSITY,Global Korea Scholarship,Undergraduates | Graduates,All Fields,International,Study,0,GKS scholarship opportunity at SEOUL NATIONAL UNIVERSITY.,GKS,South Korea,,Full Scholarship,Bachelor | Masters | PhD,,https://studyinkorea.go.kr
GKS-62,GKS Scholarship - SEOUL NATIONAL UNIVERSITY OF SCIENCE AND TECHNOLOGY,Global Korea Scholarship,Undergraduates | Graduates,All Fields,International,Study,0,GKS scholarship opportunity at SEOUL NATIONAL UNIVERSITY OF SCIENCE AND TECHNOLOGY.,GKS,South Korea,,Full Scholarship,Bachelor | Masters | PhD,,https://studyinkorea.go.kr
GKS-63,GKS Scholarship - SOGANG UNIVERSITY,Global Korea Scholarship,Undergraduates | Graduates,All Fields,International,Study,0,GKS scholarship opportunity at SOGANG UNIVERSITY.,GKS,South Korea,,Full Scholarship,Bachelor | Masters | PhD,,https://studyinkorea.go.kr
GKS-64,GKS Scholarship - SOOKMYUNG WOMEN`S UNIVERSITY,Global Korea Scholarship,Undergraduates | Graduates,All Fields,International,Study,0,GKS scholarship opportunity at SOOKMYUNG WOMEN`S UNIVERSITY.,GKS,South Korea,,Full Scholarship,Bachelor | Masters | PhD,,https://studyinkorea.go.kr
GKS-65,GKS Scholarship - SUNGKYUNKWAN UNIVERSITY (SKKU),Global Korea Scholarship,Undergraduates | Graduates,All Fields,International,Study,0,GKS scholarship opportunity at SUNGKYUNKWAN UNIVERSITY (SKKU).,GKS,South Korea,,Full Scholarship,Bachelor | Masters | PhD,,https://studyinkorea.go.kr
GKS-66,GKS Scholarship - Sejong University,Global Korea Scholarship,Undergraduates | Graduates,All Fields,International,Study,0,GKS scholarship opportunity at Sejong University.,GKS,South Korea,,Full Scholarship,Bachelor | Masters | PhD,,https://studyinkorea.go.kr
GKS-69,GKS Scholarship - Seoul Theological University,Global Korea Scholarship,Undergraduates | Graduates,All Fields,International,Study,0,GKS scholarship opportunity at Seoul Theological University.,GKS,South Korea,,Full Scholarship,Bachelor | Masters | PhD,,https://studyinkorea.go.kr
GKS-70,GKS Scholarship - SeoulTech (Seoul National University of Science and Technology),Global Korea Scholarship,Undergraduates | Graduates,All Fields,International,Study,0,GKS scholarship opportunity at SeoulTech (Seoul National University of Science and Technology).,GKS,South Korea,,Full Scholarship,Bachelor | Masters | PhD,,https://studyinkorea.go.kr
GKS-71,GKS Scholarship - Shinhan University,Global Korea Scholarship,Undergraduates | Graduates,All Fields,International,Study,0,GKS scholarship opportunity at Shinhan University.,GKS,South Korea,,Full Scholarship,Bachelor | Masters | PhD,,https://studyinkorea.go.kr
GKS-73,GKS Scholarship - Sookmyung Women's University,Global Korea Scholarship,Undergraduates | Graduates,All Fields,International,Study,0,GKS scholarship opportunity at Sookmyung Women's University.,GKS,South Korea,,Full Scholarship,Bachelor | Masters | PhD,,https://studyinkorea.go.kr
GKS-74,GKS Scholarship - Soongsil University,Global Korea Scholarship,Undergraduates | Graduates,All Fields,International,Study,0,GKS scholarship opportunity at Soongsil University.,GKS,South Korea,,Full Scholarship,Bachelor | Masters | PhD,,https://studyinkorea.go.kr
GKS-75,GKS Scholarship - Sunchon National University,Global Korea Scholarship,Undergraduates | Graduates,All Fields,International,Study,0,GKS scholarship opportunity at Sunchon National University.,GKS,South Korea,,Full Scholarship,Bachelor | Masters | PhD,,https://studyinkorea.go.kr
GKS-76,GKS Scholarship - Sungkyunkwan University,Global Korea Scholarship,Undergraduates | Graduates,All Fields,International,Study,0,GKS scholarship opportunity at Sungkyunkwan University.,GKS,South Korea,,Full Scholarship,Bachelor | Masters | PhD,,https://studyinkorea.go.kr
GKS-77,GKS Scholarship - Sungshin Women's University,Global Korea Scholarship,Undergraduates | Graduates,All Fields,International,Study,0,GKS scholarship opportunity at Sungshin Women's University.,GKS,South Korea,,Full Scholarship,Bachelor | Masters | PhD,,https://studyinkorea.go.kr
GKS-78,GKS Scholarship - TECH UNIVERSITY OF KOREA,Global Korea Scholarship,Undergraduates | Graduates,All Fields,International,Study,0,GKS scholarship opportunity at TECH UNIVERSITY OF KOREA.,GKS,South Korea,,Full Scholarship,Bachelor | Masters | PhD,,https://studyinkorea.go.kr
GKS-79,GKS Scholarship - The Academy of Korean Studies,Global Korea Scholarship,Undergraduates | Graduates,All Fields,International,Study,0,GKS scholarship opportunity at The Academy of Korean Studies.,GKS,South Korea,,Full Scholarship,Bachelor | Masters | PhD,,https://studyinkorea.go.kr
GKS-80,GKS Scholarship - UNIST (Ulsan National Institute of Science and Technology),Global Korea Scholarship,Undergraduates | Graduates,All Fields,International,Study,0,GKS scholarship opportunity at UNIST (Ulsan National Institute of Science and Technology).,GKS,South Korea,,Full Scholarship,Bachelor | Masters | PhD,,https://studyinkorea.go.kr
GKS-81,GKS Scholarship - UNIVERSITY OF SEOUL,Global Korea Scholarship,Undergraduates | Graduates,All Fields,International,Study,0,GKS scholarship opportunity at UNIVERSITY OF SEOUL.,GKS,South Korea,,Full Scholarship,Bachelor | Masters | PhD,,https://studyinkorea.go.kr
GKS-82,GKS Scholarship - Ulsan National Institute of Science and Technology (UNIST),Global Korea Scholarship,Undergraduates | Graduates,All Fields,International,Study,0,GKS scholarship opportunity at Ulsan National Institute of Science and Technology (UNIST).,GKS,South Korea,,Full Scholarship,Bachelor | Masters | PhD,,https://studyinkorea.go.kr
GKS-84,GKS Scholarship - YEUNGNAM UNIVERSITY,Global Korea Scholarship,Undergraduates | Graduates,All Fields,International,Study,0,GKS scholarship opportunity at YEUNGNAM UNIVERSITY.,GKS,South Korea,,Full Scholarship,Bachelor | Masters | PhD,,https://studyinkorea.go.kr
GKS-85,GKS Scholarship - YONSEI UNIVERSITY,Global Korea Scholarship,Undergraduates | Graduates,All Fields,International,Study,0,GKS scholarship opportunity at YONSEI UNIVERSITY.,GKS,South Korea,,Full Scholarship,Bachelor | Masters | PhD,,https://studyinkorea.go.kr
,Korea National University of Arts (K-Arts) AMA+ Scholarship Program,Korea National University of Arts,,,,,,"Airfare, monthly allowance, Korean language training, tuition fees and insurance.",Study in Korea,South Korea,March,Full Funding,Undergraduate|Graduate,,https://www.karts.ac.kr/en
,POSCO TJ Park Foundation Scholarship,POSCO TJ Park Foundation,,,,,,Scholarship for Asian students pursuing Masters and Doctoral programs in Korea.,Study in Korea,South Korea,May,Tuition + Living Expenses,Masters|PhD,,https://www.postf.org/ko/page/asia/scholar.do
,KF Fellowship for Korean Studies Graduate Students,Korea Foundation,,,,,,Support for graduate students in Korean Studies worldwide.,Study in Korea,South Korea,,Tuition Support,Masters|PhD,1 Year,https://www.kf.or.kr
,Daewoong Foundation Global Scholarship Program,Daewoong Foundation,,,,,,"Monthly scholarship, internship opportunities and career support.",Study in Korea,South Korea,Rolling,"KRW 500,000 Monthly",Undergraduate|Graduate,,http://www.daewoongfoundation.or.kr/
