scholarship_id,scholarship_name,provider,target_groups,subject_areas,eligible_countries,study_purpose,daad_funded,description_en,source,host_country,deadline,scholarship_amount,degree_level,duration,application_link,country_region,application_cycle,funding_type,is_fully_funded,degree_level_inferred,scholarship_category,funding_score,competitiveness,stem_flag,country_score,degree_level_final,application_link_final,funding_coverage,duration_final
94,Prussian Cultural Heritage Foundation: Grant Programme,Prussian Cultural Heritage Foundation: Grant Programme,Postdoctoral researchers | Graduates | Doctoral candidates/PhD students,"Languages and Cultural Studies | Law, Economics and Social Sciences | Mathematics and Natural Sciences | Human Medicine | Veterinary Medicine, Agricultural, Forest and Nutritional Sciences, Ecology | Engineering | Art, Music and Sport","Albania | Bhutan | Myanmar | Brunei Darussalam | Taiwan | Hong Kong (CN) | Cambodia | Korea, the Republic of | 107 | Lao People's Democratic Republic | Macao (CN) | Mongolia | Philippines | Vietnam | Guyana | French Guayana | Suriname | Bahamas | Barbados | Bermudas | Dominican Republic | El Salvador | Guadeloupe | Haiti | Belize | Jamaica | Montserrat | Martinique | The Dutch Antilles | Puerto Rico | Trinidad and Tobago | Anguilla | Antigua and Barbuda | Dominica | Grenada | Saint Lucia | Saint Vincent and the Grenadines | Angola | Ethiopia | Botswana | Burundi | Benin | Côte d'Ivoire | Djibouti | Gabon | Gambia | Ghana | Guinea | Guinea-Bissau | Equatorial Guinea | Cameroon | Cape Verde | Congo | Congo, Democratic Republic | Lesotho | Liberia | Madagascar | Malawi | Mali | Mauritania | Mauritius | Mozambique | Comoros | Eswatani | Niger | Nigeria | Burkina Faso | Réunion | Zimbabwe | Rwanda | Zambia | Sao Tome and Principe | Senegal | Seychelles | Sierra Leone | Somalia | Sudan | Namibia | Tanzania, United Republic of | Togo | Chad | Uganda | Central African Republic | Eritrea | Cyprus | Finland | Denmark | Australia | Lithuania | Libya | Algeria | Latvia | Estonia | France | Greece | Ireland | Austria | Italy | Japan | Canada | New Zealand | Netherlands | Norway | Poland | Portugal | 38 | Sweden | Switzerland | Spain | Bolivia | Argentina | Uruguay | United States of America | Hungary | United Kingdom | Brazil | Chile | Morocco | Tunisia | Afghanistan | Bangladesh | Iran | Nepal | Pakistan | Sri Lanka | Fiji | Samoa | Tahiti | Tonga | Papua New Guinea | Nauru | Serbia | Georgia | Bosnia and Herzegovina | Belarus | Kiribati | Solomon Islands | Azerbaijan | New Caledonia | Armenia | Kyrgyzstan | North Macedonia | Moldova, Republic of | Tajikistan | Turkmenistan | Uzbekistan | Andorra | Iceland | Liechtenstein | Malta | Monaco | San Marino | Vatican City | Bahrain | Iraq | Jordan | Yemen | Saudi Arabia | Oman | Lebanon | Kuwait | Qatar | Syrian Arab Republic (Syria) | United Arab Emirates | Cook Islands | Niue | Vanuatu | Tuvalu | Marshall Islands | Micronesia, Federated States of | Timor-Leste | Maldives | Saint Kitts and Nevis | Guam | Palau | Montenegro | Kosovo | South Sudan | South Africa | Egypt | Bulgaria | India | Indonesia | Israel | Kazakhstan | Croatia | Malaysia | Romania | Singapore | Slovakia | Slovenia | Turkey | Thailand | Czech Republic | Ukraine | Costa Rica | Ecuador | Guatemala | Honduras | Colombia | Cuba | Mexico | Panama | Paraguay | Peru | Venezuela, Bolivarian Republic of | Nicaragua | Belgium | Palestinian Territories | Kenya | Luxembourg | China, PR",Research/Doctorate/PhD,0,"The programme enables academics from all over the world to undertake research residencies of 1-3 months at the Berlin institutions of the Prussian Cultural Heritage Foundation (SPK). Funding is available for research projects, if they are",DAAD,Germany,,,,,,Europe,Rolling / Annual,Scholarship,0,Postdoc,Research,80,Very High,1,90,Postdoc,https://www.daad.de/en/,Grant / Scholarship,6-24 Months
103,State of Bavaria: Max Weber Programme,State of Bavaria: Max Weber Programme,Undergraduates | Graduates,"Languages and Cultural Studies | Law, Economics and Social Sciences | Mathematics and Natural Sciences | Human Medicine | Veterinary Medicine, Agricultural, Forest and Nutritional Sciences, Ecology | Engineering | Art, Music and Sport","South Africa | Egypt | Bulgaria | India | Indonesia | Israel | Kazakhstan | Croatia | Malaysia | Romania | Singapore | Slovakia | Slovenia | Turkey | Thailand | Czech Republic | Ukraine | China, PR | Cyprus | Estonia | Latvia | Lithuania | Australia | Denmark | Finland | France | Greece | Ireland | Austria | Italy | Japan | Canada | New Zealand | Netherlands | Norway | Poland | Portugal | 38 | Sweden | Switzerland | Spain | United Kingdom | Hungary | United States of America | Uruguay | Argentina | Bolivia | Brazil | Chile | Costa Rica | Ecuador | Guatemala | Honduras | Colombia | Cuba | Mexico | Panama | Paraguay | Peru | Venezuela, Bolivarian Republic of | Nicaragua | Belgium | Palestinian Territories | Kenya | Luxembourg | Albania | Armenia | Azerbaijan | Belarus | Bosnia and Herzegovina | Georgia | Serbia | Kyrgyzstan | North Macedonia | Moldova, Republic of | Tajikistan | Turkmenistan | Uzbekistan | Andorra | Iceland | Liechtenstein | Malta | Monaco | San Marino | Vatican City | Bahrain | Iraq | Jordan | Qatar | Kuwait | Lebanon | Oman | Saudi Arabia | Yemen | Syrian Arab Republic (Syria) | United Arab Emirates | Bhutan | Myanmar | Brunei Darussalam | Taiwan | Hong Kong (CN) | Cambodia | Korea, the Republic of | 107 | Lao People's Democratic Republic | Macao (CN) | Mongolia | Philippines | Vietnam | Guyana | French Guayana | Suriname | Bahamas | Barbados | Bermudas | Dominican Republic | El Salvador | Guadeloupe | Haiti | Belize | Jamaica | Montserrat | Martinique | The Dutch Antilles | Puerto Rico | Trinidad and Tobago | Anguilla | Antigua and Barbuda | Dominica | Grenada | Saint Lucia | Saint Vincent and the Grenadines | Angola | Ethiopia | Botswana | Burundi | Benin | Côte d'Ivoire | Djibouti | Gabon | Gambia | Ghana | Guinea | Guinea-Bissau | Equatorial Guinea | Cameroon | Cape Verde | Congo | Congo, Democratic Republic | Lesotho | Liberia | Madagascar | Malawi | Mali | Mauritania | Mauritius | Mozambique | Comoros | Eswatani | Niger | Nigeria | Burkina Faso | Réunion | Zimbabwe | Rwanda | Zambia | Sao Tome and Principe | Senegal | Seychelles | Sierra Leone | Somalia | Sudan | Namibia | Tanzania, United Republic of | Togo | Chad | Uganda | Central African Republic | Eritrea | Algeria | Libya | Morocco | Tunisia | Afghanistan | Bangladesh | Iran | Nepal | Pakistan | Sri Lanka | Fiji | Samoa | Tahiti | Tonga | Papua New Guinea | Nauru | New Caledonia | Solomon Islands | Kiribati | Cook Islands | Niue | Vanuatu | Tuvalu | Marshall Islands | Micronesia, Federated States of | Timor-Leste | Germany | Maldives | Saint Kitts and Nevis | Guam | Palau | Montenegro | Kosovo | South Sudan",Study,0,"The Max Weber Programme is open to particularly gifted students who are enrolled at a Bavarian higher education institution. The Free State of Bavaria has entrusted the German Academic Scholarship Foundation, the Studienstiftung des",DAAD,Germany,,,,,,Europe,Rolling / Annual,Scholarship,0,Bachelor,Study,80,Medium,1,90,Bachelor,https://www.daad.de/en/,Grant / Scholarship,3-5 Years
104,European Union: Erasmus+ Mobility Programme for Higher Education Students,European Union: Erasmus+ Mobility Programme for Higher Education Students,Undergraduates | Graduates | Doctoral candidates/PhD students,"Languages and Cultural Studies | Law, Economics and Social Sciences | Mathematics and Natural Sciences | Human Medicine | Veterinary Medicine, Agricultural, Forest and Nutritional Sciences, Ecology | Engineering | Art, Music and Sport","South Africa | Egypt | Bulgaria | India | Indonesia | Israel | Kazakhstan | Croatia | Malaysia | Romania | Singapore | Slovakia | Slovenia | Turkey | Thailand | Czech Republic | Ukraine | China, PR | Cyprus | Estonia | Latvia | Lithuania | Australia | Denmark | Finland | France | Greece | Ireland | Austria | Italy | Japan | Canada | New Zealand | Netherlands | Norway | Poland | Portugal | 38 | Sweden | Switzerland | Spain | United Kingdom | Hungary | United States of America | Uruguay | Argentina | Bolivia | Brazil | Chile | Costa Rica | Ecuador | Guatemala | Honduras | Colombia | Cuba | Mexico | Panama | Paraguay | Peru | Venezuela, Bolivarian Republic of | Nicaragua | Belgium | Palestinian Territories | Kenya | Luxembourg | Albania | Armenia | Azerbaijan | Belarus | Bosnia and Herzegovina | Georgia | Serbia | Kyrgyzstan | North Macedonia | Moldova, Republic of | Tajikistan | Turkmenistan | Uzbekistan | Andorra | Iceland | Liechtenstein | Malta | Monaco | San Marino | Vatican City | Bahrain | Iraq | Jordan | Qatar | Kuwait | Lebanon | Oman | Saudi Arabia | Yemen | Syrian Arab Republic (Syria) | United Arab Emirates | Bhutan | Myanmar | Brunei Darussalam | Taiwan | Hong Kong (CN) | Cambodia | Korea, the Republic of | 107 | Lao People's Democratic Republic | Macao (CN) | Mongolia | Philippines | Vietnam | Guyana | French Guayana | Suriname | Bahamas | Barbados | Bermudas | Dominican Republic | El Salvador | Guadeloupe | Haiti | Belize | Jamaica | Montserrat | Martinique | The Dutch Antilles | Puerto Rico | Trinidad and Tobago | Anguilla | Antigua and Barbuda | Dominica | Grenada | Saint Lucia | Saint Vincent and the Grenadines | Angola | Ethiopia | Botswana | Burundi | Benin | Côte d'Ivoire | Djibouti | Gabon | Gambia | Ghana | Guinea | Guinea-Bissau | Equatorial Guinea | Cameroon | Cape Verde | Congo | Congo, Democratic Republic | Lesotho | Liberia | Madagascar | Malawi | Mali | Mauritania | Mauritius | Mozambique | Comoros | Eswatani | Niger | Nigeria | Burkina Faso | Réunion | Zimbabwe | Rwanda | Zambia | Sao Tome and Principe | Senegal | Seychelles | Sierra Leone | Somalia | Sudan | Namibia | Tanzania, United Republic of | Togo | Chad | Uganda | Central African Republic | Eritrea | Algeria | Libya | Morocco | Tunisia | Afghanistan | Bangladesh | Iran | Nepal | Pakistan | Sri Lanka | Fiji | Samoa | Tahiti | Tonga | Papua New Guinea | Nauru | New Caledonia | Solomon Islands | Kiribati | Cook Islands | Niue | Vanuatu | Tuvalu | Marshall Islands | Micronesia, Federated States of | Timor-Leste | Germany | Maldives | Saint Kitts and Nevis | Guam | Palau | Montenegro | Kosovo | South Sudan",Study | Research/Doctorate/PhD | Internship,0,Erasmus+ mobility of individuals sponsors study periods and traineeships (work placements) in 33 specified Erasmus+ programme countries  and in Erasmus+ partner countries  around the world.,DAAD,Germany,,,,,,Europe,Rolling / Annual,Scholarship,0,PhD,Research,80,Medium,1,90,PhD,https://www.daad.de/en/,Grant / Scholarship,3-4 Years
105,Institutions of Higher Education in Hesse: Doctoral Scholarships,Institutions of Higher Education in Hesse: Doctoral Scholarships,Doctoral candidates/PhD students,"Languages and Cultural Studies | Law, Economics and Social Sciences | Mathematics and Natural Sciences | Human Medicine | Veterinary Medicine, Agricultural, Forest and Nutritional Sciences, Ecology | Engineering | Art, Music and Sport","South Africa | Egypt | Bulgaria | India | Indonesia | Israel | Kazakhstan | Croatia | Malaysia | Romania | Singapore | Slovakia | Slovenia | Turkey | Thailand | Czech Republic | Ukraine | China, PR | Cyprus | Estonia | Latvia | Lithuania | Australia | Denmark | Finland | France | Greece | Ireland | Austria | Italy | Japan | Canada | New Zealand | Netherlands | Norway | Poland | Portugal | 38 | Sweden | Switzerland | Spain | United Kingdom | Hungary | United States of America | Uruguay | Argentina | Bolivia | Brazil | Chile | Costa Rica | Ecuador | Guatemala | Honduras | Colombia | Cuba | Mexico | Panama | Paraguay | Peru | Venezuela, Bolivarian Republic of | Nicaragua | Belgium | Palestinian Territories | Kenya | Luxembourg | Albania | Armenia | Azerbaijan | Belarus | Bosnia and Herzegovina | Georgia | Serbia | Kyrgyzstan | North Macedonia | Moldova, Republic of | Tajikistan | Turkmenistan | Uzbekistan | Andorra | Iceland | Liechtenstein | Malta | Monaco | San Marino | Vatican City | Bahrain | Iraq | Jordan | Qatar | Kuwait | Lebanon | Oman | Saudi Arabia | Yemen | Syrian Arab Republic (Syria) | United Arab Emirates | Bhutan | Myanmar | Brunei Darussalam | Taiwan | Hong Kong (CN) | Cambodia | Korea, the Republic of | 107 | Lao People's Democratic Republic | Macao (CN) | Mongolia | Philippines | Vietnam | Guyana | French Guayana | Suriname | Bahamas | Barbados | Bermudas | Dominican Republic | El Salvador | Guadeloupe | Haiti | Belize | Jamaica | Montserrat | Martinique | The Dutch Antilles | Puerto Rico | Trinidad and Tobago | Anguilla | Antigua and Barbuda | Dominica | Grenada | Saint Lucia | Saint Vincent and the Grenadines | Angola | Ethiopia | Botswana | Burundi | Benin | Côte d'Ivoire | Djibouti | Gabon | Gambia | Ghana | Guinea | Guinea-Bissau | Equatorial Guinea | Cameroon | Cape Verde | Congo | Congo, Democratic Republic | Lesotho | Liberia | Madagascar | Malawi | Mali | Mauritania | Mauritius | Mozambique | Comoros | Eswatani | Niger | Nigeria | Burkina Faso | Réunion | Zimbabwe | Rwanda | Zambia | Sao Tome and Principe | Senegal | Seychelles | Sierra Leone | Somalia | Sudan | Namibia | Tanzania, United Republic of | Togo | Chad | Uganda | Central African Republic | Eritrea | Algeria | Libya | Morocco | Tunisia | Afghanistan | Bangladesh | Iran | Nepal | Pakistan | Sri Lanka | Fiji | Samoa | Tahiti | Tonga | Papua New Guinea | Nauru | New Caledonia | Solomon Islands | Kiribati | Cook Islands | Niue | Vanuatu | Tuvalu | Marshall Islands | Micronesia, Federated States of | Timor-Leste | Germany | Maldives | Saint Kitts and Nevis | Guam | Palau | Montenegro | Kosovo | South Sudan",Research/Doctorate/PhD,0,Specific higher education institutions of the state of Hesse award doctoral scholarships to particularly qualified junior scholars and researchers who wish to conduct doctoral research at a Hessian higher education institution. Applications,DAAD,Germany,,,,,,Europe,Rolling / Annual,Scholarship,0,PhD,Research,80,Medium,1,90,PhD,https://www.daad.de/en/,Grant / Scholarship,3-4 Years
109,"Ministry for Science, Culture, Federal and European Affairs of Mecklenburg-West Pomerania: PhD Scholarships and Caspar-David-Friedrich Scholarships (CDF)","Ministry for Science, Culture, Federal and European Affairs of Mecklenburg-West Pomerania: PhD Scholarships and Caspar-David-Friedrich Scholarships (CDF)",Graduates | Doctoral candidates/PhD students,"Languages and Cultural Studies | Law, Economics and Social Sciences | Mathematics and Natural Sciences | Human Medicine | Veterinary Medicine, Agricultural, Forest and Nutritional Sciences, Ecology | Engineering | Art, Music and Sport","South Africa | Egypt | Bulgaria | India | Indonesia | Israel | Kazakhstan | Croatia | Malaysia | Romania | Singapore | Slovakia | Slovenia | Turkey | Thailand | Czech Republic | Ukraine | China, PR | Cyprus | Estonia | Latvia | Lithuania | Australia | Denmark | Finland | France | Greece | Ireland | Austria | Italy | Japan | Canada | New Zealand | Netherlands | Norway | Poland | Portugal | 38 | Sweden | Switzerland | Spain | United Kingdom | Hungary | United States of America | Uruguay | Argentina | Bolivia | Brazil | Chile | Costa Rica | Ecuador | Guatemala | Honduras | Colombia | Cuba | Mexico | Panama | Paraguay | Peru | Venezuela, Bolivarian Republic of | Nicaragua | Belgium | Palestinian Territories | Kenya | Luxembourg | Albania | Armenia | Azerbaijan | Belarus | Bosnia and Herzegovina | Georgia | Serbia | Kyrgyzstan | North Macedonia | Moldova, Republic of | Tajikistan | Turkmenistan | Uzbekistan | Andorra | Iceland | Liechtenstein | Malta | Monaco | San Marino | Vatican City | Bahrain | Iraq | Jordan | Qatar | Kuwait | Lebanon | Oman | Saudi Arabia | Yemen | Syrian Arab Republic (Syria) | United Arab Emirates | Bhutan | Myanmar | Brunei Darussalam | Taiwan | Hong Kong (CN) | Cambodia | Korea, the Republic of | 107 | Lao People's Democratic Republic | Macao (CN) | Mongolia | Philippines | Vietnam | Guyana | French Guayana | Suriname | Bahamas | Barbados | Bermudas | Dominican Republic | El Salvador | Guadeloupe | Haiti | Belize | Jamaica | Montserrat | Martinique | The Dutch Antilles | Puerto Rico | Trinidad and Tobago | Anguilla | Antigua and Barbuda | Dominica | Grenada | Saint Lucia | Saint Vincent and the Grenadines | Angola | Ethiopia | Botswana | Burundi | Benin | Côte d'Ivoire | Djibouti | Gabon | Gambia | Ghana | Guinea | Guinea-Bissau | Equatorial Guinea | Cameroon | Cape Verde | Congo | Congo, Democratic Republic | Lesotho | Liberia | Madagascar | Malawi | Mali | Mauritania | Mauritius | Mozambique | Comoros | Eswatani | Niger | Nigeria | Burkina Faso | Réunion | Zimbabwe | Rwanda | Zambia | Sao Tome and Principe | Senegal | Seychelles | Sierra Leone | Somalia | Sudan | Namibia | Tanzania, United Republic of | Togo | Chad | Uganda | Central African Republic | Eritrea | Algeria | Libya | Morocco | Tunisia | Afghanistan | Bangladesh | Iran | Nepal | Pakistan | Sri Lanka | Fiji | Samoa | Tahiti | Tonga | Papua New Guinea | Nauru | New Caledonia | Solomon Islands | Kiribati | Cook Islands | Niue | Vanuatu | Tuvalu | Marshall Islands | Micronesia, Federated States of | Timor-Leste | Germany | Maldives | Saint Kitts and Nevis | Guam | Palau | Montenegro | Kosovo | South Sudan",Study | Research/Doctorate/PhD,0,Higher education graduates of outstanding academic merit who plan to complete a doctoral programme or carry out an artistic development project at a higher education institution in Mecklenburg-West Pomerania are welcome to apply. The PhD,DAAD,Germany,,,,,,Europe,Rolling / Annual,Scholarship,0,PhD,Research,80,Medium,1,90,PhD,https://www.daad.de/en/,Grant / Scholarship,3-4 Years
110,Konrad-Adenauer-Stiftung (KAS): Scholarship Programme for International Students,Konrad-Adenauer-Stiftung (KAS): Scholarship Programme for International Students,Undergraduates | Graduates | Doctoral candidates/PhD students,"Languages and Cultural Studies | Law, Economics and Social Sciences | Mathematics and Natural Sciences | Veterinary Medicine, Agricultural, Forest and Nutritional Sciences, Ecology | Engineering | Art, Music and Sport","South Africa | Egypt | India | Indonesia | Israel | Kazakhstan | Malaysia | Singapore | Turkey | Thailand | Czech Republic | Ukraine | China, PR | Australia | Japan | Canada | New Zealand | Norway | 38 | Switzerland | United Kingdom | United States of America | Uruguay | Argentina | Bolivia | Brazil | Chile | Costa Rica | Ecuador | Guatemala | Honduras | Colombia | Cuba | Mexico | Panama | Paraguay | Peru | Venezuela, Bolivarian Republic of | Nicaragua | Palestinian Territories | Kenya | Luxembourg | Albania | Armenia | Azerbaijan | Belarus | Bosnia and Herzegovina | Georgia | Serbia | Kyrgyzstan | North Macedonia | Moldova, Republic of | Tajikistan | Turkmenistan | Uzbekistan | Andorra | Iceland | Liechtenstein | Monaco | San Marino | Vatican City | Bahrain | Iraq | Jordan | Qatar | Kuwait | Lebanon | Oman | Saudi Arabia | Yemen | Syrian Arab Republic (Syria) | United Arab Emirates | Bhutan | Myanmar | Brunei Darussalam | Taiwan | Hong Kong (CN) | Cambodia | Korea, the Republic of | 107 | Lao People's Democratic Republic | Macao (CN) | Mongolia | Philippines | Vietnam | Guyana | French Guayana | Suriname | Bahamas | Barbados | Bermudas | Dominican Republic | El Salvador | Guadeloupe | Haiti | Belize | Jamaica | Montserrat | Martinique | The Dutch Antilles | Puerto Rico | Trinidad and Tobago | Anguilla | Antigua and Barbuda | Dominica | Grenada | Saint Lucia | Saint Vincent and the Grenadines | Angola | Ethiopia | Botswana | Burundi | Benin | Côte d'Ivoire | Djibouti | Gabon | Gambia | Ghana | Guinea | Guinea-Bissau | Equatorial Guinea | Cameroon | Cape Verde | Congo | Congo, Democratic Republic | Lesotho | Liberia | Madagascar | Malawi | Mali | Mauritania | Mauritius | Mozambique | Comoros | Eswatani | Niger | Nigeria | Burkina Faso | Réunion | Zimbabwe | Rwanda | Zambia | Sao Tome and Principe | Senegal | Seychelles | Sierra Leone | Somalia | Sudan | Namibia | Tanzania, United Republic of | Togo | Chad | Uganda | Central African Republic | Eritrea | Algeria | Libya | Morocco | Tunisia | Afghanistan | Bangladesh | Iran | Nepal | Pakistan | Sri Lanka | Fiji | Samoa | Tahiti | Tonga | Papua New Guinea | Nauru | New Caledonia | Solomon Islands | Kiribati | Cook Islands | Niue | Vanuatu | Tuvalu | Marshall Islands | Micronesia, Federated States of | Timor-Leste | Maldives | Saint Kitts and Nevis | Guam | Palau | Montenegro | Kosovo | South Sudan",Study | Research/Doctorate/PhD,0,Every year the foundation awards scholarships to international students in degree courses or PhD programmes at higher education institutions in Germany. The scholarship programme is primarily aimed at international students and doctoral,DAAD,Germany,,,,,,Europe,Rolling / Annual,Scholarship,0,PhD,Research,80,Medium,1,90,PhD,https://www.daad.de/en/,Grant / Scholarship,3-4 Years
112,Alexander von Humboldt Foundation: Humboldt Research Fellowships for Postdoctoral Researchers,Alexander von Humboldt Foundation: Humboldt Research Fellowships for Postdoctoral Researchers,Postdoctoral researchers,"Languages and Cultural Studies | Law, Economics and Social Sciences | Mathematics and Natural Sciences | Human Medicine | Veterinary Medicine, Agricultural, Forest and Nutritional Sciences, Ecology | Engineering | Art, Music and Sport","South Africa | Egypt | Bulgaria | India | Indonesia | Israel | Kazakhstan | Croatia | Malaysia | Romania | Singapore | Slovakia | Slovenia | Turkey | Thailand | Czech Republic | Ukraine | China, PR | Cyprus | Estonia | Latvia | Lithuania | Australia | Denmark | Finland | France | Greece | Ireland | Austria | Italy | Japan | Canada | New Zealand | Netherlands | Norway | Poland | Portugal | 38 | Sweden | Switzerland | Spain | United Kingdom | Hungary | United States of America | Uruguay | Argentina | Bolivia | Chile | Costa Rica | Ecuador | Guatemala | Honduras | Colombia | Cuba | Mexico | Panama | Paraguay | Peru | Venezuela, Bolivarian Republic of | Nicaragua | Belgium | Palestinian Territories | Kenya | Luxembourg | Albania | Armenia | Azerbaijan | Belarus | Bosnia and Herzegovina | Georgia | Serbia | Kyrgyzstan | North Macedonia | Moldova, Republic of | Tajikistan | Turkmenistan | Uzbekistan | Andorra | Iceland | Liechtenstein | Malta | Monaco | San Marino | Vatican City | Bahrain | Iraq | Jordan | Qatar | Kuwait | Lebanon | Oman | Saudi Arabia | Yemen | Syrian Arab Republic (Syria) | United Arab Emirates | Bhutan | Myanmar | Brunei Darussalam | Taiwan | Hong Kong (CN) | Cambodia | Korea, the Republic of | 107 | Lao People's Democratic Republic | Macao (CN) | Mongolia | Philippines | Vietnam | Guyana | French Guayana | Suriname | Bahamas | Barbados | Bermudas | Dominican Republic | El Salvador | Guadeloupe | Haiti | Belize | Jamaica | Montserrat | Martinique | The Dutch Antilles | Puerto Rico | Trinidad and Tobago | Anguilla | Antigua and Barbuda | Dominica | Grenada | Saint Lucia | Saint Vincent and the Grenadines | Angola | Ethiopia | Botswana | Burundi | Benin | Côte d'Ivoire | Djibouti | Gabon | Gambia | Ghana | Guinea | Guinea-Bissau | Equatorial Guinea | Cameroon | Cape Verde | Congo | Congo, Democratic Republic | Lesotho | Liberia | Madagascar | Malawi | Mali | Mauritania | Mauritius | Mozambique | Comoros | Eswatani | Niger | Nigeria | Burkina Faso | Réunion | Zimbabwe | Rwanda | Zambia | Sao Tome and Principe | Senegal | Seychelles | Sierra Leone | Somalia | Sudan | Namibia | Tanzania, United Republic of | Togo | Chad | Uganda | Central African Republic | Eritrea | Algeria | Libya | Morocco | Tunisia | Afghanistan | Bangladesh | Iran | Nepal | Pakistan | Sri Lanka | Fiji | Samoa | Tahiti | Tonga | Papua New Guinea | Nauru | New Caledonia | Solomon Islands | Kiribati | Cook Islands | Niue | Vanuatu | Tuvalu | Marshall Islands | Micronesia, Federated States of | Timor-Leste | Maldives | Saint Kitts and Nevis | Guam | Palau | Montenegro | Kosovo | South Sudan",Research/Doctorate/PhD,0,Applicants are highly qualified scientists and scholars from abroad just embarking on their academic careers who completed their doctorates less than 4 years ago. The fellowship gives international candidates from all disciplines the,DAAD,Germany,,,,,,Europe,Rolling / Annual,Fellowship,0,Postdoc,Research,80,Very High,1,90,Postdoc,https://www.daad.de/en/,Grant / Scholarship,6-24 Months
115,Heinrich Böll Foundation: PhD scholarship,Heinrich Böll Foundation: PhD scholarship,Doctoral candidates/PhD students,"Languages and Cultural Studies | Law, Economics and Social Sciences | Mathematics and Natural Sciences | Human Medicine | Veterinary Medicine, Agricultural, Forest and Nutritional Sciences, Ecology | Engineering | Art, Music and Sport","South Africa | Egypt | Bulgaria | India | Indonesia | Israel | Kazakhstan | Croatia | Malaysia | Romania | Singapore | Slovakia | Slovenia | Turkey | Thailand | Czech Republic | Ukraine | China, PR | Cyprus | Estonia | Latvia | Lithuania | Australia | Denmark | Finland | France | Greece | Ireland | Austria | Italy | Japan | Canada | New Zealand | Netherlands | Norway | Poland | Portugal | 38 | Sweden | Switzerland | Spain | United Kingdom | Hungary | United States of America | Uruguay | Argentina | Bolivia | Brazil | Chile | Costa Rica | Ecuador | Guatemala | Honduras | Colombia | Cuba | Mexico | Panama | Paraguay | Peru | Venezuela, Bolivarian Republic of | Nicaragua | Belgium | Palestinian Territories | Kenya | Luxembourg | Albania | Armenia | Azerbaijan | Belarus | Bosnia and Herzegovina | Georgia | Serbia | Kyrgyzstan | North Macedonia | Moldova, Republic of | Tajikistan | Turkmenistan | Uzbekistan | Andorra | Iceland | Liechtenstein | Malta | Monaco | San Marino | Vatican City | Bahrain | Iraq | Jordan | Qatar | Kuwait | Lebanon | Oman | Saudi Arabia | Yemen | Syrian Arab Republic (Syria) | United Arab Emirates | Bhutan | Myanmar | Brunei Darussalam | Taiwan | Hong Kong (CN) | Cambodia | Korea, the Republic of | 107 | Lao People's Democratic Republic | Macao (CN) | Mongolia | Philippines | Vietnam | Guyana | French Guayana | Suriname | Bahamas | Barbados | Bermudas | Dominican Republic | El Salvador | Guadeloupe | Haiti | Belize | Jamaica | Montserrat | Martinique | The Dutch Antilles | Puerto Rico | Trinidad and Tobago | Anguilla | Antigua and Barbuda | Dominica | Grenada | Saint Lucia | Saint Vincent and the Grenadines | Angola | Ethiopia | Botswana | Burundi | Benin | Côte d'Ivoire | Djibouti | Gabon | Gambia | Ghana | Guinea | Guinea-Bissau | Equatorial Guinea | Cameroon | Cape Verde | Congo | Congo, Democratic Republic | Lesotho | Liberia | Madagascar | Malawi | Mali | Mauritania | Mauritius | Mozambique | Comoros | Eswatani | Niger | Nigeria | Burkina Faso | Réunion | Zimbabwe | Rwanda | Zambia | Sao Tome and Principe | Senegal | Seychelles | Sierra Leone | Somalia | Sudan | Namibia | Tanzania, United Republic of | Togo | Chad | Uganda | Central African Republic | Eritrea | Algeria | Libya | Morocco | Tunisia | Afghanistan | Bangladesh | Iran | Nepal | Pakistan | Sri Lanka | Fiji | Samoa | Tahiti | Tonga | Papua New Guinea | Nauru | New Caledonia | Solomon Islands | Kiribati | Cook Islands | Niue | Vanuatu | Tuvalu | Marshall Islands | Micronesia, Federated States of | Timor-Leste | Germany | Maldives | Saint Kitts and Nevis | Guam | Palau | Montenegro | Kosovo | South Sudan",Research/Doctorate/PhD,0,"The Heinrich Böll Foundation is the Green political foundation. Every year, under the heading &quot;promoting talent&quot;, the foundation supports around 1,450 students and 200 doctoral students from all academic backgrounds and types of",DAAD,Germany,,,,,,Europe,Rolling / Annual,Scholarship,0,PhD,Research,80,Medium,1,90,PhD,https://www.daad.de/en/,Grant / Scholarship,3-4 Years
116,Catholic Academic Exchange Service (KAAD): Eastern Europe Programme,Catholic Academic Exchange Service (KAAD): Eastern Europe Programme,Postdoctoral researchers | Graduates | Doctoral candidates/PhD students | Faculty,"Languages and Cultural Studies | Law, Economics and Social Sciences | Mathematics and Natural Sciences | Human Medicine | Veterinary Medicine, Agricultural, Forest and Nutritional Sciences, Ecology | Engineering | Art, Music and Sport","Bulgaria | Kazakhstan | Croatia | Romania | Slovakia | Slovenia | Czech Republic | Ukraine | Estonia | Latvia | Lithuania | Poland | 38 | Hungary | Albania | Armenia | Azerbaijan | Belarus | Bosnia and Herzegovina | Georgia | Serbia | Kyrgyzstan | North Macedonia | Moldova, Republic of | Tajikistan | Turkmenistan | Uzbekistan | Kosovo",Study | Research/Doctorate/PhD,0,"The KAAD is the scholarship institution of the catholic Church in Germany. Applicants for this programme are from Central, Eastern and South-east Europe, the Caucasus and Central Asia , are proficient in German and are of catholic faith. In",DAAD,Germany,,,,,,Europe,Rolling / Annual,Scholarship,0,Postdoc,Research,80,Very High,1,90,Postdoc,https://www.daad.de/en/,Grant / Scholarship,6-24 Months
119,Evangelisches Studienwerk: Scholarship for Students,Evangelisches Studienwerk: Scholarship for Students,Undergraduates,"Languages and Cultural Studies | Law, Economics and Social Sciences | Mathematics and Natural Sciences | Human Medicine | Veterinary Medicine, Agricultural, Forest and Nutritional Sciences, Ecology | Engineering | Art, Music and Sport","South Africa | Egypt | Bulgaria | India | Indonesia | Israel | Kazakhstan | Croatia | Malaysia | Romania | Singapore | Slovakia | Slovenia | Turkey | Thailand | Czech Republic | Ukraine | China, PR | Cyprus | Estonia | Latvia | Lithuania | Australia | Denmark | Finland | France | Greece | Ireland | Austria | Italy | Japan | Canada | New Zealand | Netherlands | Norway | Poland | Portugal | 38 | Sweden | Switzerland | Spain | United Kingdom | Hungary | United States of America | Uruguay | Argentina | Bolivia | Brazil | Chile | Costa Rica | Ecuador | Guatemala | Honduras | Colombia | Cuba | Mexico | Panama | Paraguay | Peru | Venezuela, Bolivarian Republic of | Nicaragua | Belgium | Palestinian Territories | Kenya | Luxembourg | Albania | Armenia | Azerbaijan | Belarus | Bosnia and Herzegovina | Georgia | Serbia | Kyrgyzstan | North Macedonia | Moldova, Republic of | Tajikistan | Turkmenistan | Uzbekistan | Andorra | Iceland | Liechtenstein | Malta | Monaco | San Marino | Vatican City | Bahrain | Iraq | Jordan | Qatar | Kuwait | Lebanon | Oman | Saudi Arabia | Yemen | Syrian Arab Republic (Syria) | United Arab Emirates | Bhutan | Myanmar | Brunei Darussalam | Taiwan | Hong Kong (CN) | Cambodia | Korea, the Republic of | 107 | Lao People's Democratic Republic | Macao (CN) | Mongolia | Philippines | Vietnam | Guyana | French Guayana | Suriname | Bahamas | Barbados | Bermudas | Dominican Republic | El Salvador | Guadeloupe | Haiti | Belize | Jamaica | Montserrat | Martinique | The Dutch Antilles | Puerto Rico | Trinidad and Tobago | Anguilla | Antigua and Barbuda | Dominica | Grenada | Saint Lucia | Saint Vincent and the Grenadines | Angola | Ethiopia | Botswana | Burundi | Benin | Côte d'Ivoire | Djibouti | Gabon | Gambia | Ghana | Guinea | Guinea-Bissau | Equatorial Guinea | Cameroon | Cape Verde | Congo | Congo, Democratic Republic | Lesotho | Liberia | Madagascar | Malawi | Mali | Mauritania | Mauritius | Mozambique | Comoros | Eswatani | Niger | Nigeria | Burkina Faso | Réunion | Zimbabwe | Rwanda | Zambia | Sao Tome and Principe | Senegal | Seychelles | Sierra Leone | Somalia | Sudan | Namibia | Tanzania, United Republic of | Togo | Chad | Uganda | Central African Republic | Eritrea | Algeria | Libya | Morocco | Tunisia | Afghanistan | Bangladesh | Iran | Nepal | Pakistan | Sri Lanka | Fiji | Samoa | Tahiti | Tonga | Papua New Guinea | Nauru | New Caledonia | Solomon Islands | Kiribati | Cook Islands | Niue | Vanuatu | Tuvalu | Marshall Islands | Micronesia, Federated States of | Timor-Leste | Germany | Maldives | Saint Kitts and Nevis | Guam | Palau | Montenegro | Kosovo | South Sudan",Study,0,The ESV scholarships are open to protestant students from all disciplines and subjects wishing to study full-time at a state or state-recognised higher education institution. You are welcome to apply if you are not a member of a Protestant,DAAD,Germany,,,,,,Europe,Rolling / Annual,Scholarship,0,Bachelor,Study,80,Medium,1,90,Bachelor,https://www.daad.de/en/,Grant / Scholarship,3-5 Years
121,Foundation of German Business (sdw): Academic study sponsorship,Foundation of German Business (sdw): Academic study sponsorship,Undergraduates | Graduates,"Languages and Cultural Studies | Law, Economics and Social Sciences | Mathematics and Natural Sciences | Human Medicine | Veterinary Medicine, Agricultural, Forest and Nutritional Sciences, Ecology | Engineering | Art, Music and Sport","South Africa | Egypt | Bulgaria | India | Indonesia | Israel | Kazakhstan | Croatia | Malaysia | Romania | Singapore | Slovakia | Slovenia | Turkey | Thailand | Czech Republic | Ukraine | China, PR | Cyprus | Estonia | Latvia | Lithuania | Australia | Denmark | Finland | France | Greece | Ireland | Austria | Italy | Japan | Canada | New Zealand | Netherlands | Norway | Poland | Portugal | 38 | Sweden | Switzerland | Spain | United Kingdom | Hungary | United States of America | Uruguay | Argentina | Bolivia | Brazil | Chile | Costa Rica | Ecuador | Guatemala | Honduras | Colombia | Cuba | Mexico | Panama | Paraguay | Peru | Venezuela, Bolivarian Republic of | Nicaragua | Belgium | Palestinian Territories | Kenya | Luxembourg | Albania | Armenia | Azerbaijan | Belarus | Bosnia and Herzegovina | Georgia | Serbia | Kyrgyzstan | North Macedonia | Moldova, Republic of | Tajikistan | Turkmenistan | Uzbekistan | Andorra | Iceland | Liechtenstein | Malta | Monaco | San Marino | Vatican City | Bahrain | Iraq | Jordan | Qatar | Kuwait | Lebanon | Oman | Saudi Arabia | Yemen | Syrian Arab Republic (Syria) | United Arab Emirates | Bhutan | Myanmar | Brunei Darussalam | Taiwan | Hong Kong (CN) | Cambodia | Korea, the Republic of | 107 | Lao People's Democratic Republic | Macao (CN) | Mongolia | Philippines | Vietnam | Guyana | French Guayana | Suriname | Bahamas | Barbados | Bermudas | Dominican Republic | El Salvador | Guadeloupe | Haiti | Belize | Jamaica | Montserrat | Martinique | The Dutch Antilles | Puerto Rico | Trinidad and Tobago | Anguilla | Antigua and Barbuda | Dominica | Grenada | Saint Lucia | Saint Vincent and the Grenadines | Angola | Ethiopia | Botswana | Burundi | Benin | Côte d'Ivoire | Djibouti | Gabon | Gambia | Ghana | Guinea | Guinea-Bissau | Equatorial Guinea | Cameroon | Cape Verde | Congo | Congo, Democratic Republic | Lesotho | Liberia | Madagascar | Malawi | Mali | Mauritania | Mauritius | Mozambique | Comoros | Eswatani | Niger | Nigeria | Burkina Faso | Réunion | Zimbabwe | Rwanda | Zambia | Sao Tome and Principe | Senegal | Seychelles | Sierra Leone | Somalia | Sudan | Namibia | Tanzania, United Republic of | Togo | Chad | Uganda | Central African Republic | Eritrea | Algeria | Libya | Morocco | Tunisia | Afghanistan | Bangladesh | Iran | Nepal | Pakistan | Sri Lanka | Fiji | Samoa | Tahiti | Tonga | Papua New Guinea | Nauru | New Caledonia | Solomon Islands | Kiribati | Cook Islands | Niue | Vanuatu | Tuvalu | Marshall Islands | Micronesia, Federated States of | Timor-Leste | Germany | Maldives | Saint Kitts and Nevis | Guam | Palau | Montenegro | Kosovo | South Sudan",Study,0,"The Foundation of German Business (sdw) offers undergraduate and graduate students a vast number of opportunities ranging from various seminars and training programmes to financial support. Courses are held in German, so that candidates",DAAD,Germany,,,,,,Europe,Rolling / Annual,Scholarship,0,Bachelor,Study,80,Medium,1,90,Bachelor,https://www.daad.de/en/,Grant / Scholarship,3-5 Years
123,European Union: Erasmus+ Mobility Project for Higher Education Teachers and Staff,European Union: Erasmus+ Mobility Project for Higher Education Teachers and Staff,Postdoctoral researchers | Doctoral candidates/PhD students | Faculty,"Languages and Cultural Studies | Law, Economics and Social Sciences | Mathematics and Natural Sciences | Human Medicine | Veterinary Medicine, Agricultural, Forest and Nutritional Sciences, Ecology | Engineering | Art, Music and Sport","Mauritania | Mali | Malawi | Madagascar | Liberia | Lesotho | Congo, Democratic Republic | Congo | Cape Verde | Cameroon | Equatorial Guinea | Guinea-Bissau | Guinea | Ghana | Gambia | Gabon | Djibouti | Croatia | Slovakia | Israel | Côte d'Ivoire | Benin | Burundi | Botswana | Ethiopia | Angola | Saint Vincent and the Grenadines | Kazakhstan | Saint Lucia | Grenada | Dominica | Antigua and Barbuda | Anguilla | Trinidad and Tobago | Puerto Rico | The Dutch Antilles | Martinique | Montserrat | Jamaica | Belize | Haiti | Guadeloupe | El Salvador | Dominican Republic | Bermudas | Barbados | Bahamas | Suriname | French Guayana | Guyana | Vietnam | Philippines | Mongolia | Macao (CN) | Lao People's Democratic Republic | 107 | Korea, the Republic of | Cambodia | Hong Kong (CN) | Taiwan | Brunei Darussalam | Myanmar | Bhutan | United Arab Emirates | Syrian Arab Republic (Syria) | Yemen | Saudi Arabia | Oman | Lebanon | Kuwait | Qatar | Jordan | Iraq | Bahrain | Vatican City | San Marino | Monaco | Malta | Liechtenstein | Iceland | Andorra | Uzbekistan | Turkmenistan | Tajikistan | Moldova, Republic of | North Macedonia | Kyrgyzstan | Serbia | Georgia | Bosnia and Herzegovina | Belarus | Azerbaijan | Armenia | Albania | Luxembourg | Kenya | Palestinian Territories | Belgium | Nicaragua | Venezuela, Bolivarian Republic of | Peru | Paraguay | Panama | Mexico | Cuba | Colombia | Honduras | Guatemala | Ecuador | Costa Rica | Chile | Brazil | Bolivia | Argentina | Uruguay | United States of America | Hungary | United Kingdom | Spain | Switzerland | Sweden | 38 | Romania | Portugal | Poland | Norway | Netherlands | New Zealand | Canada | Japan | Italy | Austria | Ireland | Greece | France | Finland | Denmark | Australia | Lithuania | Latvia | Estonia | Cyprus | China, PR | Ukraine | Czech Republic | Thailand | Turkey | Slovenia | South Sudan | Kosovo | Montenegro | Palau | Guam | Saint Kitts and Nevis | Maldives | Germany | Timor-Leste | Micronesia, Federated States of | Marshall Islands | Tuvalu | Vanuatu | Niue | Cook Islands | Kiribati | Solomon Islands | New Caledonia | Nauru | Papua New Guinea | Tonga | Tahiti | Malaysia | Singapore | Samoa | Fiji | Sri Lanka | Pakistan | Nepal | Iran | Bangladesh | Afghanistan | Tunisia | Morocco | Libya | Algeria | Eritrea | Central African Republic | Uganda | Chad | Togo | Tanzania, United Republic of | Namibia | Sudan | Somalia | Sierra Leone | Seychelles | Senegal | Sao Tome and Principe | Zambia | Rwanda | Zimbabwe | Réunion | Burkina Faso | Nigeria | Niger | Eswatani | Comoros | Mozambique | Mauritius | Indonesia | India | Bulgaria | Egypt | South Africa",Research/Doctorate/PhD | Internship | Teaching,0,The Erasmus+ individual mobility project is not only aimed at students but also at university teachers and members of staff at higher education institutions in Germany and other European states. The programme is intended to sponsor mobility,DAAD,Germany,,,,,,Europe,Rolling / Annual,Scholarship,0,Postdoc,Research,80,Very High,1,90,Postdoc,https://www.daad.de/en/,Grant / Scholarship,6-24 Months
125,Herder Institute for Historical Research on East-Central Europe: Herder Fellowship,Herder Institute for Historical Research on East-Central Europe: Herder Fellowship,Postdoctoral researchers | Doctoral candidates/PhD students | Faculty,Languages and Cultural Studies,"South Africa | Egypt | Bulgaria | India | Indonesia | Israel | Kazakhstan | Croatia | Malaysia | Romania | Singapore | Slovakia | Slovenia | Turkey | Thailand | Czech Republic | Ukraine | China, PR | Cyprus | Estonia | Latvia | Lithuania | Australia | Denmark | Finland | France | Greece | Ireland | Austria | Italy | Japan | Canada | New Zealand | Netherlands | Norway | Poland | Portugal | 38 | Sweden | Switzerland | Spain | United Kingdom | Hungary | United States of America | Uruguay | Argentina | Bolivia | Brazil | Chile | Costa Rica | Ecuador | Guatemala | Honduras | Colombia | Cuba | Mexico | Panama | Paraguay | Peru | Venezuela, Bolivarian Republic of | Nicaragua | Belgium | Palestinian Territories | Kenya | Luxembourg | Albania | Armenia | Azerbaijan | Belarus | Bosnia and Herzegovina | Georgia | Serbia | Kyrgyzstan | North Macedonia | Moldova, Republic of | Tajikistan | Turkmenistan | Uzbekistan | Andorra | Iceland | Liechtenstein | Malta | Monaco | San Marino | Vatican City | Bahrain | Iraq | Jordan | Qatar | Kuwait | Lebanon | Oman | Saudi Arabia | Yemen | Syrian Arab Republic (Syria) | United Arab Emirates | Bhutan | Myanmar | Brunei Darussalam | Taiwan | Hong Kong (CN) | Cambodia | Korea, the Republic of | 107 | Lao People's Democratic Republic | Macao (CN) | Mongolia | Philippines | Vietnam | Guyana | French Guayana | Suriname | Bahamas | Barbados | Bermudas | Dominican Republic | El Salvador | Guadeloupe | Haiti | Belize | Jamaica | Montserrat | Martinique | The Dutch Antilles | Puerto Rico | Trinidad and Tobago | Anguilla | Antigua and Barbuda | Dominica | Grenada | Saint Lucia | Saint Vincent and the Grenadines | Angola | Ethiopia | Botswana | Burundi | Benin | Côte d'Ivoire | Djibouti | Gabon | Gambia | Ghana | Guinea | Guinea-Bissau | Equatorial Guinea | Cameroon | Cape Verde | Congo | Congo, Democratic Republic | Lesotho | Liberia | Madagascar | Malawi | Mali | Mauritania | Mauritius | Mozambique | Comoros | Eswatani | Niger | Nigeria | Burkina Faso | Réunion | Zimbabwe | Rwanda | Zambia | Sao Tome and Principe | Senegal | Seychelles | Sierra Leone | Somalia | Sudan | Namibia | Tanzania, United Republic of | Togo | Chad | Uganda | Central African Republic | Eritrea | Algeria | Libya | Morocco | Tunisia | Afghanistan | Bangladesh | Iran | Nepal | Pakistan | Sri Lanka | Fiji | Samoa | Tahiti | Tonga | Papua New Guinea | Nauru | New Caledonia | Solomon Islands | Kiribati | Cook Islands | Niue | Vanuatu | Tuvalu | Marshall Islands | Micronesia, Federated States of | Timor-Leste | Germany | Maldives | Saint Kitts and Nevis | Guam | Palau | Montenegro | Kosovo | South Sudan",Research/Doctorate/PhD,0,"The Herder Fellowship Programme is aimed at researchers of all qualification levels (doctoral students, postdocs and proven experts in historical research on East Central Europe), especially from East Central European countries and other",DAAD,Germany,,,,,,Europe,Rolling / Annual,Fellowship,0,Postdoc,Research,80,Very High,0,90,Postdoc,https://www.daad.de/en/,Grant / Scholarship,6-24 Months
126,Heinrich Böll Foundation: Student Scholarship,Heinrich Böll Foundation: Student Scholarship,Graduates,"Languages and Cultural Studies | Law, Economics and Social Sciences | Mathematics and Natural Sciences | Human Medicine | Veterinary Medicine, Agricultural, Forest and Nutritional Sciences, Ecology | Engineering | Art, Music and Sport","South Africa | Egypt | Bulgaria | India | Indonesia | Israel | Kazakhstan | Croatia | Malaysia | Romania | Singapore | Slovakia | Slovenia | Turkey | Thailand | Czech Republic | Ukraine | China, PR | Cyprus | Estonia | Latvia | Lithuania | Australia | Denmark | Finland | France | Greece | Ireland | Austria | Italy | Japan | Canada | New Zealand | Netherlands | Norway | Poland | Portugal | 38 | Sweden | Switzerland | Spain | United Kingdom | Hungary | United States of America | Uruguay | Argentina | Bolivia | Brazil | Chile | Costa Rica | Ecuador | Guatemala | Honduras | Colombia | Cuba | Mexico | Panama | Paraguay | Peru | Venezuela, Bolivarian Republic of | Nicaragua | Belgium | Palestinian Territories | Kenya | Luxembourg | Albania | Armenia | Azerbaijan | Belarus | Bosnia and Herzegovina | Georgia | Serbia | Kyrgyzstan | North Macedonia | Moldova, Republic of | Tajikistan | Turkmenistan | Uzbekistan | Andorra | Iceland | Liechtenstein | Malta | Monaco | San Marino | Vatican City | Bahrain | Iraq | Jordan | Qatar | Kuwait | Lebanon | Oman | Saudi Arabia | Yemen | Syrian Arab Republic (Syria) | United Arab Emirates | Bhutan | Myanmar | Brunei Darussalam | Taiwan | Hong Kong (CN) | Cambodia | Korea, the Republic of | 107 | Lao People's Democratic Republic | Macao (CN) | Mongolia | Philippines | Vietnam | Guyana | French Guayana | Suriname | Bahamas | Barbados | Bermudas | Dominican Republic | El Salvador | Guadeloupe | Haiti | Belize | Jamaica | Montserrat | Martinique | The Dutch Antilles | Puerto Rico | Trinidad and Tobago | Anguilla | Antigua and Barbuda | Dominica | Grenada | Saint Lucia | Saint Vincent and the Grenadines | Angola | Ethiopia | Botswana | Burundi | Benin | Côte d'Ivoire | Djibouti | Gabon | Gambia | Ghana | Guinea | Guinea-Bissau | Equatorial Guinea | Cameroon | Cape Verde | Congo | Congo, Democratic Republic | Lesotho | Liberia | Madagascar | Malawi | Mali | Mauritania | Mauritius | Mozambique | Comoros | Eswatani | Niger | Nigeria | Burkina Faso | Réunion | Zimbabwe | Rwanda | Zambia | Sao Tome and Principe | Senegal | Seychelles | Sierra Leone | Somalia | Sudan | Namibia | Tanzania, United Republic of | Togo | Chad | Uganda | Central African Republic | Eritrea | Algeria | Libya | Morocco | Tunisia | Afghanistan | Bangladesh | Iran | Nepal | Pakistan | Sri Lanka | Fiji | Samoa | Tahiti | Tonga | Papua New Guinea | Nauru | New Caledonia | Solomon Islands | Kiribati | Cook Islands | Niue | Vanuatu | Tuvalu | Marshall Islands | Micronesia, Federated States of | Timor-Leste | Germany | Maldives | Saint Kitts and Nevis | Guam | Palau | Montenegro | Kosovo | South Sudan",Study,0,"German and international students from any discipline and higher education institution are invited to apply for the scholarship. The Heinrich Böll Foundation is the Green political foundation. Every year, under the heading &quot;promoting",DAAD,Germany,,,,,,Europe,Rolling / Annual,Scholarship,0,Masters,Study,80,Medium,1,90,Masters,https://www.daad.de/en/,Grant / Scholarship,1-2 Years
128,Friedrich Ebert Foundation: Scholarship for International Doctoral Students,Friedrich Ebert Foundation: Scholarship for International Doctoral Students,Doctoral candidates/PhD students,"Languages and Cultural Studies | Law, Economics and Social Sciences | Mathematics and Natural Sciences | Veterinary Medicine, Agricultural, Forest and Nutritional Sciences, Ecology | Engineering | Art, Music and Sport","South Africa | Egypt | Bulgaria | India | Indonesia | Kazakhstan | Croatia | Malaysia | Romania | Thailand | Ukraine | China, PR | 38 | Uruguay | Argentina | Bolivia | Brazil | Chile | Costa Rica | Ecuador | Guatemala | Honduras | Colombia | Cuba | Mexico | Panama | Paraguay | Peru | Venezuela, Bolivarian Republic of | Nicaragua | Palestinian Territories | Kenya | Albania | Armenia | Azerbaijan | Belarus | Bosnia and Herzegovina | Georgia | Serbia | Kyrgyzstan | North Macedonia | Moldova, Republic of | Tajikistan | Turkmenistan | Uzbekistan | Andorra | Monaco | San Marino | Bahrain | Iraq | Jordan | Qatar | Kuwait | Lebanon | Oman | Saudi Arabia | Yemen | Syrian Arab Republic (Syria) | Bhutan | Myanmar | Brunei Darussalam | Hong Kong (CN) | Cambodia | 107 | Lao People's Democratic Republic | Macao (CN) | Mongolia | Philippines | Vietnam | Guyana | Suriname | Bahamas | Barbados | Bermudas | Dominican Republic | El Salvador | Haiti | Belize | Jamaica | Trinidad and Tobago | Anguilla | Antigua and Barbuda | Dominica | Grenada | Saint Lucia | Saint Vincent and the Grenadines | Angola | Ethiopia | Botswana | Burundi | Benin | Côte d'Ivoire | Djibouti | Gabon | Gambia | Ghana | Guinea | Guinea-Bissau | Equatorial Guinea | Cameroon | Cape Verde | Congo | Congo, Democratic Republic | Lesotho | Liberia | Madagascar | Malawi | Mali | Mauritania | Mauritius | Mozambique | Comoros | Eswatani | Niger | Nigeria | Burkina Faso | Zimbabwe | Rwanda | Zambia | Sao Tome and Principe | Senegal | Seychelles | Sierra Leone | Somalia | Sudan | Namibia | Tanzania, United Republic of | Togo | Chad | Uganda | Central African Republic | Eritrea | Algeria | Libya | Morocco | Afghanistan | Bangladesh | Iran | Nepal | Pakistan | Sri Lanka | Fiji | Samoa | Tahiti | Tonga | Papua New Guinea | Nauru | New Caledonia | Solomon Islands | Kiribati | Cook Islands | Niue | Vanuatu | Tuvalu | Marshall Islands | Micronesia, Federated States of | Timor-Leste | Maldives | Saint Kitts and Nevis | Guam | Palau | Montenegro | Kosovo | South Sudan",Research/Doctorate/PhD,0,International students from all subjects (except the medical disciplines) who have been admitted to a doctoral programme at a German higher education institution are eligible to apply for the scholarship. Eligible candidates come from,DAAD,Germany,,,,,,Europe,Rolling / Annual,Scholarship,0,PhD,Research,80,Medium,1,90,PhD,https://www.daad.de/en/,Grant / Scholarship,3-4 Years
129,German Federal Environmental Foundation (DBU): PhD Scholarship Programme,German Federal Environmental Foundation (DBU): PhD Scholarship Programme,Doctoral candidates/PhD students,"Languages and Cultural Studies | Law, Economics and Social Sciences | Mathematics and Natural Sciences | Human Medicine | Veterinary Medicine, Agricultural, Forest and Nutritional Sciences, Ecology | Engineering | Art, Music and Sport","South Africa | Egypt | Bulgaria | India | Indonesia | Israel | Kazakhstan | Croatia | Malaysia | Romania | Singapore | Slovakia | Slovenia | Turkey | Thailand | Czech Republic | Ukraine | China, PR | Cyprus | Estonia | Latvia | Lithuania | Australia | Denmark | Finland | France | Greece | Ireland | Austria | Italy | Japan | Canada | New Zealand | Netherlands | Norway | Poland | Portugal | 38 | Sweden | Switzerland | Spain | United Kingdom | Hungary | United States of America | Uruguay | Argentina | Bolivia | Brazil | Chile | Costa Rica | Ecuador | Guatemala | Honduras | Colombia | Cuba | Mexico | Panama | Paraguay | Peru | Venezuela, Bolivarian Republic of | Nicaragua | Belgium | Palestinian Territories | Kenya | Luxembourg | Albania | Armenia | Azerbaijan | Belarus | Bosnia and Herzegovina | Georgia | Serbia | Kyrgyzstan | North Macedonia | Moldova, Republic of | Tajikistan | Turkmenistan | Uzbekistan | Andorra | Iceland | Liechtenstein | Malta | Monaco | San Marino | Vatican City | Bahrain | Iraq | Jordan | Qatar | Kuwait | Lebanon | Oman | Saudi Arabia | Yemen | Syrian Arab Republic (Syria) | United Arab Emirates | Bhutan | Myanmar | Brunei Darussalam | Taiwan | Hong Kong (CN) | Cambodia | Korea, the Republic of | 107 | Lao People's Democratic Republic | Macao (CN) | Mongolia | Philippines | Vietnam | Guyana | French Guayana | Suriname | Bahamas | Barbados | Bermudas | Dominican Republic | El Salvador | Guadeloupe | Haiti | Belize | Jamaica | Montserrat | Martinique | The Dutch Antilles | Puerto Rico | Trinidad and Tobago | Anguilla | Antigua and Barbuda | Dominica | Grenada | Saint Lucia | Saint Vincent and the Grenadines | Angola | Ethiopia | Botswana | Burundi | Benin | Côte d'Ivoire | Djibouti | Gabon | Gambia | Ghana | Guinea | Guinea-Bissau | Equatorial Guinea | Cameroon | Cape Verde | Congo | Congo, Democratic Republic | Lesotho | Liberia | Madagascar | Malawi | Mali | Mauritania | Mauritius | Mozambique | Comoros | Eswatani | Niger | Nigeria | Burkina Faso | Réunion | Zimbabwe | Rwanda | Zambia | Sao Tome and Principe | Senegal | Seychelles | Sierra Leone | Somalia | Sudan | Namibia | Tanzania, United Republic of | Togo | Chad | Uganda | Central African Republic | Eritrea | Algeria | Libya | Morocco | Tunisia | Afghanistan | Bangladesh | Iran | Nepal | Pakistan | Sri Lanka | Fiji | Samoa | Tahiti | Tonga | Papua New Guinea | Nauru | New Caledonia | Solomon Islands | Kiribati | Cook Islands | Niue | Vanuatu | Tuvalu | Marshall Islands | Micronesia, Federated States of | Timor-Leste | Germany | Maldives | Saint Kitts and Nevis | Guam | Palau | Montenegro | Kosovo | South Sudan",Research/Doctorate/PhD,0,"The DBU scholarship programme for PhD students aims to support young academics in the field of applied environmental sciences and build an interdisciplinary network of experts on the environment. To this end, the scholarships help finance",DAAD,Germany,,,,,,Europe,Rolling / Annual,Scholarship,0,PhD,Research,80,Medium,1,90,PhD,https://www.daad.de/en/,Grant / Scholarship,3-4 Years
130,"Bavarian Academic Center for Central, Eastern and Southeastern Europe: One-year scholarship programme sponsored by the Free State of Bavaria for graduates of Central, Eastern and Southeastern European states (BAYHOST)","Bavarian Academic Center for Central, Eastern and Southeastern Europe: One-year scholarship programme sponsored by the Free State of Bavaria for graduates of Central, Eastern and Southeastern European states (BAYHOST)",Graduates | Doctoral candidates/PhD students,"Languages and Cultural Studies | Law, Economics and Social Sciences | Mathematics and Natural Sciences | Human Medicine | Veterinary Medicine, Agricultural, Forest and Nutritional Sciences, Ecology | Engineering | Art, Music and Sport",Bulgaria | Croatia | Romania | Slovakia | Czech Republic | Ukraine | Poland | Hungary | Serbia,Study | Research/Doctorate/PhD,0,"The one-year scholarships are intended for graduates from Bulgaria, Croatia, Czechia, Hungary, Poland, Romania, Serbia, Slovakia and Ukraine who plan to complete postgraduate studies (i.e. Master's programmes), PhDs or one-year research",DAAD,Germany,,,,,,Europe,Rolling / Annual,Scholarship,0,PhD,Research,80,Medium,1,90,PhD,https://www.daad.de/en/,Grant / Scholarship,3-4 Years
131,Alexander von Humboldt-Foundation: Georg Forster Research Fellowship for Experienced Researchers,Alexander von Humboldt-Foundation: Georg Forster Research Fellowship for Experienced Researchers,Postdoctoral researchers | Faculty,"Languages and Cultural Studies | Law, Economics and Social Sciences | Mathematics and Natural Sciences | Human Medicine | Veterinary Medicine, Agricultural, Forest and Nutritional Sciences, Ecology | Engineering | Art, Music and Sport","Jordan | Lebanon | Comoros | Mozambique | Mauritius | Mauritania | Mali | Malawi | Madagascar | Liberia | Lesotho | Congo, Democratic Republic | Congo | Cape Verde | Cameroon | Equatorial Guinea | Guinea-Bissau | Guinea | Ghana | Gambia | Gabon | Djibouti | Côte d'Ivoire | Benin | Burundi | Botswana | Ethiopia | Angola | Saint Vincent and the Grenadines | Saint Lucia | Grenada | Dominica | Montserrat | Jamaica | Belize | Haiti | El Salvador | Dominican Republic | Suriname | Guyana | Vietnam | Philippines | Mongolia | Lao People's Democratic Republic | 107 | Cambodia | Myanmar | Bhutan | Syrian Arab Republic (Syria) | Yemen | Kenya | Cuba | Palestinian Territories | Venezuela, Bolivarian Republic of | Mexico | Tajikistan | Solomon Islands | Paraguay | Turkmenistan | Albania | Nauru | Peru | Moldova, Republic of | North Macedonia | Nicaragua | Uzbekistan | Papua New Guinea | Honduras | Armenia | Azerbaijan | Kyrgyzstan | Serbia | Georgia | Bosnia and Herzegovina | Belarus | Colombia | Iraq | Kiribati | Niue | Vanuatu | Tuvalu | Marshall Islands | Micronesia, Federated States of | Timor-Leste | Maldives | Montenegro | Kosovo | South Sudan | South Africa | Egypt | Indonesia | Kazakhstan | Malaysia | Turkey | Thailand | Ukraine | Argentina | Bolivia | Costa Rica | Ecuador | Guatemala | Samoa | Eswatani | Niger | Nigeria | Burkina Faso | Zimbabwe | Rwanda | Zambia | Sao Tome and Principe | Senegal | Namibia | Sudan | Somalia | Sierra Leone | Tanzania, United Republic of | Togo | Chad | Uganda | Algeria | Eritrea | Central African Republic | Morocco | Tunisia | Afghanistan | Bangladesh | Iran | Nepal | Pakistan | Sri Lanka | Fiji | Tonga | Libya",Research/Doctorate/PhD,0,The grant is intended to support highly qualified scientists and scholars of all disciplines from developing and transition states  excluding PR China and India. Candidates are experienced researchers who completed their doctorates less,DAAD,Germany,,,,,,Europe,Rolling / Annual,Grant,0,Postdoc,Research,80,Very High,1,90,Postdoc,https://www.daad.de/en/,Grant / Scholarship,6-24 Months
132,Gerda Henkel Foundation: Research Scholarships,Gerda Henkel Foundation: Research Scholarships,Postdoctoral researchers | Faculty,"Languages and Cultural Studies | Art, Music and Sport","South Africa | Egypt | Bulgaria | India | Indonesia | Israel | Kazakhstan | Croatia | Malaysia | Romania | Singapore | Slovakia | Slovenia | Turkey | Thailand | Czech Republic | Ukraine | China, PR | Cyprus | Estonia | Latvia | Lithuania | Australia | Denmark | Finland | France | Greece | Ireland | Austria | Italy | Japan | Canada | New Zealand | Netherlands | Norway | Poland | Portugal | 38 | Sweden | Switzerland | Spain | United Kingdom | Hungary | United States of America | Uruguay | Argentina | Bolivia | Brazil | Chile | Costa Rica | Ecuador | Guatemala | Honduras | Colombia | Cuba | Mexico | Panama | Paraguay | Peru | Venezuela, Bolivarian Republic of | Nicaragua | Belgium | Palestinian Territories | Kenya | Luxembourg | Albania | Armenia | Azerbaijan | Belarus | Bosnia and Herzegovina | Georgia | Serbia | Kyrgyzstan | North Macedonia | Moldova, Republic of | Tajikistan | Turkmenistan | Uzbekistan | Andorra | Iceland | Liechtenstein | Malta | Monaco | San Marino | Vatican City | Bahrain | Iraq | Jordan | Qatar | Kuwait | Lebanon | Oman | Saudi Arabia | Yemen | Syrian Arab Republic (Syria) | United Arab Emirates | Bhutan | Myanmar | Brunei Darussalam | Taiwan | Hong Kong (CN) | Cambodia | Korea, the Republic of | 107 | Lao People's Democratic Republic | Macao (CN) | Mongolia | Philippines | Vietnam | Guyana | French Guayana | Suriname | Bahamas | Barbados | Bermudas | Dominican Republic | El Salvador | Guadeloupe | Haiti | Belize | Jamaica | Montserrat | Martinique | The Dutch Antilles | Puerto Rico | Trinidad and Tobago | Anguilla | Antigua and Barbuda | Dominica | Grenada | Saint Lucia | Saint Vincent and the Grenadines | Angola | Ethiopia | Botswana | Burundi | Benin | Côte d'Ivoire | Djibouti | Gabon | Gambia | Ghana | Guinea | Guinea-Bissau | Equatorial Guinea | Cameroon | Cape Verde | Congo | Congo, Democratic Republic | Lesotho | Liberia | Madagascar | Malawi | Mali | Mauritania | Mauritius | Mozambique | Comoros | Eswatani | Niger | Nigeria | Burkina Faso | Réunion | Zimbabwe | Rwanda | Zambia | Sao Tome and Principe | Senegal | Seychelles | Sierra Leone | Somalia | Sudan | Namibia | Tanzania, United Republic of | Togo | Chad | Uganda | Central African Republic | Eritrea | Algeria | Libya | Morocco | Tunisia | Afghanistan | Bangladesh | Iran | Nepal | Pakistan | Sri Lanka | Fiji | Samoa | Tahiti | Tonga | Papua New Guinea | Nauru | New Caledonia | Solomon Islands | Kiribati | Cook Islands | Niue | Vanuatu | Tuvalu | Marshall Islands | Micronesia, Federated States of | Timor-Leste | Germany | Maldives | Saint Kitts and Nevis | Guam | Palau | Montenegro | Kosovo | South Sudan",Research/Doctorate/PhD,0,"Applicants holding a PhD or who are eligible to be a junior professor in the historical humanities are invited to apply for the research scholarships by the GHS, independent of nationality or place of work. The funding is granted to",DAAD,Germany,,,,,,Europe,Rolling / Annual,Grant,0,Postdoc,Research,80,Very High,0,90,Postdoc,https://www.daad.de/en/,Grant / Scholarship,6-24 Months
133,Foundation of the Berlin House of Representatives: Grant Programme,Foundation of the Berlin House of Representatives: Grant Programme,Postdoctoral researchers | Graduates | Doctoral candidates/PhD students,"Languages and Cultural Studies | Law, Economics and Social Sciences | Mathematics and Natural Sciences | Human Medicine | Veterinary Medicine, Agricultural, Forest and Nutritional Sciences, Ecology | Engineering | Art, Music and Sport","38 | France | Ukraine | Kazakhstan | Uzbekistan | Turkmenistan | Tajikistan | Moldova, Republic of | Kyrgyzstan | Georgia | Belarus | United Kingdom | Azerbaijan | Armenia | United States of America",Research/Doctorate/PhD,0,"The Grant Programme of the Berlin House of Representatives awards funding to young researchers in any subject area from the United States, the United Kingdom, France and states that once belonged to the Soviet Union. Eligible candidates are",DAAD,Germany,,,,,,Europe,Rolling / Annual,Grant,0,Postdoc,Research,80,Very High,1,90,Postdoc,https://www.daad.de/en/,Grant / Scholarship,6-24 Months
134,Hanns Seidel Foundation: PhD scholarships,Hanns Seidel Foundation: PhD scholarships,Doctoral candidates/PhD students,"Languages and Cultural Studies | Law, Economics and Social Sciences | Mathematics and Natural Sciences | Human Medicine | Veterinary Medicine, Agricultural, Forest and Nutritional Sciences, Ecology | Engineering | Art, Music and Sport","Benin | Burundi | Botswana | Ethiopia | Angola | Saint Vincent and the Grenadines | Saint Lucia | Grenada | Dominica | Antigua and Barbuda | South Sudan | Kosovo | Montenegro | Palau | Guam | Saint Kitts and Nevis | Maldives | Germany | Timor-Leste | Micronesia, Federated States of | Marshall Islands | Tuvalu | Vanuatu | Niue | Cook Islands | Kiribati | Solomon Islands | New Caledonia | Nauru | Papua New Guinea | Tonga | Tahiti | Samoa | Fiji | Sri Lanka | Pakistan | Nepal | Iran | Bangladesh | Afghanistan | Tunisia | Morocco | Libya | Algeria | Eritrea | Central African Republic | Uganda | Chad | Togo | Tanzania, United Republic of | Namibia | Sudan | Somalia | Norway | Netherlands | New Zealand | Canada | Japan | Italy | Austria | Ireland | Greece | France | Finland | Denmark | Australia | Lithuania | Latvia | Estonia | Cyprus | China, PR | Ukraine | Czech Republic | Thailand | Turkey | Slovenia | Slovakia | Singapore | Romania | Malaysia | Croatia | Kazakhstan | Israel | Indonesia | India | Bulgaria | Egypt | South Africa | Anguilla | Trinidad and Tobago | Puerto Rico | The Dutch Antilles | Martinique | Montserrat | Jamaica | Belize | Haiti | Guadeloupe | El Salvador | Dominican Republic | Bermudas | Barbados | Bahamas | Suriname | French Guayana | Guyana | Vietnam | Philippines | Mongolia | Macao (CN) | Lao People's Democratic Republic | 107 | Korea, the Republic of | Cambodia | Hong Kong (CN) | Taiwan | Brunei Darussalam | Myanmar | Bhutan | United Arab Emirates | Syrian Arab Republic (Syria) | Yemen | Saudi Arabia | Oman | Lebanon | Sierra Leone | Seychelles | Senegal | Sao Tome and Principe | Zambia | Rwanda | Zimbabwe | Réunion | Burkina Faso | Comoros | Eswatani | Niger | Nigeria | Mozambique | Mauritius | Mauritania | Mali | Malawi | Madagascar | Liberia | Lesotho | Congo, Democratic Republic | Congo | Cape Verde | Cameroon | Equatorial Guinea | Guinea-Bissau | Guinea | Ghana | Gambia | Gabon | Djibouti | Côte d'Ivoire | Kuwait | Qatar | Jordan | Iraq | Bahrain | Vatican City | San Marino | Monaco | Malta | Liechtenstein | Iceland | Andorra | Uzbekistan | Turkmenistan | Tajikistan | Moldova, Republic of | North Macedonia | Kyrgyzstan | Serbia | Georgia | Bosnia and Herzegovina | Belarus | Azerbaijan | Armenia | Albania | Luxembourg | Kenya | Palestinian Territories | Belgium | Nicaragua | Venezuela, Bolivarian Republic of | Peru | Paraguay | Panama | Mexico | Cuba | Colombia | Honduras | Guatemala | Ecuador | Costa Rica | Chile | Brazil | Bolivia | Argentina | Uruguay | United States of America | Hungary | United Kingdom | Spain | Switzerland | Sweden | 38 | Portugal | Poland",Research/Doctorate/PhD,0,"The Hanns Seidel Foundation, which is affiliated with the political party &quot;Christian Social Union&quot; (CSU), sponsors highly-qualified doctoral candidates either from EU member states or with the legal status of German educational",DAAD,Germany,,,,,,Europe,Rolling / Annual,Scholarship,0,PhD,Research,80,Medium,1,90,PhD,https://www.daad.de/en/,Grant / Scholarship,3-4 Years
135,Alexander von Humboldt Foundation: Hezekiah Wardwell Fellowship,Alexander von Humboldt Foundation: Hezekiah Wardwell Fellowship,Graduates,"Art, Music and Sport",Spain,Study,0,The Alexander von Humboldt Foundation awards each year up to 10 fellowships to highly gifted young musicians and musicologists from Spain to help finance their further training or advanced academic studies at an academy of music or a,DAAD,Germany,,,,,,Europe,Rolling / Annual,Fellowship,0,Masters,Study,80,Medium,0,90,Masters,https://www.daad.de/en/,Grant / Scholarship,1-2 Years
136,Hans Böckler Foundation: PhD Fellowship,Hans Böckler Foundation: PhD Fellowship,Doctoral candidates/PhD students,"Languages and Cultural Studies | Law, Economics and Social Sciences | Mathematics and Natural Sciences | Human Medicine | Veterinary Medicine, Agricultural, Forest and Nutritional Sciences, Ecology | Engineering | Art, Music and Sport","Suriname | French Guayana | Guyana | Vietnam | Philippines | Mongolia | Macao (CN) | Anguilla | Antigua and Barbuda | Dominica | Grenada | Saint Lucia | Saint Vincent and the Grenadines | Angola | Ethiopia | Botswana | Burundi | Micronesia, Federated States of | Marshall Islands | Tuvalu | Vanuatu | Niue | Cook Islands | Kiribati | Solomon Islands | New Caledonia | Nauru | Papua New Guinea | Tonga | Tahiti | Samoa | Fiji | Sri Lanka | Pakistan | Nepal | Iran | Bangladesh | Afghanistan | Tunisia | Morocco | Libya | Algeria | Eritrea | Central African Republic | Uganda | Namibia | Tanzania, United Republic of | Togo | Chad | Sudan | Somalia | Sierra Leone | Seychelles | Senegal | Sao Tome and Principe | Zambia | Rwanda | Zimbabwe | Réunion | Burkina Faso | Nigeria | Niger | Eswatani | Comoros | Mozambique | Mauritius | Mauritania | Mali | Malawi | Madagascar | Liberia | Lesotho | Congo, Democratic Republic | Congo | Guinea-Bissau | Equatorial Guinea | Cameroon | Cape Verde | Guinea | Ghana | Gambia | Gabon | Djibouti | Côte d'Ivoire | Benin | United Arab Emirates | Syrian Arab Republic (Syria) | Yemen | Saudi Arabia | Oman | Lebanon | Kuwait | Trinidad and Tobago | Puerto Rico | The Dutch Antilles | Martinique | South Sudan | Kosovo | Montenegro | Palau | Guam | Saint Kitts and Nevis | Maldives | Germany | Timor-Leste | Haiti | Guadeloupe | El Salvador | Dominican Republic | Bermudas | Barbados | Bahamas | Belize | Jamaica | Montserrat | Qatar | Jordan | Iraq | Bahrain | Vatican City | San Marino | Monaco | Malta | Liechtenstein | Iceland | Andorra | Uzbekistan | Turkmenistan | Tajikistan | Moldova, Republic of | North Macedonia | Honduras | Colombia | Cuba | Mexico | Panama | Paraguay | Peru | Venezuela, Bolivarian Republic of | Nicaragua | Belgium | Palestinian Territories | Kenya | Luxembourg | Albania | Armenia | Korea, the Republic of | 107 | Lao People's Democratic Republic | Hong Kong (CN) | Taiwan | Brunei Darussalam | Myanmar | Bhutan | South Africa | Egypt | Bulgaria | India | Indonesia | Israel | Kazakhstan | Croatia | Malaysia | Cambodia | Azerbaijan | Belarus | Bosnia and Herzegovina | Georgia | Serbia | Kyrgyzstan | Guatemala | Ecuador | Costa Rica | Chile | Brazil | Bolivia | Argentina | Uruguay | United States of America | Hungary | United Kingdom | Spain | Switzerland | Sweden | 38 | Portugal | Poland | Norway | Netherlands | New Zealand | Canada | Japan | Italy | Austria | Ireland | Greece | France | Finland | Denmark | Australia | Lithuania | Latvia | Estonia | Cyprus | China, PR | Ukraine | Czech Republic | Thailand | Turkey | Slovenia | Slovakia | Singapore | Romania",Research/Doctorate/PhD,0,The Hans Böckler Foundation is the institute of the German Federation of Trade Unions (DGB) to promote research and studies. The HSB awards fellowships to doctoral students with outstanding academic gifts who show commitment to labour,DAAD,Germany,,,,,,Europe,Rolling / Annual,Fellowship,0,PhD,Research,80,Medium,1,90,PhD,https://www.daad.de/en/,Grant / Scholarship,3-4 Years
138,Copernicus Hamburg: Copernicus Fellowship Programme,Copernicus Hamburg: Copernicus Fellowship Programme,Undergraduates | Graduates,"Languages and Cultural Studies | Law, Economics and Social Sciences | Mathematics and Natural Sciences | Human Medicine | Engineering","Egypt | Bulgaria | Kazakhstan | Croatia | Romania | Slovakia | Slovenia | Czech Republic | Ukraine | Estonia | Latvia | Lithuania | Poland | 38 | Hungary | Albania | Armenia | Azerbaijan | Belarus | Bosnia and Herzegovina | Georgia | Serbia | Kyrgyzstan | North Macedonia | Moldova, Republic of | Tajikistan | Turkmenistan | Uzbekistan | Algeria | Libya | Morocco | Tunisia | Montenegro",Study | Internship,0,"Copernicus Hamburg awards fellowships to Eastern and Central European, North African and Central Asian students every semester. The fellowships last about 6 months. In general, the fellowships for the winter semester run from October to the",DAAD,Germany,,,,,,Europe,Rolling / Annual,Fellowship,0,Bachelor,Study,80,Medium,1,90,Bachelor,https://www.daad.de/en/,Grant / Scholarship,3-5 Years
139,German Research Foundation (DFG): Heisenberg Programme,German Research Foundation (DFG): Heisenberg Programme,Postdoctoral researchers | Faculty,"Languages and Cultural Studies | Law, Economics and Social Sciences | Mathematics and Natural Sciences | Human Medicine | Veterinary Medicine, Agricultural, Forest and Nutritional Sciences, Ecology | Engineering | Art, Music and Sport","Greece | Ireland | Austria | Italy | Japan | Canada | New Zealand | Netherlands | Norway | Poland | Portugal | 38 | Sweden | Switzerland | Spain | United Kingdom | Hungary | United States of America | Uruguay | Argentina | Bolivia | Brazil | Chile | Costa Rica | Ecuador | Guatemala | Honduras | Colombia | Cuba | Mexico | Panama | Paraguay | Peru | Venezuela, Bolivarian Republic of | Nicaragua | Belgium | Palestinian Territories | Kenya | Luxembourg | Albania | Armenia | Azerbaijan | Belarus | Bosnia and Herzegovina | Georgia | Serbia | Kyrgyzstan | North Macedonia | Moldova, Republic of | Tajikistan | Turkmenistan | Uzbekistan | Andorra | Iceland | Liechtenstein | Malta | Monaco | San Marino | Vatican City | Bahrain | Iraq | Jordan | Qatar | Kuwait | Lebanon | Oman | Saudi Arabia | Yemen | Syrian Arab Republic (Syria) | United Arab Emirates | Bhutan | Myanmar | Brunei Darussalam | Taiwan | Hong Kong (CN) | Cambodia | Korea, the Republic of | 107 | Lao People's Democratic Republic | Macao (CN) | Mongolia | Philippines | Vietnam | Guyana | French Guayana | Suriname | Bahamas | Barbados | Bermudas | Dominican Republic | El Salvador | Guadeloupe | Haiti | Belize | Jamaica | Montserrat | Martinique | The Dutch Antilles | Puerto Rico | Trinidad and Tobago | Anguilla | Antigua and Barbuda | Dominica | Grenada | Saint Lucia | Saint Vincent and the Grenadines | Angola | Ethiopia | Botswana | Burundi | Benin | Côte d'Ivoire | Djibouti | Gabon | Gambia | Ghana | Guinea | Guinea-Bissau | Equatorial Guinea | Cameroon | Cape Verde | Congo | Congo, Democratic Republic | Lesotho | Liberia | Madagascar | Malawi | Mali | Mauritania | Mauritius | Mozambique | Comoros | Eswatani | Niger | Nigeria | Burkina Faso | Réunion | Zimbabwe | Rwanda | Zambia | Sao Tome and Principe | Senegal | Seychelles | Sierra Leone | Somalia | Sudan | Namibia | Tanzania, United Republic of | Togo | Chad | Uganda | Central African Republic | Eritrea | Ukraine | Algeria | Libya | Morocco | Tunisia | Afghanistan | Bangladesh | Iran | Nepal | Pakistan | Sri Lanka | Fiji | Samoa | Tahiti | Tonga | Papua New Guinea | Nauru | New Caledonia | Solomon Islands | Kiribati | Cook Islands | Niue | Vanuatu | Tuvalu | Marshall Islands | Micronesia, Federated States of | Timor-Leste | Germany | Maldives | Saint Kitts and Nevis | Guam | Palau | Montenegro | Kosovo | South Sudan | South Africa | Egypt | Bulgaria | India | Indonesia | Israel | Kazakhstan | Croatia | Malaysia | Romania | Singapore | Slovakia | Slovenia | Turkey | Thailand | Czech Republic | China, PR | Cyprus | Estonia | Latvia | Lithuania | Australia | Denmark | Finland | France",Research/Doctorate/PhD | Teaching,0,The Heisenberg Programme sponsors outstanding researchers who are qualified for tenured professorship: they have the opportunity to prepare for a scientific leadership position and simultaneously continue performing top-class research. The,DAAD,Germany,,,,,,Europe,Rolling / Annual,Scholarship,0,Postdoc,Research,80,Very High,1,90,Postdoc,https://www.daad.de/en/,Grant / Scholarship,6-24 Months
141,Evonik Foundation: Evonik Foundation Scholarship,Evonik Foundation: Evonik Foundation Scholarship,Postdoctoral researchers | Graduates | Doctoral candidates/PhD students,Mathematics and Natural Sciences,"Nauru | Papua New Guinea | Tonga | Tahiti | Samoa | Fiji | Sri Lanka | Pakistan | Nepal | Iran | Bangladesh | Afghanistan | Tunisia | Mexico | Cuba | Colombia | Honduras | Guatemala | Ecuador | Costa Rica | Chile | Brazil | Bolivia | Argentina | Uruguay | United Kingdom | Hungary | United States of America | Spain | Switzerland | Sweden | 38 | Portugal | Poland | Norway | Netherlands | New Zealand | Canada | Japan | Italy | Austria | Ireland | Greece | Morocco | Libya | Algeria | Eritrea | Central African Republic | Uganda | Chad | Togo | Tanzania, United Republic of | Namibia | Sudan | Somalia | Sierra Leone | Seychelles | Senegal | Sao Tome and Principe | Zambia | Rwanda | Zimbabwe | Réunion | Burkina Faso | Nigeria | Niger | Eswatani | Comoros | Mozambique | Mauritius | Mauritania | Mali | Malawi | Madagascar | Liberia | Lesotho | Congo, Democratic Republic | Congo | Cape Verde | Cameroon | Equatorial Guinea | Guinea-Bissau | Guinea | Ghana | Gambia | Gabon | Djibouti | Côte d'Ivoire | Benin | Burundi | Botswana | Ethiopia | Angola | Saint Vincent and the Grenadines | Saint Lucia | Grenada | Dominica | Antigua and Barbuda | Anguilla | Trinidad and Tobago | Puerto Rico | The Dutch Antilles | Martinique | Montserrat | Jamaica | Belize | Haiti | Guadeloupe | El Salvador | Dominican Republic | Bermudas | Barbados | Bahamas | Suriname | French Guayana | Guyana | Vietnam | Philippines | Mongolia | Macao (CN) | Lao People's Democratic Republic | 107 | Korea, the Republic of | Cambodia | Hong Kong (CN) | Taiwan | Brunei Darussalam | Myanmar | Bhutan | United Arab Emirates | Syrian Arab Republic (Syria) | Yemen | Saudi Arabia | Oman | Lebanon | Kuwait | Qatar | Jordan | Iraq | Bahrain | Vatican City | San Marino | Monaco | Malta | Liechtenstein | Iceland | Andorra | Uzbekistan | Turkmenistan | Tajikistan | Moldova, Republic of | North Macedonia | Kyrgyzstan | Serbia | Georgia | Bosnia and Herzegovina | Belarus | Azerbaijan | Armenia | Albania | Luxembourg | Kenya | Palestinian Territories | Belgium | Nicaragua | Venezuela, Bolivarian Republic of | Peru | Paraguay | Panama | France | Finland | Denmark | Australia | Lithuania | Latvia | Estonia | Cyprus | China, PR | Ukraine | Czech Republic | Thailand | Turkey | Slovenia | South Africa | Egypt | Bulgaria | India | Indonesia | Israel | Kazakhstan | Croatia | Malaysia | Romania | Singapore | Slovakia | South Sudan | Kosovo | Montenegro | Palau | Guam | Saint Kitts and Nevis | Maldives | Germany | Timor-Leste | Micronesia, Federated States of | Marshall Islands | Tuvalu | Vanuatu | Niue | Cook Islands | Kiribati | Solomon Islands | New Caledonia",Study | Research/Doctorate/PhD,0,"Research work (Master's theses, doctoral theses, Postdocs) in the field of natural sciences is eligible for funding. The programme's focus is on the active support of particularly gifted and skilled young scientists and includes mentoring",DAAD,Germany,,,,,,Europe,Rolling / Annual,Scholarship,0,Postdoc,Research,80,Very High,1,90,Postdoc,https://www.daad.de/en/,Grant / Scholarship,6-24 Months
143,German Cancer Research Center (DKFZ): International PhD Programme,German Cancer Research Center (DKFZ): International PhD Programme,Doctoral candidates/PhD students,Mathematics and Natural Sciences | Human Medicine | Engineering,"Cook Islands | New Caledonia | Solomon Islands | Kiribati | Niue | Vanuatu | Tuvalu | Marshall Islands | Micronesia, Federated States of | Timor-Leste | Germany | Maldives | Saint Kitts and Nevis | Guam | South Africa | Egypt | Bulgaria | India | Indonesia | Israel | Kazakhstan | Croatia | Malaysia | Romania | Singapore | Slovakia | Slovenia | Ukraine | Czech Republic | Thailand | Turkey | China, PR | Cyprus | Estonia | Latvia | Lithuania | Australia | Denmark | Finland | France | Greece | Ireland | Austria | Italy | Japan | Canada | New Zealand | Netherlands | Norway | Poland | Portugal | 38 | Sweden | Switzerland | Spain | United Kingdom | Hungary | United States of America | Uruguay | Argentina | Bolivia | Brazil | Guatemala | Ecuador | Costa Rica | Chile | Honduras | Colombia | Cuba | Mexico | Panama | Paraguay | Peru | Venezuela, Bolivarian Republic of | Nicaragua | Luxembourg | Kenya | Palestinian Territories | Belgium | Albania | Armenia | Azerbaijan | Belarus | Bosnia and Herzegovina | Georgia | Serbia | Kyrgyzstan | North Macedonia | Moldova, Republic of | Tajikistan | Turkmenistan | Uzbekistan | Liechtenstein | Iceland | Andorra | Malta | Monaco | San Marino | Vatican City | Bahrain | South Sudan | Kosovo | Montenegro | Palau | Kuwait | Qatar | Jordan | Iraq | Oman | Saudi Arabia | Yemen | Syrian Arab Republic (Syria) | United Arab Emirates | Lebanon | Bhutan | Myanmar | Brunei Darussalam | Taiwan | Hong Kong (CN) | Cambodia | Korea, the Republic of | 107 | Lao People's Democratic Republic | Macao (CN) | Philippines | Guyana | Vietnam | Mongolia | Bahamas | Suriname | French Guayana | Barbados | Bermudas | Dominican Republic | El Salvador | Guadeloupe | Haiti | Belize | Jamaica | Montserrat | Martinique | The Dutch Antilles | Puerto Rico | Dominica | Antigua and Barbuda | Anguilla | Trinidad and Tobago | Grenada | Saint Lucia | Saint Vincent and the Grenadines | Angola | Ethiopia | Botswana | Burundi | Benin | Côte d'Ivoire | Djibouti | Gabon | Gambia | Ghana | Guinea | Guinea-Bissau | Congo | Cape Verde | Cameroon | Equatorial Guinea | Congo, Democratic Republic | Lesotho | Liberia | Madagascar | Malawi | Mali | Mauritania | Comoros | Mozambique | Mauritius | Eswatani | Niger | Zimbabwe | Réunion | Burkina Faso | Nigeria | Rwanda | Zambia | Sao Tome and Principe | Senegal | Seychelles | Sierra Leone | Somalia | Sudan | Namibia | Tanzania, United Republic of | Togo | Chad | Uganda | Central African Republic | Eritrea | Algeria | Tunisia | Morocco | Libya | Afghanistan | Bangladesh | Iran | Nepal | Pakistan | Sri Lanka | Fiji | Samoa | Tahiti | Nauru | Papua New Guinea | Tonga",Research/Doctorate/PhD,0,"International students holding a Master’s degree in (molecular) biology, (bio-)chemistry, physics, mathematics, computational biology, computer science, epidemiology/public health studies and related subjects are invited to apply for the",DAAD,Germany,,,,,,Europe,Rolling / Annual,Scholarship,0,PhD,Research,80,Medium,1,90,PhD,https://www.daad.de/en/,Grant / Scholarship,3-4 Years
146,Herzog August Bibliothek: Doctoral Fellowships,Herzog August Bibliothek: Doctoral Fellowships,Doctoral candidates/PhD students,"Languages and Cultural Studies | Law, Economics and Social Sciences | Art, Music and Sport","Azerbaijan | Belarus | Bosnia and Herzegovina | Georgia | Serbia | Kyrgyzstan | North Macedonia | Moldova, Republic of | Tajikistan | Turkmenistan | Uzbekistan | Andorra | Iceland | Liechtenstein | Malta | Monaco | San Marino | Vatican City | Bahrain | Iraq | Jordan | Qatar | Kuwait | Lebanon | Oman | Saudi Arabia | Yemen | Syrian Arab Republic (Syria) | United Arab Emirates | Bhutan | Myanmar | Brunei Darussalam | Taiwan | Hong Kong (CN) | Cambodia | Korea, the Republic of | 107 | Lao People's Democratic Republic | Macao (CN) | Mongolia | Philippines | Vietnam | Guyana | French Guayana | Suriname | Bahamas | Barbados | Bermudas | Dominican Republic | El Salvador | Guadeloupe | Haiti | Belize | Jamaica | Montserrat | Martinique | The Dutch Antilles | Puerto Rico | Trinidad and Tobago | Anguilla | Antigua and Barbuda | Dominica | Grenada | Saint Lucia | Saint Vincent and the Grenadines | Angola | Ethiopia | Botswana | Burundi | Benin | Côte d'Ivoire | Djibouti | Gabon | Gambia | Ghana | Guinea | Guinea-Bissau | Equatorial Guinea | Cameroon | Cape Verde | Congo | Congo, Democratic Republic | Lesotho | Liberia | Madagascar | Malawi | Mali | Mauritania | Mauritius | Mozambique | Comoros | Eswatani | Niger | Nigeria | Burkina Faso | Réunion | Somalia | Sierra Leone | Seychelles | Senegal | Sao Tome and Principe | Zambia | Rwanda | Zimbabwe | Venezuela, Bolivarian Republic of | Armenia | Nicaragua | Peru | Paraguay | Panama | Mexico | Cuba | Colombia | Honduras | Guatemala | Ecuador | Costa Rica | Chile | Brazil | Bolivia | Argentina | Uruguay | United States of America | Hungary | United Kingdom | Spain | Switzerland | Sweden | 38 | Portugal | Poland | Norway | Netherlands | New Zealand | Canada | Japan | Italy | Austria | Ireland | Greece | France | Finland | Denmark | Australia | Lithuania | Latvia | Estonia | Cyprus | China, PR | Ukraine | Czech Republic | Belgium | Palestinian Territories | Kenya | Luxembourg | Albania | Sudan | Afghanistan | Bangladesh | Iran | Nepal | Pakistan | Sri Lanka | Fiji | Samoa | Tahiti | Tonga | Papua New Guinea | Nauru | New Caledonia | Solomon Islands | Kiribati | Cook Islands | Niue | Vanuatu | Tuvalu | Marshall Islands | Micronesia, Federated States of | Timor-Leste | Germany | Maldives | Saint Kitts and Nevis | Guam | Palau | Montenegro | Kosovo | South Sudan | Namibia | Tanzania, United Republic of | Togo | Chad | Uganda | Central African Republic | Eritrea | Algeria | Libya | Morocco | Tunisia | Thailand | Turkey | Slovenia | Slovakia | Singapore | Romania | Malaysia | Croatia | Kazakhstan | Israel | Indonesia | India | Bulgaria | Egypt | South Africa",Research/Doctorate/PhD,0,"The fellowships are aimed at particularly qualified junior academics and researchers from all areas of historical study, planning to focus their research on the Herzog August Library during the stay. Junior postgraduate students from",DAAD,Germany,,,,,,Europe,Rolling / Annual,Fellowship,0,PhD,Research,80,Medium,1,90,PhD,https://www.daad.de/en/,Grant / Scholarship,3-4 Years
150,Boehringer Ingelheim Fonds: Travel Grants,Boehringer Ingelheim Fonds: Travel Grants,Postdoctoral researchers | Doctoral candidates/PhD students,Mathematics and Natural Sciences,"Gabon | Djibouti | Côte d'Ivoire | Benin | Burundi | Botswana | Ethiopia | Angola | Saint Vincent and the Grenadines | Saint Lucia | Grenada | Dominica | Antigua and Barbuda | Anguilla | Trinidad and Tobago | Puerto Rico | The Dutch Antilles | Martinique | Montserrat | Jamaica | Belize | Haiti | Guadeloupe | El Salvador | Dominican Republic | Bermudas | Barbados | Bahamas | Suriname | French Guayana | Guyana | Vietnam | Philippines | Mongolia | Macao (CN) | Lao People's Democratic Republic | 107 | Korea, the Republic of | Cambodia | Hong Kong (CN) | Taiwan | Brunei Darussalam | Myanmar | Malta | Liechtenstein | Iceland | Andorra | Uzbekistan | Turkmenistan | Tajikistan | Moldova, Republic of | North Macedonia | Kyrgyzstan | Serbia | Georgia | Bosnia and Herzegovina | Belarus | Azerbaijan | Armenia | Albania | Luxembourg | Kenya | Palestinian Territories | Belgium | Nicaragua | Venezuela, Bolivarian Republic of | Peru | Paraguay | Panama | Mexico | Cuba | Colombia | Honduras | Guatemala | Ecuador | Costa Rica | Chile | Brazil | Bolivia | Argentina | Uruguay | United States of America | Hungary | United Kingdom | Spain | Switzerland | Sweden | 38 | Tuvalu | Vanuatu | Niue | Cook Islands | Kiribati | Solomon Islands | New Caledonia | Nauru | Papua New Guinea | Tonga | Tahiti | Samoa | Fiji | Sri Lanka | Pakistan | Nepal | Iran | Bangladesh | Afghanistan | Tunisia | Morocco | Libya | Algeria | Eritrea | Central African Republic | Uganda | Chad | Togo | Tanzania, United Republic of | Namibia | Sudan | Somalia | Sierra Leone | Seychelles | Senegal | Sao Tome and Principe | Zambia | Rwanda | Zimbabwe | Réunion | Burkina Faso | Nigeria | Niger | Eswatani | Comoros | Mozambique | Mauritius | Mauritania | Mali | Malawi | Madagascar | Liberia | Lesotho | Congo, Democratic Republic | Congo | Cape Verde | Cameroon | Equatorial Guinea | Guinea-Bissau | Guinea | Ghana | Gambia | Bhutan | United Arab Emirates | Syrian Arab Republic (Syria) | Yemen | Saudi Arabia | Oman | Lebanon | Kuwait | Qatar | Jordan | Iraq | Bahrain | Vatican City | San Marino | Monaco | Estonia | Cyprus | China, PR | Ukraine | Czech Republic | Thailand | Turkey | Slovenia | Slovakia | Singapore | Romania | Malaysia | Croatia | Kazakhstan | Israel | Indonesia | India | Bulgaria | Egypt | South Africa | South Sudan | Kosovo | Montenegro | Palau | Guam | Saint Kitts and Nevis | Maldives | Germany | Timor-Leste | Micronesia, Federated States of | Marshall Islands | Portugal | Poland | Norway | Netherlands | New Zealand | Canada | Japan | Italy | Austria | Ireland | Greece | France | Finland | Denmark | Australia | Lithuania | Latvia",Research/Doctorate/PhD,0,"The Boehringer Ingelheim Fonds travel grants are aimed at doctoral, MD and post-doctoral students who pursue experimental projects in basic biomedical research and who wish to learn methods relevant to their current research. To this end,",DAAD,Germany,,,,,,Europe,Rolling / Annual,Grant,0,Postdoc,Research,80,Very High,1,90,Postdoc,https://www.daad.de/en/,Grant / Scholarship,6-24 Months
152,Foundation of German Business (sdw): Support for doctoral candidates,Foundation of German Business (sdw): Support for doctoral candidates,Doctoral candidates/PhD students,"Languages and Cultural Studies | Law, Economics and Social Sciences | Mathematics and Natural Sciences | Human Medicine | Veterinary Medicine, Agricultural, Forest and Nutritional Sciences, Ecology | Engineering | Art, Music and Sport","Tajikistan | Turkmenistan | Uzbekistan | Andorra | Iceland | Dominican Republic | Niger | Nigeria | Burkina Faso | Réunion | Rwanda | Zimbabwe | Zambia | Sudan | Somalia | Sierra Leone | Seychelles | Senegal | Sao Tome and Principe | Namibia | Tanzania, United Republic of | Togo | Chad | Uganda | Central African Republic | Eritrea | Algeria | Libya | Morocco | Tunisia | Afghanistan | Bangladesh | Iran | Nepal | Pakistan | Sri Lanka | Fiji | Samoa | Tahiti | Tonga | New Caledonia | Nauru | Papua New Guinea | Solomon Islands | Kiribati | Cook Islands | Niue | Vanuatu | South Sudan | Kosovo | Montenegro | Palau | Switzerland | Sweden | 38 | Portugal | Poland | Norway | Netherlands | New Zealand | Canada | Japan | Italy | Austria | Ireland | Greece | France | Finland | Denmark | Australia | Lithuania | Latvia | Estonia | Cyprus | China, PR | Ukraine | Czech Republic | Thailand | Turkey | Slovenia | Slovakia | Singapore | Romania | Malaysia | Croatia | Kazakhstan | Israel | Indonesia | India | Bulgaria | Egypt | South Africa | Guam | Saint Kitts and Nevis | Maldives | Germany | Timor-Leste | Micronesia, Federated States of | Marshall Islands | Tuvalu | Bermudas | Chile | Costa Rica | Vietnam | Barbados | Ecuador | Bahamas | Suriname | French Guayana | Guyana | Philippines | Mongolia | Macao (CN) | Lao People's Democratic Republic | 107 | Korea, the Republic of | Cambodia | Hong Kong (CN) | Taiwan | Brunei Darussalam | Myanmar | Bhutan | United Arab Emirates | Syrian Arab Republic (Syria) | Yemen | Saudi Arabia | Oman | Lebanon | Kuwait | Qatar | Jordan | Iraq | Bahrain | Vatican City | San Marino | Monaco | Malta | Liechtenstein | Antigua and Barbuda | El Salvador | Colombia | Anguilla | Trinidad and Tobago | Puerto Rico | The Dutch Antilles | Martinique | Montserrat | Jamaica | Belize | Haiti | Guadeloupe | Dominica | Grenada | Saint Lucia | Saint Vincent and the Grenadines | Angola | Botswana | Ethiopia | Burundi | Benin | Gabon | Djibouti | Côte d'Ivoire | Gambia | Ghana | Guinea | Guinea-Bissau | Equatorial Guinea | Cameroon | Cape Verde | Congo | Congo, Democratic Republic | Eswatani | Comoros | Mozambique | Mauritius | Mauritania | Mali | Malawi | Madagascar | Liberia | Lesotho | Cuba | Mexico | Guatemala | Panama | Paraguay | Honduras | Belgium | Venezuela, Bolivarian Republic of | Nicaragua | Peru | Palestinian Territories | Kenya | Luxembourg | Albania | Armenia | Azerbaijan | Belarus | Bosnia and Herzegovina | Georgia | Serbia | Kyrgyzstan | North Macedonia | Moldova, Republic of | Brazil | Bolivia | Argentina | Uruguay | Spain | United Kingdom | Hungary | United States of America",Research/Doctorate/PhD,0,"The Foundation of German Business (sdw) offers doctoral candidates a vast number of opportunities ranging from various seminars and training programmes to financial support. Courses are held in German, so that candidates should have German",DAAD,Germany,,,,,,Europe,Rolling / Annual,Scholarship,0,PhD,Research,80,Medium,1,90,PhD,https://www.daad.de/en/,Grant / Scholarship,3-4 Years
155,Friedrich Ebert Foundation: Scholarship for International Students,Friedrich Ebert Foundation: Scholarship for International Students,Undergraduates | Graduates,"Languages and Cultural Studies | Law, Economics and Social Sciences | Mathematics and Natural Sciences | Human Medicine | Veterinary Medicine, Agricultural, Forest and Nutritional Sciences, Ecology | Engineering | Art, Music and Sport","Brazil | Chile | Costa Rica | Ecuador | Guatemala | Honduras | Colombia | Cuba | Mexico | Panama | Syrian Arab Republic (Syria) | Yemen | Saudi Arabia | Oman | Lebanon | Kuwait | Qatar | Jordan | Iraq | Bahrain | Andorra | Uzbekistan | Turkmenistan | Tajikistan | Moldova, Republic of | North Macedonia | Kyrgyzstan | Serbia | Georgia | Bosnia and Herzegovina | Belarus | Azerbaijan | Armenia | Albania | Kenya | Palestinian Territories | Nicaragua | Venezuela, Bolivarian Republic of | Peru | Paraguay | Bhutan | Myanmar | Brunei Darussalam | Cambodia | 107 | Lao People's Democratic Republic | Mongolia | Philippines | Vietnam | Guyana | Suriname | Bahamas | Barbados | Dominican Republic | El Salvador | Haiti | Belize | Jamaica | Trinidad and Tobago | Antigua and Barbuda | Dominica | Grenada | Saint Lucia | Saint Vincent and the Grenadines | Angola | Ethiopia | Botswana | Burundi | Benin | Côte d'Ivoire | Djibouti | Gabon | Gambia | South Africa | Egypt | Bulgaria | India | Indonesia | Kazakhstan | Croatia | Malaysia | Romania | Thailand | Ukraine | China, PR | 38 | Uruguay | Argentina | Bolivia | Ghana | Guinea | Guinea-Bissau | Equatorial Guinea | Cameroon | Cape Verde | Congo | Congo, Democratic Republic | Lesotho | Liberia | Madagascar | Malawi | Mali | Mauritania | Mauritius | Mozambique | Comoros | Eswatani | Niger | Nigeria | Burkina Faso | Zimbabwe | Rwanda | Zambia | Sao Tome and Principe | Senegal | Seychelles | Sierra Leone | Somalia | Sudan | Namibia | Tanzania, United Republic of | Togo | Chad | Uganda | Central African Republic | Eritrea | Algeria | Libya | Morocco | Tunisia | Afghanistan | Bangladesh | Iran | Nepal | Pakistan | Sri Lanka | Fiji | Samoa | Tahiti | Tonga | Papua New Guinea | Nauru | New Caledonia | Solomon Islands | Kiribati | Cook Islands | Niue | Vanuatu | Tuvalu | Marshall Islands | Micronesia, Federated States of | Timor-Leste | Maldives | Saint Kitts and Nevis | Guam | Palau | Montenegro | Kosovo | South Sudan",Study,0,"Applicants come from countries in the Global South (Asia, Africa, Latin America), post-Soviet states as well as eastern and south-eastern European (EU) countries. Students in any subject area are eligible to apply, if they demonstrate",DAAD,Germany,,,,,,Europe,Rolling / Annual,Scholarship,0,Bachelor,Study,80,Medium,1,90,Bachelor,https://www.daad.de/en/,Grant / Scholarship,3-5 Years
156,Standing Conference of the Ministers of Education and Cultural Affairs: Foreign Language Assistants from Abroad Teaching at German Schools,Standing Conference of the Ministers of Education and Cultural Affairs: Foreign Language Assistants from Abroad Teaching at German Schools,Undergraduates | Graduates,Languages and Cultural Studies,Australia | France | Ireland | Italy | Canada | New Zealand | Norway | Switzerland | Spain | United Kingdom | United States of America | Belgium,Internship | Teaching,0,Every year about 800 foreign students come to Germany as foreign-language assistants (FLA) to be placed in host schools and support the local subject-specialist teachers in their native languages. The FLA assist the teachers during 12,DAAD,Germany,,,,,,Europe,Rolling / Annual,Scholarship,0,Bachelor,Teacher Training,80,Medium,0,90,Bachelor,https://www.daad.de/en/,Grant / Scholarship,3-5 Years
160,Fulbright Commission: Fulbright Programme,Fulbright Commission: Fulbright Programme,Undergraduates | Postdoctoral researchers | Graduates | Doctoral candidates/PhD students | Faculty,"Languages and Cultural Studies | Law, Economics and Social Sciences | Mathematics and Natural Sciences | Human Medicine | Veterinary Medicine, Agricultural, Forest and Nutritional Sciences, Ecology | Engineering | Art, Music and Sport",United States of America,Study | Research/Doctorate/PhD | Teaching,0,"The Fulbright programme is aimed at financing academic stays by US citizens in Germany. It offers a range of different funding opportunities for students and graduates from universities and other higher education institutions, for teaching",DAAD,Germany,,,,,,Europe,Rolling / Annual,Scholarship,0,Postdoc,Research,80,Very High,1,90,Postdoc,https://www.daad.de/en/,Grant / Scholarship,6-24 Months
161,Cusanuswerk: Undergraduate and Postgraduate Fellowships,Cusanuswerk: Undergraduate and Postgraduate Fellowships,Undergraduates | Graduates | Doctoral candidates/PhD students,"Languages and Cultural Studies | Law, Economics and Social Sciences | Mathematics and Natural Sciences | Human Medicine | Veterinary Medicine, Agricultural, Forest and Nutritional Sciences, Ecology | Engineering | Art, Music and Sport",Germany | Malta | Luxembourg | Belgium | Hungary | Spain | Sweden | Portugal | Poland | Netherlands | Italy | Austria | Ireland | Greece | France | Finland | Denmark | Lithuania | Latvia | Estonia | Cyprus | Czech Republic | Slovenia | Slovakia | Romania | Croatia | Bulgaria,Study | Research/Doctorate/PhD | Language Course | Internship,0,"The Cusanuswerk offers fellowships to particularly gifted students and doctoral candidates of catholic faith from all disciplines. Besides the funding the support entails an interdisciplinary training programme, which aims at encouraging",DAAD,Germany,,,,,,Europe,Rolling / Annual,Fellowship,0,PhD,Research,80,Medium,1,90,PhD,https://www.daad.de/en/,Grant / Scholarship,3-4 Years
163,German Research Foundation (DFG): Research Grant,German Research Foundation (DFG): Research Grant,Postdoctoral researchers | Faculty,"Languages and Cultural Studies | Law, Economics and Social Sciences | Mathematics and Natural Sciences | Human Medicine | Veterinary Medicine, Agricultural, Forest and Nutritional Sciences, Ecology | Engineering | Art, Music and Sport","Uzbekistan | Lebanon | Oman | Saudi Arabia | Yemen | Syrian Arab Republic (Syria) | United Arab Emirates | Bhutan | Myanmar | Brunei Darussalam | Taiwan | Andorra | Iceland | Liechtenstein | South Africa | Egypt | Bulgaria | India | Indonesia | Israel | Kazakhstan | Croatia | Malaysia | Romania | Singapore | Slovakia | Slovenia | Turkey | Thailand | Czech Republic | Ukraine | China, PR | Cyprus | Estonia | Latvia | Lithuania | Australia | Denmark | Finland | France | Greece | Ireland | Austria | Italy | Japan | Canada | New Zealand | Netherlands | Norway | Poland | Portugal | 38 | Sweden | Switzerland | Spain | United Kingdom | Hungary | United States of America | Uruguay | Argentina | Bolivia | Brazil | Chile | Costa Rica | Ecuador | Guatemala | Honduras | Colombia | Cuba | Mexico | Panama | Paraguay | Peru | Venezuela, Bolivarian Republic of | Nicaragua | Belgium | Palestinian Territories | Kenya | Luxembourg | Albania | Hong Kong (CN) | Cambodia | Armenia | San Marino | Vatican City | Bahrain | Iraq | Jordan | Qatar | Kuwait | North Macedonia | Moldova, Republic of | Tajikistan | Turkmenistan | Korea, the Republic of | 107 | Lao People's Democratic Republic | Macao (CN) | Mongolia | Philippines | Vietnam | Guyana | French Guayana | Suriname | Bahamas | Barbados | Bermudas | Dominican Republic | El Salvador | Guadeloupe | Haiti | Belize | Jamaica | Montserrat | Martinique | The Dutch Antilles | Puerto Rico | Trinidad and Tobago | Anguilla | Antigua and Barbuda | Dominica | Grenada | Saint Lucia | Saint Vincent and the Grenadines | Angola | Ethiopia | Botswana | Burundi | Benin | Côte d'Ivoire | Djibouti | Gabon | Gambia | Ghana | Guinea | Guinea-Bissau | Equatorial Guinea | Cameroon | Cape Verde | Congo | Congo, Democratic Republic | Lesotho | Liberia | Madagascar | Malawi | Mali | Mauritania | Mauritius | Mozambique | Comoros | Eswatani | Niger | Nigeria | Burkina Faso | Réunion | Zimbabwe | Rwanda | Zambia | Sao Tome and Principe | Senegal | Seychelles | Sierra Leone | Somalia | Sudan | Namibia | Tanzania, United Republic of | Togo | Chad | Uganda | Central African Republic | Eritrea | Algeria | Libya | Morocco | Tunisia | Afghanistan | Bangladesh | Iran | Nepal | Pakistan | Sri Lanka | Fiji | Samoa | Tahiti | Tonga | Papua New Guinea | Nauru | New Caledonia | Solomon Islands | Kiribati | Cook Islands | Niue | Vanuatu | Tuvalu | Marshall Islands | Georgia | Bosnia and Herzegovina | Belarus | Azerbaijan | Serbia | Kyrgyzstan | Malta | Monaco | Micronesia, Federated States of | Timor-Leste | Germany | Maldives | Saint Kitts and Nevis | Guam | Palau | Montenegro | Kosovo | South Sudan",Research/Doctorate/PhD,0,The grants enable scientists and academics to conduct research projects with clearly defined topics and a limited duration. Researchers from any subject working in Germany or at a German research institution abroad who have completed their,DAAD,Germany,,,,,,Europe,Rolling / Annual,Grant,0,Postdoc,Research,80,Very High,1,90,Postdoc,https://www.daad.de/en/,Grant / Scholarship,6-24 Months
164,"Federal Ministry of Education and Research: Federal Training Assistance Act (Bundesausbildungsförderungsgesetz, or BAföG)","Federal Ministry of Education and Research: Federal Training Assistance Act (Bundesausbildungsförderungsgesetz, or BAföG)",Undergraduates | Graduates,"Languages and Cultural Studies | Law, Economics and Social Sciences | Mathematics and Natural Sciences | Human Medicine | Veterinary Medicine, Agricultural, Forest and Nutritional Sciences, Ecology | Engineering | Art, Music and Sport","Cameroon | Equatorial Guinea | Guinea-Bissau | Guinea | Ghana | Gambia | Gabon | Djibouti | Côte d'Ivoire | Benin | Burundi | Botswana | Ethiopia | Angola | Saint Vincent and the Grenadines | Saint Lucia | Grenada | Dominica | Antigua and Barbuda | Anguilla | Trinidad and Tobago | Puerto Rico | The Dutch Antilles | Martinique | Montserrat | Jamaica | Belize | Haiti | Guadeloupe | El Salvador | Dominican Republic | Bermudas | Switzerland | Sweden | 38 | Netherlands | Norway | Poland | Portugal | New Zealand | Canada | Japan | Italy | Austria | Ireland | Greece | France | Finland | Denmark | Australia | Lithuania | Latvia | Estonia | Cyprus | China, PR | Ukraine | Czech Republic | Thailand | Turkey | Slovenia | Slovakia | Singapore | Romania | Malaysia | Croatia | Kazakhstan | Israel | Indonesia | India | Bulgaria | Egypt | South Africa | South Sudan | Kosovo | Montenegro | Palau | Guam | Saint Kitts and Nevis | Maldives | Germany | Timor-Leste | Micronesia, Federated States of | Marshall Islands | Tuvalu | Vanuatu | Niue | Cook Islands | Kiribati | Solomon Islands | New Caledonia | Nauru | Papua New Guinea | Tonga | Tahiti | Samoa | Fiji | Sri Lanka | Pakistan | Nepal | Iran | Bangladesh | Afghanistan | Tunisia | Morocco | Libya | Algeria | Eritrea | Central African Republic | Uganda | Chad | Togo | Tanzania, United Republic of | Namibia | Sudan | Somalia | Sierra Leone | Seychelles | Senegal | Sao Tome and Principe | Zambia | Rwanda | Zimbabwe | Réunion | Burkina Faso | Nigeria | Niger | Eswatani | Comoros | Barbados | Bahamas | Suriname | French Guayana | Guyana | Vietnam | Philippines | Mongolia | Macao (CN) | Lao People's Democratic Republic | 107 | Korea, the Republic of | Cambodia | Hong Kong (CN) | Taiwan | Brunei Darussalam | Myanmar | Bhutan | United Arab Emirates | Syrian Arab Republic (Syria) | Yemen | Saudi Arabia | Oman | Lebanon | Kuwait | Qatar | Jordan | Iraq | Bahrain | Vatican City | San Marino | Monaco | Malta | Liechtenstein | Iceland | Andorra | Uzbekistan | Turkmenistan | Tajikistan | Moldova, Republic of | North Macedonia | Kyrgyzstan | Serbia | Georgia | Bosnia and Herzegovina | Belarus | Azerbaijan | Armenia | Albania | Luxembourg | Kenya | Palestinian Territories | Belgium | Nicaragua | Venezuela, Bolivarian Republic of | Peru | Paraguay | Panama | Mexico | Cuba | Colombia | Honduras | Guatemala | Ecuador | Costa Rica | Chile | Brazil | Bolivia | Argentina | Uruguay | United States of America | Hungary | United Kingdom | Spain | Mozambique | Mauritius | Mauritania | Mali | Malawi | Madagascar | Liberia | Lesotho | Congo, Democratic Republic | Congo | Cape Verde",Study | Internship,0,"BAföG, the Federal Training Assistance Act, provides funding to support studying in Germany. It can also be used to finance school-leaving qualifications and vocational training at a school or academy. Half of the funds are provided as a",DAAD,Germany,,,,,,Europe,Rolling / Annual,Scholarship,0,Bachelor,Study,80,Medium,1,90,Bachelor,https://www.daad.de/en/,Grant / Scholarship,3-5 Years
166,Boehringer Ingelheim Fonds: PhD Fellowships,Boehringer Ingelheim Fonds: PhD Fellowships,Doctoral candidates/PhD students,Mathematics and Natural Sciences,"Ecuador | Guatemala | Honduras | Colombia | Cuba | Mexico | Panama | Paraguay | Peru | Venezuela, Bolivarian Republic of | Nicaragua | Belgium | Palestinian Territories | Kenya | Luxembourg | Albania | Armenia | Azerbaijan | Belarus | Bosnia and Herzegovina | Georgia | Serbia | Kyrgyzstan | North Macedonia | Moldova, Republic of | Tajikistan | Turkmenistan | Uzbekistan | Andorra | Iceland | Liechtenstein | Malta | Monaco | San Marino | Vatican City | Bahrain | Iraq | Jordan | Qatar | Kuwait | Lebanon | Oman | Saudi Arabia | Yemen | Syrian Arab Republic (Syria) | United Arab Emirates | Bhutan | Myanmar | Brunei Darussalam | Taiwan | Hong Kong (CN) | Cambodia | Korea, the Republic of | 107 | Lao People's Democratic Republic | Macao (CN) | Mongolia | Philippines | Vietnam | Guyana | French Guayana | Suriname | Bahamas | Barbados | Bermudas | Dominican Republic | El Salvador | Guadeloupe | Haiti | Belize | Jamaica | Montserrat | Martinique | The Dutch Antilles | Puerto Rico | Trinidad and Tobago | Anguilla | Antigua and Barbuda | Dominica | Grenada | Saint Lucia | Saint Vincent and the Grenadines | Ethiopia | Angola | Botswana | Burundi | Benin | Côte d'Ivoire | Djibouti | Gabon | Gambia | Ghana | Guinea | Guinea-Bissau | Equatorial Guinea | Cameroon | Cape Verde | Congo | Congo, Democratic Republic | Lesotho | Liberia | Madagascar | Malawi | Mali | Mauritania | Mauritius | Mozambique | Comoros | Eswatani | Niger | Nigeria | Tanzania, United Republic of | Togo | Chad | Uganda | Central African Republic | Eritrea | Algeria | Libya | Morocco | Tunisia | Afghanistan | Bangladesh | Iran | Nepal | Pakistan | Sri Lanka | Fiji | Samoa | Tahiti | Tonga | Papua New Guinea | Nauru | New Caledonia | Solomon Islands | Kiribati | Cook Islands | Niue | Vanuatu | Tuvalu | Marshall Islands | Micronesia, Federated States of | Timor-Leste | Germany | Maldives | Saint Kitts and Nevis | Guam | Palau | Montenegro | Kosovo | South Sudan | South Africa | Egypt | Bulgaria | India | Indonesia | Israel | Kazakhstan | Croatia | Malaysia | Romania | Singapore | Slovakia | Slovenia | Turkey | Thailand | Czech Republic | Ukraine | China, PR | Cyprus | Estonia | Latvia | Lithuania | Australia | Denmark | Finland | France | Greece | Ireland | Austria | Italy | Japan | Canada | New Zealand | Netherlands | Norway | Poland | Portugal | 38 | Sweden | Switzerland | Spain | United Kingdom | Hungary | United States of America | Uruguay | Argentina | Bolivia | Brazil | Chile | Costa Rica | Burkina Faso | Réunion | Zimbabwe | Rwanda | Zambia | Sao Tome and Principe | Senegal | Seychelles | Sierra Leone | Somalia | Sudan | Namibia",Research/Doctorate/PhD,0,The Boehringer Ingelheim Fonds offers doctoral fellowships to outstanding junior scientists who want to conduct an ambitious doctoral project in the field of basic biomedical research at an internationally leading laboratory. The financing,DAAD,Germany,,,,,,Europe,Rolling / Annual,Fellowship,0,PhD,Research,80,Medium,1,90,PhD,https://www.daad.de/en/,Grant / Scholarship,3-4 Years
167,Gerda Henkel Foundation: PhD Scholarships,Gerda Henkel Foundation: PhD Scholarships,Doctoral candidates/PhD students,"Languages and Cultural Studies | Art, Music and Sport","Benin | Côte d'Ivoire | Djibouti | Gabon | Gambia | Ghana | Guinea | Guinea-Bissau | Equatorial Guinea | Cameroon | Cape Verde | Congo | Congo, Democratic Republic | Lesotho | Liberia | Madagascar | Malawi | Mali | Mauritania | Mauritius | Mozambique | Comoros | Eswatani | Niger | Nigeria | Burkina Faso | Réunion | Zimbabwe | Rwanda | Zambia | Sao Tome and Principe | Senegal | Seychelles | Sierra Leone | Somalia | Sudan | Namibia | Tanzania, United Republic of | Togo | Chad | Uganda | Central African Republic | Eritrea | Algeria | Libya | Morocco | Tunisia | Afghanistan | Bangladesh | Iran | Nepal | Pakistan | Sri Lanka | Fiji | Samoa | Tahiti | Tonga | Papua New Guinea | Nauru | New Caledonia | Solomon Islands | South Africa | Egypt | Bulgaria | India | Indonesia | Israel | Kazakhstan | Croatia | Malaysia | Romania | Singapore | Slovakia | Slovenia | Turkey | Thailand | Czech Republic | Ukraine | China, PR | Cyprus | Estonia | Latvia | Lithuania | Australia | Finland | France | Greece | Ireland | Austria | Italy | Japan | Canada | New Zealand | Netherlands | Norway | Poland | Portugal | Kiribati | Cook Islands | Niue | Vanuatu | Tuvalu | Marshall Islands | Micronesia, Federated States of | Timor-Leste | Germany | Maldives | Saint Kitts and Nevis | Guam | Palau | Montenegro | Kosovo | South Sudan | Denmark | Sweden | Switzerland | Spain | United Kingdom | Hungary | United States of America | Uruguay | Argentina | Bolivia | Brazil | Chile | Costa Rica | Ecuador | Guatemala | Honduras | Colombia | Cuba | Mexico | Panama | Paraguay | Peru | Venezuela, Bolivarian Republic of | Nicaragua | Belgium | Palestinian Territories | Kenya | Luxembourg | Albania | Armenia | Azerbaijan | Belarus | Bosnia and Herzegovina | Georgia | Serbia | Kyrgyzstan | North Macedonia | Moldova, Republic of | Tajikistan | Turkmenistan | Uzbekistan | Andorra | Iceland | Liechtenstein | Malta | Monaco | San Marino | Vatican City | Bahrain | Iraq | Jordan | Qatar | Kuwait | Lebanon | Oman | Saudi Arabia | Yemen | Syrian Arab Republic (Syria) | United Arab Emirates | Bhutan | Myanmar | Brunei Darussalam | Taiwan | Hong Kong (CN) | Cambodia | Korea, the Republic of | 107 | Lao People's Democratic Republic | Macao (CN) | Mongolia | Philippines | Vietnam | Guyana | French Guayana | Suriname | Bahamas | Barbados | Bermudas | Dominican Republic | El Salvador | Guadeloupe | Haiti | Belize | Jamaica | Montserrat | Martinique | The Dutch Antilles | Puerto Rico | Trinidad and Tobago | Anguilla | Antigua and Barbuda | Dominica | Grenada | Saint Lucia | Saint Vincent and the Grenadines | Angola | Ethiopia | Botswana | Burundi | 38",Research/Doctorate/PhD,0,The PhD scholarships support highly qualified junior academics from the historical sciences with excellent academic standing and brilliant examination results who show unusual promise for their doctoral theses. Applications can be submitted,DAAD,Germany,,,,,,Europe,Rolling / Annual,Scholarship,0,PhD,Research,80,Medium,0,90,PhD,https://www.daad.de/en/,Grant / Scholarship,3-4 Years
170,Catholic Academic Exchange Service (KAAD): Scholarship Programme 1,Catholic Academic Exchange Service (KAAD): Scholarship Programme 1,Postdoctoral researchers | Graduates | Doctoral candidates/PhD students,"Languages and Cultural Studies | Law, Economics and Social Sciences | Mathematics and Natural Sciences | Human Medicine | Veterinary Medicine, Agricultural, Forest and Nutritional Sciences, Ecology | Engineering | Art, Music and Sport","Jordan | Bangladesh | Uganda | Tanzania, United Republic of | China, PR | Argentina | Bolivia | Brazil | Ecuador | Guatemala | Colombia | Mexico | Peru | Palestinian Territories | Kenya | Lebanon | Syrian Arab Republic (Syria) | Myanmar | Philippines | Vietnam | Ethiopia | Zimbabwe | Ghana | Israel | Indonesia | Egypt",Study | Research/Doctorate/PhD,0,The KAAD is the scholarship institution of the Catholic Church in Germany. Applicants are therefore of catholic denomination: post-graduates or academics who already have work experience and plan to do post-graduate studies or spend a,DAAD,Germany,,,,,,Europe,Rolling / Annual,Scholarship,0,Postdoc,Research,80,Very High,1,90,Postdoc,https://www.daad.de/en/,Grant / Scholarship,6-24 Months
171,Alexander von Humboldt Foundation: Humboldt Research Fellowship for Experienced Researchers,Alexander von Humboldt Foundation: Humboldt Research Fellowship for Experienced Researchers,Postdoctoral researchers | Faculty,"Languages and Cultural Studies | Law, Economics and Social Sciences | Mathematics and Natural Sciences | Human Medicine | Veterinary Medicine, Agricultural, Forest and Nutritional Sciences, Ecology | Engineering | Art, Music and Sport","Gabon | Djibouti | Gambia | Guinea-Bissau | Guinea | Ghana | Equatorial Guinea | Cameroon | Cape Verde | Congo | Congo, Democratic Republic | Lesotho | El Salvador | Guadeloupe | Haiti | Belize | Jamaica | Montserrat | Martinique | The Dutch Antilles | Puerto Rico | Trinidad and Tobago | Dominica | Antigua and Barbuda | Anguilla | Grenada | Saint Lucia | Saint Vincent and the Grenadines | Angola | Ethiopia | Botswana | Burundi | Benin | Zimbabwe | Rwanda | Zambia | Sao Tome and Principe | Senegal | Seychelles | Sierra Leone | Somalia | Sudan | Namibia | Tanzania, United Republic of | Togo | Chad | Uganda | Central African Republic | Eritrea | Algeria | Libya | Morocco | Tunisia | Afghanistan | Bangladesh | Iran | Nepal | Pakistan | Sri Lanka | Fiji | Samoa | Tahiti | Tonga | Papua New Guinea | Nauru | New Caledonia | Solomon Islands | Kiribati | Cook Islands | Niue | Vanuatu | Tuvalu | Marshall Islands | Micronesia, Federated States of | Timor-Leste | Maldives | Saint Kitts and Nevis | Guam | Palau | Montenegro | Kosovo | South Sudan | Malta | Liechtenstein | Iceland | Andorra | Uzbekistan | Turkmenistan | Tajikistan | Cambodia | Hong Kong (CN) | Taiwan | Brunei Darussalam | Myanmar | Belarus | Bosnia and Herzegovina | Georgia | Serbia | Kyrgyzstan | North Macedonia | Moldova, Republic of | Réunion | Burkina Faso | Liberia | Qatar | Bhutan | Dominican Republic | Nigeria | Madagascar | Jordan | Kuwait | Bahamas | San Marino | Vatican City | Bahrain | Niger | Eswatani | Comoros | Mozambique | Mauritius | Mauritania | Mali | Malawi | Korea, the Republic of | 107 | Lao People's Democratic Republic | Macao (CN) | South Africa | Indonesia | India | Bulgaria | Egypt | Israel | Kazakhstan | Croatia | Malaysia | Romania | Singapore | Slovakia | Slovenia | Turkey | Thailand | Czech Republic | Cyprus | China, PR | Ukraine | Estonia | Latvia | Lithuania | Australia | Denmark | Finland | France | Greece | Ireland | Austria | Italy | Netherlands | New Zealand | Canada | Japan | Norway | Poland | Portugal | 38 | Sweden | Switzerland | Spain | United Kingdom | Hungary | United States of America | Uruguay | Argentina | Bolivia | Chile | Costa Rica | Ecuador | Guatemala | Honduras | Colombia | Cuba | Mexico | Panama | Paraguay | Peru | Venezuela, Bolivarian Republic of | Nicaragua | Belgium | Palestinian Territories | Kenya | Luxembourg | Albania | Armenia | Azerbaijan | Mongolia | Philippines | Vietnam | Yemen | Iraq | Monaco | Syrian Arab Republic (Syria) | Côte d'Ivoire | Lebanon | Saudi Arabia | United Arab Emirates | Guyana | Oman | French Guayana | Suriname | Barbados | Bermudas",Research/Doctorate/PhD,0,Highly-qualified international scientists and scholars from all disciplines who completed their doctorates less than 12 years ago and wish to spend extended periods of research in Germany are invited to apply. Candidates can come from any,DAAD,Germany,,,,,,Europe,Rolling / Annual,Scholarship,0,Postdoc,Research,80,Very High,1,90,Postdoc,https://www.daad.de/en/,Grant / Scholarship,6-24 Months
173,Hermann Niermann Foundation/Julius Maximilian University of Würzburg: Study Exchange German Language and Literature Studies,Hermann Niermann Foundation/Julius Maximilian University of Würzburg: Study Exchange German Language and Literature Studies,Postdoctoral researchers | Graduates | Doctoral candidates/PhD students | Faculty,Languages and Cultural Studies,Serbia | Bosnia and Herzegovina | Hungary | Poland | Latvia | Estonia | Ukraine | Czech Republic | Lithuania | Kosovo | Montenegro | North Macedonia | Slovenia | Slovakia | Romania | Croatia | Bulgaria,Study | Research/Doctorate/PhD,0,"The scholarships enable particularly gifted Master's students, doctoral candidates and (junior) researchers of German language and literature studies to come to the Institute of German Philology at Würzburg University for the purpose of",DAAD,Germany,,,,,,Europe,Rolling / Annual,Scholarship,0,Postdoc,Research,80,Very High,0,90,Postdoc,https://www.daad.de/en/,Grant / Scholarship,6-24 Months
174,"Ministry of Science, Research and the Arts Baden-Württemberg: Mathilde Planck Contract Lectureships (MPL)","Ministry of Science, Research and the Arts Baden-Württemberg: Mathilde Planck Contract Lectureships (MPL)",Postdoctoral researchers | Graduates | Doctoral candidates/PhD students,"Languages and Cultural Studies | Law, Economics and Social Sciences | Mathematics and Natural Sciences | Veterinary Medicine, Agricultural, Forest and Nutritional Sciences, Ecology | Engineering | Art, Music and Sport","Congo | Cape Verde | Cameroon | Equatorial Guinea | Guinea-Bissau | Guinea | Ghana | Gambia | Gabon | Djibouti | Côte d'Ivoire | Benin | Burundi | Botswana | Ethiopia | Angola | Saint Vincent and the Grenadines | Saint Lucia | Grenada | Dominica | Antigua and Barbuda | Anguilla | Trinidad and Tobago | Puerto Rico | The Dutch Antilles | Martinique | Montserrat | Jamaica | Belize | Haiti | Guadeloupe | El Salvador | Dominican Republic | Bermudas | Barbados | Bahamas | Suriname | French Guayana | Mali | Malawi | Madagascar | Liberia | Lesotho | Congo, Democratic Republic | Mongolia | Philippines | Vietnam | Guyana | Macao (CN) | Lao People's Democratic Republic | 107 | Korea, the Republic of | Cambodia | Hong Kong (CN) | Taiwan | Brunei Darussalam | Myanmar | Bhutan | United Arab Emirates | Syrian Arab Republic (Syria) | Yemen | Saudi Arabia | Oman | Lebanon | Kuwait | Qatar | Jordan | Iraq | Bahrain | Vatican City | San Marino | Monaco | Malta | Liechtenstein | Iceland | Andorra | Uzbekistan | Turkmenistan | Kyrgyzstan | North Macedonia | Moldova, Republic of | Tajikistan | Serbia | Georgia | Bosnia and Herzegovina | Belarus | Azerbaijan | Armenia | Albania | Luxembourg | Kenya | Palestinian Territories | Belgium | Nicaragua | Venezuela, Bolivarian Republic of | Peru | Paraguay | Panama | Mexico | Cuba | Ecuador | Guatemala | Honduras | Colombia | Costa Rica | Chile | Brazil | Bolivia | Argentina | Uruguay | United States of America | Hungary | United Kingdom | Spain | Switzerland | Sweden | 38 | Portugal | Poland | Norway | Netherlands | Comoros | Nigeria | New Zealand | Canada | Japan | Italy | Austria | Ireland | Greece | France | Finland | Denmark | Australia | Lithuania | Latvia | Estonia | Cyprus | China, PR | Ukraine | Czech Republic | Thailand | Turkey | Slovenia | Slovakia | Singapore | Romania | Malaysia | Croatia | Kazakhstan | Israel | Indonesia | India | Bulgaria | Egypt | South Africa | South Sudan | Kosovo | Montenegro | Palau | Guam | Saint Kitts and Nevis | Maldives | Germany | Eswatani | Burkina Faso | Timor-Leste | Micronesia, Federated States of | Marshall Islands | Tuvalu | Vanuatu | Niue | Cook Islands | Kiribati | Solomon Islands | New Caledonia | Nauru | Papua New Guinea | Tonga | Tahiti | Samoa | Fiji | Sri Lanka | Pakistan | Nepal | Iran | Bangladesh | Afghanistan | Tunisia | Morocco | Libya | Algeria | Eritrea | Central African Republic | Uganda | Chad | Togo | Somalia | Sudan | Namibia | Tanzania, United Republic of | Sierra Leone | Seychelles | Senegal | Sao Tome and Principe | Zambia | Rwanda | Zimbabwe | Réunion | Niger | Mozambique | Mauritius | Mauritania",Teaching,0,"The programme offers women the opportunity to qualify for professorship by teaching at a public Baden Württemberg university of applied sciences, college of art or music or at the Baden-Württemberg Cooperative State University (DHBW).",DAAD,Germany,,,,,,Europe,Rolling / Annual,Scholarship,0,Postdoc,Study,80,Very High,1,90,Postdoc,https://www.daad.de/en/,Grant / Scholarship,6-24 Months
178,German Medical Students' Association: Professional/Research/Public Health Exchange,German Medical Students' Association: Professional/Research/Public Health Exchange,Undergraduates,Human Medicine,"South Sudan | South Africa | Egypt | Bulgaria | India | Indonesia | Israel | Kazakhstan | Croatia | Malaysia | Romania | Singapore | Slovakia | Slovenia | Turkey | Thailand | Czech Republic | Ukraine | China, PR | Cyprus | Estonia | Latvia | Lithuania | Australia | Denmark | Finland | France | Greece | Ireland | Austria | Italy | Japan | Canada | New Zealand | Netherlands | Norway | Poland | Portugal | 38 | Sweden | Switzerland | Spain | United Kingdom | Hungary | United States of America | Uruguay | Argentina | Bolivia | Brazil | Chile | Costa Rica | Ecuador | Guatemala | Honduras | Colombia | Cuba | Mexico | Panama | Paraguay | Peru | Venezuela, Bolivarian Republic of | Nicaragua | Belgium | Palestinian Territories | Kenya | Luxembourg | Albania | Armenia | Azerbaijan | Belarus | Bosnia and Herzegovina | Georgia | Serbia | Kyrgyzstan | North Macedonia | Moldova, Republic of | Tajikistan | Turkmenistan | Uzbekistan | Andorra | Iceland | Liechtenstein | Malta | Monaco | San Marino | Vatican City | Bahrain | Iraq | Jordan | Qatar | Kuwait | Lebanon | Oman | Saudi Arabia | Yemen | Syrian Arab Republic (Syria) | United Arab Emirates | Bhutan | Myanmar | Brunei Darussalam | Taiwan | Hong Kong (CN) | Cambodia | Korea, the Republic of | 107 | Lao People's Democratic Republic | Macao (CN) | Mongolia | Philippines | Vietnam | Guyana | French Guayana | Suriname | Bahamas | Barbados | Bermudas | Dominican Republic | El Salvador | Guadeloupe | Haiti | Belize | Jamaica | Montserrat | Martinique | The Dutch Antilles | Puerto Rico | Trinidad and Tobago | Anguilla | Antigua and Barbuda | Dominica | Grenada | Saint Lucia | Saint Vincent and the Grenadines | Angola | Ethiopia | Botswana | Burundi | Benin | Côte d'Ivoire | Djibouti | Gabon | Gambia | Ghana | Guinea | Guinea-Bissau | Equatorial Guinea | Cameroon | Cape Verde | Congo | Congo, Democratic Republic | Lesotho | Liberia | Madagascar | Malawi | Mali | Mauritania | Mauritius | Mozambique | Comoros | Eswatani | Niger | Nigeria | Burkina Faso | Réunion | Zimbabwe | Rwanda | Zambia | Sao Tome and Principe | Senegal | Seychelles | Sierra Leone | Somalia | Sudan | Namibia | Tanzania, United Republic of | Togo | Chad | Uganda | Central African Republic | Eritrea | Algeria | Libya | Morocco | Tunisia | Afghanistan | Bangladesh | Iran | Nepal | Pakistan | Sri Lanka | Fiji | Samoa | Tahiti | Tonga | Papua New Guinea | Nauru | New Caledonia | Solomon Islands | Kiribati | Cook Islands | Niue | Vanuatu | Tuvalu | Marshall Islands | Micronesia, Federated States of | Timor-Leste | Germany | Maldives | Saint Kitts and Nevis | Guam | Palau | Montenegro | Kosovo",Internship,0,"Medical students of any nationality enrolled at German institutions of higher education are eligible for a clinical traineeship exchange, a research internship or a public health exchange in order to gain hands-on experience in a foreign",DAAD,Germany,,,,,,Europe,Rolling / Annual,Scholarship,0,Bachelor,Research,80,Medium,0,90,Bachelor,https://www.daad.de/en/,Grant / Scholarship,3-5 Years
180,Baden-Württemberg Stiftung: The Baden-Württemberg-STIPENDIUM for Students,Baden-Württemberg Stiftung: The Baden-Württemberg-STIPENDIUM for Students,Undergraduates | Graduates | Doctoral candidates/PhD students,"Languages and Cultural Studies | Law, Economics and Social Sciences | Mathematics and Natural Sciences | Human Medicine | Veterinary Medicine, Agricultural, Forest and Nutritional Sciences, Ecology | Engineering | Art, Music and Sport","Cape Verde | Cameroon | Equatorial Guinea | Guinea-Bissau | Guinea | Ghana | Gambia | Gabon | Djibouti | Côte d'Ivoire | Benin | Burundi | Botswana | Ethiopia | Angola | Saint Vincent and the Grenadines | Saint Lucia | Grenada | Trinidad and Tobago | Anguilla | Antigua and Barbuda | Dominica | Puerto Rico | The Dutch Antilles | Martinique | Montserrat | Jamaica | Belize | Haiti | Guadeloupe | El Salvador | Dominican Republic | Sierra Leone | Senegal | Bermudas | Barbados | Bahamas | Suriname | French Guayana | Guyana | Vietnam | Philippines | Mongolia | Macao (CN) | Bulgaria | Egypt | South Africa | Lao People's Democratic Republic | 107 | Korea, the Republic of | Cambodia | Hong Kong (CN) | Taiwan | Brunei Darussalam | Myanmar | Bhutan | United Arab Emirates | Syrian Arab Republic (Syria) | Saudi Arabia | Yemen | Lebanon | Kuwait | Qatar | Jordan | Iraq | Bahrain | Vatican City | San Marino | Chad | Bangladesh | Mauritania | Somalia | Libya | Tanzania, United Republic of | Burkina Faso | Central African Republic | Uganda | Mauritius | Sudan | Niger | Eritrea | Guam | Saint Kitts and Nevis | Maldives | Zimbabwe | Eswatani | Germany | Timor-Leste | Micronesia, Federated States of | Marshall Islands | Tuvalu | Mali | Liberia | Mozambique | Tonga | Tahiti | Samoa | Fiji | Sri Lanka | Seychelles | Sao Tome and Principe | Zambia | Rwanda | Togo | Algeria | Morocco | Tunisia | Afghanistan | Vanuatu | Niue | Cook Islands | Kiribati | Solomon Islands | New Caledonia | Nauru | Papua New Guinea | Palau | Montenegro | Kosovo | South Sudan | India | Indonesia | Oman | Israel | Kazakhstan | Croatia | Malaysia | Romania | Singapore | Slovakia | Slovenia | Turkey | Thailand | Cyprus | China, PR | Ukraine | Czech Republic | Armenia | Albania | Luxembourg | Kenya | Palestinian Territories | Belgium | Nicaragua | Venezuela, Bolivarian Republic of | Peru | Paraguay | Panama | Mexico | Cuba | Colombia | Honduras | Guatemala | Ecuador | Costa Rica | Chile | Brazil | Bolivia | Uruguay | Argentina | United States of America | Hungary | United Kingdom | Spain | Switzerland | Sweden | 38 | Portugal | Poland | Norway | New Zealand | Netherlands | Canada | France | Greece | Ireland | Austria | Italy | Japan | Finland | Denmark | Australia | Lithuania | Latvia | Estonia | Monaco | Malta | Liechtenstein | Iceland | Andorra | Uzbekistan | Turkmenistan | Tajikistan | Kyrgyzstan | Serbia | North Macedonia | Moldova, Republic of | Georgia | Bosnia and Herzegovina | Belarus | Azerbaijan | Comoros | Nigeria | Nepal | Namibia | Malawi | Pakistan | Lesotho | Congo, Democratic Republic | Congo | Iran | Madagascar | Réunion",Study | Research/Doctorate/PhD,0,"The Baden-Württemberg-STIPENDIUM for Students is a programme established by the Baden-Württemberg Stiftung . <br />
<br />
You can apply if<br />
you are a highly qualified undergraduate, graduate or doctoral student you study at",DAAD,Germany,,,,,,Europe,Rolling / Annual,Scholarship,0,PhD,Research,80,Medium,1,90,PhD,https://www.daad.de/en/,Grant / Scholarship,3-4 Years
185,Herzog August Bibliothek: Short-term Fellowships,Herzog August Bibliothek: Short-term Fellowships,Postdoctoral researchers | Faculty,"Languages and Cultural Studies | Law, Economics and Social Sciences | Art, Music and Sport","Vietnam | Guyana | French Guayana | Suriname | Bahamas | Barbados | Bermudas | Dominican Republic | El Salvador | Guadeloupe | Haiti | Belize | Jamaica | Montserrat | Martinique | The Dutch Antilles | Puerto Rico | Trinidad and Tobago | Anguilla | Antigua and Barbuda | Dominica | Grenada | Saint Lucia | Saint Vincent and the Grenadines | Angola | Ethiopia | Botswana | Burundi | Benin | Côte d'Ivoire | Djibouti | Gabon | Gambia | Ghana | Guinea | Guinea-Bissau | Equatorial Guinea | Cameroon | Cape Verde | Congo | Congo, Democratic Republic | Lesotho | Liberia | Madagascar | Malawi | Mali | Mauritania | Mauritius | Mozambique | Comoros | Eswatani | Niger | Nigeria | Burkina Faso | Réunion | Zimbabwe | Rwanda | Zambia | Sao Tome and Principe | Senegal | Seychelles | Sierra Leone | Somalia | Sudan | Namibia | Tanzania, United Republic of | Togo | Chad | Uganda | Central African Republic | Eritrea | Algeria | Libya | Morocco | Tunisia | Afghanistan | Bangladesh | Iran | Nepal | Pakistan | Sri Lanka | Fiji | Samoa | Tahiti | Tonga | Papua New Guinea | Nauru | New Caledonia | Solomon Islands | Kiribati | Cook Islands | Niue | Vanuatu | Tuvalu | Marshall Islands | Micronesia, Federated States of | Timor-Leste | Germany | Maldives | Saint Kitts and Nevis | Guam | Palau | Montenegro | Kosovo | South Sudan | South Africa | Egypt | Bulgaria | India | Indonesia | Israel | Kazakhstan | Croatia | Malaysia | Romania | Singapore | Slovakia | Slovenia | Turkey | Thailand | Czech Republic | Ukraine | China, PR | Cyprus | Estonia | Latvia | Lithuania | Australia | Denmark | Finland | France | Greece | Ireland | Austria | Italy | Japan | Canada | New Zealand | Netherlands | Norway | Poland | Portugal | 38 | Sweden | Switzerland | Spain | United Kingdom | Hungary | United States of America | Uruguay | Argentina | Bolivia | Brazil | Chile | Costa Rica | Ecuador | Guatemala | Honduras | Colombia | Mexico | Panama | Paraguay | Peru | Venezuela, Bolivarian Republic of | Nicaragua | Belgium | Palestinian Territories | Kenya | Luxembourg | Albania | Armenia | Azerbaijan | Belarus | Bosnia and Herzegovina | Georgia | Serbia | Kyrgyzstan | North Macedonia | Moldova, Republic of | Tajikistan | Turkmenistan | Uzbekistan | Andorra | Iceland | Liechtenstein | Malta | Monaco | San Marino | Vatican City | Bahrain | Iraq | Jordan | Qatar | Kuwait | Lebanon | Oman | Saudi Arabia | Yemen | Syrian Arab Republic (Syria) | United Arab Emirates | Bhutan | Myanmar | Brunei Darussalam | Taiwan | Hong Kong (CN) | Cambodia | Korea, the Republic of | 107 | Lao People's Democratic Republic | Macao (CN) | Mongolia | Philippines | Cuba",Research/Doctorate/PhD,0,The library annually awards short-term fellowships to a broad range of scholars of all career stages (from postdoc to emeriti) wishing to make a short visit in order to gather source material. Applications can be made for stays of between 1,DAAD,Germany,,,,,,Europe,Rolling / Annual,Fellowship,0,Postdoc,Research,80,Very High,1,90,Postdoc,https://www.daad.de/en/,Grant / Scholarship,6-24 Months
187,The American Friends of the Herzog August Bibliothek (HAB): Travel Grant,The American Friends of the Herzog August Bibliothek (HAB): Travel Grant,Postdoctoral researchers | Doctoral candidates/PhD students,"Languages and Cultural Studies | Law, Economics and Social Sciences | Art, Music and Sport",United States of America,Research/Doctorate/PhD,0,The travel grants are intended to assist young US citizens or permanent US residents who write their doctoral theses and wish to access the Herzog August Library for research purposes. Young academics who finished their PhD no more than 3,DAAD,Germany,,,,,,Europe,Rolling / Annual,Grant,0,Postdoc,Research,80,Very High,1,90,Postdoc,https://www.daad.de/en/,Grant / Scholarship,6-24 Months
189,Universität Hamburg: Merit Scholarships for International Students,Universität Hamburg: Merit Scholarships for International Students,Undergraduates | Graduates,"Languages and Cultural Studies | Law, Economics and Social Sciences | Mathematics and Natural Sciences | Human Medicine | Veterinary Medicine, Agricultural, Forest and Nutritional Sciences, Ecology | Engineering | Art, Music and Sport","Bangladesh | Afghanistan | Tunisia | Morocco | Libya | Algeria | Eritrea | Central African Republic | Uganda | Mali | Togo | Chad | Malawi | Madagascar | Liberia | Lesotho | Congo, Democratic Republic | Congo | Cape Verde | Cameroon | Equatorial Guinea | Guinea-Bissau | Guinea | Ghana | Gambia | Gabon | Djibouti | Côte d'Ivoire | Benin | Burundi | Botswana | Ethiopia | Angola | Saint Vincent and the Grenadines | Saint Lucia | Grenada | Dominica | Antigua and Barbuda | Anguilla | Trinidad and Tobago | Puerto Rico | The Dutch Antilles | Martinique | Montserrat | Jamaica | Belize | Haiti | Guadeloupe | El Salvador | Dominican Republic | Bermudas | Barbados | Bahamas | Suriname | French Guayana | Guyana | Vietnam | Philippines | Mongolia | Macao (CN) | Lao People's Democratic Republic | 107 | Korea, the Republic of | Cambodia | Hong Kong (CN) | Taiwan | Brunei Darussalam | Myanmar | Bhutan | United Arab Emirates | Syrian Arab Republic (Syria) | Yemen | Saudi Arabia | Oman | Lebanon | Kuwait | Qatar | Jordan | Iraq | Bahrain | Vatican City | San Marino | Monaco | Malta | Liechtenstein | Iceland | Andorra | Uzbekistan | Turkmenistan | Tajikistan | Moldova, Republic of | North Macedonia | Kyrgyzstan | Serbia | Georgia | Bosnia and Herzegovina | Belarus | Azerbaijan | Armenia | Albania | Luxembourg | Kenya | Palestinian Territories | Belgium | Nicaragua | Venezuela, Bolivarian Republic of | Peru | Paraguay | Panama | Mexico | Cuba | Colombia | Honduras | Guatemala | Ecuador | Costa Rica | Chile | Brazil | Bolivia | Argentina | Uruguay | United States of America | Hungary | United Kingdom | Spain | Switzerland | Sweden | 38 | Portugal | Poland | Norway | Netherlands | New Zealand | Canada | Tanzania, United Republic of | Namibia | Sudan | Somalia | Sierra Leone | Seychelles | Senegal | Sao Tome and Principe | Zambia | Rwanda | Zimbabwe | Réunion | Burkina Faso | Nigeria | Niger | Eswatani | Comoros | Mozambique | Mauritius | Mauritania | Saint Kitts and Nevis | Maldives | Timor-Leste | Micronesia, Federated States of | Marshall Islands | Tuvalu | Vanuatu | Niue | Cook Islands | Kiribati | Solomon Islands | New Caledonia | Nauru | Papua New Guinea | Tonga | Tahiti | Samoa | Fiji | Sri Lanka | Pakistan | Nepal | Iran | Austria | Italy | Japan | Ireland | Greece | France | Finland | Denmark | Australia | Lithuania | Latvia | Estonia | Cyprus | China, PR | Ukraine | Czech Republic | Thailand | Turkey | Slovenia | Slovakia | Singapore | Romania | Malaysia | Croatia | Kazakhstan | Israel | Indonesia | India | Bulgaria | Egypt | South Africa | South Sudan | Kosovo | Montenegro | Palau | Guam",Study,0,The merit-based programme gives outstanding international students the opportunity to study at Universität Hamburg. There are no restrictions on the subject area or type of degree. The award of merit scholarships should enable the students,DAAD,Germany,,,,,,Europe,Rolling / Annual,Scholarship,0,Bachelor,Study,80,Medium,1,90,Bachelor,https://www.daad.de/en/,Grant / Scholarship,3-5 Years
197,Alexander von Humboldt-Foundation: Georg Forster Research Fellowship for Postdocs,Alexander von Humboldt-Foundation: Georg Forster Research Fellowship for Postdocs,Postdoctoral researchers,"Languages and Cultural Studies | Law, Economics and Social Sciences | Mathematics and Natural Sciences | Human Medicine | Veterinary Medicine, Agricultural, Forest and Nutritional Sciences, Ecology | Engineering | Art, Music and Sport","Ghana | Guinea | Guinea-Bissau | Equatorial Guinea | Cameroon | Cape Verde | Comoros | Mozambique | Mauritius | Tonga | Samoa | Fiji | Sri Lanka | Pakistan | Nepal | Iran | Bangladesh | Afghanistan | Jamaica | Belize | Haiti | Dominica | Grenada | Saint Lucia | Saint Vincent and the Grenadines | Angola | Ethiopia | Botswana | Burundi | Benin | Côte d'Ivoire | Djibouti | Gabon | Gambia | Mauritania | Mali | Malawi | Madagascar | Liberia | Lesotho | Congo, Democratic Republic | Congo | Burkina Faso | Nigeria | Chad | Togo | Tanzania, United Republic of | Namibia | Sudan | Somalia | Sierra Leone | Senegal | Sao Tome and Principe | Rwanda | Zimbabwe | Kiribati | Niue | Vanuatu | Tuvalu | Marshall Islands | Micronesia, Federated States of | Timor-Leste | Maldives | South Africa | Egypt | Indonesia | Kazakhstan | Malaysia | Turkey | Thailand | Ukraine | Argentina | Bolivia | Costa Rica | Ecuador | Guatemala | Honduras | Colombia | Cuba | Montenegro | Kosovo | South Sudan | Mexico | Paraguay | Peru | Venezuela, Bolivarian Republic of | Eswatani | Nicaragua | Palestinian Territories | Kenya | Albania | Armenia | Azerbaijan | Belarus | Bosnia and Herzegovina | Georgia | Serbia | Kyrgyzstan | North Macedonia | Moldova, Republic of | Tajikistan | Turkmenistan | Uzbekistan | Iraq | Jordan | Lebanon | Yemen | Syrian Arab Republic (Syria) | Bhutan | Myanmar | Cambodia | 107 | Lao People's Democratic Republic | Mongolia | Philippines | Vietnam | Guyana | Suriname | Montserrat | El Salvador | Dominican Republic | Niger | Nauru | Solomon Islands | Uganda | Central African Republic | Eritrea | Algeria | Libya | Morocco | Tunisia | Papua New Guinea",Research/Doctorate/PhD,0,"The programme is intended for highly qualified scientists and scholars of all disciplines from selected developing or transition countries , excluding PR China and India.<br />
<br />
The fellowship enables early-career post-doctoral",DAAD,Germany,,,,,,Europe,Rolling / Annual,Fellowship,0,Postdoc,Research,80,Very High,1,90,Postdoc,https://www.daad.de/en/,Grant / Scholarship,6-24 Months
200,German National Academic Foundation: Leo Baeck Fellowship Programme,German National Academic Foundation: Leo Baeck Fellowship Programme,Doctoral candidates/PhD students,"Languages and Cultural Studies | Art, Music and Sport","San Marino | Monaco | Malta | Liechtenstein | Iceland | Andorra | Uzbekistan | Turkmenistan | Tajikistan | Moldova, Republic of | North Macedonia | Kyrgyzstan | Serbia | Georgia | Bosnia and Herzegovina | Belarus | Azerbaijan | Armenia | Albania | Luxembourg | Kenya | Palestinian Territories | Peru | Venezuela, Bolivarian Republic of | Nicaragua | Belgium | Vatican City | Bahrain | Iraq | Jordan | Qatar | Kuwait | Lebanon | Oman | Saudi Arabia | Yemen | Syrian Arab Republic (Syria) | United Arab Emirates | Bhutan | Myanmar | Brunei Darussalam | Taiwan | Hong Kong (CN) | Cambodia | Korea, the Republic of | 107 | Lao People's Democratic Republic | Macao (CN) | Mongolia | Philippines | Vietnam | Guyana | French Guayana | Suriname | Bahamas | Barbados | Bermudas | Dominican Republic | El Salvador | Guadeloupe | Haiti | Belize | Jamaica | Montserrat | Trinidad and Tobago | Puerto Rico | The Dutch Antilles | Martinique | Anguilla | Antigua and Barbuda | Dominica | Grenada | Saint Lucia | Saint Vincent and the Grenadines | Angola | Ethiopia | Botswana | Burundi | Benin | Côte d'Ivoire | Djibouti | Gabon | Gambia | Ghana | Guinea | Cameroon | Equatorial Guinea | Guinea-Bissau | Cape Verde | Congo | South Africa | Egypt | Bulgaria | India | Indonesia | Israel | Kazakhstan | Croatia | Malaysia | Romania | Singapore | Slovakia | Slovenia | Turkey | Thailand | Congo, Democratic Republic | Lesotho | Liberia | Madagascar | Malawi | Mali | Mauritania | Mauritius | Mozambique | Comoros | Eswatani | Niger | Nigeria | Burkina Faso | Réunion | Zimbabwe | Rwanda | Zambia | Sao Tome and Principe | Senegal | Seychelles | Sierra Leone | Somalia | Sudan | Namibia | Tanzania, United Republic of | Togo | Chad | Uganda | Central African Republic | Eritrea | Algeria | Libya | Morocco | Iran | Bangladesh | Afghanistan | Tunisia | Nepal | Pakistan | Sri Lanka | Fiji | Samoa | Tahiti | Tonga | Papua New Guinea | Nauru | New Caledonia | Solomon Islands | Kiribati | Cook Islands | Niue | Vanuatu | Tuvalu | Marshall Islands | Micronesia, Federated States of | Timor-Leste | Germany | Maldives | Saint Kitts and Nevis | Guam | Palau | Montenegro | Kosovo | South Sudan | Czech Republic | Ukraine | China, PR | Cyprus | Estonia | Latvia | Lithuania | Australia | Denmark | Finland | France | Greece | Ireland | Canada | Japan | Italy | Austria | New Zealand | Netherlands | Norway | Poland | Portugal | 38 | Sweden | Switzerland | Spain | United Kingdom | Hungary | United States of America | Uruguay | Argentina | Bolivia | Brazil | Chile | Costa Rica | Ecuador | Guatemala | Honduras | Colombia | Cuba | Mexico | Panama | Paraguay",Research/Doctorate/PhD,0,"The international Leo Baeck Fellowship Programme awards grants to doctoral students who carry out research into the German-Jewish Studies on history and culture. Projects on any period or field (including literature, philosophy, history,",DAAD,Germany,,,,,,Europe,Rolling / Annual,Fellowship,0,PhD,Research,80,Medium,0,90,PhD,https://www.daad.de/en/,Grant / Scholarship,3-4 Years
205,German Federal Environmental Foundation (DBU): Fellowship Programme with CEE Countries,German Federal Environmental Foundation (DBU): Fellowship Programme with CEE Countries,Graduates | Doctoral candidates/PhD students,"Languages and Cultural Studies | Law, Economics and Social Sciences | Mathematics and Natural Sciences | Human Medicine | Veterinary Medicine, Agricultural, Forest and Nutritional Sciences, Ecology | Engineering | Art, Music and Sport","Bulgaria | Serbia | Poland | Slovenia | Latvia | Czech Republic | Lithuania | Moldova, Republic of | North Macedonia | Kosovo | Romania | Croatia | Estonia | Bosnia and Herzegovina | Hungary | Slovakia | Albania | Ukraine | Montenegro",Research/Doctorate/PhD | Internship,0,The DBU awards up to 50 fellowships per year for advanced qualification in all fields of environmental protection and nature conservation. Highly qualified graduates of all disciplines from the countries of Central and Eastern Europe (CEE),DAAD,Germany,,,,,,Europe,Rolling / Annual,Fellowship,0,PhD,Research,80,Medium,1,90,PhD,https://www.daad.de/en/,Grant / Scholarship,3-4 Years
208,Bayer Foundation: Carl Duisberg Fellowships for Medical Sciences,Bayer Foundation: Carl Duisberg Fellowships for Medical Sciences,Graduates | Doctoral candidates/PhD students,"Mathematics and Natural Sciences | Human Medicine | Veterinary Medicine, Agricultural, Forest and Nutritional Sciences, Ecology | Engineering","Dominica | Grenada | Saint Lucia | Saint Vincent and the Grenadines | Angola | Ethiopia | Botswana | Burundi | Benin | Côte d'Ivoire | Djibouti | Gabon | Gambia | Ghana | Guinea | Guinea-Bissau | Equatorial Guinea | Cameroon | Cape Verde | Congo | Congo, Democratic Republic | Malawi | Madagascar | Liberia | Lesotho | Mali | Mauritania | Mauritius | Mozambique | Comoros | Eswatani | Niger | Nigeria | Burkina Faso | Réunion | Zimbabwe | Rwanda | Zambia | Sao Tome and Principe | Senegal | Seychelles | Sierra Leone | Somalia | Sudan | Namibia | Tanzania, United Republic of | Togo | Chad | Uganda | Central African Republic | Eritrea | Algeria | Libya | Morocco | Tunisia | Afghanistan | Bangladesh | Iran | Nepal | Pakistan | Sri Lanka | Fiji | Samoa | Tahiti | Tonga | Papua New Guinea | Nauru | New Caledonia | Solomon Islands | Kiribati | Cook Islands | Niue | Vanuatu | Tuvalu | Marshall Islands | Micronesia, Federated States of | Timor-Leste | Germany | Maldives | Saint Kitts and Nevis | Guam | Palau | Montenegro | South Sudan | Kosovo | South Africa | Egypt | Bulgaria | India | Indonesia | Israel | Kazakhstan | Croatia | Malaysia | Romania | Singapore | Slovakia | Slovenia | Turkey | Thailand | Czech Republic | Ukraine | China, PR | Cyprus | Estonia | Latvia | Lithuania | Australia | Denmark | Finland | France | Greece | Ireland | Switzerland | United States of America | Brazil | Bolivia | Argentina | Uruguay | Chile | Costa Rica | Ecuador | Guatemala | Honduras | Colombia | Cuba | Mexico | Panama | Paraguay | Peru | Venezuela, Bolivarian Republic of | Nicaragua | Belgium | Palestinian Territories | Kenya | Luxembourg | Albania | Armenia | Azerbaijan | Belarus | Bosnia and Herzegovina | Georgia | Serbia | Kyrgyzstan | North Macedonia | Austria | Italy | Japan | Canada | New Zealand | Netherlands | Norway | Poland | Portugal | 38 | Sweden | Hungary | United Kingdom | Spain | Uzbekistan | Turkmenistan | Tajikistan | Moldova, Republic of | Andorra | Iceland | Liechtenstein | Malta | Monaco | San Marino | Vatican City | Bahrain | Iraq | Jordan | Qatar | Kuwait | Lebanon | Oman | Saudi Arabia | Yemen | Syrian Arab Republic (Syria) | United Arab Emirates | Bhutan | Myanmar | Brunei Darussalam | Taiwan | Hong Kong (CN) | Cambodia | Korea, the Republic of | 107 | Lao People's Democratic Republic | Macao (CN) | Mongolia | Philippines | Vietnam | Guyana | French Guayana | Suriname | Bahamas | Barbados | Bermudas | Dominican Republic | El Salvador | Guadeloupe | Haiti | Belize | Jamaica | Montserrat | Martinique | The Dutch Antilles | Puerto Rico | Trinidad and Tobago | Anguilla | Antigua and Barbuda",Study | Research/Doctorate/PhD | Internship,0,"The Carl Duisberg fellowship offers individual support to students in the disciplines of human or veterinary medicine or for an MSc or PhD (or equivalent) in medical engineering, applied medical sciences, public health, or data science in",DAAD,Germany,,,,,,Europe,Rolling / Annual,Fellowship,0,PhD,Research,80,Medium,1,90,PhD,https://www.daad.de/en/,Grant / Scholarship,3-4 Years
209,Federal Ministry of Education and Research: Deutschlandstipendium,Federal Ministry of Education and Research: Deutschlandstipendium,Undergraduates | Graduates,"Languages and Cultural Studies | Law, Economics and Social Sciences | Mathematics and Natural Sciences | Human Medicine | Veterinary Medicine, Agricultural, Forest and Nutritional Sciences, Ecology | Engineering | Art, Music and Sport","Luxembourg | Albania | Armenia | Azerbaijan | Belarus | Bosnia and Herzegovina | Georgia | Serbia | Kyrgyzstan | North Macedonia | Moldova, Republic of | Tajikistan | Turkmenistan | Uzbekistan | Andorra | Iceland | Liechtenstein | Malta | Monaco | San Marino | Vatican City | Bahrain | Iraq | Jordan | Qatar | Kuwait | Lebanon | Oman | Saudi Arabia | Yemen | Syrian Arab Republic (Syria) | United Arab Emirates | Bhutan | Myanmar | Brunei Darussalam | Taiwan | Hong Kong (CN) | Cambodia | Korea, the Republic of | 107 | Lao People's Democratic Republic | Macao (CN) | Mongolia | Philippines | Vietnam | Guyana | French Guayana | Suriname | Bahamas | Barbados | Bermudas | Dominican Republic | El Salvador | Guadeloupe | Haiti | Belize | Jamaica | Montserrat | Martinique | The Dutch Antilles | Puerto Rico | Trinidad and Tobago | Anguilla | Antigua and Barbuda | Dominica | Grenada | Saint Lucia | Saint Vincent and the Grenadines | Angola | Ethiopia | Botswana | Burundi | Benin | Côte d'Ivoire | Djibouti | Gabon | Gambia | Ghana | Algeria | Libya | Morocco | Tunisia | Afghanistan | Bangladesh | Iran | Nepal | Pakistan | Sri Lanka | Fiji | Samoa | Tahiti | Tonga | Papua New Guinea | Nauru | New Caledonia | Solomon Islands | Kiribati | Cook Islands | Niue | Vanuatu | Tuvalu | Marshall Islands | Micronesia, Federated States of | Timor-Leste | Germany | Maldives | Saint Kitts and Nevis | Guam | Palau | Montenegro | Kosovo | South Africa | South Sudan | Egypt | Bulgaria | India | Indonesia | Israel | Kazakhstan | Croatia | Malaysia | Romania | Singapore | Slovakia | Slovenia | Turkey | Thailand | Czech Republic | Ukraine | China, PR | Cyprus | Estonia | Latvia | Lithuania | Australia | Denmark | Finland | France | Greece | Ireland | Austria | Italy | Japan | Canada | New Zealand | Netherlands | Norway | Poland | Portugal | 38 | Sweden | Switzerland | Spain | United Kingdom | Hungary | United States of America | Uruguay | Argentina | Bolivia | Brazil | Chile | Costa Rica | Ecuador | Guatemala | Honduras | Colombia | Cuba | Mexico | Panama | Paraguay | Peru | Venezuela, Bolivarian Republic of | Nicaragua | Belgium | Palestinian Territories | Kenya | Guinea | Guinea-Bissau | Equatorial Guinea | Cameroon | Cape Verde | Congo | Congo, Democratic Republic | Lesotho | Liberia | Madagascar | Malawi | Mali | Mauritania | Mauritius | Mozambique | Comoros | Eswatani | Niger | Nigeria | Burkina Faso | Réunion | Zimbabwe | Rwanda | Zambia | Sao Tome and Principe | Senegal | Seychelles | Sierra Leone | Somalia | Sudan | Namibia | Tanzania, United Republic of | Togo | Eritrea | Central African Republic | Uganda | Chad",Study,0,"The Deutschlandstipendium supports new or advanced students of excellent academic and professional promise. A wide net is cast to include all talents and potential: good grades and an excellent academic record, the willingness to take",DAAD,Germany,,,,,,Europe,Rolling / Annual,Scholarship,0,Bachelor,Study,80,Medium,1,90,Bachelor,https://www.daad.de/en/,Grant / Scholarship,3-5 Years
210,Bayer Foundation: Otto Bayer Fellowship in Drug Discovery,Bayer Foundation: Otto Bayer Fellowship in Drug Discovery,Graduates | Doctoral candidates/PhD students,Mathematics and Natural Sciences | Human Medicine | Engineering,"Sri Lanka | Fiji | Samoa | Tahiti | Guatemala | Honduras | Colombia | Cuba | Mexico | Panama | Paraguay | Peru | Venezuela, Bolivarian Republic of | Nicaragua | Belgium | China, PR | Ukraine | Czech Republic | Thailand | Cyprus | Estonia | Latvia | Lithuania | Australia | Denmark | Finland | France | Greece | Ireland | Austria | Palestinian Territories | Kenya | Luxembourg | Ghana | Guinea | Guinea-Bissau | Equatorial Guinea | Cameroon | Cape Verde | Congo | Congo, Democratic Republic | Lesotho | Liberia | Sweden | Slovakia | Singapore | Romania | Malaysia | Croatia | Kazakhstan | Israel | Indonesia | India | Bulgaria | Egypt | South Africa | Albania | Armenia | Azerbaijan | Belarus | Bosnia and Herzegovina | Georgia | Moldova, Republic of | North Macedonia | Kyrgyzstan | Serbia | Portugal | Poland | Norway | Netherlands | New Zealand | Canada | Japan | Italy | South Sudan | Kosovo | Montenegro | Palau | Guam | Saint Kitts and Nevis | Maldives | Germany | Timor-Leste | Micronesia, Federated States of | Marshall Islands | Tuvalu | Vanuatu | Niue | Cook Islands | Kiribati | Solomon Islands | New Caledonia | Nauru | Papua New Guinea | Tonga | Slovenia | Turkey | Switzerland | Spain | 38 | United Kingdom | Hungary | United States of America | Uruguay | Argentina | Bolivia | Chile | Brazil | Costa Rica | Ecuador | Tajikistan | Turkmenistan | Uzbekistan | Andorra | Iceland | Liechtenstein | Malta | Monaco | San Marino | Vatican City | Bahrain | Iraq | Lebanon | Kuwait | Qatar | Jordan | Oman | Saudi Arabia | Yemen | Syrian Arab Republic (Syria) | United Arab Emirates | Madagascar | Malawi | Mali | Mauritania | Mauritius | Niger | Eswatani | Comoros | Mozambique | Nigeria | Burkina Faso | Réunion | Zimbabwe | Rwanda | Bhutan | Myanmar | Brunei Darussalam | Taiwan | Hong Kong (CN) | Cambodia | Korea, the Republic of | 107 | Lao People's Democratic Republic | Macao (CN) | Mongolia | Philippines | Vietnam | Guyana | French Guayana | Suriname | Bahamas | Barbados | Bermudas | Dominican Republic | El Salvador | Guadeloupe | Haiti | Belize | Jamaica | Montserrat | Martinique | The Dutch Antilles | Puerto Rico | Trinidad and Tobago | Anguilla | Antigua and Barbuda | Dominica | Grenada | Saint Lucia | Saint Vincent and the Grenadines | Angola | Ethiopia | Botswana | Burundi | Benin | Côte d'Ivoire | Djibouti | Gabon | Gambia | Zambia | Sao Tome and Principe | Senegal | Seychelles | Sierra Leone | Somalia | Sudan | Namibia | Tanzania, United Republic of | Togo | Chad | Uganda | Central African Republic | Eritrea | Algeria | Libya | Morocco | Tunisia | Afghanistan | Bangladesh | Iran | Nepal | Pakistan",Study | Research/Doctorate/PhD | Internship,0,"The scholarships are aimed at Master's and PhD students in the following disciplines: natural science, pharmacy or data science with relevance to the pharmaceutical and consumer healthcare (over-the-counter) industries.<br />
Students from",DAAD,Germany,,,,,,Europe,Rolling / Annual,Scholarship,0,PhD,Research,80,Medium,1,90,PhD,https://www.daad.de/en/,Grant / Scholarship,3-4 Years
212,Evangelisches Studienwerk: Scholarship for Doctoral Students,Evangelisches Studienwerk: Scholarship for Doctoral Students,Doctoral candidates/PhD students,"Languages and Cultural Studies | Law, Economics and Social Sciences | Mathematics and Natural Sciences | Human Medicine | Veterinary Medicine, Agricultural, Forest and Nutritional Sciences, Ecology | Engineering | Art, Music and Sport","Morocco | Libya | Algeria | Eritrea | Central African Republic | Uganda | Chad | Togo | Tanzania, United Republic of | Namibia | Sudan | Somalia | Sierra Leone | Iceland | Andorra | Uzbekistan | Turkmenistan | Tajikistan | Moldova, Republic of | North Macedonia | Kyrgyzstan | Serbia | Georgia | Bosnia and Herzegovina | Belarus | Azerbaijan | Armenia | Albania | Luxembourg | Kenya | Palestinian Territories | Belgium | Nicaragua | Venezuela, Bolivarian Republic of | Peru | Paraguay | Panama | Mexico | Cuba | Colombia | Honduras | Guatemala | Ecuador | Costa Rica | Chile | Brazil | United States of America | Uruguay | Argentina | Bolivia | Seychelles | Senegal | Sao Tome and Principe | Zambia | Rwanda | Zimbabwe | Réunion | Burkina Faso | Nigeria | Niger | Eswatani | Comoros | Mozambique | Mauritius | Mauritania | Mali | Malawi | Madagascar | Liberia | Lesotho | Congo, Democratic Republic | Congo | Cape Verde | Cameroon | Equatorial Guinea | Guinea-Bissau | Guinea | Ghana | Gambia | Gabon | Djibouti | Côte d'Ivoire | Benin | Burundi | Botswana | Ethiopia | Angola | Saint Vincent and the Grenadines | Saint Lucia | Grenada | Dominica | Antigua and Barbuda | Anguilla | Trinidad and Tobago | Puerto Rico | The Dutch Antilles | Martinique | Montserrat | Jamaica | Belize | Haiti | Guadeloupe | El Salvador | Dominican Republic | Bermudas | Barbados | Bahamas | Suriname | French Guayana | Guyana | Vietnam | Philippines | Mongolia | Macao (CN) | Lao People's Democratic Republic | 107 | Korea, the Republic of | Cambodia | Hong Kong (CN) | Taiwan | Brunei Darussalam | Myanmar | Bhutan | United Arab Emirates | Syrian Arab Republic (Syria) | Yemen | Saudi Arabia | Oman | Lebanon | Kuwait | Qatar | Jordan | Iraq | Bahrain | Vatican City | San Marino | Monaco | Malta | Liechtenstein | Hungary | United Kingdom | Spain | Switzerland | Sweden | 38 | Portugal | Poland | Norway | Netherlands | New Zealand | Canada | Japan | Italy | Austria | Ireland | Greece | France | Finland | Denmark | Australia | Lithuania | Latvia | Estonia | Cyprus | China, PR | Ukraine | Czech Republic | Thailand | Turkey | Slovenia | Slovakia | Singapore | Romania | South Sudan | Kosovo | Montenegro | Palau | Guam | Saint Kitts and Nevis | Maldives | Germany | Timor-Leste | Micronesia, Federated States of | Marshall Islands | Tuvalu | Vanuatu | Niue | Cook Islands | Kiribati | Solomon Islands | New Caledonia | Nauru | Papua New Guinea | Tonga | Tahiti | Samoa | Fiji | Sri Lanka | Pakistan | Nepal | Iran | Bangladesh | Afghanistan | Tunisia | Malaysia | Croatia | Kazakhstan | Israel | Indonesia | India | Bulgaria | Egypt | South Africa",Research/Doctorate/PhD,0,Every year the Studienwerk funds scholarships and a wide range of educational programmes for about 300 German and foreign doctoral candidates of protestant faith from all disciplines. The grants are awarded in accordance with the guidelines,DAAD,Germany,,,,,,Europe,Rolling / Annual,Grant,0,PhD,Research,80,Medium,1,90,PhD,https://www.daad.de/en/,Grant / Scholarship,3-4 Years
214,German Bundestag: International Parliamentary Scholarships,German Bundestag: International Parliamentary Scholarships,Graduates,"Languages and Cultural Studies | Law, Economics and Social Sciences | Mathematics and Natural Sciences | Human Medicine | Veterinary Medicine, Agricultural, Forest and Nutritional Sciences, Ecology | Engineering | Art, Music and Sport","Lithuania | Latvia | Egypt | Ukraine | Hungary | Libya | Algeria | Namibia | Mongolia | Syrian Arab Republic (Syria) | Morocco | Tunisia | Montenegro | Argentina | Palestinian Territories | Colombia | Chile | Turkey | Poland | Greece | South Africa | Cyprus | Slovakia | Estonia | Israel | Kosovo | Indonesia | Romania | France | Uzbekistan | Moldova, Republic of | Slovenia | Kazakhstan | New Zealand | Canada | Jordan | Iraq | Lebanon | Malaysia | Croatia | United States of America | North Macedonia | Serbia | Georgia | Bosnia and Herzegovina | Azerbaijan | Armenia | Albania | Bulgaria | Czech Republic",Study | Internship,0,Up to 120 sponsorships for young graduates from 50 nations are awarded every year by the German Federal Parliament (Deutsche Bundestag). The sponsored students are invited to Berlin for a period of 5 months. They take part in events and,DAAD,Germany,,,,,,Europe,Rolling / Annual,Scholarship,0,Masters,Study,80,Medium,1,90,Masters,https://www.daad.de/en/,Grant / Scholarship,1-2 Years
222,Rosa Luxemburg Foundation: Scholarship Programme for International Doctoral Students,Rosa Luxemburg Foundation: Scholarship Programme for International Doctoral Students,Doctoral candidates/PhD students,"Languages and Cultural Studies | Law, Economics and Social Sciences | Mathematics and Natural Sciences | Veterinary Medicine, Agricultural, Forest and Nutritional Sciences, Ecology | Engineering | Art, Music and Sport","Spain | Switzerland | Egypt | Bulgaria | Azerbaijan | Nicaragua | Austria | Italy | Belarus | Bosnia and Herzegovina | Ecuador | Guatemala | Réunion | Zimbabwe | Rwanda | Belize | Tahiti | United Arab Emirates | Kenya | Luxembourg | Honduras | Jordan | Qatar | Kuwait | Lebanon | Oman | Saudi Arabia | Yemen | Syrian Arab Republic (Syria) | 38 | Portugal | Poland | Trinidad and Tobago | Albania | Anguilla | Antigua and Barbuda | Guam | Saint Kitts and Nevis | Dominica | Palau | Montenegro | Angola | Saint Vincent and the Grenadines | Saint Lucia | Burundi | Morocco | Dominican Republic | Benin | Côte d'Ivoire | Djibouti | Gabon | Cape Verde | Gambia | Equatorial Guinea | Guinea-Bissau | Guinea | Ghana | Congo | Congo, Democratic Republic | Barbados | Mali | Comoros | Mozambique | Mauritius | Mauritania | Georgia | Guyana | Bermudas | Suriname | Tajikistan | Moldova, Republic of | North Macedonia | Libya | Slovenia | Turkey | Armenia | Kosovo | South Sudan | Argentina | 107 | Korea, the Republic of | Cambodia | Nepal | Hong Kong (CN) | Taiwan | Myanmar | Bhutan | Ukraine | Finland | Denmark | Australia | Lithuania | Netherlands | New Zealand | Grenada | Canada | Japan | Brunei Darussalam | Belgium | Venezuela, Bolivarian Republic of | Peru | Slovakia | South Africa | Bahrain | Iraq | China, PR | Palestinian Territories | Botswana | Lao People's Democratic Republic | Ireland | Macao (CN) | Mongolia | Philippines | Cuba | Colombia | Panama | Paraguay | Norway | Pakistan | Sri Lanka | Fiji | Samoa | Cyprus | Serbia | Mexico | Romania | Malaysia | Croatia | Singapore | Kazakhstan | Israel | Indonesia | India | United Kingdom | Czech Republic | Brazil | Bolivia | Bahamas | Malawi | Cameroon | Lesotho | Madagascar | Liberia | Zambia | Estonia | Algeria | Eritrea | Central African Republic | Uganda | Chad | Togo | Tanzania, United Republic of | Namibia | Sudan | Somalia | Sierra Leone | Seychelles | Senegal | Sao Tome and Principe | Eswatani | Burkina Faso | Nigeria | Niger | France | Greece | Haiti | Guadeloupe | El Salvador | Thailand | Sweden | Latvia | Chile | Vietnam | Kyrgyzstan | Costa Rica | Cook Islands | Kiribati | Solomon Islands | New Caledonia | Nauru | Papua New Guinea | Tonga | Uruguay | United States of America | Hungary | Jamaica | Montserrat | Martinique | The Dutch Antilles | Puerto Rico | Vanuatu | San Marino | Vatican City | Niue | Ethiopia | French Guayana | Monaco | Malta | Liechtenstein | Iceland | Andorra | Uzbekistan | Turkmenistan | Tuvalu | Marshall Islands | Tunisia | Timor-Leste | Maldives | Micronesia, Federated States of | Afghanistan | Bangladesh | Iran",Research/Doctorate/PhD,0,The RLF is a political educational organisation closely affiliated with DIE LINKE (The Left Party) which awards scholarships to foreigners who come to Germany for their dissertation or in order to conduct research as part of their,DAAD,Germany,,,,,,Europe,Rolling / Annual,Scholarship,0,PhD,Research,80,Medium,1,90,PhD,https://www.daad.de/en/,Grant / Scholarship,3-4 Years
223,Bayer Foundation: Kurt Hansen Fellowship for STEM Education,Bayer Foundation: Kurt Hansen Fellowship for STEM Education,Undergraduates | Graduates | Doctoral candidates/PhD students,Languages and Cultural Studies | Mathematics and Natural Sciences | Engineering,"Vatican City | San Marino | Monaco | Malta | Jordan | Qatar | Kuwait | Lebanon | Oman | Saudi Arabia | Yemen | Syrian Arab Republic (Syria) | United Arab Emirates | Bhutan | Myanmar | Brunei Darussalam | Taiwan | Hong Kong (CN) | Philippines | Mongolia | Macao (CN) | Lao People's Democratic Republic | 107 | Korea, the Republic of | Cambodia | Vietnam | Guyana | French Guayana | Suriname | Bahamas | Barbados | Bermudas | Dominican Republic | El Salvador | Guadeloupe | Haiti | Belize | Jamaica | Montserrat | Martinique | The Dutch Antilles | Puerto Rico | Trinidad and Tobago | Anguilla | Antigua and Barbuda | Dominica | Grenada | Saint Lucia | Saint Vincent and the Grenadines | Angola | Ethiopia | Botswana | Burundi | Benin | Côte d'Ivoire | Djibouti | Gabon | Libya | Algeria | Eritrea | Central African Republic | Uganda | Chad | Togo | Tanzania, United Republic of | Namibia | Sudan | Somalia | Sierra Leone | Seychelles | Senegal | Sao Tome and Principe | Zambia | Rwanda | Zimbabwe | Réunion | Burkina Faso | Nigeria | Niger | Eswatani | Comoros | Mozambique | Mauritius | Mauritania | Mali | Malawi | Madagascar | Liberia | Lesotho | Congo, Democratic Republic | Congo | Cape Verde | Cameroon | Equatorial Guinea | Guinea-Bissau | Guinea | Ghana | Gambia | Iran | Nepal | Pakistan | Sri Lanka | Fiji | Samoa | Tahiti | Tonga | Papua New Guinea | Nauru | New Caledonia | Solomon Islands | Kiribati | Guam | Saint Kitts and Nevis | Maldives | Germany | Timor-Leste | Micronesia, Federated States of | Marshall Islands | Tuvalu | Vanuatu | Niue | Cook Islands | Morocco | South Africa | Tunisia | Afghanistan | Bangladesh | Egypt | Bulgaria | India | Palau | Montenegro | Kosovo | South Sudan | Indonesia | Israel | Kazakhstan | Croatia | Malaysia | Romania | Singapore | Slovakia | Slovenia | Turkey | Thailand | Czech Republic | Ukraine | China, PR | Cyprus | Estonia | Latvia | Lithuania | Australia | Denmark | Finland | France | Greece | Ireland | Austria | Italy | Japan | Canada | New Zealand | Netherlands | Norway | Poland | Portugal | 38 | Sweden | Switzerland | Spain | United Kingdom | Hungary | United States of America | Uruguay | Argentina | Bolivia | Brazil | Chile | Costa Rica | Ecuador | Guatemala | Honduras | Colombia | Cuba | Mexico | Panama | Paraguay | Peru | Venezuela, Bolivarian Republic of | Nicaragua | Belgium | Palestinian Territories | Kenya | Luxembourg | Albania | Armenia | Azerbaijan | Belarus | Bosnia and Herzegovina | Georgia | Serbia | Kyrgyzstan | North Macedonia | Moldova, Republic of | Tajikistan | Turkmenistan | Uzbekistan | Andorra | Iceland | Liechtenstein | Iraq | Bahrain",Study | Research/Doctorate/PhD | Internship,0,"The Kurt Hansen Fellowship supports teachers, trainee teachers, and students of teaching subjects or pedagogy in the STEM area (mathematics, computer science, natural sciences and technology).<br />
The Kurt Hansen grant can be used for",DAAD,Germany,,,,,,Europe,Rolling / Annual,Fellowship,0,PhD,Research,80,Medium,1,90,PhD,https://www.daad.de/en/,Grant / Scholarship,3-4 Years
238,Munich Aerospace: PhD Scholarships,Munich Aerospace: PhD Scholarships,Doctoral candidates/PhD students,Engineering,"Italy | Austria | Ireland | Greece | France | Finland | Denmark | Australia | Lithuania | Latvia | Estonia | Cyprus | China, PR | Ukraine | Czech Republic | Armenia | Albania | Luxembourg | Kenya | Palestinian Territories | Belgium | Nicaragua | Venezuela, Bolivarian Republic of | Peru | Paraguay | Panama | Mexico | Cuba | Colombia | Honduras | Guatemala | Ecuador | Costa Rica | Chile | Brazil | Bolivia | Argentina | Uruguay | United States of America | Hungary | United Kingdom | Spain | Switzerland | Sweden | 38 | Portugal | Poland | Norway | Netherlands | Zimbabwe | Réunion | Burkina Faso | Nigeria | Niger | Eswatani | Comoros | Mozambique | Mauritius | Mauritania | Mali | Malawi | Madagascar | Liberia | Lesotho | South Sudan | Kosovo | Montenegro | Palau | Guam | Saint Kitts and Nevis | Maldives | Germany | Timor-Leste | Micronesia, Federated States of | Marshall Islands | Tuvalu | Vanuatu | Niue | Cook Islands | Kiribati | Solomon Islands | New Caledonia | Nauru | Papua New Guinea | Tonga | Tahiti | Samoa | Fiji | Sri Lanka | Pakistan | Nepal | Iran | Bangladesh | Afghanistan | Tunisia | Morocco | Libya | Algeria | Eritrea | Central African Republic | Uganda | Chad | Togo | Tanzania, United Republic of | Namibia | Sudan | Somalia | Sierra Leone | Seychelles | Senegal | Sao Tome and Principe | Zambia | Rwanda | New Zealand | Canada | Congo, Democratic Republic | Congo | Cape Verde | Cameroon | Equatorial Guinea | Guinea-Bissau | Guinea | Ghana | Gambia | Gabon | Djibouti | Côte d'Ivoire | Benin | Burundi | Botswana | Ethiopia | Angola | Saint Vincent and the Grenadines | Saint Lucia | Grenada | Dominica | Antigua and Barbuda | Anguilla | Trinidad and Tobago | Puerto Rico | The Dutch Antilles | Martinique | Montserrat | Jamaica | Belize | Haiti | Guadeloupe | El Salvador | Dominican Republic | Bermudas | Barbados | Bahamas | Suriname | French Guayana | Guyana | Vietnam | Japan | Mongolia | Macao (CN) | Lao People's Democratic Republic | 107 | Korea, the Republic of | Cambodia | Hong Kong (CN) | Taiwan | Brunei Darussalam | Myanmar | Bhutan | United Arab Emirates | Syrian Arab Republic (Syria) | Yemen | Saudi Arabia | Oman | Lebanon | Kuwait | Qatar | Jordan | Iraq | Bahrain | Vatican City | San Marino | Monaco | Malta | Liechtenstein | Iceland | Andorra | Uzbekistan | Turkmenistan | Tajikistan | Moldova, Republic of | North Macedonia | Kyrgyzstan | Serbia | Georgia | Bosnia and Herzegovina | Belarus | Azerbaijan | Philippines | Thailand | Turkey | Slovenia | Slovakia | Singapore | Romania | Malaysia | Croatia | Kazakhstan | Israel | Indonesia | India | Bulgaria | Egypt | South Africa",Research/Doctorate/PhD,0,"The Munich Aerospace e.V. Bavarian Research Network was initiated in 2010 to combine key expertise in the field of aerospace and to act as a centre of research, development and training.<br />
<br />
The Munich Aerospace unites 4 entities",DAAD,Germany,,,,,,Europe,Rolling / Annual,Scholarship,0,PhD,Research,80,Medium,1,90,PhD,https://www.daad.de/en/,Grant / Scholarship,3-4 Years
240,Heinrich Böll Foundation: Sur-Place Scholarship Programme,Heinrich Böll Foundation: Sur-Place Scholarship Programme,Graduates | Doctoral candidates/PhD students,"Languages and Cultural Studies | Law, Economics and Social Sciences | Mathematics and Natural Sciences | Human Medicine | Veterinary Medicine, Agricultural, Forest and Nutritional Sciences, Ecology | Engineering | Art, Music and Sport",Costa Rica | Guatemala | Honduras | Cuba | Nicaragua | El Salvador | Haiti,Study | Research/Doctorate/PhD,0,"Since 1997, the Heinrich Böll Foundation supports graduates from Latin America through its Sur-Place Programme in Mexico. The programme aims at strengthening and professionalising the expert and leadership potential in Central America.",DAAD,Germany,,,,,,Europe,Rolling / Annual,Scholarship,0,PhD,Research,80,Medium,1,90,PhD,https://www.daad.de/en/,Grant / Scholarship,3-4 Years
306,Country-related cooperation programme with Argentina (ALEARG),Country-related cooperation programme with Argentina (ALEARG),Undergraduates | Postdoctoral researchers | Graduates | Doctoral candidates/PhD students | Faculty,"Languages and Cultural Studies | Law, Economics and Social Sciences | Mathematics and Natural Sciences | Human Medicine | Veterinary Medicine, Agricultural, Forest and Nutritional Sciences, Ecology | Engineering | Art, Music and Sport",Argentina,Study | Research/Doctorate/PhD,1,"Students, graduates, doctoral candidates and postdocs receive a scholarship to complete a study or research stay or a Master's, postgraduate or doctoral degree in Germany",DAAD,Germany,,,,,,Europe,Rolling / Annual,Scholarship,0,Postdoc,Research,80,Very High,1,90,Postdoc,https://www.daad.de/en/,Grant / Scholarship,6-24 Months
318,DAAD/NSTC- Sandwich- Scholarship Programme,DAAD/NSTC- Sandwich- Scholarship Programme,Doctoral candidates/PhD students,"Languages and Cultural Studies | Law, Economics and Social Sciences | Mathematics and Natural Sciences | Human Medicine | Veterinary Medicine, Agricultural, Forest and Nutritional Sciences, Ecology | Engineering | Art, Music and Sport",Taiwan,Research/Doctorate/PhD,1,The sandwich scholarships offered by the National Science and Technology Council - NSTC are aimed at doctoral candidates from all disciplines who are already taking a doctoral degree in Taiwan,DAAD,Germany,,,,,,Europe,Rolling / Annual,Scholarship,0,PhD,Research,80,Medium,1,90,PhD,https://www.daad.de/en/,Grant / Scholarship,3-4 Years
327,German Studies Research Grant,German Studies Research Grant,Undergraduates | Graduates | Doctoral candidates/PhD students,"Languages and Cultural Studies | Law, Economics and Social Sciences | Art, Music and Sport",Canada | United States of America,Research/Doctorate/PhD,1,Grants that offer qualified students from North America the opportunity to spend 1 to 2 months in Germany researching subjects relating to current or historical German affairs.,DAAD,Germany,,,,,,Europe,Rolling / Annual,Grant,0,PhD,Research,80,Medium,1,90,PhD,https://www.daad.de/en/,Grant / Scholarship,3-4 Years
341,Government Scholarships Programme Oman,Government Scholarships Programme Oman,Undergraduates,"Languages and Cultural Studies | Law, Economics and Social Sciences | Mathematics and Natural Sciences | Human Medicine | Engineering",Oman,Study,1,The programme is aimed at students from Oman who wish to take a Bachelor degree in Germany.,DAAD,Germany,,,,,,Europe,Rolling / Annual,Scholarship,0,Bachelor,Study,80,Medium,1,90,Bachelor,https://www.daad.de/en/,Grant / Scholarship,3-5 Years
351,Government Scholarships Programme Tunesia,Government Scholarships Programme Tunesia,Undergraduates,Engineering,Tunisia,Study,1, The programme is aimed at engineering students from Tunisia who wish to take a Bachelor or Master’s degree in Germany.,DAAD,Germany,,,,,,Europe,Rolling / Annual,Scholarship,0,Masters,Study,80,Medium,1,90,Masters,https://www.daad.de/en/,Grant / Scholarship,1-2 Years
1104,"BAYHOST: Scholarships for students and young academics from Central, Eastern and Southeastern Europe for summer language courses","BAYHOST: Scholarships for students and young academics from Central, Eastern and Southeastern Europe for summer language courses",Undergraduates | Postdoctoral researchers | Graduates | Doctoral candidates/PhD students | Faculty,"Languages and Cultural Studies | Law, Economics and Social Sciences | Mathematics and Natural Sciences | Human Medicine | Veterinary Medicine, Agricultural, Forest and Nutritional Sciences, Ecology | Engineering | Art, Music and Sport",Croatia | Slovenia | Ukraine | Albania | Bosnia and Herzegovina | Serbia | North Macedonia | Montenegro | Kosovo,Language Course,0,"Students and young academics from Albania, Bosnia and Herzegovina, Croatia, Kosovo, Montenegro, North Macedonia, Serbia, Slovenia and Ukraine with intermediate German knowledge (at least B1-level) are eligible to apply for the summer school",DAAD,Germany,,,,,,Europe,Rolling / Annual,Scholarship,0,Postdoc,Study,80,Very High,1,90,Postdoc,https://www.daad.de/en/,Grant / Scholarship,6-24 Months
1213,German-Czech Fund for the Future: Grants for Study Stays of German and Czech Students in the Neighbour Countries,German-Czech Fund for the Future: Grants for Study Stays of German and Czech Students in the Neighbour Countries,Undergraduates | Graduates | Doctoral candidates/PhD students,"Languages and Cultural Studies | Law, Economics and Social Sciences",Czech Republic | Germany,Study | Research/Doctorate/PhD,0,"The German-Czech Fund for the Future was launched in 1998 to create and support trust, encounters and cooperation between Germans and Czechs. The Fund's scholarship programme is aimed at German and Czech students researching German-Czech",DAAD,Germany,,,,,,Europe,Rolling / Annual,Scholarship,0,PhD,Research,80,Medium,1,90,PhD,https://www.daad.de/en/,Grant / Scholarship,3-4 Years
1445,Important Information,Important Information,Undergraduates | Postdoctoral researchers | Graduates | Doctoral candidates/PhD students | Faculty,"Languages and Cultural Studies | Law, Economics and Social Sciences | Mathematics and Natural Sciences | Human Medicine | Veterinary Medicine, Agricultural, Forest and Nutritional Sciences, Ecology | Engineering | Art, Music and Sport",French Guayana | Bermudas | Guadeloupe | Montserrat | Martinique | Puerto Rico | Anguilla | Réunion | Tahiti | New Caledonia | Guam,Study | Research/Doctorate/PhD | Language Course | Internship | Teaching,1,- In the case of politically non-independent countries of origin -,DAAD,Germany,,,,,,Europe,Rolling / Annual,Scholarship,0,Postdoc,Research,80,Very High,1,90,Postdoc,https://www.daad.de/en/,Grant / Scholarship,6-24 Months
1446,Canon Foundation Research Fellowship,Canon Foundation Research Fellowship,Postdoctoral researchers | Graduates | Doctoral candidates/PhD students | Faculty,"Languages and Cultural Studies | Law, Economics and Social Sciences | Mathematics and Natural Sciences | Human Medicine | Veterinary Medicine, Agricultural, Forest and Nutritional Sciences, Ecology | Engineering | Art, Music and Sport","Bulgaria | Israel | Croatia | Romania | Slovakia | Slovenia | Turkey | Czech Republic | Ukraine | Estonia | Latvia | Lithuania | Denmark | Finland | France | Greece | Ireland | Austria | Italy | Japan | Netherlands | Norway | Poland | Portugal | Sweden | Switzerland | Spain | United Kingdom | Hungary | Belgium | Luxembourg | Albania | Bosnia and Herzegovina | Serbia | North Macedonia | Moldova, Republic of | Andorra | Iceland | Liechtenstein | Malta | Monaco | San Marino | Vatican City | Germany | Montenegro | Kosovo",Research/Doctorate/PhD,0,"Annually, the Canon Foundation in Europe grants up to 15 fellowships to European researchers to enable them to continue their studies in Japan. The same applies to PhD researchers based in Japan in relation to their studies in Europe. This",DAAD,Germany,,,,,,Europe,Rolling / Annual,Fellowship,0,Postdoc,Research,80,Very High,1,90,Postdoc,https://www.daad.de/en/,Grant / Scholarship,6-24 Months
1489,Evangelisches Studienwerk: Scholarship for Students With Refugee Status,Evangelisches Studienwerk: Scholarship for Students With Refugee Status,Undergraduates,"Languages and Cultural Studies | Law, Economics and Social Sciences | Mathematics and Natural Sciences | Human Medicine | Veterinary Medicine, Agricultural, Forest and Nutritional Sciences, Ecology | Engineering | Art, Music and Sport","South Africa | Egypt | Bulgaria | India | Indonesia | Israel | Kazakhstan | Croatia | Malaysia | Romania | Singapore | Slovakia | Slovenia | Turkey | Thailand | Czech Republic | Ukraine | China, PR | Cyprus | Estonia | Latvia | Lithuania | Australia | Denmark | Finland | France | Greece | Ireland | Austria | Italy | Japan | Canada | New Zealand | Netherlands | Norway | Poland | Portugal | 38 | Sweden | Switzerland | Spain | United Kingdom | Hungary | United States of America | Uruguay | Argentina | Bolivia | Brazil | Chile | Costa Rica | Ecuador | Guatemala | Honduras | Colombia | Cuba | Mexico | Panama | Paraguay | Peru | Venezuela, Bolivarian Republic of | Nicaragua | Belgium | Palestinian Territories | Kenya | Luxembourg | Albania | Armenia | Azerbaijan | Belarus | Bosnia and Herzegovina | Georgia | Serbia | Kyrgyzstan | North Macedonia | Moldova, Republic of | Tajikistan | Turkmenistan | Uzbekistan | Andorra | Iceland | Liechtenstein | Malta | Monaco | San Marino | Vatican City | Bahrain | Iraq | Jordan | Qatar | Kuwait | Lebanon | Oman | Saudi Arabia | Yemen | Syrian Arab Republic (Syria) | United Arab Emirates | Bhutan | Myanmar | Brunei Darussalam | Taiwan | Hong Kong (CN) | Cambodia | Korea, the Republic of | 107 | Lao People's Democratic Republic | Macao (CN) | Mongolia | Philippines | Vietnam | Guyana | French Guayana | Suriname | Bahamas | Barbados | Bermudas | Dominican Republic | El Salvador | Guadeloupe | Haiti | Belize | Jamaica | Montserrat | Martinique | The Dutch Antilles | Puerto Rico | Trinidad and Tobago | Anguilla | Antigua and Barbuda | Dominica | Grenada | Saint Lucia | Saint Vincent and the Grenadines | Angola | Ethiopia | Botswana | Burundi | Benin | Côte d'Ivoire | Djibouti | Gabon | Gambia | Ghana | Guinea | Guinea-Bissau | Equatorial Guinea | Cameroon | Cape Verde | Congo | Congo, Democratic Republic | Lesotho | Liberia | Madagascar | Malawi | Mali | Mauritania | Mauritius | Mozambique | Comoros | Eswatani | Niger | Nigeria | Burkina Faso | Réunion | Zimbabwe | Rwanda | Zambia | Sao Tome and Principe | Senegal | Seychelles | Sierra Leone | Somalia | Sudan | Namibia | Tanzania, United Republic of | Togo | Chad | Uganda | Central African Republic | Eritrea | Algeria | Libya | Morocco | Tunisia | Afghanistan | Bangladesh | Iran | Nepal | Pakistan | Sri Lanka | Fiji | Samoa | Tahiti | Tonga | Papua New Guinea | Nauru | New Caledonia | Solomon Islands | Kiribati | Cook Islands | Niue | Vanuatu | Tuvalu | Marshall Islands | Micronesia, Federated States of | Timor-Leste | Maldives | Saint Kitts and Nevis | Guam | Palau | Montenegro | Kosovo | South Sudan",Study,0,The scholarship is aimed at refugees who are studying at German institutions of higher education. Candidates from all disciplines and subjects are welcome to apply. The grant amount is of up to 855 EUR each month plus 300 EUR flat rate for,DAAD,Germany,,,,,,Europe,Rolling / Annual,Grant,0,Bachelor,Study,80,Medium,1,90,Bachelor,https://www.daad.de/en/,Grant / Scholarship,3-5 Years
1662,German Bundestag: International Parliamentary Scholarships: Programme Arab Countries,German Bundestag: International Parliamentary Scholarships: Programme Arab Countries,Graduates,"Languages and Cultural Studies | Law, Economics and Social Sciences | Mathematics and Natural Sciences | Human Medicine | Veterinary Medicine, Agricultural, Forest and Nutritional Sciences, Ecology | Engineering | Art, Music and Sport",Tunisia | Jordan | Qatar | Kuwait | Libya | Syrian Arab Republic (Syria) | Palestinian Territories | Saudi Arabia | United Arab Emirates | Oman | Yemen | Algeria | Bahrain | Iraq | Morocco | Lebanon | Egypt,Internship,0,"The German Bundestag invites politically engaged graduates from the Arab region to take part in a scholarship programme in Berlin from 1 to 30 September each year.<br />
<br />
The International Parliamentary Scholarship (IPS) programme",DAAD,Germany,,,,,,Europe,Rolling / Annual,Scholarship,0,Masters,Study,80,Medium,1,90,Masters,https://www.daad.de/en/,Grant / Scholarship,1-2 Years
1690,Scholarships for Language and Short Courses (Summer or Winter Schools) for Students and Researchers from the Czech Republic,Scholarships for Language and Short Courses (Summer or Winter Schools) for Students and Researchers from the Czech Republic,Undergraduates | Postdoctoral researchers | Graduates | Doctoral candidates/PhD students | Faculty,"Languages and Cultural Studies | Law, Economics and Social Sciences | Mathematics and Natural Sciences | Human Medicine | Veterinary Medicine, Agricultural, Forest and Nutritional Sciences, Ecology | Engineering | Art, Music and Sport",Czech Republic,Study | Language Course,0,The scholarship is intended to meet the costs students and researchers from higher education institutions in the Czech Republic incur when attending language and short courses  at a state or state-funded higher education institution in the,DAAD,Germany,,,,,,Europe,Rolling / Annual,Scholarship,0,Postdoc,Research,80,Very High,1,90,Postdoc,https://www.daad.de/en/,Grant / Scholarship,6-24 Months
1727,German Academic Scholarship Foundation: Doctoral Scholarships,German Academic Scholarship Foundation: Doctoral Scholarships,Doctoral candidates/PhD students,"Languages and Cultural Studies | Law, Economics and Social Sciences | Mathematics and Natural Sciences | Human Medicine | Veterinary Medicine, Agricultural, Forest and Nutritional Sciences, Ecology | Engineering | Art, Music and Sport","South Africa | Egypt | Bulgaria | India | Indonesia | Israel | Kazakhstan | Croatia | Malaysia | Romania | Singapore | Slovakia | Slovenia | Turkey | Thailand | Czech Republic | Ukraine | China, PR | Cyprus | Estonia | Latvia | Lithuania | Australia | Denmark | Finland | France | Greece | Ireland | Austria | Italy | Japan | Canada | New Zealand | Netherlands | Norway | Poland | Portugal | 38 | Sweden | Switzerland | Spain | United Kingdom | Hungary | United States of America | Uruguay | Argentina | Bolivia | Brazil | Chile | Costa Rica | Ecuador | Guatemala | Honduras | Colombia | Cuba | Mexico | Panama | Paraguay | Peru | Venezuela, Bolivarian Republic of | Nicaragua | Belgium | Palestinian Territories | Kenya | Luxembourg | Albania | Armenia | Azerbaijan | Belarus | Bosnia and Herzegovina | Georgia | Serbia | Kyrgyzstan | North Macedonia | Moldova, Republic of | Tajikistan | Turkmenistan | Uzbekistan | Andorra | Iceland | Liechtenstein | Malta | Monaco | San Marino | Vatican City | Bahrain | Iraq | Jordan | Qatar | Kuwait | Lebanon | Oman | Saudi Arabia | Yemen | Syrian Arab Republic (Syria) | United Arab Emirates | Bhutan | Myanmar | Brunei Darussalam | Taiwan | Hong Kong (CN) | Cambodia | Korea, the Republic of | 107 | Lao People's Democratic Republic | Macao (CN) | Mongolia | Philippines | Vietnam | Guyana | French Guayana | Suriname | Bahamas | Barbados | Bermudas | Dominican Republic | El Salvador | Guadeloupe | Haiti | Belize | Jamaica | Montserrat | Martinique | The Dutch Antilles | Puerto Rico | Trinidad and Tobago | Anguilla | Antigua and Barbuda | Dominica | Grenada | Saint Lucia | Saint Vincent and the Grenadines | Angola | Ethiopia | Botswana | Burundi | Benin | Côte d'Ivoire | Djibouti | Gabon | Gambia | Ghana | Guinea | Guinea-Bissau | Equatorial Guinea | Cameroon | Cape Verde | Congo | Congo, Democratic Republic | Lesotho | Liberia | Madagascar | Malawi | Mali | Mauritania | Mauritius | Mozambique | Comoros | Eswatani | Niger | Nigeria | Burkina Faso | Réunion | Zimbabwe | Rwanda | Zambia | Sao Tome and Principe | Senegal | Seychelles | Sierra Leone | Somalia | Sudan | Namibia | Tanzania, United Republic of | Togo | Chad | Uganda | Central African Republic | Eritrea | Algeria | Libya | Morocco | Tunisia | Afghanistan | Bangladesh | Iran | Nepal | Pakistan | Sri Lanka | Fiji | Samoa | Tahiti | Tonga | Papua New Guinea | Nauru | New Caledonia | Solomon Islands | Kiribati | Cook Islands | Niue | Vanuatu | Tuvalu | Marshall Islands | Micronesia, Federated States of | Timor-Leste | Germany | Maldives | Saint Kitts and Nevis | Guam | Palau | Montenegro | Kosovo | South Sudan",Research/Doctorate/PhD,0,"In line with its statutes, the Studienstiftung des deutschen Volkes (German Academic Scholarship Foundation) supports the university education of young people who, because of their exceptional academic or artistic talents and personal",DAAD,Germany,,,,,,Europe,Rolling / Annual,Scholarship,0,PhD,Research,80,Medium,1,90,PhD,https://www.daad.de/en/,Grant / Scholarship,3-4 Years
1780,German Academic Scholarship Foundation: Scholarships for Students,German Academic Scholarship Foundation: Scholarships for Students,Undergraduates | Graduates,"Languages and Cultural Studies | Law, Economics and Social Sciences | Mathematics and Natural Sciences | Human Medicine | Veterinary Medicine, Agricultural, Forest and Nutritional Sciences, Ecology | Engineering | Art, Music and Sport","Eswatani | Niger | Nigeria | Burkina Faso | Réunion | Croatia | Malaysia | Romania | Singapore | Slovakia | Slovenia | Turkey | Thailand | Czech Republic | Ukraine | China, PR | Cyprus | Estonia | Latvia | Lithuania | Australia | Denmark | Finland | France | Greece | Ireland | Austria | Italy | Japan | Canada | New Zealand | Netherlands | Norway | Poland | Portugal | 38 | Sweden | Switzerland | Spain | United Kingdom | Hungary | United States of America | Uruguay | Chile | Brazil | Bolivia | Argentina | Costa Rica | Ecuador | Guatemala | Honduras | Colombia | Cuba | Mexico | Panama | Paraguay | Peru | Venezuela, Bolivarian Republic of | Nicaragua | Belgium | Palestinian Territories | Kenya | Luxembourg | Albania | Armenia | Azerbaijan | Belarus | Bosnia and Herzegovina | Georgia | Serbia | Kyrgyzstan | North Macedonia | Moldova, Republic of | Tajikistan | Turkmenistan | Uzbekistan | Andorra | Iceland | Liechtenstein | Malta | Monaco | San Marino | Vatican City | Bahrain | Iraq | Jordan | Qatar | Kuwait | Lebanon | Oman | Saudi Arabia | Yemen | Syrian Arab Republic (Syria) | United Arab Emirates | Bhutan | Myanmar | Brunei Darussalam | Taiwan | Hong Kong (CN) | Cambodia | Korea, the Republic of | 107 | Lao People's Democratic Republic | Macao (CN) | Mongolia | Philippines | Vietnam | Guyana | French Guayana | Suriname | Bahamas | Barbados | Bermudas | Dominican Republic | El Salvador | Guadeloupe | Haiti | Belize | Jamaica | Montserrat | Martinique | The Dutch Antilles | Puerto Rico | Trinidad and Tobago | Anguilla | Antigua and Barbuda | Dominica | Grenada | Saint Lucia | Saint Vincent and the Grenadines | Angola | Ethiopia | Botswana | Burundi | Benin | Côte d'Ivoire | Djibouti | Gabon | Gambia | Ghana | Guinea | Guinea-Bissau | Equatorial Guinea | Cameroon | Cape Verde | Congo | Congo, Democratic Republic | Lesotho | Liberia | Madagascar | Malawi | Mali | Mauritania | Mauritius | Mozambique | Comoros | Zimbabwe | Rwanda | Zambia | Sao Tome and Principe | Senegal | Seychelles | Sierra Leone | Somalia | Sudan | Namibia | Tanzania, United Republic of | Togo | Chad | Uganda | Central African Republic | Eritrea | Algeria | Libya | Morocco | Tunisia | Afghanistan | Bangladesh | Iran | Nepal | Pakistan | Sri Lanka | Fiji | Samoa | Tahiti | Tonga | Papua New Guinea | Nauru | New Caledonia | Solomon Islands | Kiribati | Cook Islands | Niue | Vanuatu | Tuvalu | Marshall Islands | Micronesia, Federated States of | Timor-Leste | Germany | Maldives | Saint Kitts and Nevis | Guam | Palau | Montenegro | Kosovo | South Sudan | South Africa | Egypt | Bulgaria | India | Indonesia | Israel | Kazakhstan",Study,0,"The Studienstiftung sponsors students whose talent and personality shows exceptional promise for contributing to the community.<br />
Eligible candidates for a scholarship are:<br />
students at a state or state-recognised higher",DAAD,Germany,,,,,,Europe,Rolling / Annual,Scholarship,0,Bachelor,Study,80,Medium,1,90,Bachelor,https://www.daad.de/en/,Grant / Scholarship,3-5 Years
1826,Ernst Ludwig Ehrlich Studienwerk: Doctoral Scholarship,Ernst Ludwig Ehrlich Studienwerk: Doctoral Scholarship,Doctoral candidates/PhD students,"Languages and Cultural Studies | Law, Economics and Social Sciences | Mathematics and Natural Sciences | Veterinary Medicine, Agricultural, Forest and Nutritional Sciences, Ecology | Engineering | Art, Music and Sport","South Africa | Egypt | Bulgaria | India | Indonesia | Israel | Kazakhstan | Croatia | Malaysia | Romania | Singapore | Slovakia | Slovenia | Turkey | Thailand | Czech Republic | Ukraine | China, PR | Cyprus | Estonia | Latvia | Lithuania | Australia | Denmark | Finland | France | Greece | Ireland | Austria | Italy | Japan | Canada | New Zealand | Netherlands | Norway | Poland | Portugal | 38 | Sweden | Switzerland | Spain | United Kingdom | Hungary | United States of America | Uruguay | Argentina | Bolivia | Brazil | Chile | Costa Rica | Ecuador | Guatemala | Honduras | Colombia | Cuba | Mexico | Panama | Paraguay | Peru | Venezuela, Bolivarian Republic of | Nicaragua | Belgium | Palestinian Territories | Kenya | Luxembourg | Albania | Armenia | Azerbaijan | Belarus | Bosnia and Herzegovina | Georgia | Serbia | Kyrgyzstan | North Macedonia | Moldova, Republic of | Tajikistan | Turkmenistan | Uzbekistan | Andorra | Iceland | Liechtenstein | Malta | Monaco | San Marino | Vatican City | Bahrain | Iraq | Jordan | Qatar | Kuwait | Lebanon | Oman | Saudi Arabia | Yemen | Syrian Arab Republic (Syria) | United Arab Emirates | Bhutan | Myanmar | Brunei Darussalam | Taiwan | Hong Kong (CN) | Cambodia | Korea, the Republic of | 107 | Lao People's Democratic Republic | Macao (CN) | Mongolia | Philippines | Vietnam | Guyana | French Guayana | Suriname | Bahamas | Barbados | Bermudas | Dominican Republic | El Salvador | Guadeloupe | Haiti | Belize | Jamaica | Montserrat | Martinique | The Dutch Antilles | Puerto Rico | Trinidad and Tobago | Anguilla | Antigua and Barbuda | Dominica | Grenada | Saint Lucia | Saint Vincent and the Grenadines | Angola | Ethiopia | Botswana | Burundi | Benin | Côte d'Ivoire | Djibouti | Gabon | Gambia | Ghana | Guinea | Guinea-Bissau | Equatorial Guinea | Cameroon | Cape Verde | Congo | Congo, Democratic Republic | Lesotho | Liberia | Madagascar | Malawi | Mali | Mauritania | Mauritius | Mozambique | Comoros | Eswatani | Niger | Nigeria | Burkina Faso | Réunion | Zimbabwe | Rwanda | Zambia | Sao Tome and Principe | Senegal | Seychelles | Sierra Leone | Somalia | Sudan | Namibia | Tanzania, United Republic of | Togo | Chad | Uganda | Central African Republic | Eritrea | Algeria | Libya | Morocco | Tunisia | Afghanistan | Bangladesh | Iran | Nepal | Pakistan | Sri Lanka | Fiji | Samoa | Tahiti | Tonga | Papua New Guinea | Nauru | New Caledonia | Solomon Islands | Kiribati | Cook Islands | Niue | Vanuatu | Tuvalu | Marshall Islands | Micronesia, Federated States of | Timor-Leste | Germany | Maldives | Saint Kitts and Nevis | Guam | Palau | Montenegro | Kosovo | South Sudan",Research/Doctorate/PhD,0,The Ernst Ludwig Ehrlich Studienwerk (ELES) is one of the foundations for the development of talent which are supported by the German Federal Ministry of Education and Research (BMBF). The Studienwerk specifically promotes talented Jewish,DAAD,Germany,,,,,,Europe,Rolling / Annual,Scholarship,0,PhD,Research,80,Medium,1,90,PhD,https://www.daad.de/en/,Grant / Scholarship,3-4 Years
1844,RWTH International Academy: Women in Engineering Scholarship,RWTH International Academy: Women in Engineering Scholarship,Graduates,Engineering,"South Africa | Egypt | Bulgaria | India | Indonesia | Israel | Kazakhstan | Croatia | Malaysia | Romania | Singapore | Slovakia | Slovenia | Turkey | Thailand | Czech Republic | Ukraine | China, PR | Cyprus | Estonia | Latvia | Lithuania | Australia | Denmark | Finland | France | Greece | Ireland | Austria | Italy | Japan | Canada | New Zealand | Netherlands | Norway | Poland | Portugal | 38 | Sweden | Switzerland | Spain | United Kingdom | Hungary | United States of America | Uruguay | Argentina | Bolivia | Brazil | Chile | Costa Rica | Ecuador | Guatemala | Honduras | Colombia | Cuba | Mexico | Panama | Paraguay | Peru | Venezuela, Bolivarian Republic of | Nicaragua | Belgium | Palestinian Territories | Kenya | Luxembourg | Albania | Armenia | Azerbaijan | Belarus | Bosnia and Herzegovina | Georgia | Serbia | Kyrgyzstan | North Macedonia | Moldova, Republic of | Tajikistan | Turkmenistan | Uzbekistan | Andorra | Iceland | Liechtenstein | Malta | Monaco | San Marino | Vatican City | Bahrain | Iraq | Jordan | Qatar | Kuwait | Lebanon | Oman | Saudi Arabia | Yemen | Syrian Arab Republic (Syria) | United Arab Emirates | Bhutan | Myanmar | Brunei Darussalam | Taiwan | Hong Kong (CN) | Cambodia | Korea, the Republic of | 107 | Lao People's Democratic Republic | Macao (CN) | Mongolia | Philippines | Vietnam | Guyana | French Guayana | Suriname | Bahamas | Barbados | Bermudas | Dominican Republic | El Salvador | Guadeloupe | Haiti | Belize | Jamaica | Montserrat | Martinique | The Dutch Antilles | Puerto Rico | Trinidad and Tobago | Anguilla | Antigua and Barbuda | Dominica | Grenada | Saint Lucia | Saint Vincent and the Grenadines | Angola | Ethiopia | Botswana | Burundi | Benin | Côte d'Ivoire | Djibouti | Gabon | Gambia | Ghana | Guinea | Guinea-Bissau | Equatorial Guinea | Cameroon | Cape Verde | Congo | Congo, Democratic Republic | Lesotho | Liberia | Madagascar | Malawi | Mali | Mauritania | Mauritius | Mozambique | Comoros | Eswatani | Niger | Nigeria | Burkina Faso | Réunion | Zimbabwe | Rwanda | Zambia | Sao Tome and Principe | Senegal | Seychelles | Sierra Leone | Somalia | Sudan | Namibia | Tanzania, United Republic of | Togo | Chad | Uganda | Central African Republic | Eritrea | Algeria | Libya | Morocco | Tunisia | Afghanistan | Bangladesh | Iran | Nepal | Pakistan | Sri Lanka | Fiji | Samoa | Tahiti | Tonga | Papua New Guinea | Nauru | New Caledonia | Solomon Islands | Kiribati | Cook Islands | Niue | Vanuatu | Tuvalu | Marshall Islands | Micronesia, Federated States of | Timor-Leste | Maldives | Saint Kitts and Nevis | Guam | Palau | Montenegro | Kosovo | South Sudan",Study,0,This scholarship was created to enable for more qualified female engineering students to pursue a Master’s degree programme and establish gender equality among students of English-language Master’s degree programmes at RWTH,DAAD,Germany,,,,,,Europe,Rolling / Annual,Scholarship,0,Masters,Study,80,Medium,1,90,Masters,https://www.daad.de/en/,Grant / Scholarship,1-2 Years
1865,ALECOSTA: Alemania-Costa Rica,ALECOSTA: Alemania-Costa Rica,Graduates | Doctoral candidates/PhD students,"Languages and Cultural Studies | Law, Economics and Social Sciences | Mathematics and Natural Sciences | Human Medicine | Veterinary Medicine, Agricultural, Forest and Nutritional Sciences, Ecology | Engineering | Art, Music and Sport",Costa Rica,Study | Research/Doctorate/PhD,1,"Based on an agreement between CONARE and the DAAD, university lecturers from four Costa Rican universities receive funding to obtain further qualifications in Germany with scholarships for Master's and doctoral degrees.",DAAD,Germany,,,,,,Europe,Rolling / Annual,Scholarship,0,PhD,Research,80,Medium,1,90,PhD,https://www.daad.de/en/,Grant / Scholarship,3-4 Years
1941,Hertie School: Human Rights Scholarship,Hertie School: Human Rights Scholarship,Graduates,"Law, Economics and Social Sciences","South Africa | Egypt | Bulgaria | India | Indonesia | Israel | Kazakhstan | Croatia | Malaysia | Romania | Singapore | Slovakia | Slovenia | Turkey | Thailand | Czech Republic | Ukraine | China, PR | Cyprus | Estonia | Latvia | Lithuania | Australia | Denmark | Finland | France | Greece | Ireland | Austria | Italy | Japan | Canada | New Zealand | Netherlands | Norway | Poland | Portugal | 38 | Sweden | Switzerland | Spain | United Kingdom | Hungary | United States of America | Uruguay | Argentina | Bolivia | Brazil | Chile | Costa Rica | Ecuador | Guatemala | Honduras | Colombia | Cuba | Mexico | Panama | Paraguay | Peru | Venezuela, Bolivarian Republic of | Nicaragua | Belgium | Palestinian Territories | Kenya | Luxembourg | Albania | Armenia | Azerbaijan | Belarus | Bosnia and Herzegovina | Georgia | Serbia | Kyrgyzstan | North Macedonia | Moldova, Republic of | Tajikistan | Turkmenistan | Uzbekistan | Andorra | Iceland | Liechtenstein | Malta | Monaco | San Marino | Vatican City | Bahrain | Iraq | Jordan | Qatar | Kuwait | Lebanon | Oman | Saudi Arabia | Yemen | Syrian Arab Republic (Syria) | United Arab Emirates | Bhutan | Myanmar | Brunei Darussalam | Taiwan | Hong Kong (CN) | Cambodia | Korea, the Republic of | 107 | Lao People's Democratic Republic | Macao (CN) | Mongolia | Philippines | Vietnam | Guyana | French Guayana | Suriname | Bahamas | Barbados | Bermudas | Dominican Republic | El Salvador | Guadeloupe | Haiti | Belize | Jamaica | Montserrat | Martinique | The Dutch Antilles | Puerto Rico | Trinidad and Tobago | Anguilla | Antigua and Barbuda | Dominica | Grenada | Saint Lucia | Saint Vincent and the Grenadines | Angola | Ethiopia | Botswana | Burundi | Benin | Côte d'Ivoire | Djibouti | Gabon | Gambia | Ghana | Guinea | Guinea-Bissau | Equatorial Guinea | Cameroon | Cape Verde | Congo | Congo, Democratic Republic | Lesotho | Liberia | Madagascar | Malawi | Mali | Mauritania | Mauritius | Mozambique | Comoros | Eswatani | Niger | Nigeria | Burkina Faso | Réunion | Zimbabwe | Rwanda | Zambia | Sao Tome and Principe | Senegal | Seychelles | Sierra Leone | Somalia | Sudan | Namibia | Tanzania, United Republic of | Togo | Chad | Uganda | Central African Republic | Eritrea | Algeria | Libya | Morocco | Tunisia | Afghanistan | Bangladesh | Iran | Nepal | Pakistan | Sri Lanka | Fiji | Samoa | Tahiti | Tonga | Papua New Guinea | Nauru | New Caledonia | Solomon Islands | Kiribati | Cook Islands | Niue | Vanuatu | Tuvalu | Marshall Islands | Micronesia, Federated States of | Timor-Leste | Germany | Maldives | Saint Kitts and Nevis | Guam | Palau | Montenegro | Kosovo | South Sudan",Study,0,"The Human Rights Scholarship from the Hertie School is a full tuition scholarship, available for applicants of all nationalities who wish to pursue a 2-year, full-time, Master of International Affairs programme taught in English in Berlin,",DAAD,Germany,,,,,,Europe,Rolling / Annual,Scholarship,0,Masters,Study,80,Medium,1,90,Masters,https://www.daad.de/en/,Grant / Scholarship,1-2 Years
2041,Federal Ministry of Education and Research: Digital GreenTalents Award,Federal Ministry of Education and Research: Digital GreenTalents Award,Graduates | Doctoral candidates/PhD students,"Languages and Cultural Studies | Law, Economics and Social Sciences | Mathematics and Natural Sciences | Human Medicine | Veterinary Medicine, Agricultural, Forest and Nutritional Sciences, Ecology | Engineering | Art, Music and Sport","South Africa | Egypt | Bulgaria | India | Indonesia | Israel | Kazakhstan | Croatia | Malaysia | Romania | Singapore | Slovakia | Slovenia | Turkey | Thailand | Czech Republic | Ukraine | China, PR | Cyprus | Estonia | Latvia | Lithuania | Australia | Denmark | Finland | France | Greece | Ireland | Austria | Italy | Japan | Canada | New Zealand | Netherlands | Norway | Poland | Portugal | 38 | Sweden | Switzerland | Spain | United Kingdom | Hungary | United States of America | Uruguay | Argentina | Bolivia | Brazil | Chile | Costa Rica | Ecuador | Guatemala | Honduras | Colombia | Cuba | Mexico | Panama | Paraguay | Peru | Venezuela, Bolivarian Republic of | Nicaragua | Belgium | Palestinian Territories | Kenya | Luxembourg | Albania | Armenia | Azerbaijan | Belarus | Bosnia and Herzegovina | Georgia | Serbia | Kyrgyzstan | North Macedonia | Moldova, Republic of | Tajikistan | Turkmenistan | Uzbekistan | Andorra | Iceland | Liechtenstein | Malta | Monaco | San Marino | Vatican City | Bahrain | Iraq | Jordan | Qatar | Kuwait | Lebanon | Oman | Saudi Arabia | Yemen | Syrian Arab Republic (Syria) | United Arab Emirates | Bhutan | Myanmar | Brunei Darussalam | Taiwan | Hong Kong (CN) | Cambodia | Korea, the Republic of | 107 | Lao People's Democratic Republic | Macao (CN) | Mongolia | Philippines | Vietnam | Guyana | French Guayana | Suriname | Bahamas | Barbados | Bermudas | Dominican Republic | El Salvador | Guadeloupe | Haiti | Belize | Jamaica | Montserrat | Martinique | The Dutch Antilles | Puerto Rico | Trinidad and Tobago | Anguilla | Antigua and Barbuda | Dominica | Grenada | Saint Lucia | Saint Vincent and the Grenadines | Angola | Ethiopia | Botswana | Burundi | Benin | Côte d'Ivoire | Djibouti | Gabon | Gambia | Ghana | Guinea | Guinea-Bissau | Equatorial Guinea | Cameroon | Cape Verde | Congo | Congo, Democratic Republic | Lesotho | Liberia | Madagascar | Malawi | Mali | Mauritania | Mauritius | Mozambique | Comoros | Eswatani | Niger | Nigeria | Burkina Faso | Réunion | Zimbabwe | Rwanda | Zambia | Sao Tome and Principe | Senegal | Seychelles | Sierra Leone | Somalia | Sudan | Namibia | Tanzania, United Republic of | Togo | Chad | Uganda | Central African Republic | Eritrea | Algeria | Libya | Morocco | Tunisia | Afghanistan | Bangladesh | Iran | Nepal | Pakistan | Sri Lanka | Fiji | Samoa | Tahiti | Tonga | Papua New Guinea | Nauru | New Caledonia | Solomon Islands | Kiribati | Cook Islands | Niue | Vanuatu | Tuvalu | Marshall Islands | Micronesia, Federated States of | Timor-Leste | Germany | Maldives | Saint Kitts and Nevis | Guam | Palau | Montenegro | Kosovo | South Sudan",Research/Doctorate/PhD,0,"Artificial intelligence precisely sorts valuable raw materials, collection robots remove waste from the environment, or digital twins enable sustainable urban planning: The digital age offers powerful tools like robotics to find solutions",DAAD,Germany,,,,,,Europe,Rolling / Annual,Scholarship,0,PhD,Research,80,Medium,1,90,PhD,https://www.daad.de/en/,Grant / Scholarship,3-4 Years
2201,KOSPIE Mexico,Combined study and practical stays for engineers from developing countries (KOSPIE) with Mexican universities,Undergraduates,"Languages and Cultural Studies | Law, Economics and Social Sciences | Mathematics and Natural Sciences | Human Medicine | Veterinary Medicine, Agricultural, Forest and Nutritional Sciences, Ecology | Engineering | Art, Music and Sport",Mexico,Study,1,"As part of the programme with Mexican partners, students studying the natural sciences and engineering spend one year in Germany",DAAD,Germany,,,,,,Europe,Rolling / Annual,Scholarship,0,Bachelor,Study,80,Medium,1,90,Bachelor,https://www.daad.de/en/,Grant / Scholarship,3-5 Years
2274,IAESTE Incoming,"Practical Traineeships for Foreign Students of Natural and Technical Sciences, Agriculture and Forestry (IAESTE)",Undergraduates | Graduates,"Languages and Cultural Studies | Law, Economics and Social Sciences | Mathematics and Natural Sciences | Human Medicine | Veterinary Medicine, Agricultural, Forest and Nutritional Sciences, Ecology | Engineering | Art, Music and Sport","South Africa | Egypt | Bulgaria | India | Indonesia | Israel | Kazakhstan | Croatia | Malaysia | Romania | Singapore | Slovakia | Slovenia | Turkey | Thailand | Czech Republic | Ukraine | China, PR | Cyprus | Estonia | Latvia | Lithuania | Australia | Denmark | Finland | France | Greece | Ireland | Austria | Italy | Japan | Canada | New Zealand | Netherlands | Norway | Poland | Portugal | 38 | Sweden | Switzerland | Spain | United Kingdom | Hungary | United States of America | Uruguay | Argentina | Bolivia | Brazil | Chile | Costa Rica | Ecuador | Guatemala | Honduras | Colombia | Cuba | Mexico | Panama | Paraguay | Peru | Venezuela, Bolivarian Republic of | Nicaragua | Belgium | Palestinian Territories | Kenya | Luxembourg | Albania | Armenia | Azerbaijan | Belarus | Bosnia and Herzegovina | Georgia | Serbia | Kyrgyzstan | North Macedonia | Moldova, Republic of | Tajikistan | Turkmenistan | Uzbekistan | Andorra | Iceland | Liechtenstein | Malta | Monaco | San Marino | Vatican City | Bahrain | Iraq | Jordan | Qatar | Kuwait | Lebanon | Oman | Saudi Arabia | Yemen | Syrian Arab Republic (Syria) | United Arab Emirates | Bhutan | Myanmar | Brunei Darussalam | Taiwan | Hong Kong (CN) | Cambodia | Korea, the Republic of | 107 | Lao People's Democratic Republic | Macao (CN) | Mongolia | Philippines | Vietnam | Guyana | Suriname | Bahamas | Barbados | Dominican Republic | El Salvador | Haiti | Belize | Jamaica | Trinidad and Tobago | Antigua and Barbuda | Dominica | Grenada | Saint Lucia | Saint Vincent and the Grenadines | Angola | Ethiopia | Botswana | Burundi | Benin | Côte d'Ivoire | Djibouti | Gabon | Gambia | Ghana | Guinea | Guinea-Bissau | Equatorial Guinea | Cameroon | Cape Verde | Congo | Congo, Democratic Republic | Lesotho | Liberia | Madagascar | Malawi | Mali | Mauritania | Mauritius | Mozambique | Comoros | Eswatani | Niger | Nigeria | Burkina Faso | Zimbabwe | Rwanda | Zambia | Sao Tome and Principe | Senegal | Seychelles | Sierra Leone | Somalia | Sudan | Namibia | Tanzania, United Republic of | Togo | Chad | Uganda | Central African Republic | Eritrea | Algeria | Libya | Morocco | Tunisia | Afghanistan | Bangladesh | Iran | Nepal | Pakistan | Sri Lanka | Fiji | Samoa | Tonga | Papua New Guinea | Nauru | Solomon Islands | Kiribati | Cook Islands | Niue | Vanuatu | Tuvalu | Marshall Islands | Micronesia, Federated States of | Timor-Leste | Maldives | Saint Kitts and Nevis | Palau | Montenegro | Kosovo | South Sudan",Internship,1,"IAESTE arranges internships for international students of the natural sciences, engineering and agriculture and forestry",DAAD,Germany,,,,,,Europe,Rolling / Annual,Scholarship,0,Bachelor,Study,80,Medium,1,90,Bachelor,https://www.daad.de/en/,Grant / Scholarship,3-5 Years
2306,In-Country/In-Region Programme Sub-Saharan Africa,In-Country/In-Region Programme Sub-Saharan Africa,Graduates | Doctoral candidates/PhD students,"Languages and Cultural Studies | Law, Economics and Social Sciences | Mathematics and Natural Sciences | Human Medicine | Veterinary Medicine, Agricultural, Forest and Nutritional Sciences, Ecology | Engineering | Art, Music and Sport","Ethiopia | Burundi | Benin | Gabon | Djibouti | Gambia | Ghana | Guinea | Guinea-Bissau | Equatorial Guinea | Cameroon | Cape Verde | Congo | Congo, Democratic Republic | Lesotho | Liberia | Madagascar | Malawi | Mali | Mauritania | Mauritius | Mozambique | Comoros | Eswatani | Niger | Nigeria | Burkina Faso | Zimbabwe | Rwanda | Zambia | Sao Tome and Principe | Senegal | Seychelles | Sierra Leone | South Sudan | Eritrea | Kenya | South Africa | Somalia | Sudan | Namibia | Tanzania, United Republic of | Togo | Chad | Uganda | Central African Republic | Côte d'Ivoire | Botswana | Angola",-1,1,Scholarships for (post)graduate programmes in a field with strong relevance to national or regional development aiming at university staff development and public sector demand of academically trained personnel.,DAAD,Germany,,,,,,Europe,Rolling / Annual,Scholarship,0,PhD,Study,80,Medium,1,90,PhD,https://www.daad.de/en/,Grant / Scholarship,3-4 Years
2325,KOSPIE ICETEX,Combined study and practical stays for engineers from developing countries (KOSPIE) with Colombian universities,Undergraduates,"Languages and Cultural Studies | Law, Economics and Social Sciences | Mathematics and Natural Sciences | Human Medicine | Veterinary Medicine, Agricultural, Forest and Nutritional Sciences, Ecology | Engineering | Art, Music and Sport",Colombia,Study,1,Advanced students of engineering spend one semester at a German university and then complete a 4 to 6-month industrial internship,DAAD,Germany,,,,,,Europe,Rolling / Annual,Scholarship,0,Bachelor,Study,80,Medium,1,90,Bachelor,https://www.daad.de/en/,Grant / Scholarship,3-5 Years
2356,BECAL,Government Scholarships Programme Paraguay BECAL-DAAD Promotion,Graduates | Doctoral candidates/PhD students,"Mathematics and Natural Sciences | Veterinary Medicine, Agricultural, Forest and Nutritional Sciences, Ecology | Engineering",Paraguay,Research/Doctorate/PhD,1,Country related cooperation programme with Paraguay BECAL-DAAD,DAAD,Germany,,,,,,Europe,Rolling / Annual,Scholarship,0,PhD,Research,80,Medium,1,90,PhD,https://www.daad.de/en/,Grant / Scholarship,3-4 Years
2425,SBW Berlin Scholarship,SBW Berlin Scholarship,Undergraduates | Graduates,"Languages and Cultural Studies | Law, Economics and Social Sciences | Mathematics and Natural Sciences | Human Medicine | Veterinary Medicine, Agricultural, Forest and Nutritional Sciences, Ecology | Engineering | Art, Music and Sport","Lithuania | Egypt | South Africa | Taiwan | Hong Kong (CN) | Cambodia | Korea, the Republic of | 107 | Lao People's Democratic Republic | Vietnam | Philippines | Mongolia | Macao (CN) | Guyana | French Guayana | Suriname | Bahamas | Barbados | Bermudas | Dominican Republic | South Sudan | Kosovo | Montenegro | Palau | Guam | Saint Kitts and Nevis | Maldives | Germany | Timor-Leste | Micronesia, Federated States of | Marshall Islands | Tuvalu | Vanuatu | Niue | Cook Islands | Kiribati | Solomon Islands | New Caledonia | Nauru | Papua New Guinea | Tonga | Tahiti | Samoa | Fiji | Sri Lanka | Pakistan | Nepal | Iran | Bangladesh | Afghanistan | Tunisia | Morocco | Libya | Algeria | Eritrea | Central African Republic | Uganda | Chad | Togo | Tanzania, United Republic of | Namibia | Sudan | Somalia | Sierra Leone | Seychelles | Senegal | Sao Tome and Principe | Zambia | Rwanda | Zimbabwe | Réunion | Burkina Faso | Nigeria | Niger | Eswatani | Comoros | Mozambique | Mauritius | Mauritania | Mali | Malawi | Madagascar | Liberia | Lesotho | Congo, Democratic Republic | Congo | Cape Verde | Cameroon | Equatorial Guinea | Guinea-Bissau | Guinea | Ghana | Gambia | Gabon | Djibouti | Côte d'Ivoire | Benin | Burundi | Botswana | Ethiopia | Angola | Saint Vincent and the Grenadines | Saint Lucia | Grenada | Dominica | Antigua and Barbuda | Anguilla | Trinidad and Tobago | Puerto Rico | The Dutch Antilles | Martinique | Montserrat | Jamaica | Belize | Haiti | Guadeloupe | El Salvador | Bulgaria | India | Israel | Indonesia | Kazakhstan | Croatia | Malaysia | Romania | Singapore | Slovakia | Slovenia | Turkey | Thailand | Czech Republic | Ukraine | China, PR | Latvia | Estonia | Cyprus | Australia | Denmark | Finland | France | Greece | Ireland | Austria | Italy | Japan | Canada | New Zealand | Netherlands | Norway | Poland | Portugal | 38 | Sweden | Switzerland | Spain | United Kingdom | Hungary | United States of America | Uruguay | Argentina | Bolivia | Brazil | Chile | Costa Rica | Ecuador | Guatemala | Cuba | Colombia | Honduras | Mexico | Panama | Paraguay | Peru | Venezuela, Bolivarian Republic of | Nicaragua | Belgium | Palestinian Territories | Kenya | Luxembourg | Albania | Armenia | Azerbaijan | Belarus | Bosnia and Herzegovina | Georgia | Serbia | Kyrgyzstan | North Macedonia | Moldova, Republic of | Tajikistan | Turkmenistan | Uzbekistan | Andorra | Iceland | Liechtenstein | Malta | Monaco | San Marino | Vatican City | Bahrain | Iraq | Jordan | Qatar | Kuwait | Lebanon | Oman | Saudi Arabia | Yemen | Syrian Arab Republic (Syria) | United Arab Emirates | Bhutan | Myanmar | Brunei Darussalam",Study,0,The SBW Berlin scholarship programme supports social commitment through the development of social projects during the scholarship recipients’ studies and includes various types of scholarships. The scholarships are only granted for a,DAAD,Germany,,,,,,Europe,Rolling / Annual,Grant,0,Bachelor,Study,80,Medium,1,90,Bachelor,https://www.daad.de/en/,Grant / Scholarship,3-5 Years
2444,Third Country Programme Central America,Third Country Programme Central America,Graduates | Doctoral candidates/PhD students,"Languages and Cultural Studies | Law, Economics and Social Sciences | Mathematics and Natural Sciences | Human Medicine | Veterinary Medicine, Agricultural, Forest and Nutritional Sciences, Ecology | Engineering | Art, Music and Sport",Costa Rica | Dominican Republic | Nicaragua | Belize | Guatemala | Panama | Honduras | El Salvador | Nicaragua | Costa Rica | Dominican Republic | Panama | Guatemala | Honduras | El Salvador | Belize | Dominican Republic | Costa Rica | Belize | Honduras | Guatemala | Nicaragua | Panama | El Salvador | Dominican Republic | Costa Rica | Nicaragua | Honduras | Guatemala | Belize | Panama | El Salvador | Dominican Republic | Costa Rica | Nicaragua | Guatemala | Honduras | El Salvador | Panama | Belize,Study | Research/Doctorate/PhD,1,The Third Country Programme funds Master's or doctoral degree programmes on subjects relating to development policy at select universities in Central America.,DAAD,Germany,,,,,,Europe,Rolling / Annual,Scholarship,0,PhD,Research,80,Medium,1,90,PhD,https://www.daad.de/en/,Grant / Scholarship,3-4 Years
2459,Regierungsstip. Pakistan - DAAD/HEC Overseas,Overseas Scholarship Scheme for MSc leading to PhD,Doctoral candidates/PhD students,"Languages and Cultural Studies | Law, Economics and Social Sciences | Mathematics and Natural Sciences | Human Medicine | Veterinary Medicine, Agricultural, Forest and Nutritional Sciences, Ecology | Engineering | Art, Music and Sport",Pakistan,Study | Research/Doctorate/PhD,1,Government Scholarship Programme Pakistan,DAAD,Germany,,,,,,Europe,Rolling / Annual,Scholarship,0,PhD,Research,80,Medium,1,90,PhD,https://www.daad.de/en/,Grant / Scholarship,3-4 Years
2535,Jean Monnet Scholarship Programme (JMSP),Jean Monnet Scholarship Programme (JMSP),Postdoctoral researchers | Graduates | Doctoral candidates/PhD students | Faculty,"Languages and Cultural Studies | Law, Economics and Social Sciences | Mathematics and Natural Sciences | Veterinary Medicine, Agricultural, Forest and Nutritional Sciences, Ecology | Engineering",Bulgaria | Croatia | Romania | Slovakia | Slovenia | Turkey | Czech Republic | Cyprus | Estonia | Latvia | Lithuania | Denmark | Finland | France | Greece | Ireland | Austria | Italy | Netherlands | Poland | Portugal | Sweden | Spain | Hungary | Belgium | Luxembourg | Albania | Bosnia and Herzegovina | Serbia | North Macedonia | Malta | Germany | Montenegro | Kosovo,Study | Research/Doctorate/PhD,0,"Within the framework of Turkey’s negotiation process for full membership to the EU, the Jean Monnet Scholarship Programme (JMSP) aims at contributing to Turkey’s administrative capacity building efforts through increasing the number of",DAAD,Germany,,,,,,Europe,Rolling / Annual,Scholarship,0,Postdoc,Research,80,Very High,1,90,Postdoc,https://www.daad.de/en/,Grant / Scholarship,6-24 Months
2673,BECAL Master,Government Scholarships Programme Paraguay BECAL-DAAD Master,Undergraduates | Graduates,"Mathematics and Natural Sciences | Veterinary Medicine, Agricultural, Forest and Nutritional Sciences, Ecology | Engineering",Paraguay,Study,1,Country related cooperation programme with Paraguay BECAL-DAAD ,DAAD,Germany,,,,,,Europe,Rolling / Annual,Scholarship,0,Bachelor,Study,80,Medium,1,90,Bachelor,https://www.daad.de/en/,Grant / Scholarship,3-5 Years
2777,Klassik Stiftung Weimar Fellowships,Klassik Stiftung Weimar Fellowships,Undergraduates | Postdoctoral researchers | Graduates | Doctoral candidates/PhD students | Faculty,"Languages and Cultural Studies | Art, Music and Sport","South Africa | Egypt | Bulgaria | India | Indonesia | Israel | Kazakhstan | Croatia | Malaysia | Romania | Singapore | Slovakia | Slovenia | Turkey | Thailand | Czech Republic | Ukraine | China, PR | Cyprus | Estonia | Latvia | Lithuania | Australia | Denmark | Finland | France | Greece | Ireland | Austria | Italy | Japan | Canada | New Zealand | Netherlands | Norway | Poland | Portugal | 38 | Sweden | Switzerland | Spain | United Kingdom | Hungary | United States of America | Uruguay | Argentina | Bolivia | Brazil | Chile | Costa Rica | Ecuador | Guatemala | Honduras | Colombia | Cuba | Mexico | Panama | Paraguay | Peru | Venezuela, Bolivarian Republic of | Nicaragua | Belgium | Palestinian Territories | Kenya | Luxembourg | Albania | Armenia | Azerbaijan | Belarus | Bosnia and Herzegovina | Georgia | Serbia | Kyrgyzstan | North Macedonia | Moldova, Republic of | Tajikistan | Turkmenistan | Uzbekistan | Andorra | Iceland | Liechtenstein | Malta | Monaco | San Marino | Vatican City | Bahrain | Iraq | Jordan | Qatar | Kuwait | Lebanon | Oman | Saudi Arabia | Yemen | Syrian Arab Republic (Syria) | United Arab Emirates | Bhutan | Myanmar | Brunei Darussalam | Taiwan | Hong Kong (CN) | Cambodia | Korea, the Republic of | 107 | Lao People's Democratic Republic | Macao (CN) | Mongolia | Philippines | Vietnam | Guyana | French Guayana | Suriname | Bahamas | Barbados | Bermudas | Dominican Republic | El Salvador | Guadeloupe | Haiti | Belize | Jamaica | Montserrat | Martinique | The Dutch Antilles | Puerto Rico | Trinidad and Tobago | Anguilla | Antigua and Barbuda | Dominica | Grenada | Saint Lucia | Saint Vincent and the Grenadines | Angola | Ethiopia | Botswana | Burundi | Benin | Côte d'Ivoire | Djibouti | Gabon | Gambia | Ghana | Guinea | Guinea-Bissau | Equatorial Guinea | Cameroon | Cape Verde | Congo | Congo, Democratic Republic | Lesotho | Liberia | Madagascar | Malawi | Mali | Mauritania | Mauritius | Mozambique | Comoros | Eswatani | Niger | Nigeria | Burkina Faso | Réunion | Zimbabwe | Rwanda | Zambia | Sao Tome and Principe | Senegal | Seychelles | Sierra Leone | Somalia | Sudan | Namibia | Tanzania, United Republic of | Togo | Chad | Uganda | Central African Republic | Eritrea | Algeria | Libya | Morocco | Tunisia | Afghanistan | Bangladesh | Iran | Nepal | Pakistan | Sri Lanka | Fiji | Samoa | Tahiti | Tonga | Papua New Guinea | Nauru | New Caledonia | Solomon Islands | Kiribati | Cook Islands | Niue | Vanuatu | Tuvalu | Marshall Islands | Micronesia, Federated States of | Timor-Leste | Germany | Maldives | Saint Kitts and Nevis | Guam | Palau | Montenegro | Kosovo | South Sudan",Research/Doctorate/PhD,0,"With its fellowship programme, the Klassik Stiftung Weimar supports outstanding scientific, essayistic and art projects within 3 funding lines. As residency scholarships, they offer a sojourn of several months in Weimar, a city rich in",DAAD,Germany,,,,,,Europe,Rolling / Annual,Fellowship,0,Postdoc,Research,80,Very High,0,90,Postdoc,https://www.daad.de/en/,Grant / Scholarship,6-24 Months
2835,Copernicus Berlin: International Excellence Scholarship Programme,Copernicus Berlin: International Excellence Scholarship Programme,Undergraduates | Graduates | Doctoral candidates/PhD students,"Languages and Cultural Studies | Law, Economics and Social Sciences | Mathematics and Natural Sciences | Human Medicine | Veterinary Medicine, Agricultural, Forest and Nutritional Sciences, Ecology | Engineering | Art, Music and Sport","Kazakhstan | Turkey | Ukraine | Albania | Armenia | Azerbaijan | Belarus | Bosnia and Herzegovina | Georgia | Serbia | Kyrgyzstan | North Macedonia | Moldova, Republic of | Tajikistan | Turkmenistan | Uzbekistan | Mongolia | Montenegro | Kosovo",Study | Research/Doctorate/PhD | Internship,0,"The International Excellence Scholarship Programme (IES) is a scholarship programme that enables ambitious students of all fields of study from Eastern and Southeastern Europe, the Caucasus and Central Asia with above-average grades to",DAAD,Germany,,,,,,Europe,Rolling / Annual,Scholarship,0,PhD,Research,80,Medium,1,90,PhD,https://www.daad.de/en/,Grant / Scholarship,3-4 Years
2844,Alexander von Humboldt Foundation: International Climate Protection Fellowship,Alexander von Humboldt Foundation: International Climate Protection Fellowship,Postdoctoral researchers | Graduates,"Law, Economics and Social Sciences | Mathematics and Natural Sciences | Veterinary Medicine, Agricultural, Forest and Nutritional Sciences, Ecology | Engineering","South Africa | Egypt | India | Indonesia | Kazakhstan | Malaysia | Thailand | China, PR | Argentina | Bolivia | Brazil | Costa Rica | Ecuador | Guatemala | Honduras | Colombia | Cuba | Mexico | Paraguay | Peru | Venezuela, Bolivarian Republic of | Nicaragua | Palestinian Territories | Kenya | Kyrgyzstan | Tajikistan | Turkmenistan | Uzbekistan | Iraq | Jordan | Lebanon | Yemen | Syrian Arab Republic (Syria) | Bhutan | Myanmar | Cambodia | 107 | Lao People's Democratic Republic | Mongolia | Philippines | Vietnam | Guyana | Suriname | Dominican Republic | El Salvador | Haiti | Belize | Jamaica | Dominica | Grenada | Saint Lucia | Saint Vincent and the Grenadines | Angola | Ethiopia | Botswana | Burundi | Benin | Côte d'Ivoire | Djibouti | Gabon | Gambia | Ghana | Guinea | Guinea-Bissau | Equatorial Guinea | Cameroon | Cape Verde | Congo | Congo, Democratic Republic | Lesotho | Liberia | Madagascar | Malawi | Mali | Mauritania | Mauritius | Mozambique | Comoros | Eswatani | Niger | Nigeria | Burkina Faso | Zimbabwe | Rwanda | Zambia | Sao Tome and Principe | Senegal | Seychelles | Sierra Leone | Somalia | Sudan | Namibia | Tanzania, United Republic of | Togo | Chad | Uganda | Central African Republic | Eritrea | Algeria | Libya | Morocco | Tunisia | Afghanistan | Bangladesh | Iran | Nepal | Pakistan | Sri Lanka | Fiji | Samoa | Tonga | Papua New Guinea | Nauru | Solomon Islands | Kiribati | Niue | Vanuatu | Tuvalu | Marshall Islands | Micronesia, Federated States of | Timor-Leste | Maldives | Saint Kitts and Nevis | South Sudan",Research/Doctorate/PhD,0,The International Climate Protection Fellowship supports prospective leaders working academically or practically in climate protection or climate-relevant resource conservation in their home countries - a non-European developing or,DAAD,Germany,,,,,,Europe,Rolling / Annual,Fellowship,0,Postdoc,Research,80,Very High,1,90,Postdoc,https://www.daad.de/en/,Grant / Scholarship,6-24 Months
2854,Bayer Foundation: Jeff Schell Fellowship in Agricultural Sciences,Bayer Foundation: Jeff Schell Fellowship in Agricultural Sciences,Graduates | Doctoral candidates/PhD students,"Mathematics and Natural Sciences | Veterinary Medicine, Agricultural, Forest and Nutritional Sciences, Ecology | Engineering","Estonia | Djibouti | Latvia | Lithuania | Australia | Denmark | Finland | France | Greece | Ireland | Austria | Italy | Japan | Canada | New Zealand | Netherlands | Norway | Poland | Portugal | 38 | Sweden | Switzerland | Spain | United Kingdom | Hungary | United States of America | Uruguay | Argentina | Bolivia | Brazil | Chile | Costa Rica | Ecuador | Guatemala | Honduras | Colombia | Cuba | Mexico | Panama | Paraguay | Peru | Venezuela, Bolivarian Republic of | Nicaragua | Belgium | Palestinian Territories | Kenya | Luxembourg | Albania | Armenia | Azerbaijan | Belarus | Bosnia and Herzegovina | Georgia | Serbia | Kyrgyzstan | North Macedonia | Moldova, Republic of | Tajikistan | Turkmenistan | Uzbekistan | Andorra | Iceland | Liechtenstein | Malta | Monaco | San Marino | Vatican City | Bahrain | Iraq | Jordan | Qatar | Kuwait | Lebanon | Oman | Saudi Arabia | Yemen | Syrian Arab Republic (Syria) | United Arab Emirates | Bhutan | Myanmar | Brunei Darussalam | Taiwan | Hong Kong (CN) | Cambodia | Korea, the Republic of | 107 | Lao People's Democratic Republic | Macao (CN) | Mongolia | Philippines | Vietnam | Guyana | French Guayana | Suriname | Bahamas | Barbados | Bermudas | Dominican Republic | El Salvador | Belize | Haiti | Guadeloupe | Jamaica | Montserrat | Martinique | The Dutch Antilles | Puerto Rico | Trinidad and Tobago | Anguilla | Antigua and Barbuda | Dominica | Grenada | Saint Lucia | Saint Vincent and the Grenadines | Angola | Ethiopia | Botswana | Burundi | Benin | Côte d'Ivoire | Gambia | Ghana | Guinea | Guinea-Bissau | Equatorial Guinea | Cameroon | Cape Verde | Congo | Congo, Democratic Republic | Lesotho | Liberia | Madagascar | Malawi | Mali | Mauritania | Mauritius | Mozambique | Comoros | Eswatani | Niger | Nigeria | Burkina Faso | Réunion | Zimbabwe | Rwanda | Zambia | Sao Tome and Principe | Senegal | Seychelles | Sierra Leone | Somalia | Sudan | Namibia | Tanzania, United Republic of | Togo | Chad | Uganda | Central African Republic | Eritrea | Algeria | Libya | Morocco | Tunisia | Afghanistan | Bangladesh | Iran | Nepal | Pakistan | Sri Lanka | Fiji | Samoa | Nauru | Papua New Guinea | Tonga | Tahiti | New Caledonia | Solomon Islands | Kiribati | Cook Islands | Niue | Vanuatu | Tuvalu | Marshall Islands | Micronesia, Federated States of | Timor-Leste | Germany | Maldives | Saint Kitts and Nevis | Guam | Palau | Montenegro | Kosovo | South Sudan | South Africa | Egypt | Bulgaria | India | Indonesia | Israel | Kazakhstan | Croatia | Malaysia | Romania | Singapore | Slovakia | Slovenia | Turkey | Thailand | Czech Republic | Ukraine | China, PR | Cyprus | Gabon",Study | Research/Doctorate/PhD | Internship,0,"The Jeff Schell Fellowship can be granted to MSc and PhD students from all fields of natural science and data science with fundamental or applied studies with relevance to the crop science industry.<br />
Students from Germany who are",DAAD,Germany,,,,,,Europe,Rolling / Annual,Fellowship,0,PhD,Research,80,Medium,1,90,PhD,https://www.daad.de/en/,Grant / Scholarship,3-4 Years
2885,KOSPIE UTN,Combined study and practical stays for engineers from developing countries (KOSPIE) in cooperation with the Argentinean Universidad Tecnológica Nacional (UTN),Undergraduates,"Languages and Cultural Studies | Law, Economics and Social Sciences | Mathematics and Natural Sciences | Human Medicine | Veterinary Medicine, Agricultural, Forest and Nutritional Sciences, Ecology | Engineering | Art, Music and Sport",Argentina,Study,1,Combined study and practical stays in Germany for advanced students of engineering sciences,DAAD,Germany,,,,,,Europe,Rolling / Annual,Scholarship,0,Bachelor,Study,80,Medium,1,90,Bachelor,https://www.daad.de/en/,Grant / Scholarship,3-5 Years
2911,Leibniz Institute of European History Mainz: Fellowships for Doctoral Students,Leibniz Institute of European History Mainz: Fellowships for Doctoral Students,Doctoral candidates/PhD students,"Languages and Cultural Studies | Law, Economics and Social Sciences","South Africa | Egypt | Bulgaria | India | Indonesia | Israel | Kazakhstan | Croatia | Malaysia | Romania | Singapore | Slovakia | Slovenia | Turkey | Thailand | Czech Republic | Ukraine | China, PR | Cyprus | Estonia | Latvia | Lithuania | Australia | Denmark | Finland | France | Greece | Ireland | Austria | Italy | Japan | Canada | New Zealand | Netherlands | Norway | Poland | Portugal | 38 | Sweden | Switzerland | Spain | United Kingdom | Hungary | United States of America | Uruguay | Argentina | Bolivia | Brazil | Chile | Costa Rica | Ecuador | Guatemala | Honduras | Colombia | Cuba | Mexico | Panama | Paraguay | Peru | Venezuela, Bolivarian Republic of | Nicaragua | Belgium | Palestinian Territories | Kenya | Luxembourg | Albania | Armenia | Azerbaijan | Belarus | Bosnia and Herzegovina | Georgia | Serbia | Kyrgyzstan | North Macedonia | Moldova, Republic of | Tajikistan | Turkmenistan | Uzbekistan | Andorra | Iceland | Liechtenstein | Malta | Monaco | San Marino | Vatican City | Bahrain | Iraq | Jordan | Qatar | Kuwait | Lebanon | Oman | Saudi Arabia | Yemen | Syrian Arab Republic (Syria) | United Arab Emirates | Bhutan | Myanmar | Brunei Darussalam | Taiwan | Hong Kong (CN) | Cambodia | Korea, the Republic of | 107 | Lao People's Democratic Republic | Macao (CN) | Mongolia | Philippines | Vietnam | Guyana | French Guayana | Suriname | Bahamas | Barbados | Bermudas | Dominican Republic | El Salvador | Guadeloupe | Haiti | Belize | Jamaica | Montserrat | Martinique | The Dutch Antilles | Puerto Rico | Trinidad and Tobago | Anguilla | Antigua and Barbuda | Dominica | Grenada | Saint Lucia | Saint Vincent and the Grenadines | Angola | Ethiopia | Botswana | Burundi | Benin | Côte d'Ivoire | Djibouti | Gabon | Gambia | Ghana | Guinea | Guinea-Bissau | Equatorial Guinea | Cameroon | Cape Verde | Congo | Congo, Democratic Republic | Lesotho | Liberia | Madagascar | Malawi | Mali | Mauritania | Mauritius | Mozambique | Comoros | Eswatani | Niger | Nigeria | Burkina Faso | Réunion | Zimbabwe | Rwanda | Zambia | Sao Tome and Principe | Senegal | Seychelles | Sierra Leone | Somalia | Sudan | Namibia | Tanzania, United Republic of | Togo | Chad | Uganda | Central African Republic | Eritrea | Algeria | Libya | Morocco | Tunisia | Afghanistan | Bangladesh | Iran | Nepal | Pakistan | Sri Lanka | Fiji | Samoa | Tahiti | Tonga | Papua New Guinea | Nauru | New Caledonia | Solomon Islands | Kiribati | Cook Islands | Niue | Vanuatu | Tuvalu | Marshall Islands | Micronesia, Federated States of | Timor-Leste | Germany | Maldives | Saint Kitts and Nevis | Guam | Palau | Montenegro | Kosovo | South Sudan",Research/Doctorate/PhD,0,"The Leibniz Institute of European History (IEG) in Mainz awards fellowships for doctoral students in European history, the history of religion and other historical disciplines. The IEG funds PhD projects in European history from early",DAAD,Germany,,,,,,Europe,Rolling / Annual,Fellowship,0,PhD,Research,80,Medium,1,90,PhD,https://www.daad.de/en/,Grant / Scholarship,3-4 Years
2935,Indo-German Science and Technology Centre (IGSTC): Women Involvement in Science and Engineering Research (WISER),Indo-German Science and Technology Centre (IGSTC): Women Involvement in Science and Engineering Research (WISER),Postdoctoral researchers | Graduates | Doctoral candidates/PhD students | Faculty,Mathematics and Natural Sciences | Engineering,"South Africa | Egypt | Bulgaria | India | Indonesia | Israel | Kazakhstan | Croatia | Malaysia | Romania | Singapore | Slovakia | Slovenia | Turkey | Thailand | Czech Republic | Ukraine | China, PR | Cyprus | Estonia | Latvia | Lithuania | Australia | Denmark | Finland | France | Greece | Ireland | Austria | Italy | Japan | Canada | New Zealand | Netherlands | Norway | Poland | Portugal | 38 | Sweden | Switzerland | Spain | United Kingdom | Hungary | United States of America | Uruguay | Argentina | Bolivia | Brazil | Chile | Costa Rica | Ecuador | Guatemala | Honduras | Colombia | Cuba | Mexico | Panama | Paraguay | Peru | Venezuela, Bolivarian Republic of | Nicaragua | Belgium | Palestinian Territories | Kenya | Luxembourg | Albania | Armenia | Azerbaijan | Belarus | Bosnia and Herzegovina | Georgia | Serbia | Kyrgyzstan | North Macedonia | Moldova, Republic of | Tajikistan | Turkmenistan | Uzbekistan | Andorra | Iceland | Liechtenstein | Malta | Monaco | San Marino | Vatican City | Bahrain | Iraq | Jordan | Qatar | Kuwait | Lebanon | Oman | Saudi Arabia | Yemen | Syrian Arab Republic (Syria) | United Arab Emirates | Bhutan | Myanmar | Brunei Darussalam | Taiwan | Hong Kong (CN) | Cambodia | Korea, the Republic of | 107 | Lao People's Democratic Republic | Macao (CN) | Mongolia | Philippines | Vietnam | Guyana | French Guayana | Suriname | Bahamas | Barbados | Bermudas | Dominican Republic | El Salvador | Guadeloupe | Haiti | Belize | Jamaica | Montserrat | Martinique | The Dutch Antilles | Puerto Rico | Trinidad and Tobago | Anguilla | Antigua and Barbuda | Dominica | Grenada | Saint Lucia | Saint Vincent and the Grenadines | Angola | Ethiopia | Botswana | Burundi | Benin | Côte d'Ivoire | Djibouti | Gabon | Gambia | Ghana | Guinea | Guinea-Bissau | Equatorial Guinea | Cameroon | Cape Verde | Congo | Congo, Democratic Republic | Lesotho | Liberia | Madagascar | Malawi | Mali | Mauritania | Mauritius | Mozambique | Comoros | Eswatani | Niger | Nigeria | Burkina Faso | Réunion | Zimbabwe | Rwanda | Zambia | Sao Tome and Principe | Senegal | Seychelles | Sierra Leone | Somalia | Sudan | Namibia | Tanzania, United Republic of | Togo | Chad | Uganda | Central African Republic | Eritrea | Algeria | Libya | Morocco | Tunisia | Afghanistan | Bangladesh | Iran | Nepal | Pakistan | Sri Lanka | Fiji | Samoa | Tahiti | Tonga | Papua New Guinea | Nauru | New Caledonia | Solomon Islands | Kiribati | Cook Islands | Niue | Vanuatu | Tuvalu | Marshall Islands | Micronesia, Federated States of | Timor-Leste | Germany | Maldives | Saint Kitts and Nevis | Guam | Palau | Montenegro | Kosovo | South Sudan",Research/Doctorate/PhD,0,"Women Involvement in Science and Engineering Research (WISER), a programme by the Indo-German Science and Technology Centre (IGSTC), aims to build scientific capacity, encourage, and promote women researchers. Applications for the WISER",DAAD,Germany,,,,,,Europe,Rolling / Annual,Scholarship,0,Postdoc,Research,80,Very High,1,90,Postdoc,https://www.daad.de/en/,Grant / Scholarship,6-24 Months
2950,Indo-German Science and Technology Centre (IGSTC): Paired Early Career Fellowship in Applied Research (PECFAR),Indo-German Science and Technology Centre (IGSTC): Paired Early Career Fellowship in Applied Research (PECFAR),Postdoctoral researchers | Graduates | Doctoral candidates/PhD students,Mathematics and Natural Sciences | Engineering,"South Africa | Egypt | Bulgaria | India | Indonesia | Israel | Kazakhstan | Croatia | Malaysia | Romania | Singapore | Slovakia | Slovenia | Turkey | Thailand | Czech Republic | Ukraine | China, PR | Cyprus | Estonia | Latvia | Lithuania | Australia | Denmark | Finland | France | Greece | Ireland | Austria | Italy | Japan | Canada | New Zealand | Netherlands | Norway | Poland | Portugal | 38 | Sweden | Switzerland | Spain | United Kingdom | Hungary | United States of America | Uruguay | Argentina | Bolivia | Brazil | Chile | Costa Rica | Ecuador | Guatemala | Honduras | Colombia | Cuba | Mexico | Panama | Paraguay | Peru | Venezuela, Bolivarian Republic of | Nicaragua | Belgium | Palestinian Territories | Kenya | Luxembourg | Albania | Armenia | Azerbaijan | Belarus | Bosnia and Herzegovina | Georgia | Serbia | Kyrgyzstan | North Macedonia | Moldova, Republic of | Tajikistan | Turkmenistan | Uzbekistan | Andorra | Iceland | Liechtenstein | Malta | Monaco | San Marino | Vatican City | Bahrain | Iraq | Jordan | Qatar | Kuwait | Lebanon | Oman | Saudi Arabia | Yemen | Syrian Arab Republic (Syria) | United Arab Emirates | Bhutan | Myanmar | Brunei Darussalam | Taiwan | Hong Kong (CN) | Cambodia | Korea, the Republic of | 107 | Lao People's Democratic Republic | Macao (CN) | Mongolia | Philippines | Vietnam | Guyana | French Guayana | Suriname | Bahamas | Barbados | Bermudas | Dominican Republic | El Salvador | Guadeloupe | Haiti | Belize | Jamaica | Montserrat | Martinique | The Dutch Antilles | Puerto Rico | Trinidad and Tobago | Anguilla | Antigua and Barbuda | Dominica | Grenada | Saint Lucia | Saint Vincent and the Grenadines | Angola | Ethiopia | Botswana | Burundi | Benin | Côte d'Ivoire | Djibouti | Gabon | Gambia | Ghana | Guinea | Guinea-Bissau | Equatorial Guinea | Cameroon | Cape Verde | Congo | Congo, Democratic Republic | Lesotho | Liberia | Madagascar | Malawi | Mali | Mauritania | Mauritius | Mozambique | Comoros | Eswatani | Niger | Nigeria | Burkina Faso | Réunion | Zimbabwe | Rwanda | Zambia | Sao Tome and Principe | Senegal | Seychelles | Sierra Leone | Somalia | Sudan | Namibia | Tanzania, United Republic of | Togo | Chad | Uganda | Central African Republic | Eritrea | Algeria | Libya | Morocco | Tunisia | Afghanistan | Bangladesh | Iran | Nepal | Pakistan | Sri Lanka | Fiji | Samoa | Tahiti | Tonga | Papua New Guinea | Nauru | New Caledonia | Solomon Islands | Kiribati | Cook Islands | Niue | Vanuatu | Tuvalu | Marshall Islands | Micronesia, Federated States of | Timor-Leste | Germany | Maldives | Saint Kitts and Nevis | Guam | Palau | Montenegro | Kosovo | South Sudan",Research/Doctorate/PhD,0,"The Indo-German Science &amp; Technology Centre (IGSTC), established as a joint initiative of the Department of Science and Technology (DST), Government of India and the Federal Ministry of Research, Technology and Space (BMFTR), Government",DAAD,Germany,,,,,,Europe,Rolling / Annual,Scholarship,0,Postdoc,Research,80,Very High,1,90,Postdoc,https://www.daad.de/en/,Grant / Scholarship,6-24 Months
2965,Regierungsstipendien Aceh,DAAD-ACEH Scholarship of Excellence,Graduates | Doctoral candidates/PhD students,"Languages and Cultural Studies | Law, Economics and Social Sciences | Mathematics and Natural Sciences | Human Medicine | Veterinary Medicine, Agricultural, Forest and Nutritional Sciences, Ecology | Engineering | Art, Music and Sport",Indonesia,Study | Research/Doctorate/PhD,1,Scholarships for Master's and doctoral degrees for graduates from all disciplines from the province of Aceh (Indonesia),DAAD,Germany,,,,,,Europe,Rolling / Annual,Scholarship,0,PhD,Research,80,Medium,1,90,PhD,https://www.daad.de/en/,Grant / Scholarship,3-4 Years
3018,Gilman-DAAD Germany Scholarships,Gilman-DAAD Germany Scholarships,Undergraduates,"Languages and Cultural Studies | Law, Economics and Social Sciences | Mathematics and Natural Sciences | Human Medicine | Veterinary Medicine, Agricultural, Forest and Nutritional Sciences, Ecology | Engineering | Art, Music and Sport",United States of America,Study | Research/Doctorate/PhD | Language Course | Internship,1,The new Gilman-DAAD Germany Scholarship will provide 40 additional scholarships per year from 2022 to 2024 for exceptional U.S. undergraduate students to study and/or intern for academic credit in Germany. ,DAAD,Germany,,,,,,Europe,Rolling / Annual,Scholarship,0,PhD,Research,80,Medium,1,90,PhD,https://www.daad.de/en/,Grant / Scholarship,3-4 Years
3024,Taiwan Summer Institute Programme,Taiwan Summer Institute Programme,Graduates | Doctoral candidates/PhD students,"Mathematics and Natural Sciences | Veterinary Medicine, Agricultural, Forest and Nutritional Sciences, Ecology | Engineering",Taiwan,Internship,1,The programme is aimed at doctoral candidates and students of Master's degree courses in Taiwan wishing to take part in a short study visit to Germany.,DAAD,Germany,,,,,,Europe,Rolling / Annual,Scholarship,0,PhD,Study,80,Medium,1,90,PhD,https://www.daad.de/en/,Grant / Scholarship,3-4 Years
3063,Helmut-Schmidt-Programme,Helmut-Schmidt-Programme (Master’s Scholarships for Public Policy and Good Governance - PPGG),Graduates,"Law, Economics and Social Sciences","Timor-Leste | Micronesia, Federated States of | Marshall Islands | Papua New Guinea | Tuvalu | Vanuatu | Niue | Cook Islands | Kiribati | Solomon Islands | Nauru | Tonga | Samoa | Fiji | Sri Lanka | Pakistan | Nepal | Iran | India | Bangladesh | Afghanistan | Egypt | Tunisia | Morocco | Libya | Jordan | Lebanon | Palestinian Territories | South Sudan | Algeria | Central African Republic | Uganda | Chad | Togo | Tanzania, United Republic of | Namibia | Sudan | Somalia | South Africa | Sierra Leone | Seychelles | Senegal | Zambia | Sao Tome and Principe | Rwanda | Zimbabwe | Burkina Faso | Nigeria | Niger | Eswatani | Comoros | Mozambique | Mauritius | Mauritania | Mali | Malawi | Madagascar | Liberia | Lesotho | Congo, Democratic Republic | Congo | Kenya | Cape Verde | Cameroon | Equatorial Guinea | Guinea-Bissau | Guinea | Ghana | Gambia | Dominica | Grenada | Saint Lucia | Saint Vincent and the Grenadines | Saint Kitts and Nevis | Angola | Ethiopia | Botswana | Burundi | Benin | Côte d'Ivoire | Djibouti | Gabon | Panama | Nicaragua | Mexico | Jamaica | Belize | Haiti | Guatemala | El Salvador | Dominican Republic | Cuba | Costa Rica | Honduras | Venezuela, Bolivarian Republic of | Peru | Paraguay | Colombia | Suriname | Guyana | Ecuador | Brazil | Bolivia | Argentina | Vietnam | Thailand | Ukraine | Belarus | Mongolia | Maldives | Malaysia | Lao People's Democratic Republic | 107 | Cambodia | Indonesia | Myanmar | China, PR | Bhutan | Syrian Arab Republic (Syria) | Yemen | Iraq | Kosovo | Montenegro | Serbia | Kyrgyzstan | Bosnia and Herzegovina | Tajikistan | Uzbekistan | Kazakhstan | Turkmenistan | North Macedonia | Georgia | Azerbaijan | Armenia | Philippines | Moldova, Republic of | Albania | Turkey",Study,1,"Support to aquire a Master’s degree in Master programmes of particular relevance for the social, political and economic development in the students’ country of origin",DAAD,Germany,,,,,,Europe,Rolling / Annual,Scholarship,0,Masters,Study,80,Medium,1,90,Masters,https://www.daad.de/en/,Grant / Scholarship,1-2 Years
3074,HessenFonds for Refugees and Researchers at Risk,HessenFonds for Refugees and Researchers at Risk,Undergraduates | Postdoctoral researchers | Graduates | Doctoral candidates/PhD students | Faculty,"Languages and Cultural Studies | Law, Economics and Social Sciences | Mathematics and Natural Sciences | Human Medicine | Veterinary Medicine, Agricultural, Forest and Nutritional Sciences, Ecology | Engineering | Art, Music and Sport","South Africa | Egypt | Bulgaria | India | Indonesia | Seychelles | Israel | Kazakhstan | Croatia | Malaysia | Romania | Singapore | Slovakia | Slovenia | Turkey | Thailand | Czech Republic | Ukraine | China, PR | Estonia | Latvia | Lithuania | Australia | Namibia | Denmark | Finland | France | Greece | Ireland | Austria | Italy | Japan | Canada | New Zealand | Netherlands | Norway | Poland | Portugal | 38 | Sweden | Switzerland | Spain | United Kingdom | Hungary | United States of America | Uruguay | Argentina | Bolivia | Brazil | Chile | Costa Rica | Ecuador | Guatemala | Honduras | Colombia | Cuba | Mexico | Panama | Paraguay | Peru | Venezuela, Bolivarian Republic of | Nicaragua | Belgium | Palestinian Territories | Kenya | Luxembourg | Albania | Armenia | Azerbaijan | Belarus | Bosnia and Herzegovina | Georgia | Serbia | Kyrgyzstan | North Macedonia | Moldova, Republic of | Tajikistan | Turkmenistan | Uzbekistan | Andorra | Iceland | Liechtenstein | Malta | Monaco | San Marino | Vatican City | Bahrain | Iraq | Jordan | Qatar | Kuwait | Lebanon | Oman | Saudi Arabia | Yemen | Syrian Arab Republic (Syria) | United Arab Emirates | Bhutan | Myanmar | Brunei Darussalam | Taiwan | Hong Kong (CN) | Cambodia | Korea, the Republic of | 107 | Lao People's Democratic Republic | Macao (CN) | Mongolia | Philippines | Vietnam | Guyana | French Guayana | Suriname | Bahamas | Barbados | Bermudas | Dominican Republic | El Salvador | Guadeloupe | Haiti | Belize | Jamaica | Montserrat | Martinique | The Dutch Antilles | Puerto Rico | Trinidad and Tobago | Anguilla | Antigua and Barbuda | Dominica | Grenada | Saint Lucia | Saint Vincent and the Grenadines | Angola | Ethiopia | Botswana | Burundi | Benin | Côte d'Ivoire | Djibouti | Gabon | Gambia | Ghana | Guinea | Guinea-Bissau | Equatorial Guinea | Cameroon | Cape Verde | Congo | Congo, Democratic Republic | Lesotho | Liberia | Madagascar | Malawi | Mali | Mauritania | Mauritius | Mozambique | Comoros | Eswatani | Niger | Nigeria | Burkina Faso | Réunion | Zimbabwe | Rwanda | Sao Tome and Principe | Senegal | Cyprus | Sierra Leone | Somalia | Sudan | Zambia | Tanzania, United Republic of | Togo | Chad | Uganda | Central African Republic | Eritrea | Algeria | Libya | Morocco | Tunisia | Afghanistan | Bangladesh | Iran | Nepal | Pakistan | Sri Lanka | Fiji | Samoa | Tahiti | Tonga | Papua New Guinea | Nauru | New Caledonia | Solomon Islands | Kiribati | Cook Islands | Niue | Vanuatu | Tuvalu | Marshall Islands | Micronesia, Federated States of | Timor-Leste | Maldives | Saint Kitts and Nevis | Guam | Palau | Montenegro | Kosovo | South Sudan",Study | Research/Doctorate/PhD | Teaching,0,"As part of the HessenFonds, the Hessian Ministry of Higher Education, Research, Science and the Arts provides scholarships for exceptionally talented and high achieving students and researchers with refugee status at public higher education",DAAD,Germany,,,,,,Europe,Rolling / Annual,Scholarship,0,Postdoc,Research,80,Very High,1,90,Postdoc,https://www.daad.de/en/,Grant / Scholarship,6-24 Months
3123,Development-Related Postgraduate Courses,Development-Related Postgraduate Courses (EPOS),Graduates,"Languages and Cultural Studies | Law, Economics and Social Sciences | Mathematics and Natural Sciences | Human Medicine | Veterinary Medicine, Agricultural, Forest and Nutritional Sciences, Ecology | Engineering","Ethiopia | Botswana | Burundi | Benin | Côte d'Ivoire | Gabon | Gambia | Bangladesh | Mexico | Nicaragua | Panama | Dominica | Grenada | Saint Lucia | Saint Vincent and the Grenadines | Angola | Ghana | Guinea | Guinea-Bissau | Equatorial Guinea | Cameroon | Cape Verde | Kenya | Congo | Congo, Democratic Republic | Lesotho | Albania | Ukraine | Belarus | Moldova, Republic of | Armenia | Azerbaijan | Georgia | Turkmenistan | Kazakhstan | Uzbekistan | Kyrgyzstan | Tajikistan | Iraq | Jordan | Lebanon | Palestinian Territories | Yemen | Syrian Arab Republic (Syria) | Bhutan | Myanmar | China, PR | Indonesia | Cambodia | 107 | Lao People's Democratic Republic | Malaysia | Maldives | Mongolia | Philippines | Thailand | Vietnam | Argentina | Bolivia | Brazil | Ecuador | Guyana | Suriname | Colombia | Paraguay | Peru | Venezuela, Bolivarian Republic of | Honduras | Liberia | Madagascar | Malawi | Mali | Mauritania | Mauritius | Mozambique | Comoros | Eswatani | Niger | Nigeria | Burkina Faso | Zimbabwe | Rwanda | Zambia | Sao Tome and Principe | Senegal | Seychelles | Sierra Leone | Somalia | South Africa | Sudan | Namibia | Tanzania, United Republic of | Togo | Chad | Uganda | Central African Republic | Eritrea | South Sudan | Algeria | Libya | Morocco | Tunisia | Egypt | Afghanistan | Costa Rica | Cuba | Dominican Republic | El Salvador | Guatemala | Haiti | Belize | Jamaica | India | Iran | Nepal | Solomon Islands | Kiribati | Cook Islands | Niue | Vanuatu | Tuvalu | Marshall Islands | Micronesia, Federated States of | Timor-Leste | Pakistan | Sri Lanka | Fiji | Samoa | Tonga | Papua New Guinea | Nauru",Study | Research/Doctorate/PhD,1,Postgraduate or Master's degree completed in Germany for graduates from development and newly industrialised countries,DAAD,Germany,,,,,,Europe,Rolling / Annual,Scholarship,0,PhD,Research,80,Medium,1,90,PhD,https://www.daad.de/en/,Grant / Scholarship,3-4 Years
3223,DAAD/TEV Master Scholarships,DAAD-TEV-Master's degree scholarships,Graduates,"Languages and Cultural Studies | Law, Economics and Social Sciences | Mathematics and Natural Sciences | Human Medicine | Veterinary Medicine, Agricultural, Forest and Nutritional Sciences, Ecology | Engineering | Art, Music and Sport",Turkey,Study,1,The scholarships offer Turkish students from all disciplines the opportunity to improve their qualifications with a Master's degree programme.,DAAD,Germany,,,,,,Europe,Rolling / Annual,Scholarship,0,Masters,Study,80,Medium,1,90,Masters,https://www.daad.de/en/,Grant / Scholarship,1-2 Years
3306,DAAD Zuse School of Embedded Composite Artificial Intelligence (SECAI): Scholarships for Master's students in AI,DAAD Zuse School of Embedded Composite Artificial Intelligence (SECAI): Scholarships for Master's students in AI,Graduates,"Law, Economics and Social Sciences | Mathematics and Natural Sciences | Human Medicine | Engineering","South Africa | Egypt | Bulgaria | India | Indonesia | Israel | Kazakhstan | Croatia | Malaysia | Romania | Singapore | Slovakia | Slovenia | Turkey | Thailand | Czech Republic | Ukraine | China, PR | Cyprus | Estonia | Latvia | Lithuania | Australia | Denmark | Finland | France | Greece | Ireland | Austria | Italy | Japan | Canada | New Zealand | Netherlands | Norway | Poland | Portugal | 38 | Sweden | Switzerland | Spain | United Kingdom | Hungary | United States of America | Uruguay | Argentina | Bolivia | Brazil | Chile | Costa Rica | Ecuador | Guatemala | Honduras | Colombia | Cuba | Mexico | Panama | Paraguay | Peru | Venezuela, Bolivarian Republic of | Nicaragua | Belgium | Palestinian Territories | Kenya | Luxembourg | Albania | Armenia | Azerbaijan | Belarus | Bosnia and Herzegovina | Georgia | Serbia | Kyrgyzstan | North Macedonia | Moldova, Republic of | Tajikistan | Turkmenistan | Uzbekistan | Andorra | Iceland | Liechtenstein | Malta | Monaco | San Marino | Vatican City | Bahrain | Iraq | Jordan | Qatar | Kuwait | Lebanon | Oman | Saudi Arabia | Yemen | Syrian Arab Republic (Syria) | United Arab Emirates | Bhutan | Myanmar | Brunei Darussalam | Taiwan | Hong Kong (CN) | Cambodia | Korea, the Republic of | 107 | Lao People's Democratic Republic | Macao (CN) | Mongolia | Philippines | Vietnam | Guyana | French Guayana | Suriname | Bahamas | Barbados | Bermudas | Dominican Republic | El Salvador | Guadeloupe | Haiti | Belize | Jamaica | Montserrat | Martinique | The Dutch Antilles | Puerto Rico | Trinidad and Tobago | Anguilla | Antigua and Barbuda | Dominica | Grenada | Saint Lucia | Saint Vincent and the Grenadines | Angola | Ethiopia | Botswana | Burundi | Benin | Côte d'Ivoire | Djibouti | Gabon | Gambia | Ghana | Guinea | Guinea-Bissau | Equatorial Guinea | Cameroon | Cape Verde | Congo | Congo, Democratic Republic | Lesotho | Liberia | Madagascar | Malawi | Mali | Mauritania | Mauritius | Mozambique | Comoros | Eswatani | Niger | Nigeria | Burkina Faso | Réunion | Zimbabwe | Rwanda | Zambia | Sao Tome and Principe | Senegal | Seychelles | Sierra Leone | Somalia | Sudan | Namibia | Tanzania, United Republic of | Togo | Chad | Uganda | Central African Republic | Eritrea | Algeria | Libya | Morocco | Tunisia | Afghanistan | Bangladesh | Iran | Nepal | Pakistan | Sri Lanka | Fiji | Samoa | Tahiti | Tonga | Papua New Guinea | Nauru | New Caledonia | Solomon Islands | Kiribati | Cook Islands | Niue | Vanuatu | Tuvalu | Marshall Islands | Micronesia, Federated States of | Timor-Leste | Germany | Maldives | Saint Kitts and Nevis | Guam | Palau | Montenegro | Kosovo | South Sudan",Study,0,"SECAI scholarships were created to support outstanding students who intend to study AI or a related field at TU Dresden or Leipzig University. AI is viewed as an interdisciplinary undertaking that requires talents in computer science,",DAAD,Germany,,,,,,Europe,Rolling / Annual,Scholarship,0,Masters,Study,80,Medium,1,90,Masters,https://www.daad.de/en/,Grant / Scholarship,1-2 Years
3315,DAAD Konrad Zuse School of Excellence in Reliable Artificial Intelligence (relAI): Scholarship for Master's Students,DAAD Konrad Zuse School of Excellence in Reliable Artificial Intelligence (relAI): Scholarship for Master's Students,Graduates,Mathematics and Natural Sciences | Engineering,"South Africa | Egypt | Bulgaria | India | Indonesia | Israel | Kazakhstan | Croatia | Malaysia | Romania | Singapore | Slovakia | Slovenia | Turkey | Thailand | Czech Republic | Ukraine | China, PR | Cyprus | Estonia | Latvia | Lithuania | Australia | Denmark | Finland | France | Greece | Ireland | Austria | Italy | Japan | Canada | New Zealand | Netherlands | Norway | Poland | Portugal | 38 | Sweden | Switzerland | Spain | United Kingdom | Hungary | United States of America | Uruguay | Argentina | Bolivia | Brazil | Chile | Costa Rica | Ecuador | Guatemala | Honduras | Colombia | Cuba | Mexico | Panama | Paraguay | Peru | Venezuela, Bolivarian Republic of | Nicaragua | Belgium | Palestinian Territories | Kenya | Luxembourg | Albania | Armenia | Azerbaijan | Belarus | Bosnia and Herzegovina | Georgia | Serbia | Kyrgyzstan | North Macedonia | Moldova, Republic of | Tajikistan | Turkmenistan | Uzbekistan | Andorra | Iceland | Liechtenstein | Malta | Monaco | San Marino | Vatican City | Bahrain | Iraq | Jordan | Qatar | Kuwait | Lebanon | Oman | Saudi Arabia | Yemen | Syrian Arab Republic (Syria) | United Arab Emirates | Bhutan | Myanmar | Brunei Darussalam | Taiwan | Hong Kong (CN) | Cambodia | Korea, the Republic of | 107 | Lao People's Democratic Republic | Macao (CN) | Mongolia | Philippines | Vietnam | Guyana | French Guayana | Suriname | Bahamas | Barbados | Bermudas | Dominican Republic | El Salvador | Guadeloupe | Haiti | Belize | Jamaica | Montserrat | Martinique | The Dutch Antilles | Puerto Rico | Trinidad and Tobago | Anguilla | Antigua and Barbuda | Dominica | Grenada | Saint Lucia | Saint Vincent and the Grenadines | Angola | Ethiopia | Botswana | Burundi | Benin | Côte d'Ivoire | Djibouti | Gabon | Gambia | Ghana | Guinea | Guinea-Bissau | Equatorial Guinea | Cameroon | Cape Verde | Congo | Congo, Democratic Republic | Lesotho | Liberia | Madagascar | Malawi | Mali | Mauritania | Mauritius | Mozambique | Comoros | Eswatani | Niger | Nigeria | Burkina Faso | Réunion | Zimbabwe | Rwanda | Zambia | Sao Tome and Principe | Senegal | Seychelles | Sierra Leone | Somalia | Sudan | Namibia | Tanzania, United Republic of | Togo | Chad | Uganda | Central African Republic | Eritrea | Algeria | Libya | Morocco | Tunisia | Afghanistan | Bangladesh | Iran | Nepal | Pakistan | Sri Lanka | Fiji | Samoa | Tahiti | Tonga | Papua New Guinea | Nauru | New Caledonia | Solomon Islands | Kiribati | Cook Islands | Niue | Vanuatu | Tuvalu | Marshall Islands | Micronesia, Federated States of | Timor-Leste | Germany | Maldives | Saint Kitts and Nevis | Guam | Palau | Montenegro | Kosovo | South Sudan",Study,0,"The research and training programme focusses on the mathematical and algorithmic foundations of reliable AI along with domain knowledge in 3 core application domains, for which reliable AI methods are most urgently needed: medicine and",DAAD,Germany,,,,,,Europe,Rolling / Annual,Scholarship,0,Masters,Research,80,Medium,1,90,Masters,https://www.daad.de/en/,Grant / Scholarship,1-2 Years
3334,KOSPIE ALEARG,Combined study and practical stays for engineers from developing countries (KOSPIE) in cooperation with the Argentine Ministry of Education (ALEARG),Undergraduates,"Languages and Cultural Studies | Law, Economics and Social Sciences | Mathematics and Natural Sciences | Human Medicine | Veterinary Medicine, Agricultural, Forest and Nutritional Sciences, Ecology | Engineering | Art, Music and Sport",Argentina,Study,1,Combined study and practical stays in Germany for advanced students of engineering sciences ,DAAD,Germany,,,,,,Europe,Rolling / Annual,Scholarship,0,Bachelor,Study,80,Medium,1,90,Bachelor,https://www.daad.de/en/,Grant / Scholarship,3-5 Years
3417,Residential Fellowships at the Center for Advanced Internet Studies (CAIS),Residential Fellowships at the Center for Advanced Internet Studies (CAIS),Postdoctoral researchers | Graduates | Doctoral candidates/PhD students | Faculty,"Languages and Cultural Studies | Law, Economics and Social Sciences | Mathematics and Natural Sciences | Human Medicine | Veterinary Medicine, Agricultural, Forest and Nutritional Sciences, Ecology | Engineering | Art, Music and Sport","South Africa | Bulgaria | Slovakia | Turkey | Panama | Egypt | Romania | Colombia | Paraguay | Mexico | Cuba | Peru | Venezuela, Bolivarian Republic of | Nicaragua | Belgium | Albania | Luxembourg | Tajikistan | Armenia | Azerbaijan | Belarus | Kenya | Palestinian Territories | Bosnia and Herzegovina | Moldova, Republic of | North Macedonia | Kyrgyzstan | Serbia | Georgia | Cambodia | Hong Kong (CN) | Taiwan | Brunei Darussalam | Myanmar | Bhutan | United Arab Emirates | Syrian Arab Republic (Syria) | Yemen | Saudi Arabia | Oman | Lebanon | Kuwait | Qatar | Jordan | Iraq | Bahrain | Vatican City | San Marino | Monaco | Malta | Liechtenstein | Iceland | Andorra | Uzbekistan | Turkmenistan | Bahamas | Suriname | French Guayana | Guyana | Vietnam | Philippines | Mongolia | Macao (CN) | Lao People's Democratic Republic | 107 | Korea, the Republic of | Guam | India | Indonesia | Israel | Kazakhstan | Croatia | Palau | Montenegro | Kosovo | Cyprus | Estonia | Latvia | Lithuania | Australia | Denmark | Finland | France | Greece | Ireland | Austria | Italy | Japan | Canada | New Zealand | Netherlands | Norway | Poland | Portugal | 38 | Sweden | Switzerland | Spain | United Kingdom | Hungary | United States of America | Uruguay | Argentina | Bolivia | Brazil | Chile | Costa Rica | Ecuador | Guatemala | Honduras | Barbados | Bermudas | Dominican Republic | El Salvador | Guadeloupe | Haiti | Belize | Jamaica | Montserrat | Martinique | The Dutch Antilles | Puerto Rico | Trinidad and Tobago | Anguilla | Antigua and Barbuda | Dominica | Grenada | Saint Lucia | Saint Vincent and the Grenadines | Angola | Ethiopia | Botswana | Burundi | Benin | Côte d'Ivoire | Djibouti | Gabon | Gambia | Ghana | Guinea | Guinea-Bissau | Equatorial Guinea | Cameroon | Cape Verde | Congo | Congo, Democratic Republic | Lesotho | Liberia | Madagascar | Malawi | Mali | Mauritania | Mauritius | Mozambique | Comoros | Eswatani | Niger | Nigeria | Burkina Faso | Réunion | Zimbabwe | Rwanda | Zambia | Slovenia | Saint Kitts and Nevis | Maldives | Germany | Timor-Leste | Micronesia, Federated States of | Marshall Islands | Tuvalu | Vanuatu | Niue | Cook Islands | Kiribati | Solomon Islands | New Caledonia | Nauru | Papua New Guinea | Tonga | Tahiti | Samoa | Fiji | Sri Lanka | Pakistan | Nepal | Iran | Bangladesh | Afghanistan | Tunisia | Morocco | Libya | Algeria | Eritrea | Central African Republic | Uganda | Chad | Togo | Tanzania, United Republic of | Namibia | Sudan | Somalia | Sierra Leone | Seychelles | Senegal | Sao Tome and Principe | Thailand | Czech Republic | Ukraine | China, PR | South Sudan | Malaysia | Singapore",Research/Doctorate/PhD,0,Are you researching the social effects of digitalisation? Do you want more freedom for your project and are interested in interdisciplinary exchange? A fellowship at CAIS releases you from your regular work obligations and offers many,DAAD,Germany,,,,,,Europe,Rolling / Annual,Fellowship,0,Postdoc,Research,80,Very High,1,90,Postdoc,https://www.daad.de/en/,Grant / Scholarship,6-24 Months
3418,RISE professional,RISE Professional - Research Internships in Science and Engineering,Undergraduates | Graduates | Doctoral candidates/PhD students,"Law, Economics and Social Sciences | Mathematics and Natural Sciences | Human Medicine | Veterinary Medicine, Agricultural, Forest and Nutritional Sciences, Ecology | Engineering",United States of America | Canada | Ireland | United Kingdom,Internship,1,Research internships in German companies or non-university research institutions with strong relations to industry,DAAD,Germany,,,,,,Europe,Rolling / Annual,Scholarship,0,PhD,Research,80,Medium,1,90,PhD,https://www.daad.de/en/,Grant / Scholarship,3-4 Years
3419,RISE Germany,RISE Germany - Research Internships in Science and Engineering,Undergraduates,"Mathematics and Natural Sciences | Human Medicine | Veterinary Medicine, Agricultural, Forest and Nutritional Sciences, Ecology | Engineering",United States of America | Canada | Ireland | United Kingdom,Internship,1,Internships at German universities and research institutions,DAAD,Germany,,,,,,Europe,Rolling / Annual,Scholarship,0,Bachelor,Research,80,Medium,1,90,Bachelor,https://www.daad.de/en/,Grant / Scholarship,3-5 Years
3529,International Scholarship Programme of the Avicenna Studienwerk,International Scholarship Programme of the Avicenna Studienwerk,Graduates | Doctoral candidates/PhD students,"Languages and Cultural Studies | Law, Economics and Social Sciences | Mathematics and Natural Sciences | Human Medicine | Veterinary Medicine, Agricultural, Forest and Nutritional Sciences, Ecology | Engineering | Art, Music and Sport","South Africa | Egypt | Bulgaria | India | Indonesia | Israel | Kazakhstan | Croatia | Malaysia | Romania | Singapore | Slovakia | Slovenia | Turkey | Thailand | Czech Republic | Ukraine | China, PR | Cyprus | Estonia | Latvia | Lithuania | Australia | Denmark | Finland | France | Greece | Ireland | Austria | Italy | Japan | Canada | New Zealand | Netherlands | Norway | Poland | Portugal | 38 | Sweden | Switzerland | Spain | United Kingdom | Hungary | United States of America | Uruguay | Argentina | Bolivia | Brazil | Chile | Costa Rica | Ecuador | Guatemala | Honduras | Colombia | Cuba | Mexico | Panama | Paraguay | Peru | Venezuela, Bolivarian Republic of | Nicaragua | Belgium | Palestinian Territories | Kenya | Luxembourg | Albania | Armenia | Azerbaijan | Belarus | Bosnia and Herzegovina | Georgia | Serbia | Kyrgyzstan | North Macedonia | Moldova, Republic of | Tajikistan | Turkmenistan | Uzbekistan | Andorra | Iceland | Liechtenstein | Malta | Monaco | San Marino | Vatican City | Bahrain | Iraq | Jordan | Qatar | Kuwait | Lebanon | Oman | Saudi Arabia | Yemen | Syrian Arab Republic (Syria) | United Arab Emirates | Bhutan | Myanmar | Brunei Darussalam | Taiwan | Hong Kong (CN) | Cambodia | Korea, the Republic of | 107 | Lao People's Democratic Republic | Macao (CN) | Mongolia | Philippines | Vietnam | Guyana | French Guayana | Suriname | Bahamas | Barbados | Bermudas | Dominican Republic | El Salvador | Guadeloupe | Haiti | Belize | Jamaica | Montserrat | Martinique | The Dutch Antilles | Puerto Rico | Trinidad and Tobago | Anguilla | Antigua and Barbuda | Dominica | Grenada | Saint Lucia | Saint Vincent and the Grenadines | Angola | Ethiopia | Botswana | Burundi | Benin | Côte d'Ivoire | Djibouti | Gabon | Gambia | Ghana | Guinea | Guinea-Bissau | Equatorial Guinea | Cameroon | Cape Verde | Congo | Congo, Democratic Republic | Lesotho | Liberia | Madagascar | Malawi | Mali | Mauritania | Mauritius | Mozambique | Comoros | Eswatani | Niger | Nigeria | Burkina Faso | Réunion | Zimbabwe | Rwanda | Zambia | Sao Tome and Principe | Senegal | Seychelles | Sierra Leone | Somalia | Sudan | Namibia | Tanzania, United Republic of | Togo | Chad | Uganda | Central African Republic | Eritrea | Algeria | Libya | Morocco | Tunisia | Afghanistan | Bangladesh | Iran | Nepal | Pakistan | Sri Lanka | Fiji | Samoa | Tahiti | Tonga | Papua New Guinea | Nauru | New Caledonia | Solomon Islands | Kiribati | Cook Islands | Niue | Vanuatu | Tuvalu | Marshall Islands | Micronesia, Federated States of | Timor-Leste | Germany | Maldives | Saint Kitts and Nevis | Guam | Palau | Montenegro | Kosovo | South Sudan",Study | Research/Doctorate/PhD,0,"The International Scholarship Programme (ISP) of the Avicenna Studienwerk, in cooperation with the Islamkolleg Deutschland, supports international Muslim students and doctoral candidates with funds from the Federal Foreign Office",DAAD,Germany,,,,,,Europe,Rolling / Annual,Scholarship,0,PhD,Research,80,Medium,1,90,PhD,https://www.daad.de/en/,Grant / Scholarship,3-4 Years
3559,Alfred Toepfer Stiftung & Studienstiftung des deutschen Volkes: You and Europe Scholarship Programme,Alfred Toepfer Stiftung & Studienstiftung des deutschen Volkes: You and Europe Scholarship Programme,Graduates,"Languages and Cultural Studies | Law, Economics and Social Sciences | Mathematics and Natural Sciences | Human Medicine | Veterinary Medicine, Agricultural, Forest and Nutritional Sciences, Ecology | Engineering | Art, Music and Sport","Bulgaria | Israel | Kazakhstan | Slovakia | Slovenia | Turkey | Czech Republic | Ukraine | Estonia | Latvia | Lithuania | Denmark | Finland | France | Greece | Ireland | Austria | Italy | Netherlands | Norway | Poland | Portugal | Sweden | Switzerland | Spain | United Kingdom | Hungary | Belgium | Luxembourg | Albania | Belarus | Bosnia and Herzegovina | Georgia | Serbia | North Macedonia | Moldova, Republic of | Andorra | Iceland | Liechtenstein | Malta | Monaco | San Marino | Vatican City | Montenegro | Kosovo",Study,0,The European Scholarship Programme You and Europe is aimed at European students wishing to complete a Master’s degree in Germany. “Europe” in this case is to be understood in its geographical entirety and thus independent of,DAAD,Germany,,,,,,Europe,Rolling / Annual,Scholarship,0,Masters,Study,80,Medium,1,90,Masters,https://www.daad.de/en/,Grant / Scholarship,1-2 Years
3634,Alfried Krupp Wissenschaftskolleg Greifswald: Alfried Krupp Fellowships,Alfried Krupp Wissenschaftskolleg Greifswald: Alfried Krupp Fellowships,Postdoctoral researchers | Faculty,"Languages and Cultural Studies | Law, Economics and Social Sciences | Mathematics and Natural Sciences | Human Medicine | Veterinary Medicine, Agricultural, Forest and Nutritional Sciences, Ecology | Engineering | Art, Music and Sport","Afghanistan | Tonga | New Caledonia | Hong Kong (CN) | Nicaragua | Qatar | Samoa | Tanzania, United Republic of | Bangladesh | Cuba | Panama | Nepal | Belgium | Papua New Guinea | Eritrea | Algeria | Oman | Central African Republic | Togo | Iran | Pakistan | Libya | Tahiti | Monaco | Nauru | Vatican City | Fiji | Lebanon | Colombia | Sri Lanka | Tunisia | Honduras | Morocco | Chad | Uganda | Chile | Brazil | Bolivia | Argentina | Uruguay | United States of America | Hungary | United Kingdom | Spain | Switzerland | Sweden | 38 | Portugal | Poland | Norway | Netherlands | New Zealand | Canada | Japan | Italy | Austria | Ireland | Palestinian Territories | Kenya | Luxembourg | Albania | Armenia | Azerbaijan | Belarus | Bosnia and Herzegovina | Georgia | Serbia | Kyrgyzstan | North Macedonia | Moldova, Republic of | Tajikistan | Turkmenistan | Uzbekistan | Andorra | Guatemala | Czech Republic | Ukraine | China, PR | Cyprus | Estonia | Latvia | Lithuania | Australia | Denmark | Finland | France | Greece | Cambodia | Korea, the Republic of | 107 | Lao People's Democratic Republic | Macao (CN) | Mongolia | Philippines | Vietnam | Guyana | French Guayana | Suriname | Bahamas | Barbados | Bermudas | Dominican Republic | El Salvador | Guadeloupe | Haiti | Belize | Jamaica | Montserrat | Martinique | The Dutch Antilles | Puerto Rico | Trinidad and Tobago | Anguilla | Antigua and Barbuda | Dominica | Grenada | Saint Lucia | Saint Vincent and the Grenadines | Angola | Ethiopia | Botswana | Burundi | Benin | Côte d'Ivoire | Djibouti | Gabon | Gambia | Ghana | Guinea | Guinea-Bissau | Equatorial Guinea | Cameroon | Cape Verde | Congo | Congo, Democratic Republic | Lesotho | Liberia | Madagascar | Bulgaria | Egypt | South Africa | India | Indonesia | Israel | Kazakhstan | Croatia | Malaysia | Romania | Singapore | Slovakia | Slovenia | Turkey | Mauritius | Mauritania | Mali | Malawi | Mozambique | Comoros | Eswatani | Niger | Nigeria | Burkina Faso | Réunion | Zimbabwe | Rwanda | Zambia | Sao Tome and Principe | Senegal | Seychelles | Sierra Leone | Somalia | Sudan | Namibia | Iceland | Solomon Islands | Kiribati | Cook Islands | Niue | Vanuatu | Tuvalu | Marshall Islands | Micronesia, Federated States of | Timor-Leste | Germany | Maldives | Saint Kitts and Nevis | Guam | Palau | Montenegro | Kosovo | South Sudan | Thailand | Brunei Darussalam | Yemen | Venezuela, Bolivarian Republic of | Costa Rica | Saudi Arabia | Iraq | Peru | Paraguay | Bahrain | Mexico | Malta | San Marino | Syrian Arab Republic (Syria) | Jordan | Kuwait | Taiwan | Myanmar | Ecuador | United Arab Emirates | Bhutan | Liechtenstein",Research/Doctorate/PhD,0,"The Alfried Krupp Wissenschaftskolleg Greifswald is awarding up to 6 Alfried Krupp Senior Fellowships and up to 8 Alfried Krupp Junior Fellowships for the academic year 2026/27.<br />
The Alfried Krupp Wissenschaftskolleg Greifswald is an",DAAD,Germany,,,,,,Europe,Rolling / Annual,Fellowship,0,Postdoc,Research,80,Very High,1,90,Postdoc,https://www.daad.de/en/,Grant / Scholarship,6-24 Months
3741,Sino-German Postdoc Program,Sino-German (CSC-DAAD) Postdoc Scholarship Program,Postdoctoral researchers | Doctoral candidates/PhD students,"Languages and Cultural Studies | Law, Economics and Social Sciences | Mathematics and Natural Sciences | Human Medicine | Veterinary Medicine, Agricultural, Forest and Nutritional Sciences, Ecology | Engineering | Art, Music and Sport","China, PR",Research/Doctorate/PhD,1,"To intensify German-Chinese research cooperation and improve funding opportunities for young Chinese scientists and academics, the China Scholarship Council (CSC) and the DAAD have offered a joint programme to support Chinese postdocs since",DAAD,Germany,,,,,,Europe,Rolling / Annual,Scholarship,0,Postdoc,Research,80,Very High,1,90,Postdoc,https://www.daad.de/en/,Grant / Scholarship,6-24 Months
3792,Hanse-Wissenschaftskolleg (HWK): Funded Regular and Junior Fellowships,Hanse-Wissenschaftskolleg (HWK): Funded Regular and Junior Fellowships,Postdoctoral researchers | Faculty,"Languages and Cultural Studies | Law, Economics and Social Sciences | Mathematics and Natural Sciences | Human Medicine | Veterinary Medicine, Agricultural, Forest and Nutritional Sciences, Ecology | Engineering | Art, Music and Sport","South Africa | Egypt | Bulgaria | India | Indonesia | Israel | Kazakhstan | Croatia | Malaysia | Romania | Singapore | Slovakia | Slovenia | Turkey | Thailand | Czech Republic | Ukraine | China, PR | Cyprus | Estonia | Latvia | Lithuania | Australia | Denmark | Finland | France | Greece | Ireland | Austria | Italy | Japan | Canada | New Zealand | Netherlands | Norway | Poland | Portugal | 38 | Sweden | Switzerland | Spain | United Kingdom | Hungary | United States of America | Uruguay | Argentina | Bolivia | Brazil | Chile | Costa Rica | Ecuador | Guatemala | Honduras | Colombia | Cuba | Mexico | Panama | Paraguay | Peru | Venezuela, Bolivarian Republic of | Nicaragua | Belgium | Palestinian Territories | Kenya | Luxembourg | Albania | Armenia | Azerbaijan | Belarus | Bosnia and Herzegovina | Georgia | Serbia | Kyrgyzstan | North Macedonia | Moldova, Republic of | Tajikistan | Turkmenistan | Uzbekistan | Andorra | Iceland | Liechtenstein | Malta | Monaco | San Marino | Vatican City | Bahrain | Iraq | Jordan | Qatar | Kuwait | Lebanon | Oman | Saudi Arabia | Yemen | Syrian Arab Republic (Syria) | United Arab Emirates | Bhutan | Myanmar | Brunei Darussalam | Taiwan | Hong Kong (CN) | Cambodia | Korea, the Republic of | 107 | Lao People's Democratic Republic | Macao (CN) | Mongolia | Philippines | Vietnam | Guyana | French Guayana | Suriname | Bahamas | Barbados | Bermudas | Dominican Republic | El Salvador | Guadeloupe | Haiti | Belize | Jamaica | Montserrat | Martinique | The Dutch Antilles | Puerto Rico | Trinidad and Tobago | Anguilla | Antigua and Barbuda | Dominica | Grenada | Saint Lucia | Saint Vincent and the Grenadines | Angola | Ethiopia | Botswana | Burundi | Benin | Côte d'Ivoire | Djibouti | Gabon | Gambia | Ghana | Guinea | Guinea-Bissau | Equatorial Guinea | Cameroon | Cape Verde | Congo | Congo, Democratic Republic | Lesotho | Liberia | Madagascar | Malawi | Mali | Mauritania | Mauritius | Mozambique | Comoros | Eswatani | Niger | Nigeria | Burkina Faso | Réunion | Zimbabwe | Rwanda | Zambia | Sao Tome and Principe | Senegal | Seychelles | Sierra Leone | Somalia | Sudan | Namibia | Tanzania, United Republic of | Togo | Chad | Uganda | Central African Republic | Eritrea | Algeria | Libya | Morocco | Tunisia | Afghanistan | Bangladesh | Iran | Nepal | Pakistan | Sri Lanka | Fiji | Samoa | Tahiti | Tonga | Papua New Guinea | Nauru | New Caledonia | Solomon Islands | Kiribati | Cook Islands | Niue | Vanuatu | Tuvalu | Marshall Islands | Micronesia, Federated States of | Timor-Leste | Germany | Maldives | Saint Kitts and Nevis | Guam | Palau | Montenegro | Kosovo | South Sudan",Research/Doctorate/PhD,0,The Hanse-Wissenschaftskolleg (HWK) in Delmenhorst is an Institute for Advanced Study in the Northwest of Germany. Its fellowship programme offers outstanding researchers the opportunity to focus on research without the distraction of,DAAD,Germany,,,,,,Europe,Rolling / Annual,Fellowship,0,Postdoc,Research,80,Very High,1,90,Postdoc,https://www.daad.de/en/,Grant / Scholarship,6-24 Months
3808,Government Scholarships Programme Mexico COMECYT-DAAD Master,Government Scholarships Programme Mexico COMECYT-DAAD Master,Graduates,"Languages and Cultural Studies | Law, Economics and Social Sciences | Mathematics and Natural Sciences | Human Medicine | Veterinary Medicine, Agricultural, Forest and Nutritional Sciences, Ecology | Engineering | Art, Music and Sport",Mexico,Research/Doctorate/PhD,1,Graduates receive a scholarship to complete a Master’s degree in Germany,DAAD,Germany,,,,,,Europe,Rolling / Annual,Scholarship,0,PhD,Research,80,Medium,1,90,PhD,https://www.daad.de/en/,Grant / Scholarship,3-4 Years
3809,Government Scholarships Programme Mexico COMECYT-DAAD Promotion,Government Scholarships Programme Mexico COMECYT-DAAD Promotion,Doctoral candidates/PhD students,"Languages and Cultural Studies | Law, Economics and Social Sciences | Mathematics and Natural Sciences | Human Medicine | Veterinary Medicine, Agricultural, Forest and Nutritional Sciences, Ecology | Engineering | Art, Music and Sport",Mexico,Research/Doctorate/PhD,1,Graduates receive a scholarship to complete a doctoral degree in Germany.,DAAD,Germany,,,,,,Europe,Rolling / Annual,Scholarship,0,PhD,Research,80,Medium,1,90,PhD,https://www.daad.de/en/,Grant / Scholarship,3-4 Years
3841,COLFUTURO MA,Country-related cooperation programme with Colombia (COLFUTURO - Fundación para el Futuro de Colombia) Master,Graduates,"Languages and Cultural Studies | Law, Economics and Social Sciences | Mathematics and Natural Sciences | Human Medicine | Veterinary Medicine, Agricultural, Forest and Nutritional Sciences, Ecology | Engineering | Art, Music and Sport",Colombia,Study,1,Graduates receive grants to complete a Master's degree in Germany,DAAD,Germany,,,,,,Europe,Rolling / Annual,Grant,0,Masters,Study,80,Medium,1,90,Masters,https://www.daad.de/en/,Grant / Scholarship,1-2 Years
3842,COLFUTURO PhD,Country-related cooperation programme with Colombia (COLFUTURO - Fundación para el Futuro de Colombia) Promotion,Doctoral candidates/PhD students,"Languages and Cultural Studies | Law, Economics and Social Sciences | Mathematics and Natural Sciences | Human Medicine | Veterinary Medicine, Agricultural, Forest and Nutritional Sciences, Ecology | Engineering | Art, Music and Sport",Colombia,Research/Doctorate/PhD,1,Graduates receive grants to complete a doctoral degree in Germany,DAAD,Germany,,,,,,Europe,Rolling / Annual,Grant,0,PhD,Research,80,Medium,1,90,PhD,https://www.daad.de/en/,Grant / Scholarship,3-4 Years
3889,Third Country Programme Latin America MA,Third Country Programme Latin America - Master,Graduates,Engineering,"Bolivia | Costa Rica | Ecuador | Guatemala | Honduras | Colombia | Paraguay | Peru | Venezuela, Bolivarian Republic of | Nicaragua | Guyana | Dominican Republic | El Salvador | Haiti | Belize | Jamaica | Antigua and Barbuda | Dominica | Grenada | Saint Lucia | Saint Vincent and the Grenadines",Study,1,This program awards scholarships to graduates pursuing a Master's degree in electrical engineering at the Universidad Nacional San Juan (Argentina).,DAAD,Germany,,,,,,Europe,Rolling / Annual,Scholarship,0,Masters,Study,80,Medium,1,90,Masters,https://www.daad.de/en/,Grant / Scholarship,1-2 Years
3891,Co-financed Short-Term Research Grant Brazil,Co-funded Research Grants – Short-Term Grants - DAAD,Doctoral candidates/PhD students,"Languages and Cultural Studies | Law, Economics and Social Sciences | Mathematics and Natural Sciences | Human Medicine | Veterinary Medicine, Agricultural, Forest and Nutritional Sciences, Ecology | Engineering | Art, Music and Sport",Brazil,Research/Doctorate/PhD,1,DAAD research grants provide foreign doctoral candidates with an opportunity to take part in a study visit to Germany as part of their doctoral studies. ,DAAD,Germany,,,,,,Europe,Rolling / Annual,Grant,0,PhD,Research,80,Medium,1,90,PhD,https://www.daad.de/en/,Grant / Scholarship,3-4 Years
3909,DAAD/BECAS Chile,DAAD/BECAS Chile,Graduates | Doctoral candidates/PhD students,"Languages and Cultural Studies | Law, Economics and Social Sciences | Mathematics and Natural Sciences | Human Medicine | Veterinary Medicine, Agricultural, Forest and Nutritional Sciences, Ecology | Engineering | Art, Music and Sport",Chile,Research/Doctorate/PhD,1,Cooperation between the National Committee for scientific and technological Research (ANID) and the German Academic Exchange Service (DAAD),DAAD,Germany,,,,,,Europe,Rolling / Annual,Scholarship,0,PhD,Research,80,Medium,1,90,PhD,https://www.daad.de/en/,Grant / Scholarship,3-4 Years
3913,University Summer Courses,University Summer Courses offered in Germany for Foreign Students and Graduates,Undergraduates | Graduates,"Languages and Cultural Studies | Law, Economics and Social Sciences | Mathematics and Natural Sciences | Human Medicine | Veterinary Medicine, Agricultural, Forest and Nutritional Sciences, Ecology | Engineering | Art, Music and Sport","Egypt | Bulgaria | India | Indonesia | Israel | Kazakhstan | Croatia | Malaysia | Romania | Singapore | Slovakia | Slovenia | Turkey | Thailand | Czech Republic | Ukraine | China, PR | Cyprus | Estonia | Latvia | Lithuania | Denmark | Finland | France | Greece | Ireland | Italy | Japan | Canada | Netherlands | Norway | Poland | Portugal | Sweden | Spain | United Kingdom | Hungary | United States of America | Costa Rica | Ecuador | Guatemala | Colombia | Cuba | Mexico | Venezuela, Bolivarian Republic of | Nicaragua | Belgium | Palestinian Territories | Kenya | Luxembourg | Albania | Armenia | Azerbaijan | Belarus | Bosnia and Herzegovina | Georgia | Serbia | Kyrgyzstan | North Macedonia | Moldova, Republic of | Tajikistan | Turkmenistan | Uzbekistan | Iceland | Malta | San Marino | Vatican City | Iraq | Jordan | Lebanon | Oman | Saudi Arabia | Myanmar | Taiwan | Hong Kong (CN) | Korea, the Republic of | Lao People's Democratic Republic | Mongolia | Philippines | Vietnam | Ethiopia | Burundi | Benin | Côte d'Ivoire | Gabon | Ghana | Cameroon | Madagascar | Mali | Nigeria | Burkina Faso | Senegal | Sudan | Togo | Uganda | Algeria | Morocco | Tunisia | Bangladesh | Iran | Sri Lanka | Montenegro | Kosovo",Language Course,1,DAAD scholarships for students taking Bachelor's and Master's degree courses in all subjects wishing to improve their German proficiency and cultural knowledge of the country.,DAAD,Germany,,,,,,Europe,Rolling / Annual,Scholarship,0,Masters,Study,80,Medium,1,90,Masters,https://www.daad.de/en/,Grant / Scholarship,1-2 Years
3920,German Centre for Integrative Biodiversity Research (iDiv): Graduate School Scholarship Programme (GSSP),German Centre for Integrative Biodiversity Research (iDiv): Graduate School Scholarship Programme (GSSP),Doctoral candidates/PhD students,"Languages and Cultural Studies | Law, Economics and Social Sciences | Veterinary Medicine, Agricultural, Forest and Nutritional Sciences, Ecology","South Africa | Egypt | India | Indonesia | Malaysia | Singapore | Thailand | China, PR | Uruguay | Argentina | Bolivia | Brazil | Chile | Costa Rica | Ecuador | Guatemala | Honduras | Colombia | Cuba | Panama | Paraguay | Peru | Venezuela, Bolivarian Republic of | Nicaragua | Palestinian Territories | Kenya | Bosnia and Herzegovina | Tajikistan | Turkmenistan | Bahrain | Iraq | Jordan | Qatar | Kuwait | Lebanon | Oman | Saudi Arabia | Yemen | Syrian Arab Republic (Syria) | United Arab Emirates | Bhutan | Myanmar | Brunei Darussalam | Cambodia | 107 | Lao People's Democratic Republic | Mongolia | Philippines | Vietnam | Guyana | Suriname | Bahamas | Barbados | Dominican Republic | El Salvador | Haiti | Belize | Jamaica | Trinidad and Tobago | Antigua and Barbuda | Dominica | Grenada | Saint Lucia | Saint Vincent and the Grenadines | Angola | Ethiopia | Botswana | Burundi | Benin | Côte d'Ivoire | Djibouti | Gabon | Gambia | Ghana | Guinea | Guinea-Bissau | Equatorial Guinea | Cameroon | Cape Verde | Congo | Congo, Democratic Republic | Lesotho | Liberia | Madagascar | Malawi | Mali | Mauritania | Mauritius | Mozambique | Comoros | Eswatani | Niger | Nigeria | Burkina Faso | Zimbabwe | Rwanda | Zambia | Sao Tome and Principe | Senegal | Seychelles | Sierra Leone | Somalia | Sudan | Namibia | Tanzania, United Republic of | Togo | Chad | Uganda | Central African Republic | Eritrea | Algeria | Libya | Morocco | Tunisia | Afghanistan | Bangladesh | Iran | Nepal | Pakistan | Sri Lanka | Fiji | Samoa | Tonga | Papua New Guinea | Nauru | Kiribati | Vanuatu | Marshall Islands | Micronesia, Federated States of | Timor-Leste | Maldives | Saint Kitts and Nevis | South Sudan",Research/Doctorate/PhD,0,"The yDiv Graduate School is looking for highly-motivated, international candidates from the Global South to apply for the DAAD GSSP Scholarships 2025 funded by the German Academic Exchange Service (DAAD). The research area is limited to the",DAAD,Germany,,,,,,Europe,Rolling / Annual,Scholarship,0,PhD,Research,80,Medium,1,90,PhD,https://www.daad.de/en/,Grant / Scholarship,3-4 Years
3931,CAS-DAAD Regierungsstipendien - Programme for the Promotion of,CAS-DAAD-Programme / Joint Fellowship Programme for Doctoral Students of CAS,Doctoral candidates/PhD students,Mathematics and Natural Sciences | Human Medicine | Engineering,"China, PR",Research/Doctorate/PhD,1,With this programme doctoral students from institutes of Chinese Academy of Sciences (CAS) are provided the opportunity to perform part of their doctoral research in German universities and research institutions with the exception of,DAAD,Germany,,,,,,Europe,Rolling / Annual,Scholarship,0,PhD,Research,80,Medium,1,90,PhD,https://www.daad.de/en/,Grant / Scholarship,3-4 Years
3949,PEA,Programme d'Etudes en Allemagne (PEA),Undergraduates,Languages and Cultural Studies,France,Study,1,Scholarships for French students of the faculties &quot;Langues étrangères appliqués&quot; and &quot;Langues et cultures étrangères&quot; for one semester stay in Germany,DAAD,Germany,,,,,,Europe,Rolling / Annual,Scholarship,0,Bachelor,Study,80,Medium,0,90,Bachelor,https://www.daad.de/en/,Grant / Scholarship,3-5 Years
3952,TheMuseumsLab,TheMuseumsLab,Undergraduates | Postdoctoral researchers | Graduates | Doctoral candidates/PhD students | Faculty,"Languages and Cultural Studies | Law, Economics and Social Sciences | Mathematics and Natural Sciences | Human Medicine | Veterinary Medicine, Agricultural, Forest and Nutritional Sciences, Ecology | Engineering | Art, Music and Sport","Togo | Somalia | Seychelles | Sierra Leone | Morocco | Nigeria | Tunisia | Egypt | Libya | Germany | Uganda | South Africa | Sudan | Algeria | Eritrea | Tanzania, United Republic of | Namibia | South Sudan | Central African Republic | Mauritius | United Kingdom | Ireland | Iceland | Italy | Liechtenstein | Luxembourg | Malta | Monaco | Netherlands | Norway | Austria | Portugal | San Marino | Sweden | Switzerland | Spain | Turkey | Vatican City | Albania | Bulgaria | Poland | Romania | Czech Republic | Hungary | Latvia | Estonia | Lithuania | Ukraine | Moldova, Republic of | Armenia | Georgia | Slovakia | Slovenia | Croatia | Bosnia and Herzegovina | North Macedonia | Serbia | Montenegro | Kosovo | Angola | Ethiopia | Botswana | Burundi | Benin | Côte d'Ivoire | Djibouti | Gabon | Gambia | Ghana | Guinea | Guinea-Bissau | Equatorial Guinea | Cameroon | Cape Verde | Kenya | Congo | Congo, Democratic Republic | Lesotho | Liberia | Madagascar | Malawi | Mali | Mauritania | Senegal | Burkina Faso | Zimbabwe | Rwanda | Zambia | Sao Tome and Principe | Niger | Eswatani | Comoros | Andorra | Belgium | Cyprus | Denmark | Finland | France | Greece | Chad | Mozambique",Internship,1,"TheMuseumsLab is a joint learning and exchange programme for African and European museum professionals, consisting of three seminar modules and short residencies. The programme is taking place online and onsite in Europe and Africa.",DAAD,Germany,,,,,,Europe,Rolling / Annual,Scholarship,0,Postdoc,Exchange,80,Very High,1,90,Postdoc,https://www.daad.de/en/,Grant / Scholarship,6-24 Months
3999,DLR/DAAD Research Fellowship Programme,DLR-DAAD Research Fellowship Programme,Postdoctoral researchers | Graduates | Doctoral candidates/PhD students | Faculty,Mathematics and Natural Sciences | Engineering,"South Africa | Egypt | Bulgaria | India | Indonesia | Israel | Kazakhstan | Croatia | Malaysia | Romania | Singapore | Slovakia | Slovenia | Turkey | Thailand | Czech Republic | Ukraine | China, PR | Cyprus | Estonia | Latvia | Lithuania | Australia | Denmark | Finland | France | Greece | Ireland | Austria | Italy | Japan | Canada | New Zealand | Netherlands | Norway | Poland | Portugal | Sweden | Switzerland | Spain | United Kingdom | Hungary | United States of America | Uruguay | Argentina | Bolivia | Brazil | Chile | Costa Rica | Ecuador | Guatemala | Honduras | Colombia | Cuba | Mexico | Panama | Paraguay | Peru | Venezuela, Bolivarian Republic of | Nicaragua | Belgium | Palestinian Territories | Kenya | Luxembourg | Albania | Armenia | Azerbaijan | Belarus | Bosnia and Herzegovina | Georgia | Serbia | Kyrgyzstan | North Macedonia | Moldova, Republic of | Tajikistan | Turkmenistan | Uzbekistan | Andorra | Iceland | Liechtenstein | Malta | Monaco | San Marino | Vatican City | Bahrain | Iraq | Jordan | Qatar | Kuwait | Lebanon | Oman | Saudi Arabia | Yemen | Syrian Arab Republic (Syria) | United Arab Emirates | Bhutan | Myanmar | Brunei Darussalam | Taiwan | Hong Kong (CN) | Cambodia | Korea, the Republic of | 107 | Lao People's Democratic Republic | Mongolia | Philippines | Vietnam | Guyana | Suriname | Bahamas | Barbados | Dominican Republic | El Salvador | Haiti | Belize | Jamaica | Trinidad and Tobago | Antigua and Barbuda | Dominica | Grenada | Saint Lucia | Saint Vincent and the Grenadines | Angola | Ethiopia | Botswana | Burundi | Benin | Côte d'Ivoire | Djibouti | Gabon | Gambia | Ghana | Guinea | Guinea-Bissau | Equatorial Guinea | Cameroon | Cape Verde | Congo | Congo, Democratic Republic | Lesotho | Liberia | Madagascar | Malawi | Mali | Mauritania | Mauritius | Mozambique | Comoros | Eswatani | Niger | Nigeria | Burkina Faso | Zimbabwe | Rwanda | Zambia | Sao Tome and Principe | Senegal | Seychelles | Sierra Leone | Somalia | Sudan | Namibia | Tanzania, United Republic of | Togo | Chad | Uganda | Central African Republic | Eritrea | Algeria | Libya | Morocco | Tunisia | Afghanistan | Bangladesh | Iran | Nepal | Pakistan | Sri Lanka | Fiji | Samoa | Tonga | Papua New Guinea | Nauru | Solomon Islands | Kiribati | Cook Islands | Niue | Vanuatu | Tuvalu | Marshall Islands | Micronesia, Federated States of | Timor-Leste | Germany | Maldives | Montenegro | Kosovo | South Sudan",Research/Doctorate/PhD,1,"This programme is implemented by the 'German Aerospace Center' (DLR) and the German Academic Exchange Service (DAAD). DLR is Germany's national research center for aeronautics and space.<br />
",DAAD,Germany,,,,,,Europe,Rolling / Annual,Scholarship,0,Postdoc,Research,80,Very High,1,90,Postdoc,https://www.daad.de/en/,Grant / Scholarship,6-24 Months
4008,In-Country/In Region Scholarships Programme at AIT,In-Country/In Region Scholarships Programme at AIT,Graduates,"Law, Economics and Social Sciences | Veterinary Medicine, Agricultural, Forest and Nutritional Sciences, Ecology",Indonesia | Malaysia | Thailand | Myanmar | Cambodia | Lao People's Democratic Republic | Philippines | Vietnam | Timor-Leste,Study,1,Scholarships for development-related Master's studies at a higher education institution in Southeast Asia.,DAAD,Germany,,,,,,Europe,Rolling / Annual,Scholarship,0,Masters,Study,80,Medium,1,90,Masters,https://www.daad.de/en/,Grant / Scholarship,1-2 Years
4009,In-Country/In Region Scholarships Programme at SEARCA FS,In-Country/In Region Scholarships Programme at SEARCA FS (Scholarship for PhD’s Studies),Doctoral candidates/PhD students,"Veterinary Medicine, Agricultural, Forest and Nutritional Sciences, Ecology",Thailand | Myanmar | Indonesia | Cambodia | Lao People's Democratic Republic | Malaysia | Philippines | Timor-Leste | Vietnam | Thailand | Myanmar | Indonesia | Cambodia | Lao People's Democratic Republic | Malaysia | Philippines | Timor-Leste | Vietnam | Thailand | Myanmar | Indonesia | Cambodia | Lao People's Democratic Republic | Malaysia | Philippines | Timor-Leste | Vietnam,Study | Research/Doctorate/PhD,1,Scholarships for development-related PhD’s studies at a higher education institution in Southeast Asia,DAAD,Germany,,,,,,Europe,Rolling / Annual,Scholarship,0,PhD,Research,80,Medium,1,90,PhD,https://www.daad.de/en/,Grant / Scholarship,3-4 Years
4010,In-Country/In Region Scholarships Programme at SEARCA NRM,In-Country/In Region Scholarships Programme at SEARCA NRM (Scholarship for PhD’s Studies),Doctoral candidates/PhD students,"Veterinary Medicine, Agricultural, Forest and Nutritional Sciences, Ecology",Lao People's Democratic Republic | Malaysia | Philippines | Thailand | Vietnam | Timor-Leste | Cambodia | Myanmar | Indonesia | Myanmar | Timor-Leste | Lao People's Democratic Republic | Malaysia | Philippines | Thailand | Vietnam | Cambodia | Indonesia | Indonesia | Cambodia | Lao People's Democratic Republic | Malaysia | Philippines | Thailand | Vietnam | Myanmar | Timor-Leste | Cambodia | Lao People's Democratic Republic | Malaysia | Philippines | Thailand | Vietnam | Myanmar | Timor-Leste | Indonesia,Study | Research/Doctorate/PhD,1,Scholarships for development-related PhD’s  studies at a higher education institution in Southeast Asia,DAAD,Germany,,,,,,Europe,Rolling / Annual,Scholarship,0,PhD,Research,80,Medium,1,90,PhD,https://www.daad.de/en/,Grant / Scholarship,3-4 Years
4011,In-Country/In Region Scholarships Programme at UGM,In-Country/In Region Scholarships Programme at UGM,Graduates,Mathematics and Natural Sciences,Indonesia | Malaysia | Thailand | Myanmar | Cambodia | Lao People's Democratic Republic | Philippines | Vietnam | Timor-Leste,Study,1,Scholarships for development-related Master's studies at a higher education institution in Southeast Asia,DAAD,Germany,,,,,,Europe,Rolling / Annual,Scholarship,0,Masters,Study,80,Medium,1,90,Masters,https://www.daad.de/en/,Grant / Scholarship,1-2 Years
4012,In-Country/In Region Scholarships Programme at IITD,In-Country/In Region Scholarships Programme at IITD (Scholarship for Master’s Studies),Graduates,Mathematics and Natural Sciences,Bhutan | Bangladesh | Nepal | Sri Lanka,Study,1,Scholarships for development-related Master’s studies at at the IIT Delhi,DAAD,Germany,,,,,,Europe,Rolling / Annual,Scholarship,0,Masters,Study,80,Medium,1,90,Masters,https://www.daad.de/en/,Grant / Scholarship,1-2 Years
4013,In-Country/In Region Scholarships Programme at SEARCA FS,In-Country/In Region Scholarships Programme at SEARCA FS (Scholarship for Master’s Studies),Graduates,"Veterinary Medicine, Agricultural, Forest and Nutritional Sciences, Ecology",Malaysia | Philippines | Cambodia | Lao People's Democratic Republic | Indonesia | Myanmar | Timor-Leste | Thailand | Vietnam | Thailand | Philippines | Malaysia | Lao People's Democratic Republic | Cambodia | Indonesia | Myanmar | Timor-Leste | Vietnam | Myanmar | Thailand | Philippines | Malaysia | Lao People's Democratic Republic | Cambodia | Indonesia | Timor-Leste | Vietnam,Study,1,Scholarships for development-related Master’s studies at a higher education institution in Southeast Asia,DAAD,Germany,,,,,,Europe,Rolling / Annual,Scholarship,0,Masters,Study,80,Medium,1,90,Masters,https://www.daad.de/en/,Grant / Scholarship,1-2 Years
4014,In-Country/In Region Scholarships Programme at SEARCA NRM,In-Country/In Region Scholarships Programme at SEARCA NRM (Scholarship for Master's Studies),Graduates,"Veterinary Medicine, Agricultural, Forest and Nutritional Sciences, Ecology",Indonesia | Indonesia | Indonesia | Indonesia | Malaysia | Malaysia | Malaysia | Malaysia | Thailand | Thailand | Thailand | Thailand | Myanmar | Myanmar | Myanmar | Myanmar | Cambodia | Cambodia | Cambodia | Cambodia | Lao People's Democratic Republic | Lao People's Democratic Republic | Lao People's Democratic Republic | Lao People's Democratic Republic | Philippines | Philippines | Philippines | Philippines | Vietnam | Vietnam | Vietnam | Vietnam | Timor-Leste | Timor-Leste | Timor-Leste | Timor-Leste,Study,1,Scholarships for development-related Master’s studies at a higher education institution in Southeast Asia,DAAD,Germany,,,,,,Europe,Rolling / Annual,Scholarship,0,Masters,Study,80,Medium,1,90,Masters,https://www.daad.de/en/,Grant / Scholarship,1-2 Years
4015,"University of Konstanz: ZUKOnnect Fellowships for Scholars from Africa, Asia and Latin America","University of Konstanz: ZUKOnnect Fellowships for Scholars from Africa, Asia and Latin America",Postdoctoral researchers | Doctoral candidates/PhD students,"Languages and Cultural Studies | Law, Economics and Social Sciences | Mathematics and Natural Sciences","South Africa | Egypt | India | Indonesia | Israel | Kazakhstan | Malaysia | Singapore | Turkey | Thailand | China, PR | Japan | 38 | Uruguay | Argentina | Bolivia | Brazil | Chile | Costa Rica | Ecuador | Guatemala | Honduras | Colombia | Cuba | Mexico | Panama | Paraguay | Peru | Venezuela, Bolivarian Republic of | Nicaragua | Palestinian Territories | Kenya | Armenia | Azerbaijan | Georgia | Kyrgyzstan | Tajikistan | Turkmenistan | Uzbekistan | Bahrain | Iraq | Jordan | Qatar | Kuwait | Lebanon | Oman | Saudi Arabia | Yemen | Syrian Arab Republic (Syria) | United Arab Emirates | Bhutan | Myanmar | Brunei Darussalam | Taiwan | Cambodia | Korea, the Republic of | 107 | Lao People's Democratic Republic | Mongolia | Philippines | Vietnam | Dominican Republic | El Salvador | Puerto Rico | Angola | Ethiopia | Botswana | Burundi | Benin | Côte d'Ivoire | Djibouti | Gabon | Gambia | Ghana | Guinea | Guinea-Bissau | Equatorial Guinea | Cameroon | Cape Verde | Congo | Congo, Democratic Republic | Lesotho | Liberia | Madagascar | Malawi | Mali | Mauritania | Mauritius | Mozambique | Comoros | Eswatani | Niger | Nigeria | Burkina Faso | Zimbabwe | Rwanda | Zambia | Sao Tome and Principe | Senegal | Seychelles | Sierra Leone | Somalia | Sudan | Namibia | Tanzania, United Republic of | Togo | Chad | Uganda | Central African Republic | Eritrea | Algeria | Libya | Morocco | Tunisia | Afghanistan | Bangladesh | Iran | Nepal | Pakistan | Sri Lanka | Timor-Leste | Maldives | South Sudan",Research/Doctorate/PhD,0,"The Zukunftskolleg Konnect Fellowships support early career researchers from Africa, Asia and Latin America, who do research that fits one of the 13 departments at the University of Konstanz. As a ZUKOnnect Fellow, you can use this time to",DAAD,Germany,,,,,,Europe,Rolling / Annual,Fellowship,0,Postdoc,Research,80,Very High,1,90,Postdoc,https://www.daad.de/en/,Grant / Scholarship,6-24 Months
4018,University Clinic Bonn: Research Training Group dedicated to the development and epileptogenesis of dysplasias,University Clinic Bonn: Research Training Group dedicated to the development and epileptogenesis of dysplasias,Doctoral candidates/PhD students,Mathematics and Natural Sciences | Human Medicine,"South Africa | Egypt | Bulgaria | India | Indonesia | Israel | Kazakhstan | Croatia | Malaysia | Romania | Singapore | Slovakia | Slovenia | Turkey | Thailand | Czech Republic | Ukraine | China, PR | Cyprus | Estonia | Latvia | Lithuania | Australia | Denmark | Finland | France | Greece | Ireland | Austria | Italy | Japan | Canada | New Zealand | Netherlands | Norway | Poland | Portugal | 38 | Sweden | Switzerland | Spain | United Kingdom | Hungary | United States of America | Uruguay | Argentina | Bolivia | Brazil | Chile | Costa Rica | Ecuador | Guatemala | Honduras | Colombia | Cuba | Mexico | Panama | Paraguay | Peru | Venezuela, Bolivarian Republic of | Nicaragua | Belgium | Palestinian Territories | Kenya | Luxembourg | Albania | Armenia | Azerbaijan | Belarus | Bosnia and Herzegovina | Georgia | Serbia | Kyrgyzstan | North Macedonia | Moldova, Republic of | Tajikistan | Turkmenistan | Uzbekistan | Andorra | Iceland | Liechtenstein | Malta | Monaco | San Marino | Vatican City | Bahrain | Iraq | Jordan | Qatar | Kuwait | Lebanon | Oman | Saudi Arabia | Yemen | Syrian Arab Republic (Syria) | United Arab Emirates | Bhutan | Myanmar | Brunei Darussalam | Taiwan | Hong Kong (CN) | Cambodia | Korea, the Republic of | 107 | Lao People's Democratic Republic | Macao (CN) | Mongolia | Philippines | Vietnam | Guyana | French Guayana | Suriname | Bahamas | Barbados | Bermudas | Dominican Republic | El Salvador | Guadeloupe | Haiti | Belize | Jamaica | Montserrat | Martinique | The Dutch Antilles | Puerto Rico | Trinidad and Tobago | Anguilla | Antigua and Barbuda | Dominica | Grenada | Saint Lucia | Saint Vincent and the Grenadines | Angola | Ethiopia | Botswana | Burundi | Benin | Côte d'Ivoire | Djibouti | Gabon | Gambia | Ghana | Guinea | Guinea-Bissau | Equatorial Guinea | Cameroon | Cape Verde | Congo | Congo, Democratic Republic | Lesotho | Liberia | Madagascar | Malawi | Mali | Mauritania | Mauritius | Mozambique | Comoros | Eswatani | Niger | Nigeria | Burkina Faso | Réunion | Zimbabwe | Rwanda | Zambia | Sao Tome and Principe | Senegal | Seychelles | Sierra Leone | Somalia | Sudan | Namibia | Tanzania, United Republic of | Togo | Chad | Uganda | Central African Republic | Eritrea | Algeria | Libya | Morocco | Tunisia | Afghanistan | Bangladesh | Iran | Nepal | Pakistan | Sri Lanka | Fiji | Samoa | Tahiti | Tonga | Papua New Guinea | Nauru | New Caledonia | Solomon Islands | Kiribati | Cook Islands | Niue | Vanuatu | Tuvalu | Marshall Islands | Micronesia, Federated States of | Timor-Leste | Germany | Maldives | Saint Kitts and Nevis | Guam | Palau | Montenegro | Kosovo | South Sudan",Research/Doctorate/PhD,0,This Research Training Group (RTG) offers an integrated research and graduate programme for PhD and MD students at the Medical and Mathematical and Natural Sciences Faculties of the University of Bonn and the DZNE funded by the German,DAAD,Germany,,,,,,Europe,Rolling / Annual,Scholarship,0,PhD,Research,80,Medium,1,90,PhD,https://www.daad.de/en/,Grant / Scholarship,3-4 Years
4021,Study Scholarships - Master Studies for All Academic Disciplines,Study Scholarships - Master Studies for All Academic Disciplines,Graduates,"Languages and Cultural Studies | Law, Economics and Social Sciences | Mathematics and Natural Sciences | Human Medicine | Veterinary Medicine, Agricultural, Forest and Nutritional Sciences, Ecology | Engineering | Art, Music and Sport","Bulgaria | Israel | Kazakhstan | Croatia | Romania | Singapore | Slovakia | Slovenia | Czech Republic | Ukraine | Cyprus | Estonia | Latvia | Lithuania | Australia | Denmark | Finland | France | Greece | Ireland | Austria | Italy | Japan | Canada | New Zealand | Netherlands | Norway | Poland | Portugal | Sweden | Switzerland | Spain | United Kingdom | Hungary | United States of America | Belgium | Palestinian Territories | Luxembourg | Albania | Armenia | Azerbaijan | Belarus | Bosnia and Herzegovina | Georgia | Serbia | Kyrgyzstan | North Macedonia | Moldova, Republic of | Tajikistan | Turkmenistan | Uzbekistan | Andorra | Iceland | Liechtenstein | Malta | Monaco | San Marino | Vatican City | Yemen | Syrian Arab Republic (Syria) | Korea, the Republic of | Afghanistan | Montenegro | Kosovo",Study,1,DAAD scholarships for graduates with a first academic degree wishing to continue their academic training in Germany with a postgraduate course of study.,DAAD,Germany,,,,,,Europe,Rolling / Annual,Scholarship,0,Masters,Study,80,Medium,1,90,Masters,https://www.daad.de/en/,Grant / Scholarship,1-2 Years
4022,Study Scholarships - Postgraduate Studies in the Field of the Performing,Study Scholarships - Postgraduate Studies in the Field of the Performing Arts,Graduates,"Art, Music and Sport","Nepal | Pakistan | Kenya | Congo | Congo, Democratic Republic | Lesotho | New Zealand | Liberia | Madagascar | Malawi | Mali | Mauritania | Mauritius | Mozambique | Andorra | Belgium | Cyprus | Denmark | Finland | France | Greece | United Kingdom | Ireland | Iceland | Italy | Liechtenstein | Luxembourg | Malta | Monaco | Netherlands | Norway | Austria | Portugal | San Marino | Sweden | Switzerland | Spain | Turkey | Vatican City | Albania | Bulgaria | Poland | Romania | Czech Republic | Hungary | Latvia | Estonia | Lithuania | Ukraine | Belarus | Moldova, Republic of | Armenia | Azerbaijan | Georgia | Turkmenistan | Kazakhstan | Uzbekistan | Kyrgyzstan | Tajikistan | Slovakia | Slovenia | Croatia | Bosnia and Herzegovina | North Macedonia | Serbia | Montenegro | Kosovo | Iraq | Israel | Jordan | Lebanon | Oman | Palestinian Territories | Saudi Arabia | Yemen | Syrian Arab Republic (Syria) | Bhutan | Myanmar | China, PR | Taiwan | Hong Kong (CN) | Indonesia | Japan | Cambodia | Korea, the Republic of | Lao People's Democratic Republic | Macao (CN) | Malaysia | Mongolia | Philippines | Singapore | Thailand | Vietnam | Canada | United States of America | Argentina | Bolivia | Brazil | Chile | Ecuador | Guyana | Suriname | Colombia | Paraguay | Peru | Uruguay | Venezuela, Bolivarian Republic of | Bahamas | Barbados | Honduras | Costa Rica | Cuba | Dominican Republic | El Salvador | Guatemala | Haiti | Belize | Jamaica | Mexico | Nicaragua | Panama | Trinidad and Tobago | Antigua and Barbuda | Dominica | Grenada | Saint Lucia | Saint Vincent and the Grenadines | Saint Kitts and Nevis | Angola | Ethiopia | Botswana | Burundi | Benin | Côte d'Ivoire | Djibouti | Gabon | Gambia | Ghana | Guinea | Guinea-Bissau | Equatorial Guinea | Cameroon | Cape Verde | Australia | Sri Lanka | Egypt | Afghanistan | Bangladesh | India | Iran | Tunisia | Comoros | Eswatani | Niger | Nigeria | Burkina Faso | Zimbabwe | Rwanda | Zambia | Sao Tome and Principe | Senegal | Seychelles | Sierra Leone | Somalia | South Africa | Sudan | Namibia | Tanzania, United Republic of | Togo | Chad | Uganda | Central African Republic | South Sudan | Algeria | Libya | Morocco",Study | 8,1,DAAD scholarships that allow students to continue their academic training with a postgraduate or continuing course of study in Germany,DAAD,Germany,,,,,,Europe,Rolling / Annual,Scholarship,0,Masters,Study,80,Medium,0,90,Masters,https://www.daad.de/en/,Grant / Scholarship,1-2 Years
4023,Research Grants - Doctoral Programmes in Germany,Doctoral Programmes in Germany,Graduates | Doctoral candidates/PhD students,"Languages and Cultural Studies | Law, Economics and Social Sciences | Mathematics and Natural Sciences | Human Medicine | Veterinary Medicine, Agricultural, Forest and Nutritional Sciences, Ecology | Engineering | Art, Music and Sport","South Africa | Egypt | India | Indonesia | Israel | Kazakhstan | Malaysia | Turkey | Thailand | Ukraine | China, PR | Japan | Uruguay | Argentina | Bolivia | Brazil | Chile | Costa Rica | Ecuador | Guatemala | Honduras | Colombia | Cuba | Mexico | Panama | Paraguay | Peru | Venezuela, Bolivarian Republic of | Nicaragua | Palestinian Territories | Kenya | Albania | Armenia | Azerbaijan | Belarus | Bosnia and Herzegovina | Georgia | Serbia | Kyrgyzstan | North Macedonia | Moldova, Republic of | Tajikistan | Turkmenistan | Uzbekistan | Iraq | Jordan | Lebanon | Yemen | Syrian Arab Republic (Syria) | Bhutan | Myanmar | Taiwan | Hong Kong (CN) | Cambodia | Korea, the Republic of | Lao People's Democratic Republic | Macao (CN) | Mongolia | Philippines | Vietnam | Guyana | Suriname | Dominican Republic | El Salvador | Haiti | Belize | Jamaica | Dominica | Grenada | Saint Lucia | Saint Vincent and the Grenadines | Angola | Ethiopia | Botswana | Burundi | Benin | Côte d'Ivoire | Djibouti | Gabon | Gambia | Ghana | Guinea | Guinea-Bissau | Equatorial Guinea | Cameroon | Cape Verde | Congo | Congo, Democratic Republic | Lesotho | Liberia | Madagascar | Malawi | Mali | Mauritania | Mauritius | Mozambique | Comoros | Eswatani | Niger | Nigeria | Burkina Faso | Zimbabwe | Rwanda | Zambia | Sao Tome and Principe | Senegal | Seychelles | Sierra Leone | Somalia | Sudan | Namibia | Tanzania, United Republic of | Togo | Chad | Uganda | Central African Republic | Algeria | Libya | Morocco | Tunisia | Afghanistan | Bangladesh | Iran | Nepal | Pakistan | Sri Lanka | Montenegro | Kosovo | South Sudan",Research/Doctorate/PhD,1,"DAAD grants for young scientists and academics wishing to improve their academic qualifications with a doctoral degree in Germany.<br />
",DAAD,Germany,,,,,,Europe,Rolling / Annual,Grant,0,PhD,Research,80,Medium,1,90,PhD,https://www.daad.de/en/,Grant / Scholarship,3-4 Years
4024,"Study Scholarships - Postgraduate Studies in the Fields of Fine Art,","Study Scholarships - Postgraduate Studies in the Fields of Fine Art, Design, Visual Communication and Film",Graduates,"Engineering | Art, Music and Sport","South Africa | Egypt | Bulgaria | India | Indonesia | Israel | Kazakhstan | Croatia | Malaysia | Romania | Singapore | Slovakia | Slovenia | Turkey | Thailand | Czech Republic | Ukraine | China, PR | Cyprus | Estonia | Latvia | Lithuania | Australia | Denmark | Finland | France | Greece | Ireland | Austria | Italy | Japan | Canada | New Zealand | Netherlands | Norway | Poland | Portugal | Sweden | Switzerland | Spain | United Kingdom | Hungary | United States of America | Uruguay | Argentina | Bolivia | Brazil | Chile | Costa Rica | Ecuador | Guatemala | Honduras | Colombia | Cuba | Mexico | Panama | Paraguay | Peru | Venezuela, Bolivarian Republic of | Nicaragua | Belgium | Palestinian Territories | Kenya | Luxembourg | Albania | Armenia | Azerbaijan | Belarus | Bosnia and Herzegovina | Georgia | Serbia | Kyrgyzstan | North Macedonia | Moldova, Republic of | Tajikistan | Turkmenistan | Uzbekistan | Andorra | Iceland | Liechtenstein | Malta | Monaco | San Marino | Vatican City | Iraq | Jordan | Lebanon | Oman | Saudi Arabia | Yemen | Syrian Arab Republic (Syria) | Bhutan | Myanmar | Taiwan | Hong Kong (CN) | Cambodia | Korea, the Republic of | Lao People's Democratic Republic | Macao (CN) | Mongolia | Philippines | Vietnam | Guyana | Suriname | Bahamas | Barbados | Dominican Republic | El Salvador | Haiti | Belize | Jamaica | Trinidad and Tobago | Antigua and Barbuda | Dominica | Grenada | Saint Lucia | Saint Vincent and the Grenadines | Angola | Ethiopia | Botswana | Burundi | Benin | Côte d'Ivoire | Djibouti | Gabon | Gambia | Ghana | Guinea | Guinea-Bissau | Equatorial Guinea | Cameroon | Cape Verde | Congo | Congo, Democratic Republic | Lesotho | Liberia | Madagascar | Malawi | Mali | Mauritania | Mauritius | Mozambique | Comoros | Eswatani | Niger | Nigeria | Burkina Faso | Zimbabwe | Rwanda | Zambia | Sao Tome and Principe | Senegal | Seychelles | Sierra Leone | Somalia | Sudan | Namibia | Tanzania, United Republic of | Togo | Chad | Uganda | Central African Republic | Eritrea | Algeria | Libya | Morocco | Tunisia | Afghanistan | Bangladesh | Iran | Nepal | Pakistan | Sri Lanka | Saint Kitts and Nevis | Montenegro | Kosovo | South Sudan",Study,1,DAAD scholarships that allow students to continue their academic training with a postgraduate or continuing course of study in Germany,DAAD,Germany,,,,,,Europe,Rolling / Annual,Scholarship,0,Masters,Study,80,Medium,1,90,Masters,https://www.daad.de/en/,Grant / Scholarship,1-2 Years
4025,Study Scholarships - Postgraduate Studies in the Field of Music,Study Scholarships - Postgraduate Studies in the Field of Music,Graduates,"Art, Music and Sport","South Africa | Egypt | Bulgaria | India | Indonesia | Israel | Kazakhstan | Croatia | Malaysia | Romania | Singapore | Slovakia | Slovenia | Turkey | Thailand | Czech Republic | Ukraine | China, PR | Cyprus | Estonia | Latvia | Lithuania | Australia | Denmark | Finland | France | Greece | Ireland | Austria | Italy | Japan | Canada | New Zealand | Netherlands | Norway | Poland | Portugal | Sweden | Switzerland | Spain | United Kingdom | Hungary | United States of America | Uruguay | Argentina | Bolivia | Brazil | Chile | Costa Rica | Ecuador | Guatemala | Honduras | Colombia | Cuba | Mexico | Panama | Paraguay | Peru | Venezuela, Bolivarian Republic of | Nicaragua | Belgium | Palestinian Territories | Kenya | Luxembourg | Albania | Armenia | Azerbaijan | Belarus | Bosnia and Herzegovina | Georgia | Serbia | Kyrgyzstan | North Macedonia | Moldova, Republic of | Tajikistan | Turkmenistan | Uzbekistan | Andorra | Iceland | Liechtenstein | Malta | Monaco | San Marino | Vatican City | Iraq | Jordan | Lebanon | Oman | Saudi Arabia | Yemen | Syrian Arab Republic (Syria) | Bhutan | Myanmar | Taiwan | Hong Kong (CN) | Cambodia | Korea, the Republic of | Lao People's Democratic Republic | Macao (CN) | Mongolia | Philippines | Vietnam | Guyana | Suriname | Bahamas | Barbados | Dominican Republic | El Salvador | Haiti | Belize | Jamaica | Trinidad and Tobago | Antigua and Barbuda | Dominica | Grenada | Saint Lucia | Saint Vincent and the Grenadines | Angola | Ethiopia | Botswana | Burundi | Benin | Côte d'Ivoire | Djibouti | Gabon | Gambia | Ghana | Guinea | Guinea-Bissau | Equatorial Guinea | Cameroon | Cape Verde | Congo | Congo, Democratic Republic | Lesotho | Liberia | Madagascar | Malawi | Mali | Mauritania | Mauritius | Mozambique | Comoros | Eswatani | Niger | Nigeria | Burkina Faso | Zimbabwe | Rwanda | Zambia | Sao Tome and Principe | Senegal | Seychelles | Sierra Leone | Somalia | Sudan | Namibia | Tanzania, United Republic of | Togo | Chad | Uganda | Central African Republic | Algeria | Libya | Morocco | Tunisia | Afghanistan | Bangladesh | Iran | Nepal | Pakistan | Sri Lanka | Saint Kitts and Nevis | Montenegro | Kosovo | South Sudan",Study,1,DAAD scholarships that allow students to continue their academic training with a postgraduate or continuing course of study in Germany,DAAD,Germany,,,,,,Europe,Rolling / Annual,Scholarship,0,Masters,Study,80,Medium,0,90,Masters,https://www.daad.de/en/,Grant / Scholarship,1-2 Years
4026,Study Scholarships - Postgraduate Studies in the Field of Architecture,Study Scholarships - Postgraduate Studies in the Field of Architecture,Graduates,Engineering,"New Zealand | Australia | Sri Lanka | Pakistan | Nepal | Iran | India | Bangladesh | Afghanistan | Egypt | Tunisia | Morocco | Libya | Algeria | South Sudan | Central African Republic | Uganda | Chad | Togo | Tanzania, United Republic of | Namibia | Sudan | South Africa | Somalia | Sierra Leone | Seychelles | Senegal | Sao Tome and Principe | Zambia | Rwanda | Zimbabwe | Burkina Faso | Nigeria | Niger | Eswatani | Comoros | Mozambique | Mauritius | Mauritania | Mali | Malawi | Madagascar | Liberia | Lesotho | Congo, Democratic Republic | Congo | Kenya | Cape Verde | Cameroon | Equatorial Guinea | Guinea-Bissau | Guinea | Ghana | Gambia | Gabon | Djibouti | Côte d'Ivoire | Benin | Burundi | Botswana | Ethiopia | Angola | Saint Kitts and Nevis | Saint Vincent and the Grenadines | Saint Lucia | Grenada | Dominica | Antigua and Barbuda | Trinidad and Tobago | Panama | Nicaragua | Mexico | Jamaica | Belize | Haiti | Guatemala | El Salvador | Dominican Republic | Cuba | Costa Rica | Honduras | Barbados | Bahamas | Venezuela, Bolivarian Republic of | Uruguay | Peru | Paraguay | Colombia | Suriname | Guyana | Ecuador | Chile | Brazil | Bolivia | Argentina | United States of America | Canada | Vietnam | Thailand | Singapore | Philippines | Mongolia | Malaysia | Macao (CN) | Lao People's Democratic Republic | Korea, the Republic of | Cambodia | Japan | Indonesia | Hong Kong (CN) | Taiwan | China, PR | Myanmar | Bhutan | Syrian Arab Republic (Syria) | Yemen | Saudi Arabia | Palestinian Territories | Oman | Lebanon | Jordan | Israel | Iraq | Kosovo | Montenegro | Serbia | North Macedonia | Bosnia and Herzegovina | Croatia | Slovenia | Slovakia | Tajikistan | Kyrgyzstan | Uzbekistan | Kazakhstan | Turkmenistan | Georgia | Azerbaijan | Armenia | Moldova, Republic of | Belarus | Ukraine | Lithuania | Estonia | Latvia | Hungary | Czech Republic | Romania | Poland | Bulgaria | Albania | Vatican City | Turkey | Spain | Switzerland | Sweden | San Marino | Portugal | Austria | Norway | Netherlands | Monaco | Malta | Luxembourg | Liechtenstein | Italy | Iceland | Ireland | United Kingdom | Greece | France | Finland | Denmark | Cyprus | Belgium | Andorra",Study,1,DAAD scholarships allowing students to continue their academic training with a postgraduate or continuing course of study in Germany,DAAD,Germany,,,,,,Europe,Rolling / Annual,Scholarship,0,Masters,Study,80,Medium,1,90,Masters,https://www.daad.de/en/,Grant / Scholarship,1-2 Years
4027,Research Grants - Bi-nationally Supervised Doctoral Degrees/Cotutelle,Bi-nationally Supervised Doctoral Degrees / Cotutelle,Graduates | Doctoral candidates/PhD students,"Languages and Cultural Studies | Law, Economics and Social Sciences | Mathematics and Natural Sciences | Human Medicine | Veterinary Medicine, Agricultural, Forest and Nutritional Sciences, Ecology | Engineering | Art, Music and Sport","South Africa | Egypt | Bulgaria | India | Indonesia | Israel | Kazakhstan | Croatia | Malaysia | Romania | Singapore | Slovakia | Slovenia | Turkey | Thailand | Czech Republic | Ukraine | Cyprus | Estonia | Latvia | Lithuania | Australia | Denmark | Finland | France | Greece | Ireland | Austria | Italy | Japan | Canada | New Zealand | Netherlands | Norway | Poland | Portugal | Sweden | Switzerland | Spain | United Kingdom | Hungary | United States of America | Uruguay | Argentina | Bolivia | Brazil | Chile | Costa Rica | Ecuador | Guatemala | Honduras | Colombia | Cuba | Mexico | Panama | Paraguay | Peru | Venezuela, Bolivarian Republic of | Nicaragua | Belgium | Kenya | Luxembourg | Albania | Armenia | Azerbaijan | Belarus | Bosnia and Herzegovina | Georgia | Serbia | Kyrgyzstan | North Macedonia | Moldova, Republic of | Tajikistan | Turkmenistan | Uzbekistan | Andorra | Iceland | Liechtenstein | Malta | Monaco | San Marino | Vatican City | Jordan | Lebanon | Yemen | Bhutan | Myanmar | Taiwan | Cambodia | Korea, the Republic of | Lao People's Democratic Republic | Mongolia | Philippines | Vietnam | Guyana | Suriname | Bahamas | Barbados | Dominican Republic | El Salvador | Haiti | Belize | Jamaica | Trinidad and Tobago | Antigua and Barbuda | Dominica | Grenada | Saint Lucia | Saint Vincent and the Grenadines | Angola | Ethiopia | Botswana | Burundi | Benin | Côte d'Ivoire | Djibouti | Gabon | Gambia | Ghana | Guinea | Guinea-Bissau | Equatorial Guinea | Cameroon | Cape Verde | Congo | Congo, Democratic Republic | Lesotho | Liberia | Madagascar | Malawi | Mali | Mauritania | Mauritius | Mozambique | Comoros | Eswatani | Niger | Nigeria | Burkina Faso | Zimbabwe | Rwanda | Zambia | Sao Tome and Principe | Senegal | Seychelles | Sierra Leone | Somalia | Sudan | Namibia | Tanzania, United Republic of | Togo | Chad | Uganda | Central African Republic | Algeria | Libya | Morocco | Tunisia | Bangladesh | Iran | Nepal | Pakistan | Sri Lanka | Saint Kitts and Nevis | Montenegro | Kosovo | South Sudan",Research/Doctorate/PhD,1,DAAD grants for doctoral candidates and young scientists and academics whose doctoral degrees are supervised both by a university teacher at the home university and an academic adviser at the host institute in Germany ,DAAD,Germany,,,,,,Europe,Rolling / Annual,Grant,0,PhD,Research,80,Medium,1,90,PhD,https://www.daad.de/en/,Grant / Scholarship,3-4 Years
4028,Study scholarships for STEM disciplines,Study scholarships for STEM disciplines,Graduates,Mathematics and Natural Sciences | Engineering,"Timor-Leste | Kenya | Ghana | Panama | Nicaragua | Mexico | Belize | Guatemala | El Salvador | Dominican Republic | Costa Rica | Honduras | Venezuela, Bolivarian Republic of | Peru | Colombia | Ecuador | Vietnam | Thailand | Malaysia | Lao People's Democratic Republic | Cambodia | Indonesia | Myanmar | Jordan",Study,1,"DAAD scholarships for Master's degrees in innovation-driving STEM fields to support the qualification and employability of young academics and future professionals from developing and emerging countries.<br />
",DAAD,Germany,,,,,,Europe,Rolling / Annual,Scholarship,0,Masters,Study,80,Medium,1,90,Masters,https://www.daad.de/en/,Grant / Scholarship,1-2 Years
4029,ERP Study Scholarships for Graduates of Economics and Business,ERP Study Scholarships for Graduates of Economics and Business Administration,Graduates,"Law, Economics and Social Sciences","Kazakhstan | Ukraine | Armenia | Azerbaijan | Belarus | Georgia | Serbia | Kyrgyzstan | Moldova, Republic of | Tajikistan | Turkmenistan | Uzbekistan",Study,1,"One-year DAAD scholarships as part of two-year Master's study programmes for countries in Eastern, Central Eastern and Southeastern Europe",DAAD,Germany,,,,,,Europe,Rolling / Annual,Scholarship,0,Masters,Study,80,Medium,1,90,Masters,https://www.daad.de/en/,Grant / Scholarship,1-2 Years
4031,DAAD-K.C.Wong Postdoc Fellowships,DAAD-K.C.Wong Postdoc Fellowships,Postdoctoral researchers,"Mathematics and Natural Sciences | Human Medicine | Veterinary Medicine, Agricultural, Forest and Nutritional Sciences, Ecology | Engineering","China, PR",Research/Doctorate/PhD,1,"The research grants allow Chinese scientists and academics from the natural sciences, mathematics, engineering, agriculture and medicine to carry out research in Germany.",DAAD,Germany,,,,,,Europe,Rolling / Annual,Grant,0,Postdoc,Research,80,Very High,1,90,Postdoc,https://www.daad.de/en/,Grant / Scholarship,6-24 Months
4038,DAAD-Short-term scholarships for master's degree students,DAAD-Short-term scholarships for master's degree students,Graduates,"Languages and Cultural Studies | Law, Economics and Social Sciences | Mathematics and Natural Sciences | Human Medicine | Veterinary Medicine, Agricultural, Forest and Nutritional Sciences, Ecology | Engineering | Art, Music and Sport","China, PR",Research/Doctorate/PhD,1,The scholarships offer Chinese students from all disciplines the opportunity to undertake research in Germany as part of their Master's thesis.,DAAD,Germany,,,,,,Europe,Rolling / Annual,Scholarship,0,PhD,Research,80,Medium,1,90,PhD,https://www.daad.de/en/,Grant / Scholarship,3-4 Years
4045,University Winter Courses,University Winter Courses in Germany for Foreign Students and Graduates,Undergraduates | Graduates,"Languages and Cultural Studies | Law, Economics and Social Sciences | Mathematics and Natural Sciences | Human Medicine | Veterinary Medicine, Agricultural, Forest and Nutritional Sciences, Ecology | Engineering | Art, Music and Sport",Australia | Namibia | South Africa | Zimbabwe | Mozambique | Uruguay | Peru | Paraguay | Colombia | Ecuador | Chile | Brazil | Argentina | New Zealand,Language Course,1,"DAAD scholarships for students, graduates and doctoral candidates to improve German language skills",DAAD,Germany,,,,,,Europe,Rolling / Annual,Scholarship,0,Bachelor,Study,80,Medium,1,90,Bachelor,https://www.daad.de/en/,Grant / Scholarship,3-5 Years
4047,SECIHTI,"Cooperation programme with Mexico (SECIHTI – Secretaría de Ciencia, Humanidades, Tecnología e Innovación) Master",Graduates,"Languages and Cultural Studies | Law, Economics and Social Sciences | Mathematics and Natural Sciences | Human Medicine | Veterinary Medicine, Agricultural, Forest and Nutritional Sciences, Ecology | Engineering | Art, Music and Sport",Mexico,Study,1,The aim of this joint scholarship programme of DAAD and SECIHTI is to support the qualification and employability of young academics and future professionals from Mexico.,DAAD,Germany,,,,,,Europe,Rolling / Annual,Scholarship,0,Masters,Study,80,Medium,1,90,Masters,https://www.daad.de/en/,Grant / Scholarship,1-2 Years
4048,GROW – Programm Line 1,GROW – Global Research Opportunities for the South,Postdoctoral researchers | Graduates | Doctoral candidates/PhD students | Faculty,"Languages and Cultural Studies | Law, Economics and Social Sciences | Mathematics and Natural Sciences | Human Medicine | Veterinary Medicine, Agricultural, Forest and Nutritional Sciences, Ecology | Engineering | Art, Music and Sport","Palau | Timor-Leste | Micronesia, Federated States of | Marshall Islands | Tuvalu | Vanuatu | Niue | Cook Islands | Kiribati | Solomon Islands | Nauru | Papua New Guinea | Tonga | Samoa | Fiji | Sri Lanka | Nepal | India | Bangladesh | South Sudan | Central African Republic | Uganda | Chad | Togo | Tanzania, United Republic of | Namibia | Sudan | South Africa | Somalia | Sierra Leone | Seychelles | Senegal | Sao Tome and Principe | Zambia | Rwanda | Zimbabwe | Burkina Faso | Nigeria | Niger | Eswatani | Comoros | Mozambique | Mauritius | Mauritania | Mali | Malawi | Madagascar | Liberia | Lesotho | Congo, Democratic Republic | Congo | Kenya | Cape Verde | Cameroon | Equatorial Guinea | Guinea-Bissau | Guinea | Ghana | Gambia | Gabon | Djibouti | Côte d'Ivoire | Benin | Burundi | Botswana | Ethiopia | Angola | Saint Vincent and the Grenadines | Saint Lucia | Grenada | Dominica | Panama | Nicaragua | Mexico | Jamaica | Belize | Haiti | Guatemala | El Salvador | Dominican Republic | Cuba | Costa Rica | Honduras | Venezuela, Bolivarian Republic of | Peru | Paraguay | Colombia | Suriname | Guyana | Ecuador | Brazil | Bolivia | Argentina | Vietnam | Thailand | Philippines | Mongolia | Maldives | Malaysia | Lao People's Democratic Republic | Cambodia | Indonesia | Myanmar | Bhutan",Research/Doctorate/PhD,1,"The programme is aimed at early career researchers as well as established academics and scientists from countries on the OECD DAC list in Latin America, Asia and Sub Saharan Africa.",DAAD,Germany,,,,,,Europe,Rolling / Annual,Scholarship,0,Postdoc,Research,80,Very High,1,90,Postdoc,https://www.daad.de/en/,Grant / Scholarship,6-24 Months
4051,Combined Study and Practice Stays for Engineers from Developing,Combined Study and Practice Stays for Engineers from Developing Countries (KOSPIE) with Indian IITs,Graduates,Mathematics and Natural Sciences | Engineering,India | Bangladesh | Nepal,Study,1,Scholarships for Master's students from Indian Institutes of Technology (IIT),DAAD,Germany,,,,,,Europe,Rolling / Annual,Scholarship,0,Masters,Study,80,Medium,1,90,Masters,https://www.daad.de/en/,Grant / Scholarship,1-2 Years
4052,Re-invitation Programme for Former Scholarship Holders,Re-invitation Programme for Former Scholarship Holders,Postdoctoral researchers | Graduates | Faculty,"Languages and Cultural Studies | Law, Economics and Social Sciences | Mathematics and Natural Sciences | Human Medicine | Veterinary Medicine, Agricultural, Forest and Nutritional Sciences, Ecology | Engineering | Art, Music and Sport","New Zealand | Fiji | Australia | Sri Lanka | Pakistan | Nepal | Iran | India | Bangladesh | Egypt | Tunisia | Libya | Morocco | Algeria | South Sudan | Central African Republic | Uganda | Chad | Togo | Tanzania, United Republic of | Namibia | Sudan | South Africa | Somalia | Sierra Leone | Seychelles | Senegal | Sao Tome and Principe | Zambia | Rwanda | Zimbabwe | Burkina Faso | Nigeria | Niger | Eswatani | Comoros | Mozambique | Mauritius | Mauritania | Mali | Malawi | Madagascar | Liberia | Lesotho | Congo, Democratic Republic | Congo | Kenya | Cape Verde | Equatorial Guinea | Guinea-Bissau | Guinea | Ghana | Gambia | Gabon | Djibouti | Côte d'Ivoire | Benin | Burundi | Botswana | Ethiopia | Angola | Saint Kitts and Nevis | Saint Vincent and the Grenadines | Saint Lucia | Grenada | Dominica | Antigua and Barbuda | Trinidad and Tobago | Panama | Nicaragua | Mexico | Jamaica | Cuba | Belize | Haiti | Guatemala | El Salvador | Dominican Republic | Costa Rica | Honduras | Barbados | Bahamas | Venezuela, Bolivarian Republic of | Uruguay | Peru | Paraguay | Colombia | Suriname | Guyana | Ecuador | Chile | Brazil | Bolivia | Argentina | United States of America | Canada | Vietnam | Thailand | Singapore | Philippines | Mongolia | Malaysia | Macao (CN) | Lao People's Democratic Republic | Korea, the Republic of | Cambodia | Japan | Indonesia | Cameroon | Hong Kong (CN) | Taiwan | China, PR | Myanmar | Bhutan | Saudi Arabia | Palestinian Territories | Oman | Lebanon | Jordan | Israel | Iraq | Kosovo | Montenegro | Serbia | North Macedonia | Bosnia and Herzegovina | Croatia | Slovenia | Slovakia | Tajikistan | Kyrgyzstan | Uzbekistan | Kazakhstan | Turkmenistan | Georgia | Azerbaijan | Armenia | Moldova, Republic of | Belarus | Ukraine | Lithuania | Estonia | Latvia | Hungary | Czech Republic | Romania | Poland | Bulgaria | Albania | Vatican City | Turkey | Spain | Switzerland | Sweden | San Marino | Portugal | Austria | Norway | Netherlands | Monaco | Malta | Luxembourg | Liechtenstein | Italy | Iceland | Ireland | United Kingdom | Greece | France | Finland | Denmark | Cyprus | Belgium | Andorra",Research/Doctorate/PhD,1,DAAD scholarships for former scholarship holders wishing to carry out research or work projects and maintain their academic contacts in Germany.,DAAD,Germany,,,,,,Europe,Rolling / Annual,Scholarship,0,Postdoc,Research,80,Very High,1,90,Postdoc,https://www.daad.de/en/,Grant / Scholarship,6-24 Months
4053,Bilateral Exchange of Academics (to Germany),Bilateral Exchange of Academics (to Germany),Postdoctoral researchers | Faculty,"Languages and Cultural Studies | Law, Economics and Social Sciences | Mathematics and Natural Sciences | Human Medicine | Veterinary Medicine, Agricultural, Forest and Nutritional Sciences, Ecology | Engineering | Art, Music and Sport",India | Greece | Uruguay | Argentina | Chile | Costa Rica | Guatemala | Honduras | Mexico | Panama | Paraguay | Peru | Nicaragua | Jordan | Mongolia | Vietnam | El Salvador,Research/Doctorate/PhD,1,This programme promotes exchanges with scientists and academics from partner countries to improve international relations and bilateral research cooperations.,DAAD,Germany,,,,,,Europe,Rolling / Annual,Scholarship,0,Postdoc,Research,80,Very High,1,90,Postdoc,https://www.daad.de/en/,Grant / Scholarship,6-24 Months
4054,Study Visits for Academics - Artistic Disciplines and Architecture,Study Visits for Academics - Artists and Architects,Postdoctoral researchers | Graduates | Faculty,"Engineering | Art, Music and Sport","Bahamas | Barbados | Venezuela, Bolivarian Republic of | Peru | Paraguay | Colombia | Chile | Guyana | Ecuador | Belize | Argentina | Uruguay | Brazil | Bolivia | United States of America | Canada | Vietnam | Thailand | Singapore | Suriname | Philippines | Mongolia | Malaysia | Macao (CN) | Lao People's Democratic Republic | Cambodia | Indonesia | Hong Kong (CN) | Taiwan | China, PR | Myanmar | Bhutan | Palestinian Territories | Lebanon | Iraq | Kosovo | Montenegro | Serbia | North Macedonia | Bosnia and Herzegovina | Croatia | Slovenia | Slovakia | Tajikistan | Kyrgyzstan | Uzbekistan | Kazakhstan | Turkmenistan | Georgia | Azerbaijan | Armenia | Moldova, Republic of | Belarus | Ukraine | Lithuania | Estonia | Latvia | Hungary | Czech Republic | Romania | Poland | Bulgaria | Albania | Vatican City | Turkey | Spain | Switzerland | Sweden | San Marino | Portugal | Austria | Norway | Netherlands | Monaco | Malta | Luxembourg | Liechtenstein | Italy | Iceland | Ireland | United Kingdom | Greece | France | Finland | Denmark | Cyprus | Belgium | Andorra | Haiti | Guatemala | El Salvador | Dominican Republic | Cuba | Costa Rica | Honduras | New Zealand | Australia | Sri Lanka | Pakistan | Nepal | Iran | India | Bangladesh | Egypt | Tunisia | Morocco | Libya | Algeria | Saint Kitts and Nevis | Saint Vincent and the Grenadines | Saint Lucia | Grenada | Dominica | Antigua and Barbuda | Trinidad and Tobago | Panama | Jamaica | Mexico | Nicaragua | Korea, the Republic of",Research/Doctorate/PhD,1,DAAD grants for university teachers and artists which enable them to continue their education with a study visit to Germany and intensify artistic cooperations with German host institutions.,DAAD,Germany,,,,,,Europe,Rolling / Annual,Grant,0,Postdoc,Research,80,Very High,1,90,Postdoc,https://www.daad.de/en/,Grant / Scholarship,6-24 Months
4055,Research Grants in Germany,Research Grants in Germany,Postdoctoral researchers | Doctoral candidates/PhD students,"Languages and Cultural Studies | Law, Economics and Social Sciences | Mathematics and Natural Sciences | Human Medicine | Veterinary Medicine, Agricultural, Forest and Nutritional Sciences, Ecology | Engineering | Art, Music and Sport","India | Iran | Venezuela, Bolivarian Republic of | Bahamas | Barbados | Honduras | Pakistan | Costa Rica | Sri Lanka | Cuba | Dominican Republic | El Salvador | Guatemala | Andorra | Haiti | Belize | Jamaica | Mexico | Nicaragua | Panama | Trinidad and Tobago | Australia | Antigua and Barbuda | Dominica | Grenada | Saint Lucia | Saint Vincent and the Grenadines | Saint Kitts and Nevis | Angola | Ethiopia | Botswana | Burundi | Benin | Côte d'Ivoire | Djibouti | Gabon | Gambia | Ghana | Guinea | Guinea-Bissau | Equatorial Guinea | New Zealand | Cameroon | Cape Verde | Kenya | Libya | Congo | Congo, Democratic Republic | Lesotho | Liberia | Madagascar | Malawi | Mali | Mauritania | Mauritius | Mozambique | Comoros | Eswatani | Niger | Nigeria | Burkina Faso | Latvia | Estonia | Lithuania | Ukraine | Belarus | Moldova, Republic of | Armenia | Azerbaijan | Georgia | Turkmenistan | Kazakhstan | Uzbekistan | Kyrgyzstan | Tajikistan | Slovakia | Slovenia | Croatia | Bosnia and Herzegovina | North Macedonia | Serbia | Montenegro | Kosovo | Iraq | Israel | Jordan | Lebanon | Palestinian Territories | Myanmar | China, PR | Taiwan | Hong Kong (CN) | Indonesia | Japan | Cambodia | Korea, the Republic of | Lao People's Democratic Republic | Macao (CN) | Malaysia | Mongolia | Philippines | Singapore | Thailand | Vietnam | Canada | United States of America | Argentina | Bolivia | Chile | Ecuador | Guyana | Suriname | Colombia | Paraguay | Peru | Uruguay | Belgium | Cyprus | Denmark | Finland | France | Greece | United Kingdom | Ireland | Iceland | Italy | Liechtenstein | Luxembourg | Malta | Monaco | Netherlands | Norway | Austria | Portugal | San Marino | Sweden | Switzerland | Spain | Turkey | Vatican City | Albania | Bulgaria | Poland | Romania | Czech Republic | Hungary | Tunisia | Egypt | Bangladesh | Zimbabwe | Rwanda | Zambia | Sao Tome and Principe | Senegal | Seychelles | Sierra Leone | Algeria | Somalia | South Africa | Sudan | Namibia | Tanzania, United Republic of | Togo | Chad | Uganda | Central African Republic | Nepal | Morocco | South Sudan",Research/Doctorate/PhD,1,"The research grant offers the opportunity to realise a research project in Germany. During a doctorate funding is available for 2 to 12 months, and in the early postdoc phase for 2 to 6 months.",DAAD,Germany,,,,,,Europe,Rolling / Annual,Grant,0,Postdoc,Research,80,Very High,1,90,Postdoc,https://www.daad.de/en/,Grant / Scholarship,6-24 Months
4065,KOSPIE Tunisia,KOSPIE Combined study and practice stays for engineers from developing countries Tunisia,Undergraduates | Graduates,Mathematics and Natural Sciences | Engineering,Tunisia,Research/Doctorate/PhD,1,"As part of the scholarship programme KOSPIE, students from Tunisia in engineering subjects and informatics complete a short study and practical stay at selected German universities to carry out their final thesis project.<br />
",DAAD,Germany,,,,,,Europe,Rolling / Annual,Scholarship,0,PhD,Research,80,Medium,1,90,PhD,https://www.daad.de/en/,Grant / Scholarship,3-4 Years
4086,Göttingen Academy of Sciences and Humanities: Hannah Arendt Fellowships,Göttingen Academy of Sciences and Humanities: Hannah Arendt Fellowships,Postdoctoral researchers | Faculty,"Languages and Cultural Studies | Law, Economics and Social Sciences","South Africa | Egypt | Bulgaria | India | Indonesia | Israel | Kazakhstan | Croatia | Malaysia | Romania | Singapore | Slovakia | Slovenia | Turkey | Thailand | Czech Republic | Ukraine | China, PR | Cyprus | Estonia | Latvia | Lithuania | Australia | Denmark | Finland | France | Greece | Ireland | Austria | Italy | Japan | Canada | New Zealand | Netherlands | Norway | Poland | Portugal | Sweden | Switzerland | Spain | United Kingdom | Hungary | United States of America | Uruguay | Argentina | Bolivia | Brazil | Chile | Costa Rica | Ecuador | Guatemala | Honduras | Colombia | Cuba | Mexico | Panama | Paraguay | Peru | Venezuela, Bolivarian Republic of | Nicaragua | Belgium | Palestinian Territories | Kenya | Luxembourg | Albania | Armenia | Azerbaijan | Belarus | Bosnia and Herzegovina | Georgia | Serbia | Kyrgyzstan | North Macedonia | Moldova, Republic of | Tajikistan | Turkmenistan | Uzbekistan | Andorra | Iceland | Liechtenstein | Malta | Monaco | San Marino | Vatican City | Bahrain | Iraq | Jordan | Qatar | Kuwait | Lebanon | Oman | Saudi Arabia | Yemen | Syrian Arab Republic (Syria) | United Arab Emirates | Bhutan | Myanmar | Brunei Darussalam | Taiwan | Hong Kong (CN) | Cambodia | Korea, the Republic of | 107 | Lao People's Democratic Republic | Macao (CN) | Mongolia | Philippines | Vietnam | Guyana | French Guayana | Suriname | Bahamas | Barbados | Bermudas | Dominican Republic | El Salvador | Guadeloupe | Haiti | Belize | Jamaica | Montserrat | Martinique | The Dutch Antilles | Puerto Rico | Trinidad and Tobago | Anguilla | Antigua and Barbuda | Dominica | Grenada | Saint Lucia | Saint Vincent and the Grenadines | Angola | Ethiopia | Botswana | Burundi | Benin | Côte d'Ivoire | Djibouti | Gabon | Gambia | Ghana | Guinea | Guinea-Bissau | Equatorial Guinea | Cameroon | Cape Verde | Congo | Congo, Democratic Republic | Lesotho | Liberia | Madagascar | Malawi | Mali | Mauritania | Mauritius | Mozambique | Comoros | Eswatani | Niger | Nigeria | Burkina Faso | Réunion | Zimbabwe | Rwanda | Zambia | Sao Tome and Principe | Senegal | Seychelles | Sierra Leone | Somalia | Sudan | Namibia | Tanzania, United Republic of | Togo | Chad | Uganda | Central African Republic | Eritrea | Algeria | Libya | Morocco | Tunisia | Afghanistan | Bangladesh | Iran | Nepal | Pakistan | Sri Lanka | Fiji | Samoa | Tahiti | Tonga | Papua New Guinea | Nauru | New Caledonia | Solomon Islands | Kiribati | Cook Islands | Niue | Vanuatu | Tuvalu | Marshall Islands | Micronesia, Federated States of | Timor-Leste | Maldives | Saint Kitts and Nevis | Guam | Palau | Montenegro | Kosovo | South Sudan",Research/Doctorate/PhD,0,"The Hannah Arendt Fellowships offer outstanding international scholars the opportunity to pursue independent research for up to 6 months in Lower Saxony (Germany). The programme is a funding initiative of zukunft.niedersachsen, a joint",DAAD,Germany,,,,,,Europe,Rolling / Annual,Fellowship,0,Postdoc,Research,80,Very High,1,90,Postdoc,https://www.daad.de/en/,Grant / Scholarship,6-24 Months
4088,Future Ukraine: Research Grants,Future Ukraine: Research Grants for Ukrainian Master´s students and researchers ,Postdoctoral researchers | Graduates | Doctoral candidates/PhD students | Faculty,"Languages and Cultural Studies | Law, Economics and Social Sciences | Mathematics and Natural Sciences | Human Medicine | Veterinary Medicine, Agricultural, Forest and Nutritional Sciences, Ecology | Engineering | Art, Music and Sport",Ukraine,Research/Doctorate/PhD,1,"Research scholarships for very well qualified Ukrainian students and researchers working at universities in Ukraine, regardless of their current place of residence.",DAAD,Germany,,,,,,Europe,Rolling / Annual,Scholarship,0,Postdoc,Research,80,Very High,1,90,Postdoc,https://www.daad.de/en/,Grant / Scholarship,6-24 Months
4094,Joint Rustaveli-DAAD-fellowship programme,Joint Rustaveli-DAAD-fellowship programme,Postdoctoral researchers | Doctoral candidates/PhD students,"Languages and Cultural Studies | Law, Economics and Social Sciences | Mathematics and Natural Sciences | Human Medicine | Veterinary Medicine, Agricultural, Forest and Nutritional Sciences, Ecology | Engineering | Art, Music and Sport",Georgia,Research/Doctorate/PhD,1,These scholarships offer doctoral students and young researchers from Georgia the opportunity to carry out research in Germany. The scholarships also encourage students to network with German colleagues.,DAAD,Germany,,,,,,Europe,Rolling / Annual,Scholarship,0,Postdoc,Research,80,Very High,1,90,Postdoc,https://www.daad.de/en/,Grant / Scholarship,6-24 Months
4095,Third Country Scholarships for Postgraduate Studies for Students from,In-Region Scholarships for Postgraduate Studies for Yemenis in Jordan,Graduates,"Languages and Cultural Studies | Law, Economics and Social Sciences | Mathematics and Natural Sciences | Human Medicine | Veterinary Medicine, Agricultural, Forest and Nutritional Sciences, Ecology | Engineering | Art, Music and Sport",Yemen,Study,1,This programme offers Yemeni graduates the opportunity to gain a Master's degree at selected Jordanian universities in Amman and Irbid,DAAD,Germany,,,,,,Europe,Rolling / Annual,Scholarship,0,Masters,Study,80,Medium,1,90,Masters,https://www.daad.de/en/,Grant / Scholarship,1-2 Years
4098,Zukunftsnetzwerk Weimarer Dreieck,Future Network Weimar Triangle: Science for Europe - Doctoral candidates (to Germany),Doctoral candidates/PhD students,"Languages and Cultural Studies | Law, Economics and Social Sciences | Mathematics and Natural Sciences | Human Medicine | Veterinary Medicine, Agricultural, Forest and Nutritional Sciences, Ecology | Engineering | Art, Music and Sport",Poland | France,Research/Doctorate/PhD,1,"The programme “Future Network Weimar Triangle: Science for Europe” aims to expand the political initiative “Weimar Triangle”, launched in 1991 by the foreign ministers of Germany, France, and Poland, to include a sustainable science",DAAD,Germany,,,,,,Europe,Rolling / Annual,Scholarship,0,PhD,Research,80,Medium,1,90,PhD,https://www.daad.de/en/,Grant / Scholarship,3-4 Years
4099,Zukunftsnetzwerk Weimarer Dreieck,Future Network Weimar Triangle: Science for Europe - Postdoctoral researchers (to Germany),Postdoctoral researchers,"Languages and Cultural Studies | Law, Economics and Social Sciences | Mathematics and Natural Sciences | Human Medicine | Veterinary Medicine, Agricultural, Forest and Nutritional Sciences, Ecology | Engineering | Art, Music and Sport",France | Poland,Research/Doctorate/PhD,1,"The programme “Future Network Weimar Triangle: Science for Europe” aims to expand the political initiative “Weimar Triangle”, launched in 1991 by the foreign ministers of Germany, France, and Poland, to include a sustainable science",DAAD,Germany,,,,,,Europe,Rolling / Annual,Scholarship,0,Postdoc,Research,80,Very High,1,90,Postdoc,https://www.daad.de/en/,Grant / Scholarship,6-24 Months
4112,In-Country Palestinian Territories,In-Country Scholarships for Postgraduate Studies for Palestinians in the Palestinian Territories (West Bank),Graduates,"Law, Economics and Social Sciences | Mathematics and Natural Sciences | Human Medicine | Veterinary Medicine, Agricultural, Forest and Nutritional Sciences, Ecology | Engineering",Palestinian Territories,Study,1,The 'In-Country Scholarships for Postgraduate Studies for Palestinians in the Palestinian Territories (West Bank) ' offer Palestinian graduates the opportunity to gain a Master's degree at selected Palestinian universities in the West Bank,DAAD,Germany,,,,,,Europe,Rolling / Annual,Scholarship,0,Masters,Study,80,Medium,1,90,Masters,https://www.daad.de/en/,Grant / Scholarship,1-2 Years
GKS-1,GKS Scholarship - AJOU UNIVERSITY,Global Korea Scholarship,Undergraduates,All Fields,International,Study,0,GKS opportunity at AJOU UNIVERSITY under the Type A track.,GKS,South Korea,,Full Scholarship,Bachelor,,https://www.studyinkorea.go.kr,East Asia,Annual,Scholarship,1,Bachelor,Study,95,High,0,88,Bachelor,https://www.studyinkorea.go.kr,Full Funding,3-5 Years
GKS-2,GKS Scholarship - CHUNG-ANG UNIVERSITY,Global Korea Scholarship,Undergraduates,All Fields,International,Study,0,GKS opportunity at CHUNG-ANG UNIVERSITY under the Type A track.,GKS,South Korea,,Full Scholarship,Bachelor,,https://www.studyinkorea.go.kr,East Asia,Annual,Scholarship,1,Bachelor,Study,95,High,0,88,Bachelor,https://www.studyinkorea.go.kr,Full Funding,3-5 Years
GKS-3,GKS Scholarship - DONGGUK UNIVERSITY(Seoul),Global Korea Scholarship,Undergraduates,All Fields,International,Study,0,GKS opportunity at DONGGUK UNIVERSITY(Seoul) under the Type A track.,GKS,South Korea,,Full Scholarship,Bachelor,,https://www.studyinkorea.go.kr,East Asia,Annual,Scholarship,1,Bachelor,Study,95,High,0,88,Bachelor,https://www.studyinkorea.go.kr,Full Funding,3-5 Years
GKS-4,GKS Scholarship - DUKSUNG WOMEN'S UNIVERSITY,Global Korea Scholarship,Undergraduates,All Fields,International,Study,0,GKS opportunity at DUKSUNG WOMEN'S UNIVERSITY under the Type A track.,GKS,South Korea,,Full Scholarship,Bachelor,,https://www.studyinkorea.go.kr,East Asia,Annual,Scholarship,1,Bachelor,Study,95,High,0,88,Bachelor,https://www.studyinkorea.go.kr,Full Funding,3-5 Years
GKS-5,GKS Scholarship - EWHA WOMANS UNIVERSITY,Global Korea Scholarship,Undergraduates,All Fields,International,Study,0,GKS opportunity at EWHA WOMANS UNIVERSITY under the Type A track.,GKS,South Korea,,Full Scholarship,Bachelor,,https://www.studyinkorea.go.kr,East Asia,Annual,Scholarship,1,Bachelor,Study,95,High,0,88,Bachelor,https://www.studyinkorea.go.kr,Full Funding,3-5 Years
GKS-6,GKS Scholarship - HANKUK UNIVERSITY OF FOREIGN STUDIES,Global Korea Scholarship,Undergraduates,All Fields,International,Study,0,GKS opportunity at HANKUK UNIVERSITY OF FOREIGN STUDIES under the Type A track.,GKS,South Korea,,Full Scholarship,Bachelor,,https://www.studyinkorea.go.kr,East Asia,Annual,Scholarship,1,Bachelor,Study,95,High,0,88,Bachelor,https://www.studyinkorea.go.kr,Full Funding,3-5 Years
GKS-7,GKS Scholarship - HANSUNG UNIVERSITY,Global Korea Scholarship,Undergraduates,All Fields,International,Study,0,GKS opportunity at HANSUNG UNIVERSITY under the Type A track.,GKS,South Korea,,Full Scholarship,Bachelor,,https://www.studyinkorea.go.kr,East Asia,Annual,Scholarship,1,Bachelor,Study,95,High,0,88,Bachelor,https://www.studyinkorea.go.kr,Full Funding,3-5 Years
GKS-8,GKS Scholarship - HANYANG UNIVERSITY,Global Korea Scholarship,Undergraduates,All Fields,International,Study,0,GKS opportunity at HANYANG UNIVERSITY under the Type A track.,GKS,South Korea,,Full Scholarship,Bachelor,,https://www.studyinkorea.go.kr,East Asia,Annual,Scholarship,1,Bachelor,Study,95,High,0,88,Bachelor,https://www.studyinkorea.go.kr,Full Funding,3-5 Years
GKS-9,GKS Scholarship - HONGIK UNIVERSITY,Global Korea Scholarship,Undergraduates,All Fields,International,Study,0,GKS opportunity at HONGIK UNIVERSITY under the Type A track.,GKS,South Korea,,Full Scholarship,Bachelor,,https://www.studyinkorea.go.kr,East Asia,Annual,Scholarship,1,Bachelor,Study,95,High,0,88,Bachelor,https://www.studyinkorea.go.kr,Full Funding,3-5 Years
GKS-10,GKS Scholarship - INCHEON NATIONAL UNIVERSITY,Global Korea Scholarship,Undergraduates,All Fields,International,Study,0,GKS opportunity at INCHEON NATIONAL UNIVERSITY under the Type A track.,GKS,South Korea,,Full Scholarship,Bachelor,,https://www.studyinkorea.go.kr,East Asia,Annual,Scholarship,1,Bachelor,Study,95,High,0,88,Bachelor,https://www.studyinkorea.go.kr,Full Funding,3-5 Years
GKS-11,GKS Scholarship - INHA UNIVERSITY,Global Korea Scholarship,Undergraduates,All Fields,International,Study,0,GKS opportunity at INHA UNIVERSITY under the Type A track.,GKS,South Korea,,Full Scholarship,Bachelor,,https://www.studyinkorea.go.kr,East Asia,Annual,Scholarship,1,Bachelor,Study,95,High,0,88,Bachelor,https://www.studyinkorea.go.kr,Full Funding,3-5 Years
GKS-12,GKS Scholarship - KONKUK UNIVERSITY,Global Korea Scholarship,Undergraduates,All Fields,International,Study,0,GKS opportunity at KONKUK UNIVERSITY under the Type A track.,GKS,South Korea,,Full Scholarship,Bachelor,,https://www.studyinkorea.go.kr,East Asia,Annual,Scholarship,1,Bachelor,Study,95,High,0,88,Bachelor,https://www.studyinkorea.go.kr,Full Funding,3-5 Years
GKS-13,GKS Scholarship - KOOKMIN UNIVERSITY,Global Korea Scholarship,Undergraduates,All Fields,International,Study,0,GKS opportunity at KOOKMIN UNIVERSITY under the Type A track.,GKS,South Korea,,Full Scholarship,Bachelor,,https://www.studyinkorea.go.kr,East Asia,Annual,Scholarship,1,Bachelor,Study,95,High,0,88,Bachelor,https://www.studyinkorea.go.kr,Full Funding,3-5 Years
GKS-14,GKS Scholarship - KOREA UNIVERSITY,Global Korea Scholarship,Undergraduates,All Fields,International,Study,0,GKS opportunity at KOREA UNIVERSITY under the Type A track.,GKS,South Korea,,Full Scholarship,Bachelor,,https://www.studyinkorea.go.kr,East Asia,Annual,Scholarship,1,Bachelor,Study,95,High,0,88,Bachelor,https://www.studyinkorea.go.kr,Full Funding,3-5 Years
GKS-15,GKS Scholarship - KYUNG HEE UNIVERSITY,Global Korea Scholarship,Undergraduates,All Fields,International,Study,0,GKS opportunity at KYUNG HEE UNIVERSITY under the Type A track.,GKS,South Korea,,Full Scholarship,Bachelor,,https://www.studyinkorea.go.kr,East Asia,Annual,Scholarship,1,Bachelor,Study,95,High,0,88,Bachelor,https://www.studyinkorea.go.kr,Full Funding,3-5 Years
GKS-16,GKS Scholarship - MYONGJI UNIVERSITY（Yongin campus),Global Korea Scholarship,Undergraduates,All Fields,International,Study,0,GKS opportunity at MYONGJI UNIVERSITY（Yongin campus) under the Type A track.,GKS,South Korea,,Full Scholarship,Bachelor,,https://www.studyinkorea.go.kr,East Asia,Annual,Scholarship,1,Bachelor,Study,95,High,0,88,Bachelor,https://www.studyinkorea.go.kr,Full Funding,3-5 Years
GKS-17,GKS Scholarship - Pohang University of Science and Technology (POSTECH),Global Korea Scholarship,Undergraduates,All Fields,International,Study,0,GKS opportunity at Pohang University of Science and Technology (POSTECH) under the Type A track.,GKS,South Korea,,Full Scholarship,Bachelor,,https://www.studyinkorea.go.kr,East Asia,Annual,Scholarship,1,Bachelor,Study,95,High,0,88,Bachelor,https://www.studyinkorea.go.kr,Full Funding,3-5 Years
GKS-18,GKS Scholarship - SEOKYEONG UNIVERSITY,Global Korea Scholarship,Undergraduates,All Fields,International,Study,0,GKS opportunity at SEOKYEONG UNIVERSITY under the Type A track.,GKS,South Korea,,Full Scholarship,Bachelor,,https://www.studyinkorea.go.kr,East Asia,Annual,Scholarship,1,Bachelor,Study,95,High,0,88,Bachelor,https://www.studyinkorea.go.kr,Full Funding,3-5 Years
GKS-19,GKS Scholarship - SEOUL NATIONAL UNIVERSITY,Global Korea Scholarship,Undergraduates,All Fields,International,Study,0,GKS opportunity at SEOUL NATIONAL UNIVERSITY under the Type A track.,GKS,South Korea,,Full Scholarship,Bachelor,,https://www.studyinkorea.go.kr,East Asia,Annual,Scholarship,1,Bachelor,Study,95,High,0,88,Bachelor,https://www.studyinkorea.go.kr,Full Funding,3-5 Years
GKS-20,GKS Scholarship - SEOUL NATIONAL UNIVERSITY OF SCIENCE AND TECHNOLOGY,Global Korea Scholarship,Undergraduates,All Fields,International,Study,0,GKS opportunity at SEOUL NATIONAL UNIVERSITY OF SCIENCE AND TECHNOLOGY under the Type A track.,GKS,South Korea,,Full Scholarship,Bachelor,,https://www.studyinkorea.go.kr,East Asia,Annual,Scholarship,1,Bachelor,Study,95,High,0,88,Bachelor,https://www.studyinkorea.go.kr,Full Funding,3-5 Years
GKS-21,GKS Scholarship - SOGANG UNIVERSITY,Global Korea Scholarship,Undergraduates,All Fields,International,Study,0,GKS opportunity at SOGANG UNIVERSITY under the Type A track.,GKS,South Korea,,Full Scholarship,Bachelor,,https://www.studyinkorea.go.kr,East Asia,Annual,Scholarship,1,Bachelor,Study,95,High,0,88,Bachelor,https://www.studyinkorea.go.kr,Full Funding,3-5 Years
GKS-22,GKS Scholarship - SOOKMYUNG WOMEN'S UNIVERSITY,Global Korea Scholarship,Undergraduates,All Fields,International,Study,0,GKS opportunity at SOOKMYUNG WOMEN'S UNIVERSITY under the Type A track.,GKS,South Korea,,Full Scholarship,Bachelor,,https://www.studyinkorea.go.kr,East Asia,Annual,Scholarship,1,Bachelor,Study,95,High,0,88,Bachelor,https://www.studyinkorea.go.kr,Full Funding,3-5 Years
GKS-23,GKS Scholarship - SUNGKYUNKWAN UNIVERSITY (SKKU),Global Korea Scholarship,Undergraduates,All Fields,International,Study,0,GKS opportunity at SUNGKYUNKWAN UNIVERSITY (SKKU) under the Type A track.,GKS,South Korea,,Full Scholarship,Bachelor,,https://www.studyinkorea.go.kr,East Asia,Annual,Scholarship,1,Bachelor,Study,95,High,0,88,Bachelor,https://www.studyinkorea.go.kr,Full Funding,3-5 Years
GKS-24,GKS Scholarship - Shinhan University,Global Korea Scholarship,Undergraduates,All Fields,International,Study,0,GKS opportunity at Shinhan University under the Type A track.,GKS,South Korea,,Full Scholarship,Bachelor,,https://www.studyinkorea.go.kr,East Asia,Annual,Scholarship,1,Bachelor,Study,95,High,0,88,Bachelor,https://www.studyinkorea.go.kr,Full Funding,3-5 Years
GKS-25,GKS Scholarship - Sungshin Women's University,Global Korea Scholarship,Undergraduates,All Fields,International,Study,0,GKS opportunity at Sungshin Women's University under the Type A track.,GKS,South Korea,,Full Scholarship,Bachelor,,https://www.studyinkorea.go.kr,East Asia,Annual,Scholarship,1,Bachelor,Study,95,High,0,88,Bachelor,https://www.studyinkorea.go.kr,Full Funding,3-5 Years
GKS-26,GKS Scholarship - TECH UNIVERSITY OF KOREA,Global Korea Scholarship,Undergraduates,All Fields,International,Study,0,GKS opportunity at TECH UNIVERSITY OF KOREA under the Type A track.,GKS,South Korea,,Full Scholarship,Bachelor,,https://www.studyinkorea.go.kr,East Asia,Annual,Scholarship,1,Bachelor,Study,95,High,0,88,Bachelor,https://www.studyinkorea.go.kr,Full Funding,3-5 Years
GKS-27,GKS Scholarship - UNIVERSITY OF SEOUL,Global Korea Scholarship,Undergraduates,All Fields,International,Study,0,GKS opportunity at UNIVERSITY OF SEOUL under the Type A track.,GKS,South Korea,,Full Scholarship,Bachelor,,https://www.studyinkorea.go.kr,East Asia,Annual,Scholarship,1,Bachelor,Study,95,High,0,88,Bachelor,https://www.studyinkorea.go.kr,Full Funding,3-5 Years
GKS-28,GKS Scholarship - Ulsan National Institute of Science and Technology (UNIST),Global Korea Scholarship,Undergraduates,All Fields,International,Study,0,GKS opportunity at Ulsan National Institute of Science and Technology (UNIST) under the Type A track.,GKS,South Korea,,Full Scholarship,Bachelor,,https://www.studyinkorea.go.kr,East Asia,Annual,Scholarship,1,Bachelor,Study,95,High,0,88,Bachelor,https://www.studyinkorea.go.kr,Full Funding,3-5 Years
GKS-29,GKS Scholarship - YONSEI UNIVERSITY,Global Korea Scholarship,Undergraduates,All Fields,International,Study,0,GKS opportunity at YONSEI UNIVERSITY under the Type A track.,GKS,South Korea,,Full Scholarship,Bachelor,,https://www.studyinkorea.go.kr,East Asia,Annual,Scholarship,1,Bachelor,Study,95,High,0,88,Bachelor,https://www.studyinkorea.go.kr,Full Funding,3-5 Years
GKS-30,GKS Scholarship - DAEGU UNIVERSITY,Global Korea Scholarship,Undergraduates,Engineering,International,Study,0,GKS opportunity at DAEGU UNIVERSITY under the UIC track.,GKS,South Korea,,Full Scholarship,Bachelor,,https://www.studyinkorea.go.kr,East Asia,Annual,Scholarship,1,Bachelor,Study,95,High,1,88,Bachelor,https://www.studyinkorea.go.kr,Full Funding,3-5 Years
GKS-31,GKS Scholarship - DONG-A UNIVERSITY,Global Korea Scholarship,Undergraduates,Engineering,International,Study,0,GKS opportunity at DONG-A UNIVERSITY under the UIC track.,GKS,South Korea,,Full Scholarship,Bachelor,,https://www.studyinkorea.go.kr,East Asia,Annual,Scholarship,1,Bachelor,Study,95,High,1,88,Bachelor,https://www.studyinkorea.go.kr,Full Funding,3-5 Years
GKS-32,GKS Scholarship - INJE UNIVERSITY,Global Korea Scholarship,Undergraduates,Engineering,International,Study,0,GKS opportunity at INJE UNIVERSITY under the UIC track.,GKS,South Korea,,Full Scholarship,Bachelor,,https://www.studyinkorea.go.kr,East Asia,Annual,Scholarship,1,Bachelor,Study,95,High,1,88,Bachelor,https://www.studyinkorea.go.kr,Full Funding,3-5 Years
GKS-33,GKS Scholarship - KEIMYUNG UNIVERSITY,Global Korea Scholarship,Undergraduates,Engineering,International,Study,0,GKS opportunity at KEIMYUNG UNIVERSITY under the UIC track.,GKS,South Korea,,Full Scholarship,Bachelor,,https://www.studyinkorea.go.kr,East Asia,Annual,Scholarship,1,Bachelor,Study,95,High,1,88,Bachelor,https://www.studyinkorea.go.kr,Full Funding,3-5 Years
GKS-34,GKS Scholarship - KONYANG UNIVERSITY,Global Korea Scholarship,Undergraduates,Engineering,International,Study,0,GKS opportunity at KONYANG UNIVERSITY under the UIC track.,GKS,South Korea,,Full Scholarship,Bachelor,,https://www.studyinkorea.go.kr,East Asia,Annual,Scholarship,1,Bachelor,Study,95,High,1,88,Bachelor,https://www.studyinkorea.go.kr,Full Funding,3-5 Years
GKS-35,GKS Scholarship - KOREATECH(Korea University of Technology and Education),Global Korea Scholarship,Undergraduates,Engineering,International,Study,0,GKS opportunity at KOREATECH(Korea University of Technology and Education) under the UIC track.,GKS,South Korea,,Full Scholarship,Bachelor,,https://www.studyinkorea.go.kr,East Asia,Annual,Scholarship,1,Bachelor,Study,95,High,1,88,Bachelor,https://www.studyinkorea.go.kr,Full Funding,3-5 Years
GKS-36,GKS Scholarship - YEUNGNAM UNIVERSITY,Global Korea Scholarship,Undergraduates,Engineering,International,Study,0,GKS opportunity at YEUNGNAM UNIVERSITY under the UIC track.,GKS,South Korea,,Full Scholarship,Bachelor,,https://www.studyinkorea.go.kr,East Asia,Annual,Scholarship,1,Bachelor,Study,95,High,1,88,Bachelor,https://www.studyinkorea.go.kr,Full Funding,3-5 Years
GKS-37,GKS Scholarship - Ajou University,Global Korea Scholarship,Graduates | Doctoral Candidates,All Fields,International,Study,0,GKS opportunity at Ajou University under the Type A track.,GKS,South Korea,,Full Scholarship,Masters | PhD,,https://www.studyinkorea.go.kr,East Asia,Annual,Scholarship,1,Masters | PhD,Study,95,High,0,88,Masters | PhD,https://www.studyinkorea.go.kr,Full Funding,2-4 Years
GKS-38,GKS Scholarship - Chung-Ang University,Global Korea Scholarship,Graduates | Doctoral Candidates,All Fields,International,Study,0,GKS opportunity at Chung-Ang University under the Type A track.,GKS,South Korea,,Full Scholarship,Masters | PhD,,https://www.studyinkorea.go.kr,East Asia,Annual,Scholarship,1,Masters | PhD,Study,95,High,0,88,Masters | PhD,https://www.studyinkorea.go.kr,Full Funding,2-4 Years
GKS-39,GKS Scholarship - Dankook University,Global Korea Scholarship,Graduates | Doctoral Candidates,All Fields,International,Study,0,GKS opportunity at Dankook University under the Type A track.,GKS,South Korea,,Full Scholarship,Masters | PhD,,https://www.studyinkorea.go.kr,East Asia,Annual,Scholarship,1,Masters | PhD,Study,95,High,0,88,Masters | PhD,https://www.studyinkorea.go.kr,Full Funding,2-4 Years
GKS-40,GKS Scholarship - DGIST (Daegu Gyeongbuk Institute of Science and Technology),Global Korea Scholarship,Graduates | Doctoral Candidates,All Fields,International,Study,0,GKS opportunity at DGIST (Daegu Gyeongbuk Institute of Science and Technology) under the Type A track.,GKS,South Korea,,Full Scholarship,Masters | PhD,,https://www.studyinkorea.go.kr,East Asia,Annual,Scholarship,1,Masters | PhD,Study,95,High,0,88,Masters | PhD,https://www.studyinkorea.go.kr,Full Funding,2-4 Years
GKS-41,GKS Scholarship - Dongguk University,Global Korea Scholarship,Graduates | Doctoral Candidates,All Fields,International,Study,0,GKS opportunity at Dongguk University under the Type A track.,GKS,South Korea,,Full Scholarship,Masters | PhD,,https://www.studyinkorea.go.kr,East Asia,Annual,Scholarship,1,Masters | PhD,Study,95,High,0,88,Masters | PhD,https://www.studyinkorea.go.kr,Full Funding,2-4 Years
GKS-42,GKS Scholarship - Duksung Women's University,Global Korea Scholarship,Graduates | Doctoral Candidates,All Fields,International,Study,0,GKS opportunity at Duksung Women's University under the Type A track.,GKS,South Korea,,Full Scholarship,Masters | PhD,,https://www.studyinkorea.go.kr,East Asia,Annual,Scholarship,1,Masters | PhD,Study,95,High,0,88,Masters | PhD,https://www.studyinkorea.go.kr,Full Funding,2-4 Years
GKS-43,GKS Scholarship - Ewha Womans University,Global Korea Scholarship,Graduates | Doctoral Candidates,All Fields,International,Study,0,GKS opportunity at Ewha Womans University under the Type A track.,GKS,South Korea,,Full Scholarship,Masters | PhD,,https://www.studyinkorea.go.kr,East Asia,Annual,Scholarship,1,Masters | PhD,Study,95,High,0,88,Masters | PhD,https://www.studyinkorea.go.kr,Full Funding,2-4 Years
GKS-44,GKS Scholarship - GIST (Gwangju Institute of Science and Technology),Global Korea Scholarship,Graduates | Doctoral Candidates,All Fields,International,Study,0,GKS opportunity at GIST (Gwangju Institute of Science and Technology) under the Type A track.,GKS,South Korea,,Full Scholarship,Masters | PhD,,https://www.studyinkorea.go.kr,East Asia,Annual,Scholarship,1,Masters | PhD,Study,95,High,0,88,Masters | PhD,https://www.studyinkorea.go.kr,Full Funding,2-4 Years
GKS-45,GKS Scholarship - Hankuk University of Foreign Studies,Global Korea Scholarship,Graduates | Doctoral Candidates,All Fields,International,Study,0,GKS opportunity at Hankuk University of Foreign Studies under the Type A track.,GKS,South Korea,,Full Scholarship,Masters | PhD,,https://www.studyinkorea.go.kr,East Asia,Annual,Scholarship,1,Masters | PhD,Study,95,High,0,88,Masters | PhD,https://www.studyinkorea.go.kr,Full Funding,2-4 Years
GKS-46,GKS Scholarship - Hanyang University (ERICA),Global Korea Scholarship,Graduates | Doctoral Candidates,All Fields,International,Study,0,GKS opportunity at Hanyang University (ERICA) under the Type A track.,GKS,South Korea,,Full Scholarship,Masters | PhD,,https://www.studyinkorea.go.kr,East Asia,Annual,Scholarship,1,Masters | PhD,Study,95,High,0,88,Masters | PhD,https://www.studyinkorea.go.kr,Full Funding,2-4 Years
GKS-47,GKS Scholarship - Hanyang University (Seoul),Global Korea Scholarship,Graduates | Doctoral Candidates,All Fields,International,Study,0,GKS opportunity at Hanyang University (Seoul) under the Type A track.,GKS,South Korea,,Full Scholarship,Masters | PhD,,https://www.studyinkorea.go.kr,East Asia,Annual,Scholarship,1,Masters | PhD,Study,95,High,0,88,Masters | PhD,https://www.studyinkorea.go.kr,Full Funding,2-4 Years
GKS-48,GKS Scholarship - Hongik University,Global Korea Scholarship,Graduates | Doctoral Candidates,All Fields,International,Study,0,GKS opportunity at Hongik University under the Type A track.,GKS,South Korea,,Full Scholarship,Masters | PhD,,https://www.studyinkorea.go.kr,East Asia,Annual,Scholarship,1,Masters | PhD,Study,95,High,0,88,Masters | PhD,https://www.studyinkorea.go.kr,Full Funding,2-4 Years
GKS-49,GKS Scholarship - Incheon National University,Global Korea Scholarship,Graduates | Doctoral Candidates,All Fields,International,Study,0,GKS opportunity at Incheon National University under the Type A track.,GKS,South Korea,,Full Scholarship,Masters | PhD,,https://www.studyinkorea.go.kr,East Asia,Annual,Scholarship,1,Masters | PhD,Study,95,High,0,88,Masters | PhD,https://www.studyinkorea.go.kr,Full Funding,2-4 Years
GKS-50,GKS Scholarship - Inha University,Global Korea Scholarship,Graduates | Doctoral Candidates,All Fields,International,Study,0,GKS opportunity at Inha University under the Type A track.,GKS,South Korea,,Full Scholarship,Masters | PhD,,https://www.studyinkorea.go.kr,East Asia,Annual,Scholarship,1,Masters | PhD,Study,95,High,0,88,Masters | PhD,https://www.studyinkorea.go.kr,Full Funding,2-4 Years
GKS-51,GKS Scholarship - KAIST (Korea Advanced Institute of Science and Technology),Global Korea Scholarship,Graduates | Doctoral Candidates,All Fields,International,Study,0,GKS opportunity at KAIST (Korea Advanced Institute of Science and Technology) under the Type A track.,GKS,South Korea,,Full Scholarship,Masters | PhD,,https://www.studyinkorea.go.kr,East Asia,Annual,Scholarship,1,Masters | PhD,Study,95,High,0,88,Masters | PhD,https://www.studyinkorea.go.kr,Full Funding,2-4 Years
GKS-52,GKS Scholarship - KDI School of Public Policy and Management,Global Korea Scholarship,Graduates | Doctoral Candidates,All Fields,International,Study,0,GKS opportunity at KDI School of Public Policy and Management under the Type A track.,GKS,South Korea,,Full Scholarship,Masters | PhD,,https://www.studyinkorea.go.kr,East Asia,Annual,Scholarship,1,Masters | PhD,Study,95,High,0,88,Masters | PhD,https://www.studyinkorea.go.kr,Full Funding,2-4 Years
GKS-53,GKS Scholarship - Konkuk University,Global Korea Scholarship,Graduates | Doctoral Candidates,All Fields,International,Study,0,GKS opportunity at Konkuk University under the Type A track.,GKS,South Korea,,Full Scholarship,Masters | PhD,,https://www.studyinkorea.go.kr,East Asia,Annual,Scholarship,1,Masters | PhD,Study,95,High,0,88,Masters | PhD,https://www.studyinkorea.go.kr,Full Funding,2-4 Years
GKS-54,GKS Scholarship - Kookmin University,Global Korea Scholarship,Graduates | Doctoral Candidates,All Fields,International,Study,0,GKS opportunity at Kookmin University under the Type A track.,GKS,South Korea,,Full Scholarship,Masters | PhD,,https://www.studyinkorea.go.kr,East Asia,Annual,Scholarship,1,Masters | PhD,Study,95,High,0,88,Masters | PhD,https://www.studyinkorea.go.kr,Full Funding,2-4 Years
GKS-55,GKS Scholarship - Korea University,Global Korea Scholarship,Graduates | Doctoral Candidates,All Fields,International,Study,0,GKS opportunity at Korea University under the Type A track.,GKS,South Korea,,Full Scholarship,Masters | PhD,,https://www.studyinkorea.go.kr,East Asia,Annual,Scholarship,1,Masters | PhD,Study,95,High,0,88,Masters | PhD,https://www.studyinkorea.go.kr,Full Funding,2-4 Years
GKS-56,GKS Scholarship - Kyung Hee University,Global Korea Scholarship,Graduates | Doctoral Candidates,All Fields,International,Study,0,GKS opportunity at Kyung Hee University under the Type A track.,GKS,South Korea,,Full Scholarship,Masters | PhD,,https://www.studyinkorea.go.kr,East Asia,Annual,Scholarship,1,Masters | PhD,Study,95,High,0,88,Masters | PhD,https://www.studyinkorea.go.kr,Full Funding,2-4 Years
GKS-57,GKS Scholarship - NCC-GCSP (National Cancer Center Graduate School of Cancer Science and Policy),Global Korea Scholarship,Graduates | Doctoral Candidates,All Fields,International,Study,0,GKS opportunity at NCC-GCSP (National Cancer Center Graduate School of Cancer Science and Policy) under the Type A track.,GKS,South Korea,,Full Scholarship,Masters | PhD,,https://www.studyinkorea.go.kr,East Asia,Annual,Scholarship,1,Masters | PhD,Study,95,High,0,88,Masters | PhD,https://www.studyinkorea.go.kr,Full Funding,2-4 Years
GKS-58,GKS Scholarship - POSTECH (Pohang University of Science and Technology),Global Korea Scholarship,Graduates | Doctoral Candidates,All Fields,International,Study,0,GKS opportunity at POSTECH (Pohang University of Science and Technology) under the Type A track.,GKS,South Korea,,Full Scholarship,Masters | PhD,,https://www.studyinkorea.go.kr,East Asia,Annual,Scholarship,1,Masters | PhD,Study,95,High,0,88,Masters | PhD,https://www.studyinkorea.go.kr,Full Funding,2-4 Years
GKS-59,GKS Scholarship - Sejong University,Global Korea Scholarship,Graduates | Doctoral Candidates,All Fields,International,Study,0,GKS opportunity at Sejong University under the Type A track.,GKS,South Korea,,Full Scholarship,Masters | PhD,,https://www.studyinkorea.go.kr,East Asia,Annual,Scholarship,1,Masters | PhD,Study,95,High,0,88,Masters | PhD,https://www.studyinkorea.go.kr,Full Funding,2-4 Years
GKS-60,GKS Scholarship - Seokyeong University,Global Korea Scholarship,Graduates | Doctoral Candidates,All Fields,International,Study,0,GKS opportunity at Seokyeong University under the Type A track.,GKS,South Korea,,Full Scholarship,Masters | PhD,,https://www.studyinkorea.go.kr,East Asia,Annual,Scholarship,1,Masters | PhD,Study,95,High,0,88,Masters | PhD,https://www.studyinkorea.go.kr,Full Funding,2-4 Years
GKS-61,GKS Scholarship - Seoul National University,Global Korea Scholarship,Graduates | Doctoral Candidates,All Fields,International,Study,0,GKS opportunity at Seoul National University under the Type A track.,GKS,South Korea,,Full Scholarship,Masters | PhD,,https://www.studyinkorea.go.kr,East Asia,Annual,Scholarship,1,Masters | PhD,Study,95,High,0,88,Masters | PhD,https://www.studyinkorea.go.kr,Full Funding,2-4 Years
GKS-62,GKS Scholarship - SeoulTech (Seoul National University of Science and Technology),Global Korea Scholarship,Graduates | Doctoral Candidates,All Fields,International,Study,0,GKS opportunity at SeoulTech (Seoul National University of Science and Technology) under the Type A track.,GKS,South Korea,,Full Scholarship,Masters | PhD,,https://www.studyinkorea.go.kr,East Asia,Annual,Scholarship,1,Masters | PhD,Study,95,High,0,88,Masters | PhD,https://www.studyinkorea.go.kr,Full Funding,2-4 Years
GKS-63,GKS Scholarship - Sogang University,Global Korea Scholarship,Graduates | Doctoral Candidates,All Fields,International,Study,0,GKS opportunity at Sogang University under the Type A track.,GKS,South Korea,,Full Scholarship,Masters | PhD,,https://www.studyinkorea.go.kr,East Asia,Annual,Scholarship,1,Masters | PhD,Study,95,High,0,88,Masters | PhD,https://www.studyinkorea.go.kr,Full Funding,2-4 Years
GKS-64,GKS Scholarship - Sookmyung Women's University,Global Korea Scholarship,Graduates | Doctoral Candidates,All Fields,International,Study,0,GKS opportunity at Sookmyung Women's University under the Type A track.,GKS,South Korea,,Full Scholarship,Masters | PhD,,https://www.studyinkorea.go.kr,East Asia,Annual,Scholarship,1,Masters | PhD,Study,95,High,0,88,Masters | PhD,https://www.studyinkorea.go.kr,Full Funding,2-4 Years
GKS-65,GKS Scholarship - Soongsil University,Global Korea Scholarship,Graduates | Doctoral Candidates,All Fields,International,Study,0,GKS opportunity at Soongsil University under the Type A track.,GKS,South Korea,,Full Scholarship,Masters | PhD,,https://www.studyinkorea.go.kr,East Asia,Annual,Scholarship,1,Masters | PhD,Study,95,High,0,88,Masters | PhD,https://www.studyinkorea.go.kr,Full Funding,2-4 Years
GKS-66,GKS Scholarship - Sungkyunkwan University,Global Korea Scholarship,Graduates | Doctoral Candidates,All Fields,International,Study,0,GKS opportunity at Sungkyunkwan University under the Type A track.,GKS,South Korea,,Full Scholarship,Masters | PhD,,https://www.studyinkorea.go.kr,East Asia,Annual,Scholarship,1,Masters | PhD,Study,95,High,0,88,Masters | PhD,https://www.studyinkorea.go.kr,Full Funding,2-4 Years
GKS-67,GKS Scholarship - Sungshin Women's University,Global Korea Scholarship,Graduates | Doctoral Candidates,All Fields,International,Study,0,GKS opportunity at Sungshin Women's University under the Type A track.,GKS,South Korea,,Full Scholarship,Masters | PhD,,https://www.studyinkorea.go.kr,East Asia,Annual,Scholarship,1,Masters | PhD,Study,95,High,0,88,Masters | PhD,https://www.studyinkorea.go.kr,Full Funding,2-4 Years
GKS-68,GKS Scholarship - The Academy of Korean Studies,Global Korea Scholarship,Graduates | Doctoral Candidates,All Fields,International,Study,0,GKS opportunity at The Academy of Korean Studies under the Type A track.,GKS,South Korea,,Full Scholarship,Masters | PhD,,https://www.studyinkorea.go.kr,East Asia,Annual,Scholarship,1,Masters | PhD,Study,95,High,0,88,Masters | PhD,https://www.studyinkorea.go.kr,Full Funding,2-4 Years
GKS-69,GKS Scholarship - UNIST (Ulsan National Institute of Science and Technology),Global Korea Scholarship,Graduates | Doctoral Candidates,All Fields,International,Study,0,GKS opportunity at UNIST (Ulsan National Institute of Science and Technology) under the Type A track.,GKS,South Korea,,Full Scholarship,Masters | PhD,,https://www.studyinkorea.go.kr,East Asia,Annual,Scholarship,1,Masters | PhD,Study,95,High,0,88,Masters | PhD,https://www.studyinkorea.go.kr,Full Funding,2-4 Years
GKS-70,GKS Scholarship - University of Seoul,Global Korea Scholarship,Graduates | Doctoral Candidates,All Fields,International,Study,0,GKS opportunity at University of Seoul under the Type A track.,GKS,South Korea,,Full Scholarship,Masters | PhD,,https://www.studyinkorea.go.kr,East Asia,Annual,Scholarship,1,Masters | PhD,Study,95,High,0,88,Masters | PhD,https://www.studyinkorea.go.kr,Full Funding,2-4 Years
GKS-71,GKS Scholarship - Yonsei University,Global Korea Scholarship,Graduates | Doctoral Candidates,All Fields,International,Study,0,GKS opportunity at Yonsei University under the Type A track.,GKS,South Korea,,Full Scholarship,Masters | PhD,,https://www.studyinkorea.go.kr,East Asia,Annual,Scholarship,1,Masters | PhD,Study,95,High,0,88,Masters | PhD,https://www.studyinkorea.go.kr,Full Funding,2-4 Years
GKS-72,GKS Scholarship - Cheongju University,Global Korea Scholarship,Graduates | Doctoral Candidates,All Fields,International,Study,0,GKS opportunity at Cheongju University under the Type B track.,GKS,South Korea,,Full Scholarship,Masters | PhD,,https://www.studyinkorea.go.kr,East Asia,Annual,Scholarship,1,Masters | PhD,Study,95,High,0,88,Masters | PhD,https://www.studyinkorea.go.kr,Full Funding,2-4 Years
GKS-73,GKS Scholarship - Chonnam National University,Global Korea Scholarship,Graduates | Doctoral Candidates,All Fields,International,Study,0,GKS opportunity at Chonnam National University under the Type B track.,GKS,South Korea,,Full Scholarship,Masters | PhD,,https://www.studyinkorea.go.kr,East Asia,Annual,Scholarship,1,Masters | PhD,Study,95,High,0,88,Masters | PhD,https://www.studyinkorea.go.kr,Full Funding,2-4 Years
GKS-74,GKS Scholarship - Dong-A University,Global Korea Scholarship,Graduates | Doctoral Candidates,All Fields,International,Study,0,GKS opportunity at Dong-A University under the Type B track.,GKS,South Korea,,Full Scholarship,Masters | PhD,,https://www.studyinkorea.go.kr,East Asia,Annual,Scholarship,1,Masters | PhD,Study,95,High,0,88,Masters | PhD,https://www.studyinkorea.go.kr,Full Funding,2-4 Years
GKS-75,GKS Scholarship - Gyeongsang National University,Global Korea Scholarship,Graduates | Doctoral Candidates,All Fields,International,Study,0,GKS opportunity at Gyeongsang National University under the Type B track.,GKS,South Korea,,Full Scholarship,Masters | PhD,,https://www.studyinkorea.go.kr,East Asia,Annual,Scholarship,1,Masters | PhD,Study,95,High,0,88,Masters | PhD,https://www.studyinkorea.go.kr,Full Funding,2-4 Years
GKS-76,GKS Scholarship - Hannam University,Global Korea Scholarship,Graduates | Doctoral Candidates,All Fields,International,Study,0,GKS opportunity at Hannam University under the Type B track.,GKS,South Korea,,Full Scholarship,Masters | PhD,,https://www.studyinkorea.go.kr,East Asia,Annual,Scholarship,1,Masters | PhD,Study,95,High,0,88,Masters | PhD,https://www.studyinkorea.go.kr,Full Funding,2-4 Years
GKS-77,GKS Scholarship - Inje University,Global Korea Scholarship,Graduates | Doctoral Candidates,All Fields,International,Study,0,GKS opportunity at Inje University under the Type B track.,GKS,South Korea,,Full Scholarship,Masters | PhD,,https://www.studyinkorea.go.kr,East Asia,Annual,Scholarship,1,Masters | PhD,Study,95,High,0,88,Masters | PhD,https://www.studyinkorea.go.kr,Full Funding,2-4 Years
GKS-78,GKS Scholarship - Jeju National University,Global Korea Scholarship,Graduates | Doctoral Candidates,All Fields,International,Study,0,GKS opportunity at Jeju National University under the Type B track.,GKS,South Korea,,Full Scholarship,Masters | PhD,,https://www.studyinkorea.go.kr,East Asia,Annual,Scholarship,1,Masters | PhD,Study,95,High,0,88,Masters | PhD,https://www.studyinkorea.go.kr,Full Funding,2-4 Years
GKS-79,GKS Scholarship - Keimyung University,Global Korea Scholarship,Graduates | Doctoral Candidates,All Fields,International,Study,0,GKS opportunity at Keimyung University under the Type B track.,GKS,South Korea,,Full Scholarship,Masters | PhD,,https://www.studyinkorea.go.kr,East Asia,Annual,Scholarship,1,Masters | PhD,Study,95,High,0,88,Masters | PhD,https://www.studyinkorea.go.kr,Full Funding,2-4 Years
GKS-80,GKS Scholarship - KOREATECH (Korea University of Technology and Education),Global Korea Scholarship,Graduates | Doctoral Candidates,All Fields,International,Study,0,GKS opportunity at KOREATECH (Korea University of Technology and Education) under the Type B track.,GKS,South Korea,,Full Scholarship,Masters | PhD,,https://www.studyinkorea.go.kr,East Asia,Annual,Scholarship,1,Masters | PhD,Study,95,High,0,88,Masters | PhD,https://www.studyinkorea.go.kr,Full Funding,2-4 Years
GKS-81,GKS Scholarship - Kunsan National University,Global Korea Scholarship,Graduates | Doctoral Candidates,All Fields,International,Study,0,GKS opportunity at Kunsan National University under the Type B track.,GKS,South Korea,,Full Scholarship,Masters | PhD,,https://www.studyinkorea.go.kr,East Asia,Annual,Scholarship,1,Masters | PhD,Study,95,High,0,88,Masters | PhD,https://www.studyinkorea.go.kr,Full Funding,2-4 Years
GKS-82,GKS Scholarship - Kyungpook National University,Global Korea Scholarship,Graduates | Doctoral Candidates,All Fields,International,Study,0,GKS opportunity at Kyungpook National University under the Type B track.,GKS,South Korea,,Full Scholarship,Masters | PhD,,https://www.studyinkorea.go.kr,East Asia,Annual,Scholarship,1,Masters | PhD,Study,95,High,0,88,Masters | PhD,https://www.studyinkorea.go.kr,Full Funding,2-4 Years
GKS-83,GKS Scholarship - Pukyong National University,Global Korea Scholarship,Graduates | Doctoral Candidates,All Fields,International,Study,0,GKS opportunity at Pukyong National University under the Type B track.,GKS,South Korea,,Full Scholarship,Masters | PhD,,https://www.studyinkorea.go.kr,East Asia,Annual,Scholarship,1,Masters | PhD,Study,95,High,0,88,Masters | PhD,https://www.studyinkorea.go.kr,Full Funding,2-4 Years
GKS-84,GKS Scholarship - Pusan National University,Global Korea Scholarship,Graduates | Doctoral Candidates,All Fields,International,Study,0,GKS opportunity at Pusan National University under the Type B track.,GKS,South Korea,,Full Scholarship,Masters | PhD,,https://www.studyinkorea.go.kr,East Asia,Annual,Scholarship,1,Masters | PhD,Study,95,High,0,88,Masters | PhD,https://www.studyinkorea.go.kr,Full Funding,2-4 Years
GKS-85,GKS Scholarship - Seoul Theological University,Global Korea Scholarship,Graduates | Doctoral Candidates,All Fields,International,Study,0,GKS opportunity at Seoul Theological University under the Type B track.,GKS,South Korea,,Full Scholarship,Masters | PhD,,https://www.studyinkorea.go.kr,East Asia,Annual,Scholarship,1,Masters | PhD,Study,95,High,0,88,Masters | PhD,https://www.studyinkorea.go.kr,Full Funding,2-4 Years
GKS-86,GKS Scholarship - Sunchon National University,Global Korea Scholarship,Graduates | Doctoral Candidates,All Fields,International,Study,0,GKS opportunity at Sunchon National University under the Type B track.,GKS,South Korea,,Full Scholarship,Masters | PhD,,https://www.studyinkorea.go.kr,East Asia,Annual,Scholarship,1,Masters | PhD,Study,95,High,0,88,Masters | PhD,https://www.studyinkorea.go.kr,Full Funding,2-4 Years
GKS-87,GKS Scholarship - Yeungnam University,Global Korea Scholarship,Graduates | Doctoral Candidates,All Fields,International,Study,0,GKS opportunity at Yeungnam University under the Type B track.,GKS,South Korea,,Full Scholarship,Masters | PhD,,https://www.studyinkorea.go.kr,East Asia,Annual,Scholarship,1,Masters | PhD,Study,95,High,0,88,Masters | PhD,https://www.studyinkorea.go.kr,Full Funding,2-4 Years
GKS-88,GKS Scholarship - Gyeongkuk National University,Global Korea Scholarship,Graduates | Doctoral Candidates,Research,International,Study,0,GKS opportunity at Gyeongkuk National University under the Special track.,GKS,South Korea,,Full Scholarship,Masters | PhD,,https://www.studyinkorea.go.kr,East Asia,Annual,Scholarship,1,Masters | PhD,Study,95,High,0,88,Masters | PhD,https://www.studyinkorea.go.kr,Full Funding,2-4 Years
GKSF-1,Korea National University of Arts (K-Arts) AMA+ Scholarship Program,Korea National University of Arts,Undergraduates | Graduates,Arts,International,Study,0,"Airfare, monthly allowance, Korean language training, tuition fees and insurance.",Study in Korea,South Korea,March,Full Funding,Undergraduate|Graduate,,https://www.karts.ac.kr/en,East Asia,Unknown,Scholarship,1,Bachelor | Masters | PhD,Study,90,Medium,0,88,Undergraduate|Graduate,https://www.karts.ac.kr/en,Partial to Full,2-5 Years
GKSF-2,POSCO TJ Park Foundation Scholarship,POSCO TJ Park Foundation,Graduates | Doctoral Candidates,All Fields,International,Study,0,Scholarship for Asian students pursuing Masters and Doctoral programs in Korea.,Study in Korea,South Korea,May,Tuition + Living Expenses,Masters|PhD,,https://www.postf.org/ko/page/asia/scholar.do,East Asia,Unknown,Scholarship,1,Masters | PhD,Study,90,Medium,0,88,Masters|PhD,https://www.postf.org/ko/page/asia/scholar.do,Partial to Full,2-4 Years
GKSF-3,KF Fellowship for Korean Studies Graduate Students,Korea Foundation,Graduates | Doctoral Candidates,Korean Studies,International,Study,0,Support for graduate students in Korean Studies worldwide.,Study in Korea,South Korea,,Tuition Support,Masters|PhD,1 Year,https://www.kf.or.kr,East Asia,Unknown,Scholarship,1,Masters | PhD,Study,90,Medium,0,88,Masters|PhD,https://www.kf.or.kr,Partial to Full,1 Year
GKSF-4,Daewoong Foundation Global Scholarship Program,Daewoong Foundation,Undergraduates | Graduates,All Fields,International,Study,0,"Monthly scholarship, internship opportunities and career support.",Study in Korea,South Korea,Rolling,"KRW 500,000 Monthly",Undergraduate|Graduate,,http://www.daewoongfoundation.or.kr/,East Asia,Unknown,Scholarship,1,Bachelor | Masters | PhD,Study,90,Medium,0,88,Undergraduate|Graduate,http://www.daewoongfoundation.or.kr/,Partial to Full,2-5 Years
MEXT-1,MEXT Research Students Scholarship,MEXT,Graduates | Researchers,All Fields,International,Research | Masters | PhD,0,Graduate-level scholarship for master's and doctoral studies in Japan.,MEXT,Japan,,"¥143,000+ per month",Masters | PhD,Up to 2 Years,https://www.studyinjapan.go.jp/en/,East Asia,Annual,Scholarship,1,Masters | PhD,Research,95,High,0,89,Masters | PhD,https://www.studyinjapan.go.jp/en/,Full Funding,Up to 2 Years
MEXT-2,MEXT Undergraduate Students Scholarship,MEXT,High School Graduates,All Fields,International,Study,0,Fully funded undergraduate scholarship in Japan.,MEXT,Japan,,"¥117,000+ per month",Bachelor,5 Years,https://www.studyinjapan.go.jp/en/,East Asia,Annual,Scholarship,1,Bachelor,Study,95,High,0,89,Bachelor,https://www.studyinjapan.go.jp/en/,Full Funding,5 Years
MEXT-3,MEXT Teacher Training Students Scholarship,MEXT,Teachers,Education,International,Teacher Training,0,Scholarship for active teachers seeking professional training in Japan.,MEXT,Japan,,"¥143,000+ per month",Professional,1.5 Years,https://www.studyinjapan.go.jp/en/,East Asia,Annual,Scholarship,1,Professional,Teacher Training,95,High,0,89,Professional,https://www.studyinjapan.go.jp/en/,Full Funding,1.5 Years
MEXT-4,MEXT Japanese Studies Students Scholarship,MEXT,Undergraduates,Japanese Language | Japanese Culture,International,Exchange,0,Scholarship for students specializing in Japanese language and culture.,MEXT,Japan,,"¥117,000+ per month",Exchange,1 Year,https://www.studyinjapan.go.jp/en/,East Asia,Annual,Scholarship,1,Exchange,Exchange,95,High,0,89,Exchange,https://www.studyinjapan.go.jp/en/,Full Funding,1 Year
MEXT-5,MEXT College of Technology Students Scholarship,MEXT,Students,Technology,International,Study,0,Scholarship for students entering Colleges of Technology in Japan.,MEXT,Japan,,"¥117,000+ per month",Diploma,4 Years,https://www.studyinjapan.go.jp/en/,East Asia,Annual,Scholarship,1,Diploma,Study,95,High,1,89,Diploma,https://www.studyinjapan.go.jp/en/,Full Funding,4 Years
MEXT-6,MEXT Specialized Training College Students Scholarship,MEXT,Students,Vocational Studies,International,Study,0,Scholarship for specialized training colleges in Japan.,MEXT,Japan,,"¥117,000+ per month",Vocational,3 Years,https://www.studyinjapan.go.jp/en/,East Asia,Annual,Scholarship,1,Vocational,Study,95,High,0,89,Vocational,https://www.studyinjapan.go.jp/en/,Full Funding,3 Years
MEXT-7,MEXT Young Leaders Program Scholarship,MEXT,Young Professionals,Public Policy | Leadership,International,Masters,0,Leadership-focused graduate scholarship for future public leaders.,MEXT,Japan,,"¥242,000 per month",Masters,1 Year,https://www.studyinjapan.go.jp/en/,East Asia,Annual,Scholarship,1,Masters,Leadership,95,High,0,89,Masters,https://www.studyinjapan.go.jp/en/,Full Funding,1 Year
ERASMUS-2,Erasmus Mundus Joint Master in Multilingualism and Cultural Diversity,Erasmus Mundus,International Students,Multiple Fields,International,Study,0,Erasmus Mundus Joint Master in Multilingualism and Cultural Diversity is an Erasmus Mundus Joint Master's programme.,Erasmus Mundus,Multiple European Countries,Varies by Programme,Full Scholarship Available,Masters,1-2 Years,https://www.multidiverse.eu/,Europe,Annual,Scholarship,1,Masters,Study,95,High,0,92,Masters,https://www.multidiverse.eu/,Full Funding,1-2 Years
ERASMUS-3,"Law and Gender, Intersectionality and Diversity",Erasmus Mundus,International Students,Multiple Fields,International,Study,0,"Law and Gender, Intersectionality and Diversity is an Erasmus Mundus Joint Master's programme.",Erasmus Mundus,Multiple European Countries,Varies by Programme,Full Scholarship Available,Masters,1-2 Years,https://lawgid.ius.bg.ac.rs/,Europe,Annual,Scholarship,1,Masters,Study,95,High,0,92,Masters,https://lawgid.ius.bg.ac.rs/,Full Funding,1-2 Years
ERASMUS-4,International Master in Contemporary Challenges in the World of Work,Erasmus Mundus,International Students,Multiple Fields,International,Study,0,International Master in Contemporary Challenges in the World of Work is an Erasmus Mundus Joint Master's programme.,Erasmus Mundus,Multiple European Countries,Varies by Programme,Full Scholarship Available,Masters,1-2 Years,https://www.master-wocc.eu/,Europe,Annual,Scholarship,1,Masters,Study,95,High,0,92,Masters,https://www.master-wocc.eu/,Full Funding,1-2 Years
ERASMUS-5,InterCultural Leadership in Digital Era International Master,Erasmus Mundus,International Students,Multiple Fields,International,Study,0,InterCultural Leadership in Digital Era International Master is an Erasmus Mundus Joint Master's programme.,Erasmus Mundus,Multiple European Countries,Varies by Programme,Full Scholarship Available,Masters,1-2 Years,https://clide.umk.pl/,Europe,Annual,Scholarship,1,Masters,Leadership,95,High,0,92,Masters,https://clide.umk.pl/,Full Funding,1-2 Years
ERASMUS-6,Erasmus Mundus Joint Master in Sustainable Transportation and Electric Power Systems,Erasmus Mundus,International Students,Multiple Fields,International,Study,0,Erasmus Mundus Joint Master in Sustainable Transportation and Electric Power Systems is an Erasmus Mundus Joint Master's programme.,Erasmus Mundus,Multiple European Countries,Varies by Programme,Full Scholarship Available,Masters,1-2 Years,https://www.emjmdstepsrock.eu/,Europe,Annual,Scholarship,1,Masters,Study,95,High,0,92,Masters,https://www.emjmdstepsrock.eu/,Full Funding,1-2 Years
ERASMUS-7,European Politics and Society: Václav Havel Joint Master Degree,Erasmus Mundus,International Students,Multiple Fields,International,Study,0,European Politics and Society: Václav Havel Joint Master Degree is an Erasmus Mundus Joint Master's programme.,Erasmus Mundus,Multiple European Countries,Varies by Programme,Full Scholarship Available,Masters,1-2 Years,https://epsmaster.eu/,Europe,Annual,Scholarship,1,Masters,Study,95,High,0,92,Masters,https://epsmaster.eu/,Full Funding,1-2 Years
ERASMUS-8,Erasmus Mundus Joint Master in Insects as Solutions for a Sustainable Future,Erasmus Mundus,International Students,Multiple Fields,International,Study,0,Erasmus Mundus Joint Master in Insects as Solutions for a Sustainable Future is an Erasmus Mundus Joint Master's programme.,Erasmus Mundus,Multiple European Countries,Varies by Programme,Full Scholarship Available,Masters,1-2 Years,https://issf-master.eu/,Europe,Annual,Scholarship,1,Masters,Study,95,High,0,92,Masters,https://issf-master.eu/,Full Funding,1-2 Years
ERASMUS-9,"Renewable Energy and Sustainable COnstruction, RESCO",Erasmus Mundus,International Students,Multiple Fields,International,Study,0,"Renewable Energy and Sustainable COnstruction, RESCO is an Erasmus Mundus Joint Master's programme.",Erasmus Mundus,Multiple European Countries,Varies by Programme,Full Scholarship Available,Masters,1-2 Years,http://resco-master.eu/,Europe,Annual,Scholarship,1,Masters,Study,95,High,0,92,Masters,http://resco-master.eu/,Full Funding,1-2 Years
ERASMUS-10,Erasmus Mundus Joint Master Degree in Sports Ethics and Integrity,Erasmus Mundus,International Students,Multiple Fields,International,Study,0,Erasmus Mundus Joint Master Degree in Sports Ethics and Integrity is an Erasmus Mundus Joint Master's programme.,Erasmus Mundus,Multiple European Countries,Varies by Programme,Full Scholarship Available,Masters,1-2 Years,https://www.maisi-project.eu/,Europe,Annual,Scholarship,1,Masters,Study,95,High,0,92,Masters,https://www.maisi-project.eu/,Full Funding,1-2 Years
ERASMUS-11,"Erasmus Mundus Masters in Journalism, Media and Globalisation (Mundus Journalism)",Erasmus Mundus,International Students,Multiple Fields,International,Study,0,"Erasmus Mundus Masters in Journalism, Media and Globalisation (Mundus Journalism) is an Erasmus Mundus Joint Master's programme.",Erasmus Mundus,Multiple European Countries,Varies by Programme,Full Scholarship Available,Masters,1-2 Years,https://mundusjournalism.com,Europe,Annual,Scholarship,1,Masters,Study,95,High,0,92,Masters,https://mundusjournalism.com,Full Funding,1-2 Years
ERASMUS-12,European Masters in Earthen Architecture and Construction,Erasmus Mundus,International Students,Multiple Fields,International,Study,0,European Masters in Earthen Architecture and Construction is an Erasmus Mundus Joint Master's programme.,Erasmus Mundus,Multiple European Countries,Varies by Programme,Full Scholarship Available,Masters,1-2 Years,https://msc-terra.org/,Europe,Annual,Scholarship,1,Masters,Study,95,High,0,92,Masters,https://msc-terra.org/,Full Funding,1-2 Years
ERASMUS-13,Transfers-Fluids-Materials Aeronautical Sustainable Applications,Erasmus Mundus,International Students,Multiple Fields,International,Study,0,Transfers-Fluids-Materials Aeronautical Sustainable Applications is an Erasmus Mundus Joint Master's programme.,Erasmus Mundus,Multiple European Countries,Varies by Programme,Full Scholarship Available,Masters,1-2 Years,https://tfmasa.com/,Europe,Annual,Scholarship,1,Masters,Study,95,High,0,92,Masters,https://tfmasa.com/,Full Funding,1-2 Years
ERASMUS-14,Erasmus Mundus Joint Master Programme on the Engineering of Data-intensive Intelligent Software Systems,Erasmus Mundus,International Students,Multiple Fields,International,Study,0,Erasmus Mundus Joint Master Programme on the Engineering of Data-intensive Intelligent Software Systems is an Erasmus Mundus Joint Master's programme.,Erasmus Mundus,Multiple European Countries,Varies by Programme,Full Scholarship Available,Masters,1-2 Years,https://www.master-ediss.eu,Europe,Annual,Scholarship,1,Masters,Study,95,High,0,92,Masters,https://www.master-ediss.eu,Full Funding,1-2 Years
ERASMUS-15,Radiation and its Effects on MicroElectronics and Photonics Technologies,Erasmus Mundus,International Students,Multiple Fields,International,Study,0,Radiation and its Effects on MicroElectronics and Photonics Technologies is an Erasmus Mundus Joint Master's programme.,Erasmus Mundus,Multiple European Countries,Varies by Programme,Full Scholarship Available,Masters,1-2 Years,https://master-radmep.org/,Europe,Annual,Scholarship,1,Masters,Study,95,High,0,92,Masters,https://master-radmep.org/,Full Funding,1-2 Years
ERASMUS-16,Bio and Pharmaceutical Materials Science,Erasmus Mundus,International Students,Multiple Fields,International,Study,0,Bio and Pharmaceutical Materials Science is an Erasmus Mundus Joint Master's programme.,Erasmus Mundus,Multiple European Countries,Varies by Programme,Full Scholarship Available,Masters,1-2 Years,https://www.master-biopham.eu/,Europe,Annual,Scholarship,1,Masters,Study,95,High,0,92,Masters,https://www.master-biopham.eu/,Full Funding,1-2 Years
ERASMUS-17,Master's Programme in Cybersecurity and Assurance,Erasmus Mundus,International Students,Multiple Fields,International,Study,0,Master's Programme in Cybersecurity and Assurance is an Erasmus Mundus Joint Master's programme.,Erasmus Mundus,Multiple European Countries,Varies by Programme,Full Scholarship Available,Masters,1-2 Years,https://www.cybersure-master.eu,Europe,Annual,Scholarship,1,Masters,Study,95,High,0,92,Masters,https://www.cybersure-master.eu,Full Funding,1-2 Years
ERASMUS-18,Data Engineering and Artificial Intelligence,Erasmus Mundus,International Students,Multiple Fields,International,Study,0,Data Engineering and Artificial Intelligence is an Erasmus Mundus Joint Master's programme.,Erasmus Mundus,Multiple European Countries,Varies by Programme,Full Scholarship Available,Masters,1-2 Years,https://deai.ulb.be/,Europe,Annual,Scholarship,1,Masters,Study,95,High,0,92,Masters,https://deai.ulb.be/,Full Funding,1-2 Years
ERASMUS-19,Renewable Energy in the Marine environment,Erasmus Mundus,International Students,Multiple Fields,International,Study,0,Renewable Energy in the Marine environment is an Erasmus Mundus Joint Master's programme.,Erasmus Mundus,Multiple European Countries,Varies by Programme,Full Scholarship Available,Masters,1-2 Years,https://master-remplus2.eu/,Europe,Annual,Scholarship,1,Masters,Study,95,High,0,92,Masters,https://master-remplus2.eu/,Full Funding,1-2 Years
ERASMUS-20,Sustainable Catalysis,Erasmus Mundus,International Students,Multiple Fields,International,Study,0,Sustainable Catalysis is an Erasmus Mundus Joint Master's programme.,Erasmus Mundus,Multiple European Countries,Varies by Programme,Full Scholarship Available,Masters,1-2 Years,https://www.master-sucat.eu/,Europe,Annual,Scholarship,1,Masters,Study,95,High,0,92,Masters,https://www.master-sucat.eu/,Full Funding,1-2 Years
ERASMUS-21,"International Law of Security, Peace and Sustainable Development",Erasmus Mundus,International Students,Multiple Fields,International,Study,0,"International Law of Security, Peace and Sustainable Development is an Erasmus Mundus Joint Master's programme.",Erasmus Mundus,Multiple European Countries,Varies by Programme,Full Scholarship Available,Masters,1-2 Years,https://master-international-law-erasmusmundus.eu/,Europe,Annual,Scholarship,1,Masters,Study,95,High,0,92,Masters,https://master-international-law-erasmusmundus.eu/,Full Funding,1-2 Years
ERASMUS-22,International Master in Transnational Migrations,Erasmus Mundus,International Students,Multiple Fields,International,Study,0,International Master in Transnational Migrations is an Erasmus Mundus Joint Master's programme.,Erasmus Mundus,Multiple European Countries,Varies by Programme,Full Scholarship Available,Masters,1-2 Years,https://www.master-mitra.eu/en/,Europe,Annual,Scholarship,1,Masters,Study,95,High,0,92,Masters,https://www.master-mitra.eu/en/,Full Funding,1-2 Years
ERASMUS-23,Engineering for Environmental Sustainability and International Cooperation,Erasmus Mundus,International Students,Multiple Fields,International,Study,0,Engineering for Environmental Sustainability and International Cooperation is an Erasmus Mundus Joint Master's programme.,Erasmus Mundus,Multiple European Countries,Varies by Programme,Full Scholarship Available,Masters,1-2 Years,https://eesic.eu/,Europe,Annual,Scholarship,1,Masters,Study,95,High,0,92,Masters,https://eesic.eu/,Full Funding,1-2 Years
ERASMUS-24,Joint master in Applied security and defense - Networks for Unified Strategies,Erasmus Mundus,International Students,Multiple Fields,International,Study,0,Joint master in Applied security and defense - Networks for Unified Strategies is an Erasmus Mundus Joint Master's programme.,Erasmus Mundus,Multiple European Countries,Varies by Programme,Full Scholarship Available,Masters,1-2 Years,https://master-janus-security-defense.eu/,Europe,Annual,Scholarship,1,Masters,Study,95,High,0,92,Masters,https://master-janus-security-defense.eu/,Full Funding,1-2 Years
ERASMUS-25,Large Scale Accelerators and Lasers,Erasmus Mundus,International Students,Multiple Fields,International,Study,0,Large Scale Accelerators and Lasers is an Erasmus Mundus Joint Master's programme.,Erasmus Mundus,Multiple European Countries,Varies by Programme,Full Scholarship Available,Masters,1-2 Years,https://www.master-lascala.eu/,Europe,Annual,Scholarship,1,Masters,Study,95,High,0,92,Masters,https://www.master-lascala.eu/,Full Funding,1-2 Years
ERASMUS-26,NOHA Erasmus Mundus Joint Master in International Humanitarian Action (NOHA),Erasmus Mundus,International Students,Multiple Fields,International,Study,0,NOHA Erasmus Mundus Joint Master in International Humanitarian Action (NOHA) is an Erasmus Mundus Joint Master's programme.,Erasmus Mundus,Multiple European Countries,Varies by Programme,Full Scholarship Available,Masters,1-2 Years,https://www.nohanet.org/masters,Europe,Annual,Scholarship,1,Masters,Study,95,High,0,92,Masters,https://www.nohanet.org/masters,Full Funding,1-2 Years
ERASMUS-27,"Teaching, designing, managing, foreign Language learning for a Multicultural and inclusive Environment",Erasmus Mundus,International Students,Multiple Fields,International,Study,0,"Teaching, designing, managing, foreign Language learning for a Multicultural and inclusive Environment is an Erasmus Mundus Joint Master's programme.",Erasmus Mundus,Multiple European Countries,Varies by Programme,Full Scholarship Available,Masters,1-2 Years,https://telme.hypotheses.org/,Europe,Annual,Scholarship,1,Masters,Study,95,High,0,92,Masters,https://telme.hypotheses.org/,Full Funding,1-2 Years
ERASMUS-28,Data Science of Human Multimodal Communication: European and International Joint Masters Degree,Erasmus Mundus,International Students,Multiple Fields,International,Study,0,Data Science of Human Multimodal Communication: European and International Joint Masters Degree is an Erasmus Mundus Joint Master's programme.,Erasmus Mundus,Multiple European Countries,Varies by Programme,Full Scholarship Available,Masters,1-2 Years,https://multicom-em.eu/,Europe,Annual,Scholarship,1,Masters,Study,95,High,0,92,Masters,https://multicom-em.eu/,Full Funding,1-2 Years
ERASMUS-29,"Theatre in Social, Participatory Art, Community and Educational contexts",Erasmus Mundus,International Students,Multiple Fields,International,Study,0,"Theatre in Social, Participatory Art, Community and Educational contexts is an Erasmus Mundus Joint Master's programme.",Erasmus Mundus,Multiple European Countries,Varies by Programme,Full Scholarship Available,Masters,1-2 Years,https://www.theatre-spaces.eu/,Europe,Annual,Scholarship,1,Masters,Study,95,High,0,92,Masters,https://www.theatre-spaces.eu/,Full Funding,1-2 Years
ERASMUS-30,Joint European Master Degree in Nuclear Physics,Erasmus Mundus,International Students,Multiple Fields,International,Study,0,Joint European Master Degree in Nuclear Physics is an Erasmus Mundus Joint Master's programme.,Erasmus Mundus,Multiple European Countries,Varies by Programme,Full Scholarship Available,Masters,1-2 Years,https://www.emm-nucphys.eu/,Europe,Annual,Scholarship,1,Masters,Study,95,High,0,92,Masters,https://www.emm-nucphys.eu/,Full Funding,1-2 Years
ERASMUS-31,European Master in Biological and Chemical Engineering for a Sustainable Bioeconomy,Erasmus Mundus,International Students,Multiple Fields,International,Study,0,European Master in Biological and Chemical Engineering for a Sustainable Bioeconomy is an Erasmus Mundus Joint Master's programme.,Erasmus Mundus,Multiple European Countries,Varies by Programme,Full Scholarship Available,Masters,1-2 Years,https://www.bioceb.eu/,Europe,Annual,Scholarship,1,Masters,Study,95,High,0,92,Masters,https://www.bioceb.eu/,Full Funding,1-2 Years
ERASMUS-32,"DocNomadsPlus, Joint Master in Documentary Filmmaking",Erasmus Mundus,International Students,Multiple Fields,International,Study,0,"DocNomadsPlus, Joint Master in Documentary Filmmaking is an Erasmus Mundus Joint Master's programme.",Erasmus Mundus,Multiple European Countries,Varies by Programme,Full Scholarship Available,Masters,1-2 Years,https://docnomadsplus.eu,Europe,Annual,Scholarship,1,Masters,Study,95,High,0,92,Masters,https://docnomadsplus.eu,Full Funding,1-2 Years
ERASMUS-33,Erasmus Mundus Joint Master Programme in Neuroscience,Erasmus Mundus,International Students,Multiple Fields,International,Study,0,Erasmus Mundus Joint Master Programme in Neuroscience is an Erasmus Mundus Joint Master's programme.,Erasmus Mundus,Multiple European Countries,Varies by Programme,Full Scholarship Available,Masters,1-2 Years,https://www.neurasmus.u-bordeaux.fr/,Europe,Annual,Scholarship,1,Masters,Study,95,High,0,92,Masters,https://www.neurasmus.u-bordeaux.fr/,Full Funding,1-2 Years
ERASMUS-34,Geo-Information Science and Earth Observation for Environmental Modelling and Management,Erasmus Mundus,International Students,Multiple Fields,International,Study,0,Geo-Information Science and Earth Observation for Environmental Modelling and Management is an Erasmus Mundus Joint Master's programme.,Erasmus Mundus,Multiple European Countries,Varies by Programme,Full Scholarship Available,Masters,1-2 Years,https://www.gem-msc.eu/,Europe,Annual,Scholarship,1,Masters,Study,95,High,0,92,Masters,https://www.gem-msc.eu/,Full Funding,1-2 Years
ERASMUS-35,Interdisciplinary Mathematics,Erasmus Mundus,International Students,Multiple Fields,International,Study,0,Interdisciplinary Mathematics is an Erasmus Mundus Joint Master's programme.,Erasmus Mundus,Multiple European Countries,Varies by Programme,Full Scholarship Available,Masters,1-2 Years,https://www.intermaths.eu/erasmus-mundus,Europe,Annual,Scholarship,1,Masters,Study,95,High,0,92,Masters,https://www.intermaths.eu/erasmus-mundus,Full Funding,1-2 Years
ERASMUS-36,"International Master in Security, Intelligence and Strategic Studies",Erasmus Mundus,International Students,Multiple Fields,International,Study,0,"International Master in Security, Intelligence and Strategic Studies is an Erasmus Mundus Joint Master's programme.",Erasmus Mundus,Multiple European Countries,Varies by Programme,Full Scholarship Available,Masters,1-2 Years,https://www.securityintelligence-erasmusmundus.eu/,Europe,Annual,Scholarship,1,Masters,Study,95,High,0,92,Masters,https://www.securityintelligence-erasmusmundus.eu/,Full Funding,1-2 Years
ERASMUS-37,Choreomundus – Erasmus Mundus Master in Dance and Movement as Practical Knowledge and Heritage,Erasmus Mundus,International Students,Multiple Fields,International,Study,0,Choreomundus – Erasmus Mundus Master in Dance and Movement as Practical Knowledge and Heritage is an Erasmus Mundus Joint Master's programme.,Erasmus Mundus,Multiple European Countries,Varies by Programme,Full Scholarship Available,Masters,1-2 Years,https://choreomundus.org/,Europe,Annual,Scholarship,1,Masters,Study,95,High,0,92,Masters,https://choreomundus.org/,Full Funding,1-2 Years
ERASMUS-38,European Master's in Clinical Linguistics 25,Erasmus Mundus,International Students,Multiple Fields,International,Study,0,European Master's in Clinical Linguistics 25 is an Erasmus Mundus Joint Master's programme.,Erasmus Mundus,Multiple European Countries,Varies by Programme,Full Scholarship Available,Masters,1-2 Years,https://www.emcl.eu/,Europe,Annual,Scholarship,1,Masters,Study,95,High,0,92,Masters,https://www.emcl.eu/,Full Funding,1-2 Years
ERASMUS-39,Master of Science in European Forestry,Erasmus Mundus,International Students,Multiple Fields,International,Study,0,Master of Science in European Forestry is an Erasmus Mundus Joint Master's programme.,Erasmus Mundus,Multiple European Countries,Varies by Programme,Full Scholarship Available,Masters,1-2 Years,http://www.europeanforestry.eu,Europe,Annual,Scholarship,1,Masters,Study,95,High,0,92,Masters,http://www.europeanforestry.eu,Full Funding,1-2 Years
ERASMUS-40,Excellence in Analytical Chemistry,Erasmus Mundus,International Students,Multiple Fields,International,Study,0,Excellence in Analytical Chemistry is an Erasmus Mundus Joint Master's programme.,Erasmus Mundus,Multiple European Countries,Varies by Programme,Full Scholarship Available,Masters,1-2 Years,https://www.analyticalchemistry.eu/,Europe,Annual,Scholarship,1,Masters,Study,95,High,0,92,Masters,https://www.analyticalchemistry.eu/,Full Funding,1-2 Years
ERASMUS-41,European Master in Animal Biodiversity and Genomics,Erasmus Mundus,International Students,Multiple Fields,International,Study,0,European Master in Animal Biodiversity and Genomics is an Erasmus Mundus Joint Master's programme.,Erasmus Mundus,Multiple European Countries,Varies by Programme,Full Scholarship Available,Masters,1-2 Years,https://www.emabg.eu/,Europe,Annual,Scholarship,1,Masters,Study,95,High,0,92,Masters,https://www.emabg.eu/,Full Funding,1-2 Years
ERASMUS-42,RESOUND - Joint Master of Arts in Sound Design for Media Arts,Erasmus Mundus,International Students,Multiple Fields,International,Study,0,RESOUND - Joint Master of Arts in Sound Design for Media Arts is an Erasmus Mundus Joint Master's programme.,Erasmus Mundus,Multiple European Countries,Varies by Programme,Full Scholarship Available,Masters,1-2 Years,https://resound-ma.eu/,Europe,Annual,Scholarship,1,Masters,Arts,95,High,0,92,Masters,https://resound-ma.eu/,Full Funding,1-2 Years
ERASMUS-43,EMJM ENVIRONMENTAL CONTAMINATION AND TOXICOLOGY + ONE HEALTH,Erasmus Mundus,International Students,Multiple Fields,International,Study,0,EMJM ENVIRONMENTAL CONTAMINATION AND TOXICOLOGY + ONE HEALTH is an Erasmus Mundus Joint Master's programme.,Erasmus Mundus,Multiple European Countries,Varies by Programme,Full Scholarship Available,Masters,1-2 Years,https://www.ectplus.eu/,Europe,Annual,Scholarship,1,Masters,Study,95,High,0,92,Masters,https://www.ectplus.eu/,Full Funding,1-2 Years
ERASMUS-44,International Master in Quaternary and Prehistory,Erasmus Mundus,International Students,Multiple Fields,International,Study,0,International Master in Quaternary and Prehistory is an Erasmus Mundus Joint Master's programme.,Erasmus Mundus,Multiple European Countries,Varies by Programme,Full Scholarship Available,Masters,1-2 Years,https://quaternaryprehistory.eu/,Europe,Annual,Scholarship,1,Masters,Study,95,High,0,92,Masters,https://quaternaryprehistory.eu/,Full Funding,1-2 Years
ERASMUS-45,Europubhealth+│European Master in Public Health,Erasmus Mundus,International Students,Multiple Fields,International,Study,0,Europubhealth+│European Master in Public Health is an Erasmus Mundus Joint Master's programme.,Erasmus Mundus,Multiple European Countries,Varies by Programme,Full Scholarship Available,Masters,1-2 Years,https://www.europubhealth.org/,Europe,Annual,Scholarship,1,Masters,Study,95,High,0,92,Masters,https://www.europubhealth.org/,Full Funding,1-2 Years
ERASMUS-46,European Master in Linguistic Data Science,Erasmus Mundus,International Students,Multiple Fields,International,Study,0,European Master in Linguistic Data Science is an Erasmus Mundus Joint Master's programme.,Erasmus Mundus,Multiple European Countries,Varies by Programme,Full Scholarship Available,Masters,1-2 Years,https://emlds.fcsh.unl.pt/,Europe,Annual,Scholarship,1,Masters,Study,95,High,0,92,Masters,https://emlds.fcsh.unl.pt/,Full Funding,1-2 Years
ERASMUS-47,"Education, Migration, and Diversity",Erasmus Mundus,International Students,Multiple Fields,International,Study,0,"Education, Migration, and Diversity is an Erasmus Mundus Joint Master's programme.",Erasmus Mundus,Multiple European Countries,Varies by Programme,Full Scholarship Available,Masters,1-2 Years,https://www.edumig.org/,Europe,Annual,Scholarship,1,Masters,Study,95,High,0,92,Masters,https://www.edumig.org/,Full Funding,1-2 Years
ERASMUS-48,Master International en Sciences de l'Education Inclusive,Erasmus Mundus,International Students,Multiple Fields,International,Study,0,Master International en Sciences de l'Education Inclusive is an Erasmus Mundus Joint Master's programme.,Erasmus Mundus,Multiple European Countries,Varies by Programme,Full Scholarship Available,Masters,1-2 Years,https://master-misei.com,Europe,Annual,Scholarship,1,Masters,Study,95,High,0,92,Masters,https://master-misei.com,Full Funding,1-2 Years
ERASMUS-49,Erasmus Mundus Master Course in Mechatronics,Erasmus Mundus,International Students,Multiple Fields,International,Study,0,Erasmus Mundus Master Course in Mechatronics is an Erasmus Mundus Joint Master's programme.,Erasmus Mundus,Multiple European Countries,Varies by Programme,Full Scholarship Available,Masters,1-2 Years,https://www.eu4m.eu,Europe,Annual,Scholarship,1,Masters,Study,95,High,0,92,Masters,https://www.eu4m.eu,Full Funding,1-2 Years
ERASMUS-50,Digital Creativity Art&Science European Master,Erasmus Mundus,International Students,Multiple Fields,International,Study,0,Digital Creativity Art&Science European Master is an Erasmus Mundus Joint Master's programme.,Erasmus Mundus,Multiple European Countries,Varies by Programme,Full Scholarship Available,Masters,1-2 Years,https://master-digicrea.univ-st-etienne.fr/,Europe,Annual,Scholarship,1,Masters,Study,95,High,0,92,Masters,https://master-digicrea.univ-st-etienne.fr/,Full Funding,1-2 Years
ERASMUS-51,"Mathematical Modelling, Simulation and Data Science for Industrial and Societal Challenges",Erasmus Mundus,International Students,Multiple Fields,International,Study,0,"Mathematical Modelling, Simulation and Data Science for Industrial and Societal Challenges is an Erasmus Mundus Joint Master's programme.",Erasmus Mundus,Multiple European Countries,Varies by Programme,Full Scholarship Available,Masters,1-2 Years,https://mathsdisc.eu/,Europe,Annual,Scholarship,1,Masters,Study,95,High,0,92,Masters,https://mathsdisc.eu/,Full Funding,1-2 Years
ERASMUS-52,International Master degree on the biology of Ageing,Erasmus Mundus,International Students,Multiple Fields,International,Study,0,International Master degree on the biology of Ageing is an Erasmus Mundus Joint Master's programme.,Erasmus Mundus,Multiple European Countries,Varies by Programme,Full Scholarship Available,Masters,1-2 Years,https://life.univ-cotedazur.fr/international/imagein,Europe,Annual,Scholarship,1,Masters,Study,95,High,0,92,Masters,https://life.univ-cotedazur.fr/international/imagein,Full Funding,1-2 Years
ERASMUS-53,Leading International Vaccinology Education for Innovation,Erasmus Mundus,International Students,Multiple Fields,International,Study,0,Leading International Vaccinology Education for Innovation is an Erasmus Mundus Joint Master's programme.,Erasmus Mundus,Multiple European Countries,Varies by Programme,Full Scholarship Available,Masters,1-2 Years,https://masterlive-vaccinology.eu/,Europe,Annual,Scholarship,1,Masters,Study,95,High,0,92,Masters,https://masterlive-vaccinology.eu/,Full Funding,1-2 Years
ERASMUS-54,Greening Energy Market and Finance,Erasmus Mundus,International Students,Multiple Fields,International,Study,0,Greening Energy Market and Finance is an Erasmus Mundus Joint Master's programme.,Erasmus Mundus,Multiple European Countries,Varies by Programme,Full Scholarship Available,Masters,1-2 Years,https://site.unibo.it/grenfin-emjm,Europe,Annual,Scholarship,1,Masters,Study,95,High,0,92,Masters,https://site.unibo.it/grenfin-emjm,Full Funding,1-2 Years
ERASMUS-55,"Global Markets, Local Creativities",Erasmus Mundus,International Students,Multiple Fields,International,Study,0,"Global Markets, Local Creativities is an Erasmus Mundus Joint Master's programme.",Erasmus Mundus,Multiple European Countries,Varies by Programme,Full Scholarship Available,Masters,1-2 Years,https://globallocal-erasmusmundus.eu/,Europe,Annual,Scholarship,1,Masters,Study,95,High,0,92,Masters,https://globallocal-erasmusmundus.eu/,Full Funding,1-2 Years
ERASMUS-56,Erasmus Mundus Master in European Environmental Economics and Policy,Erasmus Mundus,International Students,Multiple Fields,International,Study,0,Erasmus Mundus Master in European Environmental Economics and Policy is an Erasmus Mundus Joint Master's programme.,Erasmus Mundus,Multiple European Countries,Varies by Programme,Full Scholarship Available,Masters,1-2 Years,https://4euplus.eu/4EU-981.html,Europe,Annual,Scholarship,1,Masters,Study,95,High,0,92,Masters,https://4euplus.eu/4EU-981.html,Full Funding,1-2 Years
ERASMUS-57,Health and Wellbeing across the Lifespan,Erasmus Mundus,International Students,Multiple Fields,International,Study,0,Health and Wellbeing across the Lifespan is an Erasmus Mundus Joint Master's programme.,Erasmus Mundus,Multiple European Countries,Varies by Programme,Full Scholarship Available,Masters,1-2 Years,https://www.hygieiamaster.eu/,Europe,Annual,Scholarship,1,Masters,Study,95,High,0,92,Masters,https://www.hygieiamaster.eu/,Full Funding,1-2 Years
ERASMUS-58,Erasmus Mundus - Master of Science in Imaging and Light in Extended Reality,Erasmus Mundus,International Students,Multiple Fields,International,Study,0,Erasmus Mundus - Master of Science in Imaging and Light in Extended Reality is an Erasmus Mundus Joint Master's programme.,Erasmus Mundus,Multiple European Countries,Varies by Programme,Full Scholarship Available,Masters,1-2 Years,https://imlex.org/,Europe,Annual,Scholarship,1,Masters,Study,95,High,0,92,Masters,https://imlex.org/,Full Funding,1-2 Years
ERASMUS-59,Economic POlicies for the Global bifurcation - Joint Master,Erasmus Mundus,International Students,Multiple Fields,International,Study,0,Economic POlicies for the Global bifurcation - Joint Master is an Erasmus Mundus Joint Master's programme.,Erasmus Mundus,Multiple European Countries,Varies by Programme,Full Scholarship Available,Masters,1-2 Years,https://www.epog.eu/,Europe,Annual,Scholarship,1,Masters,Study,95,High,0,92,Masters,https://www.epog.eu/,Full Funding,1-2 Years
ERASMUS-60,Intelligent Photonics for Security Reliability Sustainability and Safety,Erasmus Mundus,International Students,Multiple Fields,International,Study,0,Intelligent Photonics for Security Reliability Sustainability and Safety is an Erasmus Mundus Joint Master's programme.,Erasmus Mundus,Multiple European Countries,Varies by Programme,Full Scholarship Available,Masters,1-2 Years,https://www.master-photonics4security.eu/,Europe,Annual,Scholarship,1,Masters,Study,95,High,0,92,Masters,https://www.master-photonics4security.eu/,Full Funding,1-2 Years
ERASMUS-61,"Coordinated Humanitarian Response, Health and Displacement",Erasmus Mundus,International Students,Multiple Fields,International,Study,0,"Coordinated Humanitarian Response, Health and Displacement is an Erasmus Mundus Joint Master's programme.",Erasmus Mundus,Multiple European Countries,Varies by Programme,Full Scholarship Available,Masters,1-2 Years,https://humanresponse.eu/,Europe,Annual,Scholarship,1,Masters,Study,95,High,0,92,Masters,https://humanresponse.eu/,Full Funding,1-2 Years
ERASMUS-62,European Master in Health Economics and Management,Erasmus Mundus,International Students,Multiple Fields,International,Study,0,European Master in Health Economics and Management is an Erasmus Mundus Joint Master's programme.,Erasmus Mundus,Multiple European Countries,Varies by Programme,Full Scholarship Available,Masters,1-2 Years,http://eu-hem.eu,Europe,Annual,Scholarship,1,Masters,Study,95,High,0,92,Masters,http://eu-hem.eu,Full Funding,1-2 Years
ERASMUS-63,MASTER IN INTELLECTUAL PROPERTY AND DATA LAW,Erasmus Mundus,International Students,Multiple Fields,International,Study,0,MASTER IN INTELLECTUAL PROPERTY AND DATA LAW is an Erasmus Mundus Joint Master's programme.,Erasmus Mundus,Multiple European Countries,Varies by Programme,Full Scholarship Available,Masters,1-2 Years,https://mipdal.eu/,Europe,Annual,Scholarship,1,Masters,Study,95,High,0,92,Masters,https://mipdal.eu/,Full Funding,1-2 Years
ERASMUS-64,Response_Able Futures; A European Joint Masters in Design and Care,Erasmus Mundus,International Students,Multiple Fields,International,Study,0,Response_Able Futures; A European Joint Masters in Design and Care is an Erasmus Mundus Joint Master's programme.,Erasmus Mundus,Multiple European Countries,Varies by Programme,Full Scholarship Available,Masters,1-2 Years,https://www.response-able-futures.eu/,Europe,Annual,Scholarship,1,Masters,Study,95,High,0,92,Masters,https://www.response-able-futures.eu/,Full Funding,1-2 Years
ERASMUS-65,EUropean master on COntrol of Renewable Energy systems,Erasmus Mundus,International Students,Multiple Fields,International,Study,0,EUropean master on COntrol of Renewable Energy systems is an Erasmus Mundus Joint Master's programme.,Erasmus Mundus,Multiple European Countries,Varies by Programme,Full Scholarship Available,Masters,1-2 Years,https://master-eu-core.ec-nantes.fr,Europe,Annual,Scholarship,1,Masters,Study,95,High,0,92,Masters,https://master-eu-core.ec-nantes.fr,Full Funding,1-2 Years
ERASMUS-66,Erasmus Mundus Joint Master in Cutting-Edge Technologies for Sustainable Agriculture,Erasmus Mundus,International Students,Multiple Fields,International,Study,0,Erasmus Mundus Joint Master in Cutting-Edge Technologies for Sustainable Agriculture is an Erasmus Mundus Joint Master's programme.,Erasmus Mundus,Multiple European Countries,Varies by Programme,Full Scholarship Available,Masters,1-2 Years,https://sustagri-em.eu/,Europe,Annual,Scholarship,1,Masters,Study,95,High,0,92,Masters,https://sustagri-em.eu/,Full Funding,1-2 Years
ERASMUS-67,"Erasmus Mundus Joint Master's programme in Surface, Electro, Radiation, and Photo-chemistry",Erasmus Mundus,International Students,Multiple Fields,International,Study,0,"Erasmus Mundus Joint Master's programme in Surface, Electro, Radiation, and Photo-chemistry is an Erasmus Mundus Joint Master's programme.",Erasmus Mundus,Multiple European Countries,Varies by Programme,Full Scholarship Available,Masters,1-2 Years,https://www.master-serp.eu/,Europe,Annual,Scholarship,1,Masters,Study,95,High,0,92,Masters,https://www.master-serp.eu/,Full Funding,1-2 Years
ERASMUS-68,Theoretical Chemistry and Computational Modeling,Erasmus Mundus,International Students,Multiple Fields,International,Study,0,Theoretical Chemistry and Computational Modeling is an Erasmus Mundus Joint Master's programme.,Erasmus Mundus,Multiple European Countries,Varies by Programme,Full Scholarship Available,Masters,1-2 Years,https://www.emtccm.org,Europe,Annual,Scholarship,1,Masters,Study,95,High,0,92,Masters,https://www.emtccm.org,Full Funding,1-2 Years
ERASMUS-69,Social Psychology of Transformation:  Understanding and Mastering Social Change,Erasmus Mundus,International Students,Multiple Fields,International,Study,0,Social Psychology of Transformation:  Understanding and Mastering Social Change is an Erasmus Mundus Joint Master's programme.,Erasmus Mundus,Multiple European Countries,Varies by Programme,Full Scholarship Available,Masters,1-2 Years,https://spot-psychology.eu/,Europe,Annual,Scholarship,1,Masters,Study,95,High,0,92,Masters,https://spot-psychology.eu/,Full Funding,1-2 Years
ERASMUS-70,Research and Innovation in Higher Education,Erasmus Mundus,International Students,Multiple Fields,International,Study,0,Research and Innovation in Higher Education is an Erasmus Mundus Joint Master's programme.,Erasmus Mundus,Multiple European Countries,Varies by Programme,Full Scholarship Available,Masters,1-2 Years,http://www.marihe.eu/,Europe,Annual,Scholarship,1,Masters,Research,95,High,0,92,Masters,http://www.marihe.eu/,Full Funding,1-2 Years
ERASMUS-71,From Membrane Biology to Neuroscience and Experimental Medicine,Erasmus Mundus,International Students,Multiple Fields,International,Study,0,From Membrane Biology to Neuroscience and Experimental Medicine is an Erasmus Mundus Joint Master's programme.,Erasmus Mundus,Multiple European Countries,Varies by Programme,Full Scholarship Available,Masters,1-2 Years,https://life.univ-cotedazur.fr/international/erasmus-mundus-joint-master-membiomed,Europe,Annual,Scholarship,1,Masters,Study,95,High,0,92,Masters,https://life.univ-cotedazur.fr/international/erasmus-mundus-joint-master-membiomed,Full Funding,1-2 Years
ERASMUS-72,Electric vehicle PropulsIon & COntrol Plus,Erasmus Mundus,International Students,Multiple Fields,International,Study,0,Electric vehicle PropulsIon & COntrol Plus is an Erasmus Mundus Joint Master's programme.,Erasmus Mundus,Multiple European Countries,Varies by Programme,Full Scholarship Available,Masters,1-2 Years,https://master-epico.ec-nantes.fr/,Europe,Annual,Scholarship,1,Masters,Study,95,High,0,92,Masters,https://master-epico.ec-nantes.fr/,Full Funding,1-2 Years
ERASMUS-73,International Master's in Advanced Research in Criminology,Erasmus Mundus,International Students,Multiple Fields,International,Study,0,International Master's in Advanced Research in Criminology is an Erasmus Mundus Joint Master's programme.,Erasmus Mundus,Multiple European Countries,Varies by Programme,Full Scholarship Available,Masters,1-2 Years,https://www.internationalmastercriminology.eu/,Europe,Annual,Scholarship,1,Masters,Research,95,High,0,92,Masters,https://www.internationalmastercriminology.eu/,Full Funding,1-2 Years
ERASMUS-74,Decentralised Smart Energy Systems 2.0,Erasmus Mundus,International Students,Multiple Fields,International,Study,0,Decentralised Smart Energy Systems 2.0 is an Erasmus Mundus Joint Master's programme.,Erasmus Mundus,Multiple European Countries,Varies by Programme,Full Scholarship Available,Masters,1-2 Years,https://densys.univ-lorraine.fr/,Europe,Annual,Scholarship,1,Masters,Study,95,High,0,92,Masters,https://densys.univ-lorraine.fr/,Full Funding,1-2 Years
ERASMUS-75,International Master in Innovative Medicine,Erasmus Mundus,International Students,Multiple Fields,International,Study,0,International Master in Innovative Medicine is an Erasmus Mundus Joint Master's programme.,Erasmus Mundus,Multiple European Countries,Varies by Programme,Full Scholarship Available,Masters,1-2 Years,https://www.innovativemedicine.eu/home,Europe,Annual,Scholarship,1,Masters,Study,95,High,0,92,Masters,https://www.innovativemedicine.eu/home,Full Funding,1-2 Years
ERASMUS-76,Mechanics of Sustainable Materials and Structures,Erasmus Mundus,International Students,Multiple Fields,International,Study,0,Mechanics of Sustainable Materials and Structures is an Erasmus Mundus Joint Master's programme.,Erasmus Mundus,Multiple European Countries,Varies by Programme,Full Scholarship Available,Masters,1-2 Years,https://www.ms2master.com,Europe,Annual,Scholarship,1,Masters,Study,95,High,0,92,Masters,https://www.ms2master.com,Full Funding,1-2 Years
ERASMUS-77,Erasmus Mundus Joint Master in Global Change Ecology and Biodiversity Management,Erasmus Mundus,International Students,Multiple Fields,International,Study,0,Erasmus Mundus Joint Master in Global Change Ecology and Biodiversity Management is an Erasmus Mundus Joint Master's programme.,Erasmus Mundus,Multiple European Countries,Varies by Programme,Full Scholarship Available,Masters,1-2 Years,https://globe-master.eu/,Europe,Annual,Scholarship,1,Masters,Study,95,High,0,92,Masters,https://globe-master.eu/,Full Funding,1-2 Years
ERASMUS-78,http://www.spreeafrica.com/,Erasmus Mundus,International Students,Multiple Fields,International,Study,0,http://www.spreeafrica.com/ is an Erasmus Mundus Joint Master's programme.,Erasmus Mundus,Multiple European Countries,Varies by Programme,Full Scholarship Available,Masters,1-2 Years,http://www.spreeafrica.com/,Europe,Annual,Scholarship,1,Masters,Study,95,High,0,92,Masters,http://www.spreeafrica.com/,Full Funding,1-2 Years
ERASMUS-79,http://www.intra-africa-mastet.org/,Erasmus Mundus,International Students,Multiple Fields,International,Study,0,http://www.intra-africa-mastet.org/ is an Erasmus Mundus Joint Master's programme.,Erasmus Mundus,Multiple European Countries,Varies by Programme,Full Scholarship Available,Masters,1-2 Years,http://www.intra-africa-mastet.org/,Europe,Annual,Scholarship,1,Masters,Study,95,High,0,92,Masters,http://www.intra-africa-mastet.org/,Full Funding,1-2 Years
ERASMUS-80,https://miret.mu.ac.ke/,Erasmus Mundus,International Students,Multiple Fields,International,Study,0,https://miret.mu.ac.ke/ is an Erasmus Mundus Joint Master's programme.,Erasmus Mundus,Multiple European Countries,Varies by Programme,Full Scholarship Available,Masters,1-2 Years,https://miret.mu.ac.ke/,Europe,Annual,Scholarship,1,Masters,Study,95,High,0,92,Masters,https://miret.mu.ac.ke/,Full Funding,1-2 Years
ERASMUS-81,http://frame.nust.na/,Erasmus Mundus,International Students,Multiple Fields,International,Study,0,http://frame.nust.na/ is an Erasmus Mundus Joint Master's programme.,Erasmus Mundus,Multiple European Countries,Varies by Programme,Full Scholarship Available,Masters,1-2 Years,http://frame.nust.na/,Europe,Annual,Scholarship,1,Masters,Study,95,High,0,92,Masters,http://frame.nust.na/,Full Funding,1-2 Years
ERASMUS-82,https://elbmmobility.org/,Erasmus Mundus,International Students,Multiple Fields,International,Study,0,https://elbmmobility.org/ is an Erasmus Mundus Joint Master's programme.,Erasmus Mundus,Multiple European Countries,Varies by Programme,Full Scholarship Available,Masters,1-2 Years,https://elbmmobility.org/,Europe,Annual,Scholarship,1,Masters,Study,95,High,0,92,Masters,https://elbmmobility.org/,Full Funding,1-2 Years
ERASMUS-83,http://www.utm.rnu.tn/afridi/fr,Erasmus Mundus,International Students,Multiple Fields,International,Study,0,http://www.utm.rnu.tn/afridi/fr is an Erasmus Mundus Joint Master's programme.,Erasmus Mundus,Multiple European Countries,Varies by Programme,Full Scholarship Available,Masters,1-2 Years,http://www.utm.rnu.tn/afridi/fr,Europe,Annual,Scholarship,1,Masters,Study,95,High,0,92,Masters,http://www.utm.rnu.tn/afridi/fr,Full Funding,1-2 Years
ERASMUS-84,http://www.ru.ac.za/intra-africa-awarmn,Erasmus Mundus,International Students,Multiple Fields,International,Study,0,http://www.ru.ac.za/intra-africa-awarmn is an Erasmus Mundus Joint Master's programme.,Erasmus Mundus,Multiple European Countries,Varies by Programme,Full Scholarship Available,Masters,1-2 Years,http://www.ru.ac.za/intra-africa-awarmn,Europe,Annual,Scholarship,1,Masters,Study,95,High,0,92,Masters,http://www.ru.ac.za/intra-africa-awarmn,Full Funding,1-2 Years
ERASMUS-85,EMerald Master in Georesources Engineering,Erasmus Mundus,International Students,Multiple Fields,International,Study,0,EMerald Master in Georesources Engineering is an Erasmus Mundus Joint Master's programme.,Erasmus Mundus,Multiple European Countries,Varies by Programme,Full Scholarship Available,Masters,1-2 Years,https://www.em-georesources.eu/,Europe,Annual,Scholarship,1,Masters,Study,95,High,0,92,Masters,https://www.em-georesources.eu/,Full Funding,1-2 Years
ERASMUS-86,"FilmMemory - Joint Master of Arts in European Film Heritage, History and Cultures",Erasmus Mundus,International Students,Multiple Fields,International,Study,0,"FilmMemory - Joint Master of Arts in European Film Heritage, History and Cultures is an Erasmus Mundus Joint Master's programme.",Erasmus Mundus,Multiple European Countries,Varies by Programme,Full Scholarship Available,Masters,1-2 Years,https://www.filmmemory.eu/,Europe,Annual,Scholarship,1,Masters,Arts,95,High,0,92,Masters,https://www.filmmemory.eu/,Full Funding,1-2 Years
ERASMUS-87,MSc in Smart Cities and Communities,Erasmus Mundus,International Students,Multiple Fields,International,Study,0,MSc in Smart Cities and Communities is an Erasmus Mundus Joint Master's programme.,Erasmus Mundus,Multiple European Countries,Varies by Programme,Full Scholarship Available,Masters,1-2 Years,https://www.smaccs.eu/,Europe,Annual,Scholarship,1,Masters,Study,95,High,0,92,Masters,https://www.smaccs.eu/,Full Funding,1-2 Years
ERASMUS-88,European Master For Industry in Microwave Electronics and Photonics,Erasmus Mundus,International Students,Multiple Fields,International,Study,0,European Master For Industry in Microwave Electronics and Photonics is an Erasmus Mundus Joint Master's programme.,Erasmus Mundus,Multiple European Countries,Varies by Programme,Full Scholarship Available,Masters,1-2 Years,https://www.erasmus-mundus.emimep.eu/,Europe,Annual,Scholarship,1,Masters,Study,95,High,0,92,Masters,https://www.erasmus-mundus.emimep.eu/,Full Funding,1-2 Years
ERASMUS-89,Multiphase Systems for Sustainable Engineering,Erasmus Mundus,International Students,Multiple Fields,International,Study,0,Multiphase Systems for Sustainable Engineering is an Erasmus Mundus Joint Master's programme.,Erasmus Mundus,Multiple European Countries,Varies by Programme,Full Scholarship Available,Masters,1-2 Years,https://www.multiphase-master.eu/,Europe,Annual,Scholarship,1,Masters,Study,95,High,0,92,Masters,https://www.multiphase-master.eu/,Full Funding,1-2 Years
ERASMUS-90,Safe and Reliable Nuclear Applications,Erasmus Mundus,International Students,Multiple Fields,International,Study,0,Safe and Reliable Nuclear Applications is an Erasmus Mundus Joint Master's programme.,Erasmus Mundus,Multiple European Countries,Varies by Programme,Full Scholarship Available,Masters,1-2 Years,https://www.imt-atlantique.fr/en/study/masters/emjmd/sarena,Europe,Annual,Scholarship,1,Masters,Study,95,High,0,92,Masters,https://www.imt-atlantique.fr/en/study/masters/emjmd/sarena,Full Funding,1-2 Years
ERASMUS-91,Education Policies for Global Development,Erasmus Mundus,International Students,Multiple Fields,International,Study,0,Education Policies for Global Development is an Erasmus Mundus Joint Master's programme.,Erasmus Mundus,Multiple European Countries,Varies by Programme,Full Scholarship Available,Masters,1-2 Years,http://www.globed.eu/,Europe,Annual,Scholarship,1,Masters,Study,95,High,0,92,Masters,http://www.globed.eu/,Full Funding,1-2 Years
ERASMUS-92,Communications Engineering and Data Science,Erasmus Mundus,International Students,Multiple Fields,International,Study,0,Communications Engineering and Data Science is an Erasmus Mundus Joint Master's programme.,Erasmus Mundus,Multiple European Countries,Varies by Programme,Full Scholarship Available,Masters,1-2 Years,https://www.unite-codas-master.eu/,Europe,Annual,Scholarship,1,Masters,Study,95,High,0,92,Masters,https://www.unite-codas-master.eu/,Full Funding,1-2 Years
ERASMUS-93,Erasmus Mundus Masters Program in Public Policy,Erasmus Mundus,International Students,Multiple Fields,International,Study,0,Erasmus Mundus Masters Program in Public Policy is an Erasmus Mundus Joint Master's programme.,Erasmus Mundus,Multiple European Countries,Varies by Programme,Full Scholarship Available,Masters,1-2 Years,https://www.mundusmapp.org/,Europe,Annual,Scholarship,1,Masters,Study,95,High,0,92,Masters,https://www.mundusmapp.org/,Full Funding,1-2 Years
ERASMUS-94,PlantHealth - European Master Degree in PLANT HEALTH IN SUSTAINABLE CROPPING SYSTEMS,Erasmus Mundus,International Students,Multiple Fields,International,Study,0,PlantHealth - European Master Degree in PLANT HEALTH IN SUSTAINABLE CROPPING SYSTEMS is an Erasmus Mundus Joint Master's programme.,Erasmus Mundus,Multiple European Countries,Varies by Programme,Full Scholarship Available,Masters,1-2 Years,https://www.planthealth.upv.es/web/,Europe,Annual,Scholarship,1,Masters,Study,95,High,0,92,Masters,https://www.planthealth.upv.es/web/,Full Funding,1-2 Years
ERASMUS-95,Erasmus Mundus Joint Master in Physiology and Medicine of Humans in Space and Extreme Environment,Erasmus Mundus,International Students,Multiple Fields,International,Study,0,Erasmus Mundus Joint Master in Physiology and Medicine of Humans in Space and Extreme Environment is an Erasmus Mundus Joint Master's programme.,Erasmus Mundus,Multiple European Countries,Varies by Programme,Full Scholarship Available,Masters,1-2 Years,https://space-med.eu,Europe,Annual,Scholarship,1,Masters,Study,95,High,0,92,Masters,https://space-med.eu,Full Funding,1-2 Years
ERASMUS-96,Erasmus Mundus Joint Master Programme in Imaging,Erasmus Mundus,International Students,Multiple Fields,International,Study,0,Erasmus Mundus Joint Master Programme in Imaging is an Erasmus Mundus Joint Master's programme.,Erasmus Mundus,Multiple European Countries,Varies by Programme,Full Scholarship Available,Masters,1-2 Years,https://www.emjm-imaging.eu/,Europe,Annual,Scholarship,1,Masters,Study,95,High,0,92,Masters,https://www.emjm-imaging.eu/,Full Funding,1-2 Years
ERASMUS-97,International Masters in Risk Assessment and Management of Civil Infrastructures,Erasmus Mundus,International Students,Multiple Fields,International,Study,0,International Masters in Risk Assessment and Management of Civil Infrastructures is an Erasmus Mundus Joint Master's programme.,Erasmus Mundus,Multiple European Countries,Varies by Programme,Full Scholarship Available,Masters,1-2 Years,https://msc-norisk.org/,Europe,Annual,Scholarship,1,Masters,Study,95,High,0,92,Masters,https://msc-norisk.org/,Full Funding,1-2 Years
ERASMUS-98,Interdisciplinarity in Materials for Energy Storage and Conversion,Erasmus Mundus,International Students,Multiple Fields,International,Study,0,Interdisciplinarity in Materials for Energy Storage and Conversion is an Erasmus Mundus Joint Master's programme.,Erasmus Mundus,Multiple European Countries,Varies by Programme,Full Scholarship Available,Masters,1-2 Years,https://i-mesc.eu/,Europe,Annual,Scholarship,1,Masters,Study,95,High,0,92,Masters,https://i-mesc.eu/,Full Funding,1-2 Years
ERASMUS-99,Erasmus Mundus Master in 'Global Studies',Erasmus Mundus,International Students,Multiple Fields,International,Study,0,Erasmus Mundus Master in 'Global Studies' is an Erasmus Mundus Joint Master's programme.,Erasmus Mundus,Multiple European Countries,Varies by Programme,Full Scholarship Available,Masters,1-2 Years,https://globalstudies-masters.eu/,Europe,Annual,Scholarship,1,Masters,Study,95,High,0,92,Masters,https://globalstudies-masters.eu/,Full Funding,1-2 Years
ERASMUS-100,European Master of Science in Skin Health and Care,Erasmus Mundus,International Students,Multiple Fields,International,Study,0,European Master of Science in Skin Health and Care is an Erasmus Mundus Joint Master's programme.,Erasmus Mundus,Multiple European Countries,Varies by Programme,Full Scholarship Available,Masters,1-2 Years,http://www.emotion-master.eu/,Europe,Annual,Scholarship,1,Masters,Study,95,High,0,92,Masters,http://www.emotion-master.eu/,Full Funding,1-2 Years
ERASMUS-101,Image Processing and Computer Vision ai,Erasmus Mundus,International Students,Multiple Fields,International,Study,0,Image Processing and Computer Vision ai is an Erasmus Mundus Joint Master's programme.,Erasmus Mundus,Multiple European Countries,Varies by Programme,Full Scholarship Available,Masters,1-2 Years,http://ipcv.eu/,Europe,Annual,Scholarship,1,Masters,Study,95,High,0,92,Masters,http://ipcv.eu/,Full Funding,1-2 Years
ERASMUS-102,Master Erasmus Mundus in Lexicography,Erasmus Mundus,International Students,Multiple Fields,International,Study,0,Master Erasmus Mundus in Lexicography is an Erasmus Mundus Joint Master's programme.,Erasmus Mundus,Multiple European Countries,Varies by Programme,Full Scholarship Available,Masters,1-2 Years,https://www.emlex.eu.usc.gal/,Europe,Annual,Scholarship,1,Masters,Study,95,High,0,92,Masters,https://www.emlex.eu.usc.gal/,Full Funding,1-2 Years
ERASMUS-103,Groundwater and Global Change - Impacts and Adaptation,Erasmus Mundus,International Students,Multiple Fields,International,Study,0,Groundwater and Global Change - Impacts and Adaptation is an Erasmus Mundus Joint Master's programme.,Erasmus Mundus,Multiple European Countries,Varies by Programme,Full Scholarship Available,Masters,1-2 Years,https://www.groundwatermaster.eu/,Europe,Annual,Scholarship,1,Masters,Study,95,High,0,92,Masters,https://www.groundwatermaster.eu/,Full Funding,1-2 Years
ERASMUS-104,"Children’s Literature, Media and Cultural Entrepreneurship",Erasmus Mundus,International Students,Multiple Fields,International,Study,0,"Children’s Literature, Media and Cultural Entrepreneurship is an Erasmus Mundus Joint Master's programme.",Erasmus Mundus,Multiple European Countries,Varies by Programme,Full Scholarship Available,Masters,1-2 Years,https://www.clmce-erasmusmundus.eu/,Europe,Annual,Scholarship,1,Masters,Study,95,High,0,92,Masters,https://www.clmce-erasmusmundus.eu/,Full Funding,1-2 Years
ERASMUS-105,Erasmus Mundus Joint Master Redesigning the Post-Industrial City,Erasmus Mundus,International Students,Multiple Fields,International,Study,0,Erasmus Mundus Joint Master Redesigning the Post-Industrial City is an Erasmus Mundus Joint Master's programme.,Erasmus Mundus,Multiple European Countries,Varies by Programme,Full Scholarship Available,Masters,1-2 Years,https://www.unic.eu/en/repic#all,Europe,Annual,Scholarship,1,Masters,Study,95,High,0,92,Masters,https://www.unic.eu/en/repic#all,Full Funding,1-2 Years
ERASMUS-106,RE_PLAY: EUROPEAN JOINT MASTERS IN GAMES,Erasmus Mundus,International Students,Multiple Fields,International,Study,0,RE_PLAY: EUROPEAN JOINT MASTERS IN GAMES is an Erasmus Mundus Joint Master's programme.,Erasmus Mundus,Multiple European Countries,Varies by Programme,Full Scholarship Available,Masters,1-2 Years,https://www.replaymasters.eu/,Europe,Annual,Scholarship,1,Masters,Study,95,High,0,92,Masters,https://www.replaymasters.eu/,Full Funding,1-2 Years
ERASMUS-107,Joint Master's in Nanomaterials for Green and Digital Transitions,Erasmus Mundus,International Students,Multiple Fields,International,Study,0,Joint Master's in Nanomaterials for Green and Digital Transitions is an Erasmus Mundus Joint Master's programme.,Erasmus Mundus,Multiple European Countries,Varies by Programme,Full Scholarship Available,Masters,1-2 Years,https://www.greenanomaster.eu/,Europe,Annual,Scholarship,1,Masters,Study,95,High,0,92,Masters,https://www.greenanomaster.eu/,Full Funding,1-2 Years
ERASMUS-108,Erasmus Mundus Joint Master Degree on Public Health in Disaster,Erasmus Mundus,International Students,Multiple Fields,International,Study,0,Erasmus Mundus Joint Master Degree on Public Health in Disaster is an Erasmus Mundus Joint Master's programme.,Erasmus Mundus,Multiple European Countries,Varies by Programme,Full Scholarship Available,Masters,1-2 Years,https://masterpublichealthdisasters.eu/,Europe,Annual,Scholarship,1,Masters,Study,95,High,0,92,Masters,https://masterpublichealthdisasters.eu/,Full Funding,1-2 Years
ERASMUS-109,International Master in Advanced Design of Sustainable Ships and Offshore Structures,Erasmus Mundus,International Students,Multiple Fields,International,Study,0,International Master in Advanced Design of Sustainable Ships and Offshore Structures is an Erasmus Mundus Joint Master's programme.,Erasmus Mundus,Multiple European Countries,Varies by Programme,Full Scholarship Available,Masters,1-2 Years,http://www.EMship.eu,Europe,Annual,Scholarship,1,Masters,Study,95,High,0,92,Masters,http://www.EMship.eu,Full Funding,1-2 Years
ERASMUS-110,EUROPHOTONICS,Erasmus Mundus,International Students,Multiple Fields,International,Study,0,EUROPHOTONICS is an Erasmus Mundus Joint Master's programme.,Erasmus Mundus,Multiple European Countries,Varies by Programme,Full Scholarship Available,Masters,1-2 Years,http://www.europhotonics.org/wordpress/,Europe,Annual,Scholarship,1,Masters,Study,95,High,0,92,Masters,http://www.europhotonics.org/wordpress/,Full Funding,1-2 Years
ERASMUS-111,Sustainable Information Technologies for Societies Joint Masters,Erasmus Mundus,International Students,Multiple Fields,International,Study,0,Sustainable Information Technologies for Societies Joint Masters is an Erasmus Mundus Joint Master's programme.,Erasmus Mundus,Multiple European Countries,Varies by Programme,Full Scholarship Available,Masters,1-2 Years,https://aissprogram.eu/,Europe,Annual,Scholarship,1,Masters,Study,95,High,0,92,Masters,https://aissprogram.eu/,Full Funding,1-2 Years
ERASMUS-112,Sustainable Forest and Nature Management,Erasmus Mundus,International Students,Multiple Fields,International,Study,0,Sustainable Forest and Nature Management is an Erasmus Mundus Joint Master's programme.,Erasmus Mundus,Multiple European Countries,Varies by Programme,Full Scholarship Available,Masters,1-2 Years,https://em-sufonama.eu,Europe,Annual,Scholarship,1,Masters,Study,95,High,0,92,Masters,https://em-sufonama.eu,Full Funding,1-2 Years
ERASMUS-113,International Master in Soils and Global Change,Erasmus Mundus,International Students,Multiple Fields,International,Study,0,International Master in Soils and Global Change is an Erasmus Mundus Joint Master's programme.,Erasmus Mundus,Multiple European Countries,Varies by Programme,Full Scholarship Available,Masters,1-2 Years,https://imsoglo.eu/,Europe,Annual,Scholarship,1,Masters,Study,95,High,0,92,Masters,https://imsoglo.eu/,Full Funding,1-2 Years
ERASMUS-114,Flood Risk Management,Erasmus Mundus,International Students,Multiple Fields,International,Study,0,Flood Risk Management is an Erasmus Mundus Joint Master's programme.,Erasmus Mundus,Multiple European Countries,Varies by Programme,Full Scholarship Available,Masters,1-2 Years,https://www.floodriskmaster.org/,Europe,Annual,Scholarship,1,Masters,Study,95,High,0,92,Masters,https://www.floodriskmaster.org/,Full Funding,1-2 Years
ERASMUS-115,European Master in Sustainable Systems Engineering,Erasmus Mundus,International Students,Multiple Fields,International,Study,0,European Master in Sustainable Systems Engineering is an Erasmus Mundus Joint Master's programme.,Erasmus Mundus,Multiple European Countries,Varies by Programme,Full Scholarship Available,Masters,1-2 Years,https://www.emsse.eu,Europe,Annual,Scholarship,1,Masters,Study,95,High,0,92,Masters,https://www.emsse.eu,Full Funding,1-2 Years
ERASMUS-116,European Master on Embedded Intelligence Nanosystems Engineering – from Nanoscale Technologies to Ubiquitous Smart Sensors,Erasmus Mundus,International Students,Multiple Fields,International,Study,0,European Master on Embedded Intelligence Nanosystems Engineering – from Nanoscale Technologies to Ubiquitous Smart Sensors is an Erasmus Mundus Joint Master's programme.,Erasmus Mundus,Multiple European Countries,Varies by Programme,Full Scholarship Available,Masters,1-2 Years,http://eminent-master.eu/,Europe,Annual,Scholarship,1,Masters,Study,95,High,0,92,Masters,http://eminent-master.eu/,Full Funding,1-2 Years
ERASMUS-117,Copernicus Master in Digital Earth,Erasmus Mundus,International Students,Multiple Fields,International,Study,0,Copernicus Master in Digital Earth is an Erasmus Mundus Joint Master's programme.,Erasmus Mundus,Multiple European Countries,Varies by Programme,Full Scholarship Available,Masters,1-2 Years,https://master-cde.eu/,Europe,Annual,Scholarship,1,Masters,Study,95,High,0,92,Masters,https://master-cde.eu/,Full Funding,1-2 Years
ERASMUS-118,International Master on Wine Tourism Transitions and Innovations,Erasmus Mundus,International Students,Multiple Fields,International,Study,0,International Master on Wine Tourism Transitions and Innovations is an Erasmus Mundus Joint Master's programme.,Erasmus Mundus,Multiple European Countries,Varies by Programme,Full Scholarship Available,Masters,1-2 Years,http://www.wintour-master.eu/en/,Europe,Annual,Scholarship,1,Masters,Study,95,High,0,92,Masters,http://www.wintour-master.eu/en/,Full Funding,1-2 Years
ERASMUS-119,Manufacturing 4.0 by intElligent and susTAinable technologies - META 4.0,Erasmus Mundus,International Students,Multiple Fields,International,Study,0,Manufacturing 4.0 by intElligent and susTAinable technologies - META 4.0 is an Erasmus Mundus Joint Master's programme.,Erasmus Mundus,Multiple European Countries,Varies by Programme,Full Scholarship Available,Masters,1-2 Years,https://www.master-meta4-0.eu,Europe,Annual,Scholarship,1,Masters,Study,95,High,0,92,Masters,https://www.master-meta4-0.eu,Full Funding,1-2 Years
ERASMUS-120,Human Diseases Models Morphological Phenotyping,Erasmus Mundus,International Students,Multiple Fields,International,Study,0,Human Diseases Models Morphological Phenotyping is an Erasmus Mundus Joint Master's programme.,Erasmus Mundus,Multiple European Countries,Varies by Programme,Full Scholarship Available,Masters,1-2 Years,https://morphophen.eu/,Europe,Annual,Scholarship,1,Masters,Study,95,High,0,92,Masters,https://morphophen.eu/,Full Funding,1-2 Years
ERASMUS-121,Erasmus Mundus Master in Biomedical Engineering,Erasmus Mundus,International Students,Multiple Fields,International,Study,0,Erasmus Mundus Master in Biomedical Engineering is an Erasmus Mundus Joint Master's programme.,Erasmus Mundus,Multiple European Countries,Varies by Programme,Full Scholarship Available,Masters,1-2 Years,http://www.emmbiome.eu/,Europe,Annual,Scholarship,1,Masters,Study,95,High,0,92,Masters,http://www.emmbiome.eu/,Full Funding,1-2 Years
ERASMUS-122,Euro-Asian Joint Master Programme in Medical Technology and Healthcare Business,Erasmus Mundus,International Students,Multiple Fields,International,Study,0,Euro-Asian Joint Master Programme in Medical Technology and Healthcare Business is an Erasmus Mundus Joint Master's programme.,Erasmus Mundus,Multiple European Countries,Varies by Programme,Full Scholarship Available,Masters,1-2 Years,https://master-emmah.eu,Europe,Annual,Scholarship,1,Masters,Study,95,High,0,92,Masters,https://master-emmah.eu,Full Funding,1-2 Years
ERASMUS-123,Hydrogen Systems and Enabling Technologies,Erasmus Mundus,International Students,Multiple Fields,International,Study,0,Hydrogen Systems and Enabling Technologies is an Erasmus Mundus Joint Master's programme.,Erasmus Mundus,Multiple European Countries,Varies by Programme,Full Scholarship Available,Masters,1-2 Years,https://www.hysetmaster.polito.it/,Europe,Annual,Scholarship,1,Masters,Study,95,High,0,92,Masters,https://www.hysetmaster.polito.it/,Full Funding,1-2 Years
ERASMUS-124,Master of Science (MSc) in Global Environment and Development,Erasmus Mundus,International Students,Multiple Fields,International,Study,0,Master of Science (MSc) in Global Environment and Development is an Erasmus Mundus Joint Master's programme.,Erasmus Mundus,Multiple European Countries,Varies by Programme,Full Scholarship Available,Masters,1-2 Years,https://merged.info/,Europe,Annual,Scholarship,1,Masters,Study,95,High,0,92,Masters,https://merged.info/,Full Funding,1-2 Years
ERASMUS-125,Erasmus Mundus Joint Master In Artificial Intelligence,Erasmus Mundus,International Students,Multiple Fields,International,Study,0,Erasmus Mundus Joint Master In Artificial Intelligence is an Erasmus Mundus Joint Master's programme.,Erasmus Mundus,Multiple European Countries,Varies by Programme,Full Scholarship Available,Masters,1-2 Years,https://emai-master.eu,Europe,Annual,Scholarship,1,Masters,Study,95,High,0,92,Masters,https://emai-master.eu,Full Funding,1-2 Years
ERASMUS-126,"EMJM AQUACULTURE, ENVIRONMENT AND SOCIETY – STAR",Erasmus Mundus,International Students,Multiple Fields,International,Study,0,"EMJM AQUACULTURE, ENVIRONMENT AND SOCIETY – STAR is an Erasmus Mundus Joint Master's programme.",Erasmus Mundus,Multiple European Countries,Varies by Programme,Full Scholarship Available,Masters,1-2 Years,https://www.emm-aces.org/,Europe,Annual,Scholarship,1,Masters,Study,95,High,0,92,Masters,https://www.emm-aces.org/,Full Funding,1-2 Years
ERASMUS-127,International Master of Advanced Methods in Particle Physics,Erasmus Mundus,International Students,Multiple Fields,International,Study,0,International Master of Advanced Methods in Particle Physics is an Erasmus Mundus Joint Master's programme.,Erasmus Mundus,Multiple European Countries,Varies by Programme,Full Scholarship Available,Masters,1-2 Years,https://imapp.eu/,Europe,Annual,Scholarship,1,Masters,Study,95,High,0,92,Masters,https://imapp.eu/,Full Funding,1-2 Years
ERASMUS-128,Master in Materials Science powEred by Large-Scale Facilities,Erasmus Mundus,International Students,Multiple Fields,International,Study,0,Master in Materials Science powEred by Large-Scale Facilities is an Erasmus Mundus Joint Master's programme.,Erasmus Mundus,Multiple European Countries,Varies by Programme,Full Scholarship Available,Masters,1-2 Years,https://www.mamaself.eu/,Europe,Annual,Scholarship,1,Masters,Study,95,High,0,92,Masters,https://www.mamaself.eu/,Full Funding,1-2 Years
ERASMUS-129,Architectural and Urban Contemporary Heritage,Erasmus Mundus,International Students,Multiple Fields,International,Study,0,Architectural and Urban Contemporary Heritage is an Erasmus Mundus Joint Master's programme.,Erasmus Mundus,Multiple European Countries,Varies by Programme,Full Scholarship Available,Masters,1-2 Years,https://www.arurcohe.com/,Europe,Annual,Scholarship,1,Masters,Study,95,High,0,92,Masters,https://www.arurcohe.com/,Full Funding,1-2 Years
ERASMUS-130,"Masters degree in Environmental Sciences, Policy and Management",Erasmus Mundus,International Students,Multiple Fields,International,Study,0,"Masters degree in Environmental Sciences, Policy and Management is an Erasmus Mundus Joint Master's programme.",Erasmus Mundus,Multiple European Countries,Varies by Programme,Full Scholarship Available,Masters,1-2 Years,https://mespom.eu/,Europe,Annual,Scholarship,1,Masters,Study,95,High,0,92,Masters,https://mespom.eu/,Full Funding,1-2 Years
ERASMUS-131,Master in Membrane Engineering for Sustainable Development,Erasmus Mundus,International Students,Multiple Fields,International,Study,0,Master in Membrane Engineering for Sustainable Development is an Erasmus Mundus Joint Master's programme.,Erasmus Mundus,Multiple European Countries,Varies by Programme,Full Scholarship Available,Masters,1-2 Years,https://mesd.edu.umontpellier.fr/,Europe,Annual,Scholarship,1,Masters,Study,95,High,0,92,Masters,https://mesd.edu.umontpellier.fr/,Full Funding,1-2 Years
ERASMUS-132,EMJM in Global Forestry,Erasmus Mundus,International Students,Multiple Fields,International,Study,0,EMJM in Global Forestry is an Erasmus Mundus Joint Master's programme.,Erasmus Mundus,Multiple European Countries,Varies by Programme,Full Scholarship Available,Masters,1-2 Years,https://globalforestry.eu/,Europe,Annual,Scholarship,1,Masters,Study,95,High,0,92,Masters,https://globalforestry.eu/,Full Funding,1-2 Years
ERASMUS-133,Joint Master Programme in Resilience in Educational Contexts,Erasmus Mundus,International Students,Multiple Fields,International,Study,0,Joint Master Programme in Resilience in Educational Contexts is an Erasmus Mundus Joint Master's programme.,Erasmus Mundus,Multiple European Countries,Varies by Programme,Full Scholarship Available,Masters,1-2 Years,http://flourishproject.mt/,Europe,Annual,Scholarship,1,Masters,Study,95,High,0,92,Masters,http://flourishproject.mt/,Full Funding,1-2 Years
ERASMUS-134,Erasmus Mundus Joint Master on “Climate Change and Diversity: Sustainable Territorial Development”,Erasmus Mundus,International Students,Multiple Fields,International,Study,0,Erasmus Mundus Joint Master on “Climate Change and Diversity: Sustainable Territorial Development” is an Erasmus Mundus Joint Master's programme.,Erasmus Mundus,Multiple European Countries,Varies by Programme,Full Scholarship Available,Masters,1-2 Years,https://ccd-stede.eu/,Europe,Annual,Scholarship,1,Masters,Study,95,High,0,92,Masters,https://ccd-stede.eu/,Full Funding,1-2 Years
ERASMUS-135,ERASMUS MUNDUS JOINT MASTER in ARCHAEOLOGICAl MATERIALS SCIENCE,Erasmus Mundus,International Students,Multiple Fields,International,Study,0,ERASMUS MUNDUS JOINT MASTER in ARCHAEOLOGICAl MATERIALS SCIENCE is an Erasmus Mundus Joint Master's programme.,Erasmus Mundus,Multiple European Countries,Varies by Programme,Full Scholarship Available,Masters,1-2 Years,http://www.erasmusmundus-archmat.eu/,Europe,Annual,Scholarship,1,Masters,Study,95,High,0,92,Masters,http://www.erasmusmundus-archmat.eu/,Full Funding,1-2 Years
ERASMUS-136,Master of Applied Cybersecurity,Erasmus Mundus,International Students,Multiple Fields,International,Study,0,Master of Applied Cybersecurity is an Erasmus Mundus Joint Master's programme.,Erasmus Mundus,Multiple European Countries,Varies by Programme,Full Scholarship Available,Masters,1-2 Years,http://cybermacs.eu/,Europe,Annual,Scholarship,1,Masters,Study,95,High,0,92,Masters,http://cybermacs.eu/,Full Funding,1-2 Years
ERASMUS-137,European Master in Law and Economics,Erasmus Mundus,International Students,Multiple Fields,International,Study,0,European Master in Law and Economics is an Erasmus Mundus Joint Master's programme.,Erasmus Mundus,Multiple European Countries,Varies by Programme,Full Scholarship Available,Masters,1-2 Years,http://www.emle.org/,Europe,Annual,Scholarship,1,Masters,Study,95,High,0,92,Masters,http://www.emle.org/,Full Funding,1-2 Years
ERASMUS-138,Functional Advanced Materials Engineering with Artificial Intelligence for Sustainability,Erasmus Mundus,International Students,Multiple Fields,International,Study,0,Functional Advanced Materials Engineering with Artificial Intelligence for Sustainability is an Erasmus Mundus Joint Master's programme.,Erasmus Mundus,Multiple European Countries,Varies by Programme,Full Scholarship Available,Masters,1-2 Years,https://www.fame-master.eu/,Europe,Annual,Scholarship,1,Masters,Study,95,High,0,92,Masters,https://www.fame-master.eu/,Full Funding,1-2 Years
ERASMUS-139,"Global MINDS European Master in the Psychology of Global Mobility, Inclusion and Diversity in Society",Erasmus Mundus,International Students,Multiple Fields,International,Study,0,"Global MINDS European Master in the Psychology of Global Mobility, Inclusion and Diversity in Society is an Erasmus Mundus Joint Master's programme.",Erasmus Mundus,Multiple European Countries,Varies by Programme,Full Scholarship Available,Masters,1-2 Years,https://global-minds.eu,Europe,Annual,Scholarship,1,Masters,Study,95,High,0,92,Masters,https://global-minds.eu,Full Funding,1-2 Years
ERASMUS-140,Public Sector Innovation and eGovernance,Erasmus Mundus,International Students,Multiple Fields,International,Study,0,Public Sector Innovation and eGovernance is an Erasmus Mundus Joint Master's programme.,Erasmus Mundus,Multiple European Countries,Varies by Programme,Full Scholarship Available,Masters,1-2 Years,https://pioneer-master.eu/,Europe,Annual,Scholarship,1,Masters,Study,95,High,0,92,Masters,https://pioneer-master.eu/,Full Funding,1-2 Years
ERASMUS-141,International Master in Technology and Management for Circular Economy,Erasmus Mundus,International Students,Multiple Fields,International,Study,0,International Master in Technology and Management for Circular Economy is an Erasmus Mundus Joint Master's programme.,Erasmus Mundus,Multiple European Countries,Varies by Programme,Full Scholarship Available,Masters,1-2 Years,https://imatec-mundus.eu/,Europe,Annual,Scholarship,1,Masters,Study,95,High,0,92,Masters,https://imatec-mundus.eu/,Full Funding,1-2 Years
ERASMUS-142,Joint Master's Degree Programme in Service Design Strategies and Innovations,Erasmus Mundus,International Students,Multiple Fields,International,Study,0,Joint Master's Degree Programme in Service Design Strategies and Innovations is an Erasmus Mundus Joint Master's programme.,Erasmus Mundus,Multiple European Countries,Varies by Programme,Full Scholarship Available,Masters,1-2 Years,https://www.sdsi.ma/,Europe,Annual,Scholarship,1,Masters,Study,95,High,0,92,Masters,https://www.sdsi.ma/,Full Funding,1-2 Years
ERASMUS-143,Education in Museums and Heritage,Erasmus Mundus,International Students,Multiple Fields,International,Study,0,Education in Museums and Heritage is an Erasmus Mundus Joint Master's programme.,Erasmus Mundus,Multiple European Countries,Varies by Programme,Full Scholarship Available,Masters,1-2 Years,https://www.gla.ac.uk/postgraduate/erasmusmundus/edumah/,Europe,Annual,Scholarship,1,Masters,Study,95,High,0,92,Masters,https://www.gla.ac.uk/postgraduate/erasmusmundus/edumah/,Full Funding,1-2 Years
ERASMUS-144,International Master in Brain and Data Science,Erasmus Mundus,International Students,Multiple Fields,International,Study,0,International Master in Brain and Data Science is an Erasmus Mundus Joint Master's programme.,Erasmus Mundus,Multiple European Countries,Varies by Programme,Full Scholarship Available,Masters,1-2 Years,https://www.neurodata-master.org/,Europe,Annual,Scholarship,1,Masters,Study,95,High,0,92,Masters,https://www.neurodata-master.org/,Full Funding,1-2 Years
ERASMUS-145,Religious Diversity in a Globalised World,Erasmus Mundus,International Students,Multiple Fields,International,Study,0,Religious Diversity in a Globalised World is an Erasmus Mundus Joint Master's programme.,Erasmus Mundus,Multiple European Countries,Varies by Programme,Full Scholarship Available,Masters,1-2 Years,https://www.red-global.eu/,Europe,Annual,Scholarship,1,Masters,Study,95,High,0,92,Masters,https://www.red-global.eu/,Full Funding,1-2 Years
ERASMUS-146,International Master of Science in Fire Safety Engineering,Erasmus Mundus,International Students,Multiple Fields,International,Study,0,International Master of Science in Fire Safety Engineering is an Erasmus Mundus Joint Master's programme.,Erasmus Mundus,Multiple European Countries,Varies by Programme,Full Scholarship Available,Masters,1-2 Years,https://imfse.be/,Europe,Annual,Scholarship,1,Masters,Study,95,High,0,92,Masters,https://imfse.be/,Full Funding,1-2 Years
ERASMUS-147,Erasmus Mundus Joint Master in Planetary Geosciences,Erasmus Mundus,International Students,Multiple Fields,International,Study,0,Erasmus Mundus Joint Master in Planetary Geosciences is an Erasmus Mundus Joint Master's programme.,Erasmus Mundus,Multiple European Countries,Varies by Programme,Full Scholarship Available,Masters,1-2 Years,https://geoplanet-impg.eu,Europe,Annual,Scholarship,1,Masters,Study,95,High,0,92,Masters,https://geoplanet-impg.eu,Full Funding,1-2 Years
ERASMUS-148,Managing Art and Cultural Heritage in Global Markets,Erasmus Mundus,International Students,Multiple Fields,International,Study,0,Managing Art and Cultural Heritage in Global Markets is an Erasmus Mundus Joint Master's programme.,Erasmus Mundus,Multiple European Countries,Varies by Programme,Full Scholarship Available,Masters,1-2 Years,https://www.magma-erasmusmundus.eu/,Europe,Annual,Scholarship,1,Masters,Study,95,High,0,92,Masters,https://www.magma-erasmusmundus.eu/,Full Funding,1-2 Years
ERASMUS-149,Governance & Administration of Leisure and Sports International Master,Erasmus Mundus,International Students,Multiple Fields,International,Study,0,Governance & Administration of Leisure and Sports International Master is an Erasmus Mundus Joint Master's programme.,Erasmus Mundus,Multiple European Countries,Varies by Programme,Full Scholarship Available,Masters,1-2 Years,http://www.master-goals.eu/,Europe,Annual,Scholarship,1,Masters,Study,95,High,0,92,Masters,http://www.master-goals.eu/,Full Funding,1-2 Years
ERASMUS-150,"Coastal Hazards – Risks, Climate Change Impacts and Adaptation",Erasmus Mundus,International Students,Multiple Fields,International,Study,0,"Coastal Hazards – Risks, Climate Change Impacts and Adaptation is an Erasmus Mundus Joint Master's programme.",Erasmus Mundus,Multiple European Countries,Varies by Programme,Full Scholarship Available,Masters,1-2 Years,https://www.coasthazar.eu,Europe,Annual,Scholarship,1,Masters,Study,95,High,0,92,Masters,https://www.coasthazar.eu,Full Funding,1-2 Years
ERASMUS-151,Master of Science in Coastal and Marine Engineering and Management,Erasmus Mundus,International Students,Multiple Fields,International,Study,0,Master of Science in Coastal and Marine Engineering and Management is an Erasmus Mundus Joint Master's programme.,Erasmus Mundus,Multiple European Countries,Varies by Programme,Full Scholarship Available,Masters,1-2 Years,https://www.ntnu.edu/studies/mscomem,Europe,Annual,Scholarship,1,Masters,Study,95,High,0,92,Masters,https://www.ntnu.edu/studies/mscomem,Full Funding,1-2 Years
ERASMUS-152,Cartography - Mapping for a sustainable world,Erasmus Mundus,International Students,Multiple Fields,International,Study,0,Cartography - Mapping for a sustainable world is an Erasmus Mundus Joint Master's programme.,Erasmus Mundus,Multiple European Countries,Varies by Programme,Full Scholarship Available,Masters,1-2 Years,https://cartographymaster.eu/,Europe,Annual,Scholarship,1,Masters,Study,95,High,0,92,Masters,https://cartographymaster.eu/,Full Funding,1-2 Years
ERASMUS-153,Erasmus Mundus Joint Master in Sustainable Mineral and Metal Processing Engineering,Erasmus Mundus,International Students,Multiple Fields,International,Study,0,Erasmus Mundus Joint Master in Sustainable Mineral and Metal Processing Engineering is an Erasmus Mundus Joint Master's programme.,Erasmus Mundus,Multiple European Countries,Varies by Programme,Full Scholarship Available,Masters,1-2 Years,https://www.master-promise.eu/,Europe,Annual,Scholarship,1,Masters,Study,95,High,0,92,Masters,https://www.master-promise.eu/,Full Funding,1-2 Years
ERASMUS-154,"Techniques, Patrimoine, Territoires de l'Industrie : Histoire, Valorisation, Didactique",Erasmus Mundus,International Students,Multiple Fields,International,Study,0,"Techniques, Patrimoine, Territoires de l'Industrie : Histoire, Valorisation, Didactique is an Erasmus Mundus Joint Master's programme.",Erasmus Mundus,Multiple European Countries,Varies by Programme,Full Scholarship Available,Masters,1-2 Years,https://www.tpti.eu/en/,Europe,Annual,Scholarship,1,Masters,Study,95,High,0,92,Masters,https://www.tpti.eu/en/,Full Funding,1-2 Years
ERASMUS-155,"European Master in Law, Data and Artificial Intelligence",Erasmus Mundus,International Students,Multiple Fields,International,Study,0,"European Master in Law, Data and Artificial Intelligence is an Erasmus Mundus Joint Master's programme.",Erasmus Mundus,Multiple European Countries,Varies by Programme,Full Scholarship Available,Masters,1-2 Years,https://emildai.eu,Europe,Annual,Scholarship,1,Masters,Study,95,High,0,92,Masters,https://emildai.eu,Full Funding,1-2 Years
ERASMUS-156,Islands and Sustainability,Erasmus Mundus,International Students,Multiple Fields,International,Study,0,Islands and Sustainability is an Erasmus Mundus Joint Master's programme.,Erasmus Mundus,Multiple European Countries,Varies by Programme,Full Scholarship Available,Masters,1-2 Years,https://islandsmaster.eu/,Europe,Annual,Scholarship,1,Masters,Study,95,High,0,92,Masters,https://islandsmaster.eu/,Full Funding,1-2 Years
ERASMUS-157,Quantum Technologies and Engineering Erasmus Mundus Master,Erasmus Mundus,International Students,Multiple Fields,International,Study,0,Quantum Technologies and Engineering Erasmus Mundus Master is an Erasmus Mundus Joint Master's programme.,Erasmus Mundus,Multiple European Countries,Varies by Programme,Full Scholarship Available,Masters,1-2 Years,http://www.quanteem.eu,Europe,Annual,Scholarship,1,Masters,Study,95,High,0,92,Masters,http://www.quanteem.eu,Full Funding,1-2 Years
ERASMUS-158,Sustainable Biomass and Bioproducts Engineering,Erasmus Mundus,International Students,Multiple Fields,International,Study,0,Sustainable Biomass and Bioproducts Engineering is an Erasmus Mundus Joint Master's programme.,Erasmus Mundus,Multiple European Countries,Varies by Programme,Full Scholarship Available,Masters,1-2 Years,https://emjm-sbbe.eu,Europe,Annual,Scholarship,1,Masters,Study,95,High,0,92,Masters,https://emjm-sbbe.eu,Full Funding,1-2 Years
ERASMUS-159,"Sustainability in Agriculture, Food Production and Food Technology in the Danube Region - Danube AgriFood Master",Erasmus Mundus,International Students,Multiple Fields,International,Study,0,"Sustainability in Agriculture, Food Production and Food Technology in the Danube Region - Danube AgriFood Master is an Erasmus Mundus Joint Master's programme.",Erasmus Mundus,Multiple European Countries,Varies by Programme,Full Scholarship Available,Masters,1-2 Years,http://www.agrifoodmaster.eu/,Europe,Annual,Scholarship,1,Masters,Study,95,High,0,92,Masters,http://www.agrifoodmaster.eu/,Full Funding,1-2 Years
ERASMUS-160,EU-CONEXUS Joint Master Programme in Marine Biotechnology,Erasmus Mundus,International Students,Multiple Fields,International,Study,0,EU-CONEXUS Joint Master Programme in Marine Biotechnology is an Erasmus Mundus Joint Master's programme.,Erasmus Mundus,Multiple European Countries,Varies by Programme,Full Scholarship Available,Masters,1-2 Years,https://www.eu-conexus.eu/en/marine-biotechnology/,Europe,Annual,Scholarship,1,Masters,Study,95,High,0,92,Masters,https://www.eu-conexus.eu/en/marine-biotechnology/,Full Funding,1-2 Years
ERASMUS-161,ChEMoinformaticsplus - Artificial Intelligence in Chemistry,Erasmus Mundus,International Students,Multiple Fields,International,Study,0,ChEMoinformaticsplus - Artificial Intelligence in Chemistry is an Erasmus Mundus Joint Master's programme.,Erasmus Mundus,Multiple European Countries,Varies by Programme,Full Scholarship Available,Masters,1-2 Years,https://masterchemoinfo.u-strasbg.fr/,Europe,Annual,Scholarship,1,Masters,Study,95,High,0,92,Masters,https://masterchemoinfo.u-strasbg.fr/,Full Funding,1-2 Years
ERASMUS-162,Transnational German Studies Erasmus Mundus Joint Master,Erasmus Mundus,International Students,Multiple Fields,International,Study,0,Transnational German Studies Erasmus Mundus Joint Master is an Erasmus Mundus Joint Master's programme.,Erasmus Mundus,Multiple European Countries,Varies by Programme,Full Scholarship Available,Masters,1-2 Years,https://transnationalgermanstudies.eu/en/programme/,Europe,Annual,Scholarship,1,Masters,Study,95,High,0,92,Masters,https://transnationalgermanstudies.eu/en/programme/,Full Funding,1-2 Years
ERASMUS-163,QUAntum Research Master-level Education Network,Erasmus Mundus,International Students,Multiple Fields,International,Study,0,QUAntum Research Master-level Education Network is an Erasmus Mundus Joint Master's programme.,Erasmus Mundus,Multiple European Countries,Varies by Programme,Full Scholarship Available,Masters,1-2 Years,http://www.master-quarmen.eu/,Europe,Annual,Scholarship,1,Masters,Research,95,High,0,92,Masters,http://www.master-quarmen.eu/,Full Funding,1-2 Years
ERASMUS-164,"Master Degree in Sustainable Design, Construction and Management of the Built Environment",Erasmus Mundus,International Students,Multiple Fields,International,Study,0,"Master Degree in Sustainable Design, Construction and Management of the Built Environment is an Erasmus Mundus Joint Master's programme.",Erasmus Mundus,Multiple European Countries,Varies by Programme,Full Scholarship Available,Masters,1-2 Years,http://www.mbuild.eu/,Europe,Annual,Scholarship,1,Masters,Study,95,High,0,92,Masters,http://www.mbuild.eu/,Full Funding,1-2 Years
ERASMUS-165,Master in Astrophysics and Space Science,Erasmus Mundus,International Students,Multiple Fields,International,Study,0,Master in Astrophysics and Space Science is an Erasmus Mundus Joint Master's programme.,Erasmus Mundus,Multiple European Countries,Varies by Programme,Full Scholarship Available,Masters,1-2 Years,https://www.master-mass.eu/,Europe,Annual,Scholarship,1,Masters,Study,95,High,0,92,Masters,https://www.master-mass.eu/,Full Funding,1-2 Years
ERASMUS-166,Master Program in Advanced Materials Innovative Recycling AMIR EM,Erasmus Mundus,International Students,Multiple Fields,International,Study,0,Master Program in Advanced Materials Innovative Recycling AMIR EM is an Erasmus Mundus Joint Master's programme.,Erasmus Mundus,Multiple European Countries,Varies by Programme,Full Scholarship Available,Masters,1-2 Years,https://www.amir-em-master.com/,Europe,Annual,Scholarship,1,Masters,Study,95,High,0,92,Masters,https://www.amir-em-master.com/,Full Funding,1-2 Years
ERASMUS-167,European Master in Migration and Intercultural Relations,Erasmus Mundus,International Students,Multiple Fields,International,Study,0,European Master in Migration and Intercultural Relations is an Erasmus Mundus Joint Master's programme.,Erasmus Mundus,Multiple European Countries,Varies by Programme,Full Scholarship Available,Masters,1-2 Years,https://www.emmir.org/,Europe,Annual,Scholarship,1,Masters,Study,95,High,0,92,Masters,https://www.emmir.org/,Full Funding,1-2 Years
ERASMUS-168,International Master in Sustainable Drug Discovery,Erasmus Mundus,International Students,Multiple Fields,International,Study,0,International Master in Sustainable Drug Discovery is an Erasmus Mundus Joint Master's programme.,Erasmus Mundus,Multiple European Countries,Varies by Programme,Full Scholarship Available,Masters,1-2 Years,http://sustainabledrugdiscovery.eu,Europe,Annual,Scholarship,1,Masters,Study,95,High,0,92,Masters,http://sustainabledrugdiscovery.eu,Full Funding,1-2 Years
ERASMUS-169,Master of Science in Geospatial Technologies,Erasmus Mundus,International Students,Multiple Fields,International,Study,0,Master of Science in Geospatial Technologies is an Erasmus Mundus Joint Master's programme.,Erasmus Mundus,Multiple European Countries,Varies by Programme,Full Scholarship Available,Masters,1-2 Years,https://mastergeotech.info/,Europe,Annual,Scholarship,1,Masters,Study,95,High,0,92,Masters,https://mastergeotech.info/,Full Funding,1-2 Years
ERASMUS-170,Erasmus Mundus Joint Master in Cybersecurity,Erasmus Mundus,International Students,Multiple Fields,International,Study,0,Erasmus Mundus Joint Master in Cybersecurity is an Erasmus Mundus Joint Master's programme.,Erasmus Mundus,Multiple European Countries,Varies by Programme,Full Scholarship Available,Masters,1-2 Years,https://cyberus.univ-ubs.fr/en/index.html,Europe,Annual,Scholarship,1,Masters,Study,95,High,0,92,Masters,https://cyberus.univ-ubs.fr/en/index.html,Full Funding,1-2 Years
ERASMUS-171,European Master in Dynamics of Renewables-based Power Systems,Erasmus Mundus,International Students,Multiple Fields,International,Study,0,European Master in Dynamics of Renewables-based Power Systems is an Erasmus Mundus Joint Master's programme.,Erasmus Mundus,Multiple European Countries,Varies by Programme,Full Scholarship Available,Masters,1-2 Years,https://master-dream.ec-nantes.fr/,Europe,Annual,Scholarship,1,Masters,Study,95,High,0,92,Masters,https://master-dream.ec-nantes.fr/,Full Funding,1-2 Years
ERASMUS-172,Erasmus Mundus Master Impact Entrepreneurship,Erasmus Mundus,International Students,Multiple Fields,International,Study,0,Erasmus Mundus Master Impact Entrepreneurship is an Erasmus Mundus Joint Master's programme.,Erasmus Mundus,Multiple European Countries,Varies by Programme,Full Scholarship Available,Masters,1-2 Years,https://www.emmie.uliege.be/cms/c_7950389/en/emmie,Europe,Annual,Scholarship,1,Masters,Study,95,High,0,92,Masters,https://www.emmie.uliege.be/cms/c_7950389/en/emmie,Full Funding,1-2 Years
ERASMUS-173,International Masters in Environmental Technology and Engineering – Consolidation phase,Erasmus Mundus,International Students,Multiple Fields,International,Study,0,International Masters in Environmental Technology and Engineering – Consolidation phase is an Erasmus Mundus Joint Master's programme.,Erasmus Mundus,Multiple European Countries,Varies by Programme,Full Scholarship Available,Masters,1-2 Years,https://www.imete.eu/,Europe,Annual,Scholarship,1,Masters,Study,95,High,0,92,Masters,https://www.imete.eu/,Full Funding,1-2 Years
ERASMUS-174,European Master in Advanced Structural Analysis and Design using Composite Materials,Erasmus Mundus,International Students,Multiple Fields,International,Study,0,European Master in Advanced Structural Analysis and Design using Composite Materials is an Erasmus Mundus Joint Master's programme.,Erasmus Mundus,Multiple European Countries,Varies by Programme,Full Scholarship Available,Masters,1-2 Years,https://msc-frp.org/,Europe,Annual,Scholarship,1,Masters,Study,95,High,0,92,Masters,https://msc-frp.org/,Full Funding,1-2 Years
ERASMUS-175,"CYBER: Joint Master in CYberspace, Behavior and E-theRapy",Erasmus Mundus,International Students,Multiple Fields,International,Study,0,"CYBER: Joint Master in CYberspace, Behavior and E-theRapy is an Erasmus Mundus Joint Master's programme.",Erasmus Mundus,Multiple European Countries,Varies by Programme,Full Scholarship Available,Masters,1-2 Years,http://www.cyber-t.eu/,Europe,Annual,Scholarship,1,Masters,Study,95,High,0,92,Masters,http://www.cyber-t.eu/,Full Funding,1-2 Years
ERASMUS-176,Erasmus Mundus Joint Master Degree in Economics of Globalisation and European Integration,Erasmus Mundus,International Students,Multiple Fields,International,Study,0,Erasmus Mundus Joint Master Degree in Economics of Globalisation and European Integration is an Erasmus Mundus Joint Master's programme.,Erasmus Mundus,Multiple European Countries,Varies by Programme,Full Scholarship Available,Masters,1-2 Years,https://www.master-egei.eu/,Europe,Annual,Scholarship,1,Masters,Study,95,High,0,92,Masters,https://www.master-egei.eu/,Full Funding,1-2 Years
ERASMUS-177,Erasmus Mundus MSc in Chemical Innovation and Regulation,Erasmus Mundus,International Students,Multiple Fields,International,Study,0,Erasmus Mundus MSc in Chemical Innovation and Regulation is an Erasmus Mundus Joint Master's programme.,Erasmus Mundus,Multiple European Countries,Varies by Programme,Full Scholarship Available,Masters,1-2 Years,https://www.emmcchir.org/,Europe,Annual,Scholarship,1,Masters,Study,95,High,0,92,Masters,https://www.emmcchir.org/,Full Funding,1-2 Years
ERASMUS-178,European Master in Embedded Computing Systems,Erasmus Mundus,International Students,Multiple Fields,International,Study,0,European Master in Embedded Computing Systems is an Erasmus Mundus Joint Master's programme.,Erasmus Mundus,Multiple European Countries,Varies by Programme,Full Scholarship Available,Masters,1-2 Years,http://www.emecs.eu,Europe,Annual,Scholarship,1,Masters,Study,95,High,0,92,Masters,http://www.emecs.eu,Full Funding,1-2 Years
ERASMUS-179,"Master in Work, Organizational and Personnel Psychology",Erasmus Mundus,International Students,Multiple Fields,International,Study,0,"Master in Work, Organizational and Personnel Psychology is an Erasmus Mundus Joint Master's programme.",Erasmus Mundus,Multiple European Countries,Varies by Programme,Full Scholarship Available,Masters,1-2 Years,https://www.erasmuswop.org,Europe,Annual,Scholarship,1,Masters,Study,95,High,0,92,Masters,https://www.erasmuswop.org,Full Funding,1-2 Years
ERASMUS-180,International Master of Science in Health Mangement in Aquaculture,Erasmus Mundus,International Students,Multiple Fields,International,Study,0,International Master of Science in Health Mangement in Aquaculture is an Erasmus Mundus Joint Master's programme.,Erasmus Mundus,Multiple European Countries,Varies by Programme,Full Scholarship Available,Masters,1-2 Years,http://www.aquah.eu,Europe,Annual,Scholarship,1,Masters,Study,95,High,0,92,Masters,http://www.aquah.eu,Full Funding,1-2 Years
ERASMUS-181,International Master of Science in Marine Biological Resources,Erasmus Mundus,International Students,Multiple Fields,International,Study,0,International Master of Science in Marine Biological Resources is an Erasmus Mundus Joint Master's programme.,Erasmus Mundus,Multiple European Countries,Varies by Programme,Full Scholarship Available,Masters,1-2 Years,http://www.imbrsea.eu/,Europe,Annual,Scholarship,1,Masters,Study,95,High,0,92,Masters,http://www.imbrsea.eu/,Full Funding,1-2 Years
ERASMUS-182,International Master of Science in Rural Development,Erasmus Mundus,International Students,Multiple Fields,International,Study,0,International Master of Science in Rural Development is an Erasmus Mundus Joint Master's programme.,Erasmus Mundus,Multiple European Countries,Varies by Programme,Full Scholarship Available,Masters,1-2 Years,http://www.imrd.ugent.be/,Europe,Annual,Scholarship,1,Masters,Study,95,High,0,92,Masters,http://www.imrd.ugent.be/,Full Funding,1-2 Years
ERASMUS-183,Kino Eyes - The European Fiction Master,Erasmus Mundus,International Students,Multiple Fields,International,Study,0,Kino Eyes - The European Fiction Master is an Erasmus Mundus Joint Master's programme.,Erasmus Mundus,Multiple European Countries,Varies by Programme,Full Scholarship Available,Masters,1-2 Years,http://www.kinoeyes.eu/,Europe,Annual,Scholarship,1,Masters,Study,95,High,0,92,Masters,http://www.kinoeyes.eu/,Full Funding,1-2 Years
ERASMUS-184,Intelligent Field Robotic Systems,Erasmus Mundus,International Students,Multiple Fields,International,Study,0,Intelligent Field Robotic Systems is an Erasmus Mundus Joint Master's programme.,Erasmus Mundus,Multiple European Countries,Varies by Programme,Full Scholarship Available,Masters,1-2 Years,http://ifrosmaster.org/,Europe,Annual,Scholarship,1,Masters,Study,95,High,0,92,Masters,http://ifrosmaster.org/,Full Funding,1-2 Years
ERASMUS-185,Master in Applied Ecohydrology,Erasmus Mundus,International Students,Multiple Fields,International,Study,0,Master in Applied Ecohydrology is an Erasmus Mundus Joint Master's programme.,Erasmus Mundus,Multiple European Countries,Varies by Programme,Full Scholarship Available,Masters,1-2 Years,http://www.maeh-mundus.eu/,Europe,Annual,Scholarship,1,Masters,Study,95,High,0,92,Masters,http://www.maeh-mundus.eu/,Full Funding,1-2 Years
ERASMUS-186,Infectious Diseases and One Health,Erasmus Mundus,International Students,Multiple Fields,International,Study,0,Infectious Diseases and One Health is an Erasmus Mundus Joint Master's programme.,Erasmus Mundus,Multiple European Countries,Varies by Programme,Full Scholarship Available,Masters,1-2 Years,http://infectious-diseases-one-health.eu/,Europe,Annual,Scholarship,1,Masters,Study,95,High,0,92,Masters,http://infectious-diseases-one-health.eu/,Full Funding,1-2 Years
ERASMUS-187,European Joint Masters in Management and Engineering of Environment and Energy +,Erasmus Mundus,International Students,Multiple Fields,International,Study,0,European Joint Masters in Management and Engineering of Environment and Energy + is an Erasmus Mundus Joint Master's programme.,Erasmus Mundus,Multiple European Countries,Varies by Programme,Full Scholarship Available,Masters,1-2 Years,https://www.imt-atlantique.fr/en/study/msc/emjmd-me3plusqJaTLx94UxC2zIVi2A$,Europe,Annual,Scholarship,1,Masters,Study,95,High,0,92,Masters,https://www.imt-atlantique.fr/en/study/msc/emjmd-me3plusqJaTLx94UxC2zIVi2A$,Full Funding,1-2 Years
ERASMUS-188,Mediterranean Forestry and Natural Resources Management,Erasmus Mundus,International Students,Multiple Fields,International,Study,0,Mediterranean Forestry and Natural Resources Management is an Erasmus Mundus Joint Master's programme.,Erasmus Mundus,Multiple European Countries,Varies by Programme,Full Scholarship Available,Masters,1-2 Years,https://www.medfor.eu/,Europe,Annual,Scholarship,1,Masters,Study,95,High,0,92,Masters,https://www.medfor.eu/,Full Funding,1-2 Years
ERASMUS-189,European MSc in Marine EnviRonment 2030,Erasmus Mundus,International Students,Multiple Fields,International,Study,0,European MSc in Marine EnviRonment 2030 is an Erasmus Mundus Joint Master's programme.,Erasmus Mundus,Multiple European Countries,Varies by Programme,Full Scholarship Available,Masters,1-2 Years,http://merconsortium.eu/,Europe,Annual,Scholarship,1,Masters,Study,95,High,0,92,Masters,http://merconsortium.eu/,Full Funding,1-2 Years
ERASMUS-190,Marine and maritime Intelligent Robotics,Erasmus Mundus,International Students,Multiple Fields,International,Study,0,Marine and maritime Intelligent Robotics is an Erasmus Mundus Joint Master's programme.,Erasmus Mundus,Multiple European Countries,Varies by Programme,Full Scholarship Available,Masters,1-2 Years,http://www.master-mir.eu/,Europe,Annual,Scholarship,1,Masters,Study,95,High,0,92,Masters,http://www.master-mir.eu/,Full Funding,1-2 Years
ERASMUS-191,Erasmus Mundus Master’s Degree in Women’s and Gender Studies,Erasmus Mundus,International Students,Multiple Fields,International,Study,0,Erasmus Mundus Master’s Degree in Women’s and Gender Studies is an Erasmus Mundus Joint Master's programme.,Erasmus Mundus,Multiple European Countries,Varies by Programme,Full Scholarship Available,Masters,1-2 Years,https://gemmaerasmusmundus.eu/,Europe,Annual,Scholarship,1,Masters,Study,95,High,0,92,Masters,https://gemmaerasmusmundus.eu/,Full Funding,1-2 Years
ERASMUS-192,European Master of Science in Nuclear Fusion and Engineering Physics,Erasmus Mundus,International Students,Multiple Fields,International,Study,0,European Master of Science in Nuclear Fusion and Engineering Physics is an Erasmus Mundus Joint Master's programme.,Erasmus Mundus,Multiple European Countries,Varies by Programme,Full Scholarship Available,Masters,1-2 Years,http://www.em-master-fusion.org/,Europe,Annual,Scholarship,1,Masters,Study,95,High,0,92,Masters,http://www.em-master-fusion.org/,Full Funding,1-2 Years
ERASMUS-193,"European Master of Science in Sustainable Food Systems Engineering, Technology and Business",Erasmus Mundus,International Students,Multiple Fields,International,Study,0,"European Master of Science in Sustainable Food Systems Engineering, Technology and Business is an Erasmus Mundus Joint Master's programme.",Erasmus Mundus,Multiple European Countries,Varies by Programme,Full Scholarship Available,Masters,1-2 Years,https://iiw.kuleuven.be/english/food4s/,Europe,Annual,Scholarship,1,Masters,Study,95,High,0,92,Masters,https://iiw.kuleuven.be/english/food4s/,Full Funding,1-2 Years
ERASMUS-194,Erasmus Mundus Joint Master Degree in Food Innovation & Product Design,Erasmus Mundus,International Students,Multiple Fields,International,Study,0,Erasmus Mundus Joint Master Degree in Food Innovation & Product Design is an Erasmus Mundus Joint Master's programme.,Erasmus Mundus,Multiple European Countries,Varies by Programme,Full Scholarship Available,Masters,1-2 Years,http://www.fipdes.eu/,Europe,Annual,Scholarship,1,Masters,Study,95,High,0,92,Masters,http://www.fipdes.eu/,Full Funding,1-2 Years
ERASMUS-195,Master of Urban Climate and Sustainability1.5,Erasmus Mundus,International Students,Multiple Fields,International,Study,0,Master of Urban Climate and Sustainability1.5 is an Erasmus Mundus Joint Master's programme.,Erasmus Mundus,Multiple European Countries,Varies by Programme,Full Scholarship Available,Masters,1-2 Years,http://www.murcs.eu/,Europe,Annual,Scholarship,1,Masters,Study,95,High,0,92,Masters,http://www.murcs.eu/,Full Funding,1-2 Years
ERASMUS-196,Nanomedicine for Drug Delivery,Erasmus Mundus,International Students,Multiple Fields,International,Study,0,Nanomedicine for Drug Delivery is an Erasmus Mundus Joint Master's programme.,Erasmus Mundus,Multiple European Countries,Varies by Programme,Full Scholarship Available,Masters,1-2 Years,http://master-nanomed.eu/,Europe,Annual,Scholarship,1,Masters,Study,95,High,0,92,Masters,http://master-nanomed.eu/,Full Funding,1-2 Years
ERASMUS-197,"Euroculture: Society, Politics and Culture in a Global Context",Erasmus Mundus,International Students,Multiple Fields,International,Study,0,"Euroculture: Society, Politics and Culture in a Global Context is an Erasmus Mundus Joint Master's programme.",Erasmus Mundus,Multiple European Countries,Varies by Programme,Full Scholarship Available,Masters,1-2 Years,http://www.euroculturemaster.eu/,Europe,Annual,Scholarship,1,Masters,Study,95,High,0,92,Masters,http://www.euroculturemaster.eu/,Full Funding,1-2 Years
ERASMUS-198,European Joint Master in Social Work with Children and Youth,Erasmus Mundus,International Students,Multiple Fields,International,Study,0,European Joint Master in Social Work with Children and Youth is an Erasmus Mundus Joint Master's programme.,Erasmus Mundus,Multiple European Countries,Varies by Programme,Full Scholarship Available,Masters,1-2 Years,https://eswochy.eu/,Europe,Annual,Scholarship,1,Masters,Study,95,High,0,92,Masters,https://eswochy.eu/,Full Funding,1-2 Years
ERASMUS-199,Models and Methods of Quantitative Economics,Erasmus Mundus,International Students,Multiple Fields,International,Study,0,Models and Methods of Quantitative Economics is an Erasmus Mundus Joint Master's programme.,Erasmus Mundus,Multiple European Countries,Varies by Programme,Full Scholarship Available,Masters,1-2 Years,http://master-economics-qem.univ-paris1.fr/,Europe,Annual,Scholarship,1,Masters,Study,95,High,0,92,Masters,http://master-economics-qem.univ-paris1.fr/,Full Funding,1-2 Years
ERASMUS-200,Erasmus Mundus Master Program in Plant Breeding,Erasmus Mundus,International Students,Multiple Fields,International,Study,0,Erasmus Mundus Master Program in Plant Breeding is an Erasmus Mundus Joint Master's programme.,Erasmus Mundus,Multiple European Countries,Varies by Programme,Full Scholarship Available,Masters,1-2 Years,https://emplant-master.eu/,Europe,Annual,Scholarship,1,Masters,Study,95,High,0,92,Masters,https://emplant-master.eu/,Full Funding,1-2 Years
ERASMUS-201,Re:Anima - European Joint Masters in Animation,Erasmus Mundus,International Students,Multiple Fields,International,Study,0,Re:Anima - European Joint Masters in Animation is an Erasmus Mundus Joint Master's programme.,Erasmus Mundus,Multiple European Countries,Varies by Programme,Full Scholarship Available,Masters,1-2 Years,http://www.reanima.eu/,Europe,Annual,Scholarship,1,Masters,Study,95,High,0,92,Masters,http://www.reanima.eu/,Full Funding,1-2 Years
ERASMUS-202,Educating software engineers with a sustainability mindset to improve the well-being of people through software solutions,Erasmus Mundus,International Students,Multiple Fields,International,Study,0,Educating software engineers with a sustainability mindset to improve the well-being of people through software solutions is an Erasmus Mundus Joint Master's programme.,Erasmus Mundus,Multiple European Countries,Varies by Programme,Full Scholarship Available,Masters,1-2 Years,http://se4gd.eu/,Europe,Annual,Scholarship,1,Masters,Study,95,High,0,92,Masters,http://se4gd.eu/,Full Funding,1-2 Years
ERASMUS-203,Sustainable Ship and Shipping 4.0,Erasmus Mundus,International Students,Multiple Fields,International,Study,0,Sustainable Ship and Shipping 4.0 is an Erasmus Mundus Joint Master's programme.,Erasmus Mundus,Multiple European Countries,Varies by Programme,Full Scholarship Available,Masters,1-2 Years,http://www.master-seas40.unina.it/,Europe,Annual,Scholarship,1,Masters,Study,95,High,0,92,Masters,http://www.master-seas40.unina.it/,Full Funding,1-2 Years
ERASMUS-204,Master's programme in Security and Cloud Computing,Erasmus Mundus,International Students,Multiple Fields,International,Study,0,Master's programme in Security and Cloud Computing is an Erasmus Mundus Joint Master's programme.,Erasmus Mundus,Multiple European Countries,Varies by Programme,Full Scholarship Available,Masters,1-2 Years,https://secclo.eu/,Europe,Annual,Scholarship,1,Masters,Study,95,High,0,92,Masters,https://secclo.eu/,Full Funding,1-2 Years
ERASMUS-205,International Master of Science in Sustainable and Innovative Natural Resource Management,Erasmus Mundus,International Students,Multiple Fields,International,Study,0,International Master of Science in Sustainable and Innovative Natural Resource Management is an Erasmus Mundus Joint Master's programme.,Erasmus Mundus,Multiple European Countries,Varies by Programme,Full Scholarship Available,Masters,1-2 Years,https://sinrem.eu/,Europe,Annual,Scholarship,1,Masters,Study,95,High,0,92,Masters,https://sinrem.eu/,Full Funding,1-2 Years
ERASMUS-206,Joint International Master in Smart Systems Integrated Solutions,Erasmus Mundus,International Students,Multiple Fields,International,Study,0,Joint International Master in Smart Systems Integrated Solutions is an Erasmus Mundus Joint Master's programme.,Erasmus Mundus,Multiple European Countries,Varies by Programme,Full Scholarship Available,Masters,1-2 Years,https://ssi-master.eu/,Europe,Annual,Scholarship,1,Masters,Study,95,High,0,92,Masters,https://ssi-master.eu/,Full Funding,1-2 Years
ERASMUS-207,European Master in Advanced Solid Mechanics,Erasmus Mundus,International Students,Multiple Fields,International,Study,0,European Master in Advanced Solid Mechanics is an Erasmus Mundus Joint Master's programme.,Erasmus Mundus,Multiple European Countries,Varies by Programme,Full Scholarship Available,Masters,1-2 Years,https://master-strains.eu/,Europe,Annual,Scholarship,1,Masters,Study,95,High,0,92,Masters,https://master-strains.eu/,Full Funding,1-2 Years
ERASMUS-208,Erasmus Mundus Master Nanoscience and Nanotechnology,Erasmus Mundus,International Students,Multiple Fields,International,Study,0,Erasmus Mundus Master Nanoscience and Nanotechnology is an Erasmus Mundus Joint Master's programme.,Erasmus Mundus,Multiple European Countries,Varies by Programme,Full Scholarship Available,Masters,1-2 Years,https://ec.europa.eu/programmes/erasmus-plus/projects/eplus-project-details/#project/619804-EPP-1-2020-1-BE-EPPKA1-JMD-MOB,Europe,Annual,Scholarship,1,Masters,Study,95,High,0,92,Masters,https://ec.europa.eu/programmes/erasmus-plus/projects/eplus-project-details/#project/619804-EPP-1-2020-1-BE-EPPKA1-JMD-MOB,Full Funding,1-2 Years
ERASMUS-209,"Transition, Innovation and Sustainability Environments",Erasmus Mundus,International Students,Multiple Fields,International,Study,0,"Transition, Innovation and Sustainability Environments is an Erasmus Mundus Joint Master's programme.",Erasmus Mundus,Multiple European Countries,Varies by Programme,Full Scholarship Available,Masters,1-2 Years,https://www.tise-master.eu/,Europe,Annual,Scholarship,1,Masters,Study,95,High,0,92,Masters,https://www.tise-master.eu/,Full Funding,1-2 Years
ERASMUS-210,Erasmus Mundus Human Rights Policy and Practice,Erasmus Mundus,International Students,Multiple Fields,International,Study,0,Erasmus Mundus Human Rights Policy and Practice is an Erasmus Mundus Joint Master's programme.,Erasmus Mundus,Multiple European Countries,Varies by Programme,Full Scholarship Available,Masters,1-2 Years,http://www.emhrpp.com/,Europe,Annual,Scholarship,1,Masters,Study,95,High,0,92,Masters,http://www.emhrpp.com/,Full Funding,1-2 Years
ERASMUS-211,Erasmus Mundus Joint Master Degree in Tropical Biodiversity and Ecosystems,Erasmus Mundus,International Students,Multiple Fields,International,Study,0,Erasmus Mundus Joint Master Degree in Tropical Biodiversity and Ecosystems is an Erasmus Mundus Joint Master's programme.,Erasmus Mundus,Multiple European Countries,Varies by Programme,Full Scholarship Available,Masters,1-2 Years,https://www.tropimundo.eu/,Europe,Annual,Scholarship,1,Masters,Study,95,High,0,92,Masters,https://www.tropimundo.eu/,Full Funding,1-2 Years
ERASMUS-212,WAVES ACOUSTICS VIBRATIONS ENGINEERING SOUND,Erasmus Mundus,International Students,Multiple Fields,International,Study,0,WAVES ACOUSTICS VIBRATIONS ENGINEERING SOUND is an Erasmus Mundus Joint Master's programme.,Erasmus Mundus,Multiple European Countries,Varies by Programme,Full Scholarship Available,Masters,1-2 Years,https://master-waves.eu/,Europe,Annual,Scholarship,1,Masters,Study,95,High,0,92,Masters,https://master-waves.eu/,Full Funding,1-2 Years
ERASMUS-213,World Textile Engineering Advanced Master,Erasmus Mundus,International Students,Multiple Fields,International,Study,0,World Textile Engineering Advanced Master is an Erasmus Mundus Joint Master's programme.,Erasmus Mundus,Multiple European Countries,Varies by Programme,Full Scholarship Available,Masters,1-2 Years,https://we-team.education/,Europe,Annual,Scholarship,1,Masters,Study,95,High,0,92,Masters,https://we-team.education/,Full Funding,1-2 Years
ERASMUS-214,Joint European Master Programme in Advanced Materials Science and Engineering,Erasmus Mundus,International Students,Multiple Fields,International,Study,0,Joint European Master Programme in Advanced Materials Science and Engineering is an Erasmus Mundus Joint Master's programme.,Erasmus Mundus,Multiple European Countries,Varies by Programme,Full Scholarship Available,Masters,1-2 Years,https://www.eusmat.net/international-studies/master/amase/,Europe,Annual,Scholarship,1,Masters,Study,95,High,0,92,Masters,https://www.eusmat.net/international-studies/master/amase/,Full Funding,1-2 Years
ERASMUS-215,Chemical Nano-Engineering,Erasmus Mundus,International Students,Multiple Fields,International,Study,0,Chemical Nano-Engineering is an Erasmus Mundus Joint Master's programme.,Erasmus Mundus,Multiple European Countries,Varies by Programme,Full Scholarship Available,Masters,1-2 Years,https://www.master-cne.eu/,Europe,Annual,Scholarship,1,Masters,Study,95,High,0,92,Masters,https://www.master-cne.eu/,Full Funding,1-2 Years
ERASMUS-216,Cultures Littéraires Européennes - CLE,Erasmus Mundus,International Students,Multiple Fields,International,Study,0,Cultures Littéraires Européennes - CLE is an Erasmus Mundus Joint Master's programme.,Erasmus Mundus,Multiple European Countries,Varies by Programme,Full Scholarship Available,Masters,1-2 Years,https://www.cle.unibo.it/,Europe,Annual,Scholarship,1,Masters,Study,95,High,0,92,Masters,https://www.cle.unibo.it/,Full Funding,1-2 Years
ERASMUS-217,"Central and East European, Russian and Eurasian Studies",Erasmus Mundus,International Students,Multiple Fields,International,Study,0,"Central and East European, Russian and Eurasian Studies is an Erasmus Mundus Joint Master's programme.",Erasmus Mundus,Multiple European Countries,Varies by Programme,Full Scholarship Available,Masters,1-2 Years,https://erasmusmundus-ceeres.eu/,Europe,Annual,Scholarship,1,Masters,Study,95,High,0,92,Masters,https://erasmusmundus-ceeres.eu/,Full Funding,1-2 Years
ERASMUS-218,Erasmus Mundus Joint Master Degree in Biological and Chemical Engineering for a Sustainable Bioeconomy,Erasmus Mundus,International Students,Multiple Fields,International,Study,0,Erasmus Mundus Joint Master Degree in Biological and Chemical Engineering for a Sustainable Bioeconomy is an Erasmus Mundus Joint Master's programme.,Erasmus Mundus,Multiple European Countries,Varies by Programme,Full Scholarship Available,Masters,1-2 Years,https://www.bioceb.eu/,Europe,Annual,Scholarship,1,Masters,Study,95,High,0,92,Masters,https://www.bioceb.eu/,Full Funding,1-2 Years
ERASMUS-219,European Master in Building Information Modelling,Erasmus Mundus,International Students,Multiple Fields,International,Study,0,European Master in Building Information Modelling is an Erasmus Mundus Joint Master's programme.,Erasmus Mundus,Multiple European Countries,Varies by Programme,Full Scholarship Available,Masters,1-2 Years,https://bimaplus.org/,Europe,Annual,Scholarship,1,Masters,Study,95,High,0,92,Masters,https://bimaplus.org/,Full Funding,1-2 Years
ERASMUS-220,Big Data Management and Analytics,Erasmus Mundus,International Students,Multiple Fields,International,Study,0,Big Data Management and Analytics is an Erasmus Mundus Joint Master's programme.,Erasmus Mundus,Multiple European Countries,Varies by Programme,Full Scholarship Available,Masters,1-2 Years,https://bdma.ulb.ac.be/bdma/,Europe,Annual,Scholarship,1,Masters,Study,95,High,0,92,Masters,https://bdma.ulb.ac.be/bdma/,Full Funding,1-2 Years
ERASMUS-221,Advanced Spectroscopy in Chemistry Master's Course,Erasmus Mundus,International Students,Multiple Fields,International,Study,0,Advanced Spectroscopy in Chemistry Master's Course is an Erasmus Mundus Joint Master's programme.,Erasmus Mundus,Multiple European Countries,Varies by Programme,Full Scholarship Available,Masters,1-2 Years,http://www.master-asc.org/,Europe,Annual,Scholarship,1,Masters,Study,95,High,0,92,Masters,http://www.master-asc.org/,Full Funding,1-2 Years
