scholarship_id,scholarship_name,provider,target_groups,subject_areas,eligible_countries,study_purpose,daad_funded,description_en,source,host_country,deadline,scholarship_amount,degree_level,duration,application_link,country_region,application_cycle,funding_type,is_fully_funded,degree_level_inferred,scholarship_category,funding_score,competitiveness,stem_flag,country_score,degree_level_final,application_link_final,funding_coverage,duration_final
94,Prussian Cultural Heritage Foundation: Grant Programme,Prussian Cultural Heritage Foundation: Grant Programme,Postdoctoral researchers | Graduates | Doctoral candidates/PhD students,"Languages and Cultural Studies | Law, Economics and Social Sciences | Mathematics and Natural Sciences | Human Medicine | Veterinary Medicine, Agricultural, Forest and Nutritional Sciences, Ecology | Engineering | Art, Music and Sport","Albania | Bhutan | Myanmar | Brunei Darussalam | Taiwan | Hong Kong (CN) | Cambodia | Korea, the Republic of | 107 | Lao People's Democratic Republic | Macao (CN) | Mongolia | Philippines | Vietnam | Guyana | French Guayana | Suriname | Bahamas | Barbados | Bermudas | Dominican Republic | El Salvador | Guadeloupe | Haiti | Belize | Jamaica | Montserrat | Martinique | The Dutch Antilles | Puerto Rico | Trinidad and Tobago | Anguilla | Antigua and Barbuda | Dominica | Grenada | Saint Lucia | Saint Vincent and the Grenadines | Angola | Ethiopia | Botswana | Burundi | Benin | Côte d'Ivoire | Djibouti | Gabon | Gambia | Ghana | Guinea | Guinea-Bissau | Equatorial Guinea | Cameroon | Cape Verde | Congo | Congo, Democratic Republic | Lesotho | Liberia | Madagascar | Malawi | Mali | Mauritania | Mauritius | Mozambique | Comoros | Eswatani | Niger | Nigeria | Burkina Faso | Réunion | Zimbabwe | Rwanda | Zambia | Sao Tome and Principe | Senegal | Seychelles | Sierra Leone | Somalia | Sudan | Namibia | Tanzania, United Republic of | Togo | Chad | Uganda | Central African Republic | Eritrea | Cyprus | Finland | Denmark | Australia | Lithuania | Libya | Algeria | Latvia | Estonia | France | Greece | Ireland | Austria | Italy | Japan | Canada | New Zealand | Netherlands | Norway | Poland | Portugal | 38 | Sweden | Switzerland | Spain | Bolivia | Argentina | Uruguay | United States of America | Hungary | United Kingdom | Brazil | Chile | Morocco | Tunisia | Afghanistan | Bangladesh | Iran | Nepal | Pakistan | Sri Lanka | Fiji | Samoa | Tahiti | Tonga | Papua New Guinea | Nauru | Serbia | Georgia | Bosnia and Herzegovina | Belarus | Kiribati | Solomon Islands | Azerbaijan | New Caledonia | Armenia | Kyrgyzstan | North Macedonia | Moldova, Republic of | Tajikistan | Turkmenistan | Uzbekistan | Andorra | Iceland | Liechtenstein | Malta | Monaco | San Marino | Vatican City | Bahrain | Iraq | Jordan | Yemen | Saudi Arabia | Oman | Lebanon | Kuwait | Qatar | Syrian Arab Republic (Syria) | United Arab Emirates | Cook Islands | Niue | Vanuatu | Tuvalu | Marshall Islands | Micronesia, Federated States of | Timor-Leste | Maldives | Saint Kitts and Nevis | Guam | Palau | Montenegro | Kosovo | South Sudan | South Africa | Egypt | Bulgaria | India | Indonesia | Israel | Kazakhstan | Croatia | Malaysia | Romania | Singapore | Slovakia | Slovenia | Turkey | Thailand | Czech Republic | Ukraine | Costa Rica | Ecuador | Guatemala | Honduras | Colombia | Cuba | Mexico | Panama | Paraguay | Peru | Venezuela, Bolivarian Republic of | Nicaragua | Belgium | Palestinian Territories | Kenya | Luxembourg | China, PR",Research/Doctorate/PhD,0,"The programme enables academics from all over the world to undertake research residencies of 1-3 months at the Berlin institutions of the Prussian Cultural Heritage Foundation (SPK). Funding is available for research projects, if they are",DAAD,Germany,,,,,,Europe,Rolling / Annual,Scholarship,0,Postdoc,Research,80,Very High,1,90,Postdoc,https://www.daad.de/en/,Grant / Scholarship,6-24 Months
103,State of Bavaria: Max Weber Programme,State of Bavaria: Max Weber Programme,Undergraduates | Graduates,"Languages and Cultural Studies | Law, Economics and Social Sciences | Mathematics and Natural Sciences | Human Medicine | Veterinary Medicine, Agricultural, Forest and Nutritional Sciences, Ecology | Engineering | Art, Music and Sport","South Africa | Egypt | Bulgaria | India | Indonesia | Israel | Kazakhstan | Croatia | Malaysia | Romania | Singapore | Slovakia | Slovenia | Turkey | Thailand | Czech Republic | Ukraine | China, PR | Cyprus | Estonia | Latvia | Lithuania | Australia | Denmark | Finland | France | Greece | Ireland | Austria | Italy | Japan | Canada | New Zealand | Netherlands | Norway | Poland | Portugal | 38 | Sweden | Switzerland | Spain | United Kingdom | Hungary | United States of America | Uruguay | Argentina | Bolivia | Brazil | Chile | Costa Rica | Ecuador | Guatemala | Honduras | Colombia | Cuba | Mexico | Panama | Paraguay | Peru | Venezuela, Bolivarian Republic of | Nicaragua | Belgium | Palestinian Territories | Kenya | Luxembourg | Albania | Armenia | Azerbaijan | Belarus | Bosnia and Herzegovina | Georgia | Serbia | Kyrgyzstan | North Macedonia | Moldova, Republic of | Tajikistan | Turkmenistan | Uzbekistan | Andorra | Iceland | Liechtenstein | Malta | Monaco | San Marino | Vatican City | Bahrain | Iraq | Jordan | Qatar | Kuwait | Lebanon | Oman | Saudi Arabia | Yemen | Syrian Arab Republic (Syria) | United Arab Emirates | Bhutan | Myanmar | Brunei Darussalam | Taiwan | Hong Kong (CN) | Cambodia | Korea, the Republic of | 107 | Lao People's Democratic Republic | Macao (CN) | Mongolia | Philippines | Vietnam | Guyana | French Guayana | Suriname | Bahamas | Barbados | Bermudas | Dominican Republic | El Salvador | Guadeloupe | Haiti | Belize | Jamaica | Montserrat | Martinique | The Dutch Antilles | Puerto Rico | Trinidad and Tobago | Anguilla | Antigua and Barbuda | Dominica | Grenada | Saint Lucia | Saint Vincent and the Grenadines | Angola | Ethiopia | Botswana | Burundi | Benin | Côte d'Ivoire | Djibouti | Gabon | Gambia | Ghana | Guinea | Guinea-Bissau | Equatorial Guinea | Cameroon | Cape Verde | Congo | Congo, Democratic Republic | Lesotho | Liberia | Madagascar | Malawi | Mali | Mauritania | Mauritius | Mozambique | Comoros | Eswatani | Niger | Nigeria | Burkina Faso | Réunion | Zimbabwe | Rwanda | Zambia | Sao Tome and Principe | Senegal | Seychelles | Sierra Leone | Somalia | Sudan | Namibia | Tanzania, United Republic of | Togo | Chad | Uganda | Central African Republic | Eritrea | Algeria | Libya | Morocco | Tunisia | Afghanistan | Bangladesh | Iran | Nepal | Pakistan | Sri Lanka | Fiji | Samoa | Tahiti | Tonga | Papua New Guinea | Nauru | New Caledonia | Solomon Islands | Kiribati | Cook Islands | Niue | Vanuatu | Tuvalu | Marshall Islands | Micronesia, Federated States of | Timor-Leste | Germany | Maldives | Saint Kitts and Nevis | Guam | Palau | Montenegro | Kosovo | South Sudan",Study,0,"The Max Weber Programme is open to particularly gifted students who are enrolled at a Bavarian higher education institution. The Free State of Bavaria has entrusted the German Academic Scholarship Foundation, the Studienstiftung des",DAAD,Germany,,,,,,Europe,Rolling / Annual,Scholarship,0,Bachelor,Study,80,Medium,1,90,Bachelor,https://www.daad.de/en/,Grant / Scholarship,3-5 Years
104,European Union: Erasmus+ Mobility Programme for Higher Education Students,European Union: Erasmus+ Mobility Programme for Higher Education Students,Undergraduates | Graduates | Doctoral candidates/PhD students,"Languages and Cultural Studies | Law, Economics and Social Sciences | Mathematics and Natural Sciences | Human Medicine | Veterinary Medicine, Agricultural, Forest and Nutritional Sciences, Ecology | Engineering | Art, Music and Sport","South Africa | Egypt | Bulgaria | India | Indonesia | Israel | Kazakhstan | Croatia | Malaysia | Romania | Singapore | Slovakia | Slovenia | Turkey | Thailand | Czech Republic | Ukraine | China, PR | Cyprus | Estonia | Latvia | Lithuania | Australia | Denmark | Finland | France | Greece | Ireland | Austria | Italy | Japan | Canada | New Zealand | Netherlands | Norway | Poland | Portugal | 38 | Sweden | Switzerland | Spain | United Kingdom | Hungary | United States of America | Uruguay | Argentina | Bolivia | Brazil | Chile | Costa Rica | Ecuador | Guatemala | Honduras | Colombia | Cuba | Mexico | Panama | Paraguay | Peru | Venezuela, Bolivarian Republic of | Nicaragua | Belgium | Palestinian Territories | Kenya | Luxembourg | Albania | Armenia | Azerbaijan | Belarus | Bosnia and Herzegovina | Georgia | Serbia | Kyrgyzstan | North Macedonia | Moldova, Republic of | Tajikistan | Turkmenistan | Uzbekistan | Andorra | Iceland | Liechtenstein | Malta | Monaco | San Marino | Vatican City | Bahrain | Iraq | Jordan | Qatar | Kuwait | Lebanon | Oman | Saudi Arabia | Yemen | Syrian Arab Republic (Syria) | United Arab Emirates | Bhutan | Myanmar | Brunei Darussalam | Taiwan | Hong Kong (CN) | Cambodia | Korea, the Republic of | 107 | Lao People's Democratic Republic | Macao (CN) | Mongolia | Philippines | Vietnam | Guyana | French Guayana | Suriname | Bahamas | Barbados | Bermudas | Dominican Republic | El Salvador | Guadeloupe | Haiti | Belize | Jamaica | Montserrat | Martinique | The Dutch Antilles | Puerto Rico | Trinidad and Tobago | Anguilla | Antigua and Barbuda | Dominica | Grenada | Saint Lucia | Saint Vincent and the Grenadines | Angola | Ethiopia | Botswana | Burundi | Benin | Côte d'Ivoire | Djibouti | Gabon | Gambia | Ghana | Guinea | Guinea-Bissau | Equatorial Guinea | Cameroon | Cape Verde | Congo | Congo, Democratic Republic | Lesotho | Liberia | Madagascar | Malawi | Mali | Mauritania | Mauritius | Mozambique | Comoros | Eswatani | Niger | Nigeria | Burkina Faso | Réunion | Zimbabwe | Rwanda | Zambia | Sao Tome and Principe | Senegal | Seychelles | Sierra Leone | Somalia | Sudan | Namibia | Tanzania, United Republic of | Togo | Chad | Uganda | Central African Republic | Eritrea | Algeria | Libya | Morocco | Tunisia | Afghanistan | Bangladesh | Iran | Nepal | Pakistan | Sri Lanka | Fiji | Samoa | Tahiti | Tonga | Papua New Guinea | Nauru | New Caledonia | Solomon Islands | Kiribati | Cook Islands | Niue | Vanuatu | Tuvalu | Marshall Islands | Micronesia, Federated States of | Timor-Leste | Germany | Maldives | Saint Kitts and Nevis | Guam | Palau | Montenegro | Kosovo | South Sudan",Study | Research/Doctorate/PhD | Internship,0,Erasmus+ mobility of individuals sponsors study periods and traineeships (work placements) in 33 specified Erasmus+ programme countries  and in Erasmus+ partner countries  around the world.,DAAD,Germany,,,,,,Europe,Rolling / Annual,Scholarship,0,PhD,Research,80,Medium,1,90,PhD,https://www.daad.de/en/,Grant / Scholarship,3-4 Years
105,Institutions of Higher Education in Hesse: Doctoral Scholarships,Institutions of Higher Education in Hesse: Doctoral Scholarships,Doctoral candidates/PhD students,"Languages and Cultural Studies | Law, Economics and Social Sciences | Mathematics and Natural Sciences | Human Medicine | Veterinary Medicine, Agricultural, Forest and Nutritional Sciences, Ecology | Engineering | Art, Music and Sport","South Africa | Egypt | Bulgaria | India | Indonesia | Israel | Kazakhstan | Croatia | Malaysia | Romania | Singapore | Slovakia | Slovenia | Turkey | Thailand | Czech Republic | Ukraine | China, PR | Cyprus | Estonia | Latvia | Lithuania | Australia | Denmark | Finland | France | Greece | Ireland | Austria | Italy | Japan | Canada | New Zealand | Netherlands | Norway | Poland | Portugal | 38 | Sweden | Switzerland | Spain | United Kingdom | Hungary | United States of America | Uruguay | Argentina | Bolivia | Brazil | Chile | Costa Rica | Ecuador | Guatemala | Honduras | Colombia | Cuba | Mexico | Panama | Paraguay | Peru | Venezuela, Bolivarian Republic of | Nicaragua | Belgium | Palestinian Territories | Kenya | Luxembourg | Albania | Armenia | Azerbaijan | Belarus | Bosnia and Herzegovina | Georgia | Serbia | Kyrgyzstan | North Macedonia | Moldova, Republic of | Tajikistan | Turkmenistan | Uzbekistan | Andorra | Iceland | Liechtenstein | Malta | Monaco | San Marino | Vatican City | Bahrain | Iraq | Jordan | Qatar | Kuwait | Lebanon | Oman | Saudi Arabia | Yemen | Syrian Arab Republic (Syria) | United Arab Emirates | Bhutan | Myanmar | Brunei Darussalam | Taiwan | Hong Kong (CN) | Cambodia | Korea, the Republic of | 107 | Lao People's Democratic Republic | Macao (CN) | Mongolia | Philippines | Vietnam | Guyana | French Guayana | Suriname | Bahamas | Barbados | Bermudas | Dominican Republic | El Salvador | Guadeloupe | Haiti | Belize | Jamaica | Montserrat | Martinique | The Dutch Antilles | Puerto Rico | Trinidad and Tobago | Anguilla | Antigua and Barbuda | Dominica | Grenada | Saint Lucia | Saint Vincent and the Grenadines | Angola | Ethiopia | Botswana | Burundi | Benin | Côte d'Ivoire | Djibouti | Gabon | Gambia | Ghana | Guinea | Guinea-Bissau | Equatorial Guinea | Cameroon | Cape Verde | Congo | Congo, Democratic Republic | Lesotho | Liberia | Madagascar | Malawi | Mali | Mauritania | Mauritius | Mozambique | Comoros | Eswatani | Niger | Nigeria | Burkina Faso | Réunion | Zimbabwe | Rwanda | Zambia | Sao Tome and Principe | Senegal | Seychelles | Sierra Leone | Somalia | Sudan | Namibia | Tanzania, United Republic of | Togo | Chad | Uganda | Central African Republic | Eritrea | Algeria | Libya | Morocco | Tunisia | Afghanistan | Bangladesh | Iran | Nepal | Pakistan | Sri Lanka | Fiji | Samoa | Tahiti | Tonga | Papua New Guinea | Nauru | New Caledonia | Solomon Islands | Kiribati | Cook Islands | Niue | Vanuatu | Tuvalu | Marshall Islands | Micronesia, Federated States of | Timor-Leste | Germany | Maldives | Saint Kitts and Nevis | Guam | Palau | Montenegro | Kosovo | South Sudan",Research/Doctorate/PhD,0,Specific higher education institutions of the state of Hesse award doctoral scholarships to particularly qualified junior scholars and researchers who wish to conduct doctoral research at a Hessian higher education institution. Applications,DAAD,Germany,,,,,,Europe,Rolling / Annual,Scholarship,0,PhD,Research,80,Medium,1,90,PhD,https://www.daad.de/en/,Grant / Scholarship,3-4 Years
109,"Ministry for Science, Culture, Federal and European Affairs of Mecklenburg-West Pomerania: PhD Scholarships and Caspar-David-Friedrich Scholarships (CDF)","Ministry for Science, Culture, Federal and European Affairs of Mecklenburg-West Pomerania: PhD Scholarships and Caspar-David-Friedrich Scholarships (CDF)",Graduates | Doctoral candidates/PhD students,"Languages and Cultural Studies | Law, Economics and Social Sciences | Mathematics and Natural Sciences | Human Medicine | Veterinary Medicine, Agricultural, Forest and Nutritional Sciences, Ecology | Engineering | Art, Music and Sport","South Africa | Egypt | Bulgaria | India | Indonesia | Israel | Kazakhstan | Croatia | Malaysia | Romania | Singapore | Slovakia | Slovenia | Turkey | Thailand | Czech Republic | Ukraine | China, PR | Cyprus | Estonia | Latvia | Lithuania | Australia | Denmark | Finland | France | Greece | Ireland | Austria | Italy | Japan | Canada | New Zealand | Netherlands | Norway | Poland | Portugal | 38 | Sweden | Switzerland | Spain | United Kingdom | Hungary | United States of America | Uruguay | Argentina | Bolivia | Brazil | Chile | Costa Rica | Ecuador | Guatemala | Honduras | Colombia | Cuba | Mexico | Panama | Paraguay | Peru | Venezuela, Bolivarian Republic of | Nicaragua | Belgium | Palestinian Territories | Kenya | Luxembourg | Albania | Armenia | Azerbaijan | Belarus | Bosnia and Herzegovina | Georgia | Serbia | Kyrgyzstan | North Macedonia | Moldova, Republic of | Tajikistan | Turkmenistan | Uzbekistan | Andorra | Iceland | Liechtenstein | Malta | Monaco | San Marino | Vatican City | Bahrain | Iraq | Jordan | Qatar | Kuwait | Lebanon | Oman | Saudi Arabia | Yemen | Syrian Arab Republic (Syria) | United Arab Emirates | Bhutan | Myanmar | Brunei Darussalam | Taiwan | Hong Kong (CN) | Cambodia | Korea, the Republic of | 107 | Lao People's Democratic Republic | Macao (CN) | Mongolia | Philippines | Vietnam | Guyana | French Guayana | Suriname | Bahamas | Barbados | Bermudas | Dominican Republic | El Salvador | Guadeloupe | Haiti | Belize | Jamaica | Montserrat | Martinique | The Dutch Antilles | Puerto Rico | Trinidad and Tobago | Anguilla | Antigua and Barbuda | Dominica | Grenada | Saint Lucia | Saint Vincent and the Grenadines | Angola | Ethiopia | Botswana | Burundi | Benin | Côte d'Ivoire | Djibouti | Gabon | Gambia | Ghana | Guinea | Guinea-Bissau | Equatorial Guinea | Cameroon | Cape Verde | Congo | Congo, Democratic Republic | Lesotho | Liberia | Madagascar | Malawi | Mali | Mauritania | Mauritius | Mozambique | Comoros | Eswatani | Niger | Nigeria | Burkina Faso | Réunion | Zimbabwe | Rwanda | Zambia | Sao Tome and Principe | Senegal | Seychelles | Sierra Leone | Somalia | Sudan | Namibia | Tanzania, United Republic of | Togo | Chad | Uganda | Central African Republic | Eritrea | Algeria | Libya | Morocco | Tunisia | Afghanistan | Bangladesh | Iran | Nepal | Pakistan | Sri Lanka | Fiji | Samoa | Tahiti | Tonga | Papua New Guinea | Nauru | New Caledonia | Solomon Islands | Kiribati | Cook Islands | Niue | Vanuatu | Tuvalu | Marshall Islands | Micronesia, Federated States of | Timor-Leste | Germany | Maldives | Saint Kitts and Nevis | Guam | Palau | Montenegro | Kosovo | South Sudan",Study | Research/Doctorate/PhD,0,Higher education graduates of outstanding academic merit who plan to complete a doctoral programme or carry out an artistic development project at a higher education institution in Mecklenburg-West Pomerania are welcome to apply. The PhD,DAAD,Germany,,,,,,Europe,Rolling / Annual,Scholarship,0,PhD,Research,80,Medium,1,90,PhD,https://www.daad.de/en/,Grant / Scholarship,3-4 Years
110,Konrad-Adenauer-Stiftung (KAS): Scholarship Programme for International Students,Konrad-Adenauer-Stiftung (KAS): Scholarship Programme for International Students,Undergraduates | Graduates | Doctoral candidates/PhD students,"Languages and Cultural Studies | Law, Economics and Social Sciences | Mathematics and Natural Sciences | Veterinary Medicine, Agricultural, Forest and Nutritional Sciences, Ecology | Engineering | Art, Music and Sport","South Africa | Egypt | India | Indonesia | Israel | Kazakhstan | Malaysia | Singapore | Turkey | Thailand | Czech Republic | Ukraine | China, PR | Australia | Japan | Canada | New Zealand | Norway | 38 | Switzerland | United Kingdom | United States of America | Uruguay | Argentina | Bolivia | Brazil | Chile | Costa Rica | Ecuador | Guatemala | Honduras | Colombia | Cuba | Mexico | Panama | Paraguay | Peru | Venezuela, Bolivarian Republic of | Nicaragua | Palestinian Territories | Kenya | Luxembourg | Albania | Armenia | Azerbaijan | Belarus | Bosnia and Herzegovina | Georgia | Serbia | Kyrgyzstan | North Macedonia | Moldova, Republic of | Tajikistan | Turkmenistan | Uzbekistan | Andorra | Iceland | Liechtenstein | Monaco | San Marino | Vatican City | Bahrain | Iraq | Jordan | Qatar | Kuwait | Lebanon | Oman | Saudi Arabia | Yemen | Syrian Arab Republic (Syria) | United Arab Emirates | Bhutan | Myanmar | Brunei Darussalam | Taiwan | Hong Kong (CN) | Cambodia | Korea, the Republic of | 107 | Lao People's Democratic Republic | Macao (CN) | Mongolia | Philippines | Vietnam | Guyana | French Guayana | Suriname | Bahamas | Barbados | Bermudas | Dominican Republic | El Salvador | Guadeloupe | Haiti | Belize | Jamaica | Montserrat | Martinique | The Dutch Antilles | Puerto Rico | Trinidad and Tobago | Anguilla | Antigua and Barbuda | Dominica | Grenada | Saint Lucia | Saint Vincent and the Grenadines | Angola | Ethiopia | Botswana | Burundi | Benin | Côte d'Ivoire | Djibouti | Gabon | Gambia | Ghana | Guinea | Guinea-Bissau | Equatorial Guinea | Cameroon | Cape Verde | Congo | Congo, Democratic Republic | Lesotho | Liberia | Madagascar | Malawi | Mali | Mauritania | Mauritius | Mozambique | Comoros | Eswatani | Niger | Nigeria | Burkina Faso | Réunion | Zimbabwe | Rwanda | Zambia | Sao Tome and Principe | Senegal | Seychelles | Sierra Leone | Somalia | Sudan | Namibia | Tanzania, United Republic of | Togo | Chad | Uganda | Central African Republic | Eritrea | Algeria | Libya | Morocco | Tunisia | Afghanistan | Bangladesh | Iran | Nepal | Pakistan | Sri Lanka | Fiji | Samoa | Tahiti | Tonga | Papua New Guinea | Nauru | New Caledonia | Solomon Islands | Kiribati | Cook Islands | Niue | Vanuatu | Tuvalu | Marshall Islands | Micronesia, Federated States of | Timor-Leste | Maldives | Saint Kitts and Nevis | Guam | Palau | Montenegro | Kosovo | South Sudan",Study | Research/Doctorate/PhD,0,Every year the foundation awards scholarships to international students in degree courses or PhD programmes at higher education institutions in Germany. The scholarship programme is primarily aimed at international students and doctoral,DAAD,Germany,,,,,,Europe,Rolling / Annual,Scholarship,0,PhD,Research,80,Medium,1,90,PhD,https://www.daad.de/en/,Grant / Scholarship,3-4 Years
112,Alexander von Humboldt Foundation: Humboldt Research Fellowships for Postdoctoral Researchers,Alexander von Humboldt Foundation: Humboldt Research Fellowships for Postdoctoral Researchers,Postdoctoral researchers,"Languages and Cultural Studies | Law, Economics and Social Sciences | Mathematics and Natural Sciences | Human Medicine | Veterinary Medicine, Agricultural, Forest and Nutritional Sciences, Ecology | Engineering | Art, Music and Sport","South Africa | Egypt | Bulgaria | India | Indonesia | Israel | Kazakhstan | Croatia | Malaysia | Romania | Singapore | Slovakia | Slovenia | Turkey | Thailand | Czech Republic | Ukraine | China, PR | Cyprus | Estonia | Latvia | Lithuania | Australia | Denmark | Finland | France | Greece | Ireland | Austria | Italy | Japan | Canada | New Zealand | Netherlands | Norway | Poland | Portugal | 38 | Sweden | Switzerland | Spain | United Kingdom | Hungary | United States of America | Uruguay | Argentina | Bolivia | Chile | Costa Rica | Ecuador | Guatemala | Honduras | Colombia | Cuba | Mexico | Panama | Paraguay | Peru | Venezuela, Bolivarian Republic of | Nicaragua | Belgium | Palestinian Territories | Kenya | Luxembourg | Albania | Armenia | Azerbaijan | Belarus | Bosnia and Herzegovina | Georgia | Serbia | Kyrgyzstan | North Macedonia | Moldova, Republic of | Tajikistan | Turkmenistan | Uzbekistan | Andorra | Iceland | Liechtenstein | Malta | Monaco | San Marino | Vatican City | Bahrain | Iraq | Jordan | Qatar | Kuwait | Lebanon | Oman | Saudi Arabia | Yemen | Syrian Arab Republic (Syria) | United Arab Emirates | Bhutan | Myanmar | Brunei Darussalam | Taiwan | Hong Kong (CN) | Cambodia | Korea, the Republic of | 107 | Lao People's Democratic Republic | Macao (CN) | Mongolia | Philippines | Vietnam | Guyana | French Guayana | Suriname | Bahamas | Barbados | Bermudas | Dominican Republic | El Salvador | Guadeloupe | Haiti | Belize | Jamaica | Montserrat | Martinique | The Dutch Antilles | Puerto Rico | Trinidad and Tobago | Anguilla | Antigua and Barbuda | Dominica | Grenada | Saint Lucia | Saint Vincent and the Grenadines | Angola | Ethiopia | Botswana | Burundi | Benin | Côte d'Ivoire | Djibouti | Gabon | Gambia | Ghana | Guinea | Guinea-Bissau | Equatorial Guinea | Cameroon | Cape Verde | Congo | Congo, Democratic Republic | Lesotho | Liberia | Madagascar | Malawi | Mali | Mauritania | Mauritius | Mozambique | Comoros | Eswatani | Niger | Nigeria | Burkina Faso | Réunion | Zimbabwe | Rwanda | Zambia | Sao Tome and Principe | Senegal | Seychelles | Sierra Leone | Somalia | Sudan | Namibia | Tanzania, United Republic of | Togo | Chad | Uganda | Central African Republic | Eritrea | Algeria | Libya | Morocco | Tunisia | Afghanistan | Bangladesh | Iran | Nepal | Pakistan | Sri Lanka | Fiji | Samoa | Tahiti | Tonga | Papua New Guinea | Nauru | New Caledonia | Solomon Islands | Kiribati | Cook Islands | Niue | Vanuatu | Tuvalu | Marshall Islands | Micronesia, Federated States of | Timor-Leste | Maldives | Saint Kitts and Nevis | Guam | Palau | Montenegro | Kosovo | South Sudan",Research/Doctorate/PhD,0,Applicants are highly qualified scientists and scholars from abroad just embarking on their academic careers who completed their doctorates less than 4 years ago. The fellowship gives international candidates from all disciplines the,DAAD,Germany,,,,,,Europe,Rolling / Annual,Fellowship,0,Postdoc,Research,80,Very High,1,90,Postdoc,https://www.daad.de/en/,Grant / Scholarship,6-24 Months
115,Heinrich Böll Foundation: PhD scholarship,Heinrich Böll Foundation: PhD scholarship,Doctoral candidates/PhD students,"Languages and Cultural Studies | Law, Economics and Social Sciences | Mathematics and Natural Sciences | Human Medicine | Veterinary Medicine, Agricultural, Forest and Nutritional Sciences, Ecology | Engineering | Art, Music and Sport","South Africa | Egypt | Bulgaria | India | Indonesia | Israel | Kazakhstan | Croatia | Malaysia | Romania | Singapore | Slovakia | Slovenia | Turkey | Thailand | Czech Republic | Ukraine | China, PR | Cyprus | Estonia | Latvia | Lithuania | Australia | Denmark | Finland | France | Greece | Ireland | Austria | Italy | Japan | Canada | New Zealand | Netherlands | Norway | Poland | Portugal | 38 | Sweden | Switzerland | Spain | United Kingdom | Hungary | United States of America | Uruguay | Argentina | Bolivia | Brazil | Chile | Costa Rica | Ecuador | Guatemala | Honduras | Colombia | Cuba | Mexico | Panama | Paraguay | Peru | Venezuela, Bolivarian Republic of | Nicaragua | Belgium | Palestinian Territories | Kenya | Luxembourg | Albania | Armenia | Azerbaijan | Belarus | Bosnia and Herzegovina | Georgia | Serbia | Kyrgyzstan | North Macedonia | Moldova, Republic of | Tajikistan | Turkmenistan | Uzbekistan | Andorra | Iceland | Liechtenstein | Malta | Monaco | San Marino | Vatican City | Bahrain | Iraq | Jordan | Qatar | Kuwait | Lebanon | Oman | Saudi Arabia | Yemen | Syrian Arab Republic (Syria) | United Arab Emirates | Bhutan | Myanmar | Brunei Darussalam | Taiwan | Hong Kong (CN) | Cambodia | Korea, the Republic of | 107 | Lao People's Democratic Republic | Macao (CN) | Mongolia | Philippines | Vietnam | Guyana | French Guayana | Suriname | Bahamas | Barbados | Bermudas | Dominican Republic | El Salvador | Guadeloupe | Haiti | Belize | Jamaica | Montserrat | Martinique | The Dutch Antilles | Puerto Rico | Trinidad and Tobago | Anguilla | Antigua and Barbuda | Dominica | Grenada | Saint Lucia | Saint Vincent and the Grenadines | Angola | Ethiopia | Botswana | Burundi | Benin | Côte d'Ivoire | Djibouti | Gabon | Gambia | Ghana | Guinea | Guinea-Bissau | Equatorial Guinea | Cameroon | Cape Verde | Congo | Congo, Democratic Republic | Lesotho | Liberia | Madagascar | Malawi | Mali | Mauritania | Mauritius | Mozambique | Comoros | Eswatani | Niger | Nigeria | Burkina Faso | Réunion | Zimbabwe | Rwanda | Zambia | Sao Tome and Principe | Senegal | Seychelles | Sierra Leone | Somalia | Sudan | Namibia | Tanzania, United Republic of | Togo | Chad | Uganda | Central African Republic | Eritrea | Algeria | Libya | Morocco | Tunisia | Afghanistan | Bangladesh | Iran | Nepal | Pakistan | Sri Lanka | Fiji | Samoa | Tahiti | Tonga | Papua New Guinea | Nauru | New Caledonia | Solomon Islands | Kiribati | Cook Islands | Niue | Vanuatu | Tuvalu | Marshall Islands | Micronesia, Federated States of | Timor-Leste | Germany | Maldives | Saint Kitts and Nevis | Guam | Palau | Montenegro | Kosovo | South Sudan",Research/Doctorate/PhD,0,"The Heinrich Böll Foundation is the Green political foundation. Every year, under the heading &quot;promoting talent&quot;, the foundation supports around 1,450 students and 200 doctoral students from all academic backgrounds and types of",DAAD,Germany,,,,,,Europe,Rolling / Annual,Scholarship,0,PhD,Research,80,Medium,1,90,PhD,https://www.daad.de/en/,Grant / Scholarship,3-4 Years
116,Catholic Academic Exchange Service (KAAD): Eastern Europe Programme,Catholic Academic Exchange Service (KAAD): Eastern Europe Programme,Postdoctoral researchers | Graduates | Doctoral candidates/PhD students | Faculty,"Languages and Cultural Studies | Law, Economics and Social Sciences | Mathematics and Natural Sciences | Human Medicine | Veterinary Medicine, Agricultural, Forest and Nutritional Sciences, Ecology | Engineering | Art, Music and Sport","Bulgaria | Kazakhstan | Croatia | Romania | Slovakia | Slovenia | Czech Republic | Ukraine | Estonia | Latvia | Lithuania | Poland | 38 | Hungary | Albania | Armenia | Azerbaijan | Belarus | Bosnia and Herzegovina | Georgia | Serbia | Kyrgyzstan | North Macedonia | Moldova, Republic of | Tajikistan | Turkmenistan | Uzbekistan | Kosovo",Study | Research/Doctorate/PhD,0,"The KAAD is the scholarship institution of the catholic Church in Germany. Applicants for this programme are from Central, Eastern and South-east Europe, the Caucasus and Central Asia , are proficient in German and are of catholic faith. In",DAAD,Germany,,,,,,Europe,Rolling / Annual,Scholarship,0,Postdoc,Research,80,Very High,1,90,Postdoc,https://www.daad.de/en/,Grant / Scholarship,6-24 Months
119,Evangelisches Studienwerk: Scholarship for Students,Evangelisches Studienwerk: Scholarship for Students,Undergraduates,"Languages and Cultural Studies | Law, Economics and Social Sciences | Mathematics and Natural Sciences | Human Medicine | Veterinary Medicine, Agricultural, Forest and Nutritional Sciences, Ecology | Engineering | Art, Music and Sport","South Africa | Egypt | Bulgaria | India | Indonesia | Israel | Kazakhstan | Croatia | Malaysia | Romania | Singapore | Slovakia | Slovenia | Turkey | Thailand | Czech Republic | Ukraine | China, PR | Cyprus | Estonia | Latvia | Lithuania | Australia | Denmark | Finland | France | Greece | Ireland | Austria | Italy | Japan | Canada | New Zealand | Netherlands | Norway | Poland | Portugal | 38 | Sweden | Switzerland | Spain | United Kingdom | Hungary | United States of America | Uruguay | Argentina | Bolivia | Brazil | Chile | Costa Rica | Ecuador | Guatemala | Honduras | Colombia | Cuba | Mexico | Panama | Paraguay | Peru | Venezuela, Bolivarian Republic of | Nicaragua | Belgium | Palestinian Territories | Kenya | Luxembourg | Albania | Armenia | Azerbaijan | Belarus | Bosnia and Herzegovina | Georgia | Serbia | Kyrgyzstan | North Macedonia | Moldova, Republic of | Tajikistan | Turkmenistan | Uzbekistan | Andorra | Iceland | Liechtenstein | Malta | Monaco | San Marino | Vatican City | Bahrain | Iraq | Jordan | Qatar | Kuwait | Lebanon | Oman | Saudi Arabia | Yemen | Syrian Arab Republic (Syria) | United Arab Emirates | Bhutan | Myanmar | Brunei Darussalam | Taiwan | Hong Kong (CN) | Cambodia | Korea, the Republic of | 107 | Lao People's Democratic Republic | Macao (CN) | Mongolia | Philippines | Vietnam | Guyana | French Guayana | Suriname | Bahamas | Barbados | Bermudas | Dominican Republic | El Salvador | Guadeloupe | Haiti | Belize | Jamaica | Montserrat | Martinique | The Dutch Antilles | Puerto Rico | Trinidad and Tobago | Anguilla | Antigua and Barbuda | Dominica | Grenada | Saint Lucia | Saint Vincent and the Grenadines | Angola | Ethiopia | Botswana | Burundi | Benin | Côte d'Ivoire | Djibouti | Gabon | Gambia | Ghana | Guinea | Guinea-Bissau | Equatorial Guinea | Cameroon | Cape Verde | Congo | Congo, Democratic Republic | Lesotho | Liberia | Madagascar | Malawi | Mali | Mauritania | Mauritius | Mozambique | Comoros | Eswatani | Niger | Nigeria | Burkina Faso | Réunion | Zimbabwe | Rwanda | Zambia | Sao Tome and Principe | Senegal | Seychelles | Sierra Leone | Somalia | Sudan | Namibia | Tanzania, United Republic of | Togo | Chad | Uganda | Central African Republic | Eritrea | Algeria | Libya | Morocco | Tunisia | Afghanistan | Bangladesh | Iran | Nepal | Pakistan | Sri Lanka | Fiji | Samoa | Tahiti | Tonga | Papua New Guinea | Nauru | New Caledonia | Solomon Islands | Kiribati | Cook Islands | Niue | Vanuatu | Tuvalu | Marshall Islands | Micronesia, Federated States of | Timor-Leste | Germany | Maldives | Saint Kitts and Nevis | Guam | Palau | Montenegro | Kosovo | South Sudan",Study,0,The ESV scholarships are open to protestant students from all disciplines and subjects wishing to study full-time at a state or state-recognised higher education institution. You are welcome to apply if you are not a member of a Protestant,DAAD,Germany,,,,,,Europe,Rolling / Annual,Scholarship,0,Bachelor,Study,80,Medium,1,90,Bachelor,https://www.daad.de/en/,Grant / Scholarship,3-5 Years
121,Foundation of German Business (sdw): Academic study sponsorship,Foundation of German Business (sdw): Academic study sponsorship,Undergraduates | Graduates,"Languages and Cultural Studies | Law, Economics and Social Sciences | Mathematics and Natural Sciences | Human Medicine | Veterinary Medicine, Agricultural, Forest and Nutritional Sciences, Ecology | Engineering | Art, Music and Sport","South Africa | Egypt | Bulgaria | India | Indonesia | Israel | Kazakhstan | Croatia | Malaysia | Romania | Singapore | Slovakia | Slovenia | Turkey | Thailand | Czech Republic | Ukraine | China, PR | Cyprus | Estonia | Latvia | Lithuania | Australia | Denmark | Finland | France | Greece | Ireland | Austria | Italy | Japan | Canada | New Zealand | Netherlands | Norway | Poland | Portugal | 38 | Sweden | Switzerland | Spain | United Kingdom | Hungary | United States of America | Uruguay | Argentina | Bolivia | Brazil | Chile | Costa Rica | Ecuador | Guatemala | Honduras | Colombia | Cuba | Mexico | Panama | Paraguay | Peru | Venezuela, Bolivarian Republic of | Nicaragua | Belgium | Palestinian Territories | Kenya | Luxembourg | Albania | Armenia | Azerbaijan | Belarus | Bosnia and Herzegovina | Georgia | Serbia | Kyrgyzstan | North Macedonia | Moldova, Republic of | Tajikistan | Turkmenistan | Uzbekistan | Andorra | Iceland | Liechtenstein | Malta | Monaco | San Marino | Vatican City | Bahrain | Iraq | Jordan | Qatar | Kuwait | Lebanon | Oman | Saudi Arabia | Yemen | Syrian Arab Republic (Syria) | United Arab Emirates | Bhutan | Myanmar | Brunei Darussalam | Taiwan | Hong Kong (CN) | Cambodia | Korea, the Republic of | 107 | Lao People's Democratic Republic | Macao (CN) | Mongolia | Philippines | Vietnam | Guyana | French Guayana | Suriname | Bahamas | Barbados | Bermudas | Dominican Republic | El Salvador | Guadeloupe | Haiti | Belize | Jamaica | Montserrat | Martinique | The Dutch Antilles | Puerto Rico | Trinidad and Tobago | Anguilla | Antigua and Barbuda | Dominica | Grenada | Saint Lucia | Saint Vincent and the Grenadines | Angola | Ethiopia | Botswana | Burundi | Benin | Côte d'Ivoire | Djibouti | Gabon | Gambia | Ghana | Guinea | Guinea-Bissau | Equatorial Guinea | Cameroon | Cape Verde | Congo | Congo, Democratic Republic | Lesotho | Liberia | Madagascar | Malawi | Mali | Mauritania | Mauritius | Mozambique | Comoros | Eswatani | Niger | Nigeria | Burkina Faso | Réunion | Zimbabwe | Rwanda | Zambia | Sao Tome and Principe | Senegal | Seychelles | Sierra Leone | Somalia | Sudan | Namibia | Tanzania, United Republic of | Togo | Chad | Uganda | Central African Republic | Eritrea | Algeria | Libya | Morocco | Tunisia | Afghanistan | Bangladesh | Iran | Nepal | Pakistan | Sri Lanka | Fiji | Samoa | Tahiti | Tonga | Papua New Guinea | Nauru | New Caledonia | Solomon Islands | Kiribati | Cook Islands | Niue | Vanuatu | Tuvalu | Marshall Islands | Micronesia, Federated States of | Timor-Leste | Germany | Maldives | Saint Kitts and Nevis | Guam | Palau | Montenegro | Kosovo | South Sudan",Study,0,"The Foundation of German Business (sdw) offers undergraduate and graduate students a vast number of opportunities ranging from various seminars and training programmes to financial support. Courses are held in German, so that candidates",DAAD,Germany,,,,,,Europe,Rolling / Annual,Scholarship,0,Bachelor,Study,80,Medium,1,90,Bachelor,https://www.daad.de/en/,Grant / Scholarship,3-5 Years
123,European Union: Erasmus+ Mobility Project for Higher Education Teachers and Staff,European Union: Erasmus+ Mobility Project for Higher Education Teachers and Staff,Postdoctoral researchers | Doctoral candidates/PhD students | Faculty,"Languages and Cultural Studies | Law, Economics and Social Sciences | Mathematics and Natural Sciences | Human Medicine | Veterinary Medicine, Agricultural, Forest and Nutritional Sciences, Ecology | Engineering | Art, Music and Sport","Mauritania | Mali | Malawi | Madagascar | Liberia | Lesotho | Congo, Democratic Republic | Congo | Cape Verde | Cameroon | Equatorial Guinea | Guinea-Bissau | Guinea | Ghana | Gambia | Gabon | Djibouti | Croatia | Slovakia | Israel | Côte d'Ivoire | Benin | Burundi | Botswana | Ethiopia | Angola | Saint Vincent and the Grenadines | Kazakhstan | Saint Lucia | Grenada | Dominica | Antigua and Barbuda | Anguilla | Trinidad and Tobago | Puerto Rico | The Dutch Antilles | Martinique | Montserrat | Jamaica | Belize | Haiti | Guadeloupe | El Salvador | Dominican Republic | Bermudas | Barbados | Bahamas | Suriname | French Guayana | Guyana | Vietnam | Philippines | Mongolia | Macao (CN) | Lao People's Democratic Republic | 107 | Korea, the Republic of | Cambodia | Hong Kong (CN) | Taiwan | Brunei Darussalam | Myanmar | Bhutan | United Arab Emirates | Syrian Arab Republic (Syria) | Yemen | Saudi Arabia | Oman | Lebanon | Kuwait | Qatar | Jordan | Iraq | Bahrain | Vatican City | San Marino | Monaco | Malta | Liechtenstein | Iceland | Andorra | Uzbekistan | Turkmenistan | Tajikistan | Moldova, Republic of | North Macedonia | Kyrgyzstan | Serbia | Georgia | Bosnia and Herzegovina | Belarus | Azerbaijan | Armenia | Albania | Luxembourg | Kenya | Palestinian Territories | Belgium | Nicaragua | Venezuela, Bolivarian Republic of | Peru | Paraguay | Panama | Mexico | Cuba | Colombia | Honduras | Guatemala | Ecuador | Costa Rica | Chile | Brazil | Bolivia | Argentina | Uruguay | United States of America | Hungary | United Kingdom | Spain | Switzerland | Sweden | 38 | Romania | Portugal | Poland | Norway | Netherlands | New Zealand | Canada | Japan | Italy | Austria | Ireland | Greece | France | Finland | Denmark | Australia | Lithuania | Latvia | Estonia | Cyprus | China, PR | Ukraine | Czech Republic | Thailand | Turkey | Slovenia | South Sudan | Kosovo | Montenegro | Palau | Guam | Saint Kitts and Nevis | Maldives | Germany | Timor-Leste | Micronesia, Federated States of | Marshall Islands | Tuvalu | Vanuatu | Niue | Cook Islands | Kiribati | Solomon Islands | New Caledonia | Nauru | Papua New Guinea | Tonga | Tahiti | Malaysia | Singapore | Samoa | Fiji | Sri Lanka | Pakistan | Nepal | Iran | Bangladesh | Afghanistan | Tunisia | Morocco | Libya | Algeria | Eritrea | Central African Republic | Uganda | Chad | Togo | Tanzania, United Republic of | Namibia | Sudan | Somalia | Sierra Leone | Seychelles | Senegal | Sao Tome and Principe | Zambia | Rwanda | Zimbabwe | Réunion | Burkina Faso | Nigeria | Niger | Eswatani | Comoros | Mozambique | Mauritius | Indonesia | India | Bulgaria | Egypt | South Africa",Research/Doctorate/PhD | Internship | Teaching,0,The Erasmus+ individual mobility project is not only aimed at students but also at university teachers and members of staff at higher education institutions in Germany and other European states. The programme is intended to sponsor mobility,DAAD,Germany,,,,,,Europe,Rolling / Annual,Scholarship,0,Postdoc,Research,80,Very High,1,90,Postdoc,https://www.daad.de/en/,Grant / Scholarship,6-24 Months
125,Herder Institute for Historical Research on East-Central Europe: Herder Fellowship,Herder Institute for Historical Research on East-Central Europe: Herder Fellowship,Postdoctoral researchers | Doctoral candidates/PhD students | Faculty,Languages and Cultural Studies,"South Africa | Egypt | Bulgaria | India | Indonesia | Israel | Kazakhstan | Croatia | Malaysia | Romania | Singapore | Slovakia | Slovenia | Turkey | Thailand | Czech Republic | Ukraine | China, PR | Cyprus | Estonia | Latvia | Lithuania | Australia | Denmark | Finland | France | Greece | Ireland | Austria | Italy | Japan | Canada | New Zealand | Netherlands | Norway | Poland | Portugal | 38 | Sweden | Switzerland | Spain | United Kingdom | Hungary | United States of America | Uruguay | Argentina | Bolivia | Brazil | Chile | Costa Rica | Ecuador | Guatemala | Honduras | Colombia | Cuba | Mexico | Panama | Paraguay | Peru | Venezuela, Bolivarian Republic of | Nicaragua | Belgium | Palestinian Territories | Kenya | Luxembourg | Albania | Armenia | Azerbaijan | Belarus | Bosnia and Herzegovina | Georgia | Serbia | Kyrgyzstan | North Macedonia | Moldova, Republic of | Tajikistan | Turkmenistan | Uzbekistan | Andorra | Iceland | Liechtenstein | Malta | Monaco | San Marino | Vatican City | Bahrain | Iraq | Jordan | Qatar | Kuwait | Lebanon | Oman | Saudi Arabia | Yemen | Syrian Arab Republic (Syria) | United Arab Emirates | Bhutan | Myanmar | Brunei Darussalam | Taiwan | Hong Kong (CN) | Cambodia | Korea, the Republic of | 107 | Lao People's Democratic Republic | Macao (CN) | Mongolia | Philippines | Vietnam | Guyana | French Guayana | Suriname | Bahamas | Barbados | Bermudas | Dominican Republic | El Salvador | Guadeloupe | Haiti | Belize | Jamaica | Montserrat | Martinique | The Dutch Antilles | Puerto Rico | Trinidad and Tobago | Anguilla | Antigua and Barbuda | Dominica | Grenada | Saint Lucia | Saint Vincent and the Grenadines | Angola | Ethiopia | Botswana | Burundi | Benin | Côte d'Ivoire | Djibouti | Gabon | Gambia | Ghana | Guinea | Guinea-Bissau | Equatorial Guinea | Cameroon | Cape Verde | Congo | Congo, Democratic Republic | Lesotho | Liberia | Madagascar | Malawi | Mali | Mauritania | Mauritius | Mozambique | Comoros | Eswatani | Niger | Nigeria | Burkina Faso | Réunion | Zimbabwe | Rwanda | Zambia | Sao Tome and Principe | Senegal | Seychelles | Sierra Leone | Somalia | Sudan | Namibia | Tanzania, United Republic of | Togo | Chad | Uganda | Central African Republic | Eritrea | Algeria | Libya | Morocco | Tunisia | Afghanistan | Bangladesh | Iran | Nepal | Pakistan | Sri Lanka | Fiji | Samoa | Tahiti | Tonga | Papua New Guinea | Nauru | New Caledonia | Solomon Islands | Kiribati | Cook Islands | Niue | Vanuatu | Tuvalu | Marshall Islands | Micronesia, Federated States of | Timor-Leste | Germany | Maldives | Saint Kitts and Nevis | Guam | Palau | Montenegro | Kosovo | South Sudan",Research/Doctorate/PhD,0,"The Herder Fellowship Programme is aimed at researchers of all qualification levels (doctoral students, postdocs and proven experts in historical research on East Central Europe), especially from East Central European countries and other",DAAD,Germany,,,,,,Europe,Rolling / Annual,Fellowship,0,Postdoc,Research,80,Very High,0,90,Postdoc,https://www.daad.de/en/,Grant / Scholarship,6-24 Months
126,Heinrich Böll Foundation: Student Scholarship,Heinrich Böll Foundation: Student Scholarship,Graduates,"Languages and Cultural Studies | Law, Economics and Social Sciences | Mathematics and Natural Sciences | Human Medicine | Veterinary Medicine, Agricultural, Forest and Nutritional Sciences, Ecology | Engineering | Art, Music and Sport","South Africa | Egypt | Bulgaria | India | Indonesia | Israel | Kazakhstan | Croatia | Malaysia | Romania | Singapore | Slovakia | Slovenia | Turkey | Thailand | Czech Republic | Ukraine | China, PR | Cyprus | Estonia | Latvia | Lithuania | Australia | Denmark | Finland | France | Greece | Ireland | Austria | Italy | Japan | Canada | New Zealand | Netherlands | Norway | Poland | Portugal | 38 | Sweden | Switzerland | Spain | United Kingdom | Hungary | United States of America | Uruguay | Argentina | Bolivia | Brazil | Chile | Costa Rica | Ecuador | Guatemala | Honduras | Colombia | Cuba | Mexico | Panama | Paraguay | Peru | Venezuela, Bolivarian Republic of | Nicaragua | Belgium | Palestinian Territories | Kenya | Luxembourg | Albania | Armenia | Azerbaijan | Belarus | Bosnia and Herzegovina | Georgia | Serbia | Kyrgyzstan | North Macedonia | Moldova, Republic of | Tajikistan | Turkmenistan | Uzbekistan | Andorra | Iceland | Liechtenstein | Malta | Monaco | San Marino | Vatican City | Bahrain | Iraq | Jordan | Qatar | Kuwait | Lebanon | Oman | Saudi Arabia | Yemen | Syrian Arab Republic (Syria) | United Arab Emirates | Bhutan | Myanmar | Brunei Darussalam | Taiwan | Hong Kong (CN) | Cambodia | Korea, the Republic of | 107 | Lao People's Democratic Republic | Macao (CN) | Mongolia | Philippines | Vietnam | Guyana | French Guayana | Suriname | Bahamas | Barbados | Bermudas | Dominican Republic | El Salvador | Guadeloupe | Haiti | Belize | Jamaica | Montserrat | Martinique | The Dutch Antilles | Puerto Rico | Trinidad and Tobago | Anguilla | Antigua and Barbuda | Dominica | Grenada | Saint Lucia | Saint Vincent and the Grenadines | Angola | Ethiopia | Botswana | Burundi | Benin | Côte d'Ivoire | Djibouti | Gabon | Gambia | Ghana | Guinea | Guinea-Bissau | Equatorial Guinea | Cameroon | Cape Verde | Congo | Congo, Democratic Republic | Lesotho | Liberia | Madagascar | Malawi | Mali | Mauritania | Mauritius | Mozambique | Comoros | Eswatani | Niger | Nigeria | Burkina Faso | Réunion | Zimbabwe | Rwanda | Zambia | Sao Tome and Principe | Senegal | Seychelles | Sierra Leone | Somalia | Sudan | Namibia | Tanzania, United Republic of | Togo | Chad | Uganda | Central African Republic | Eritrea | Algeria | Libya | Morocco | Tunisia | Afghanistan | Bangladesh | Iran | Nepal | Pakistan | Sri Lanka | Fiji | Samoa | Tahiti | Tonga | Papua New Guinea | Nauru | New Caledonia | Solomon Islands | Kiribati | Cook Islands | Niue | Vanuatu | Tuvalu | Marshall Islands | Micronesia, Federated States of | Timor-Leste | Germany | Maldives | Saint Kitts and Nevis | Guam | Palau | Montenegro | Kosovo | South Sudan",Study,0,"German and international students from any discipline and higher education institution are invited to apply for the scholarship. The Heinrich Böll Foundation is the Green political foundation. Every year, under the heading &quot;promoting",DAAD,Germany,,,,,,Europe,Rolling / Annual,Scholarship,0,Masters,Study,80,Medium,1,90,Masters,https://www.daad.de/en/,Grant / Scholarship,1-2 Years
128,Friedrich Ebert Foundation: Scholarship for International Doctoral Students,Friedrich Ebert Foundation: Scholarship for International Doctoral Students,Doctoral candidates/PhD students,"Languages and Cultural Studies | Law, Economics and Social Sciences | Mathematics and Natural Sciences | Veterinary Medicine, Agricultural, Forest and Nutritional Sciences, Ecology | Engineering | Art, Music and Sport","South Africa | Egypt | Bulgaria | India | Indonesia | Kazakhstan | Croatia | Malaysia | Romania | Thailand | Ukraine | China, PR | 38 | Uruguay | Argentina | Bolivia | Brazil | Chile | Costa Rica | Ecuador | Guatemala | Honduras | Colombia | Cuba | Mexico | Panama | Paraguay | Peru | Venezuela, Bolivarian Republic of | Nicaragua | Palestinian Territories | Kenya | Albania | Armenia | Azerbaijan | Belarus | Bosnia and Herzegovina | Georgia | Serbia | Kyrgyzstan | North Macedonia | Moldova, Republic of | Tajikistan | Turkmenistan | Uzbekistan | Andorra | Monaco | San Marino | Bahrain | Iraq | Jordan | Qatar | Kuwait | Lebanon | Oman | Saudi Arabia | Yemen | Syrian Arab Republic (Syria) | Bhutan | Myanmar | Brunei Darussalam | Hong Kong (CN) | Cambodia | 107 | Lao People's Democratic Republic | Macao (CN) | Mongolia | Philippines | Vietnam | Guyana | Suriname | Bahamas | Barbados | Bermudas | Dominican Republic | El Salvador | Haiti | Belize | Jamaica | Trinidad and Tobago | Anguilla | Antigua and Barbuda | Dominica | Grenada | Saint Lucia | Saint Vincent and the Grenadines | Angola | Ethiopia | Botswana | Burundi | Benin | Côte d'Ivoire | Djibouti | Gabon | Gambia | Ghana | Guinea | Guinea-Bissau | Equatorial Guinea | Cameroon | Cape Verde | Congo | Congo, Democratic Republic | Lesotho | Liberia | Madagascar | Malawi | Mali | Mauritania | Mauritius | Mozambique | Comoros | Eswatani | Niger | Nigeria | Burkina Faso | Zimbabwe | Rwanda | Zambia | Sao Tome and Principe | Senegal | Seychelles | Sierra Leone | Somalia | Sudan | Namibia | Tanzania, United Republic of | Togo | Chad | Uganda | Central African Republic | Eritrea | Algeria | Libya | Morocco | Afghanistan | Bangladesh | Iran | Nepal | Pakistan | Sri Lanka | Fiji | Samoa | Tahiti | Tonga | Papua New Guinea | Nauru | New Caledonia | Solomon Islands | Kiribati | Cook Islands | Niue | Vanuatu | Tuvalu | Marshall Islands | Micronesia, Federated States of | Timor-Leste | Maldives | Saint Kitts and Nevis | Guam | Palau | Montenegro | Kosovo | South Sudan",Research/Doctorate/PhD,0,International students from all subjects (except the medical disciplines) who have been admitted to a doctoral programme at a German higher education institution are eligible to apply for the scholarship. Eligible candidates come from,DAAD,Germany,,,,,,Europe,Rolling / Annual,Scholarship,0,PhD,Research,80,Medium,1,90,PhD,https://www.daad.de/en/,Grant / Scholarship,3-4 Years
129,German Federal Environmental Foundation (DBU): PhD Scholarship Programme,German Federal Environmental Foundation (DBU): PhD Scholarship Programme,Doctoral candidates/PhD students,"Languages and Cultural Studies | Law, Economics and Social Sciences | Mathematics and Natural Sciences | Human Medicine | Veterinary Medicine, Agricultural, Forest and Nutritional Sciences, Ecology | Engineering | Art, Music and Sport","South Africa | Egypt | Bulgaria | India | Indonesia | Israel | Kazakhstan | Croatia | Malaysia | Romania | Singapore | Slovakia | Slovenia | Turkey | Thailand | Czech Republic | Ukraine | China, PR | Cyprus | Estonia | Latvia | Lithuania | Australia | Denmark | Finland | France | Greece | Ireland | Austria | Italy | Japan | Canada | New Zealand | Netherlands | Norway | Poland | Portugal | 38 | Sweden | Switzerland | Spain | United Kingdom | Hungary | United States of America | Uruguay | Argentina | Bolivia | Brazil | Chile | Costa Rica | Ecuador | Guatemala | Honduras | Colombia | Cuba | Mexico | Panama | Paraguay | Peru | Venezuela, Bolivarian Republic of | Nicaragua | Belgium | Palestinian Territories | Kenya | Luxembourg | Albania | Armenia | Azerbaijan | Belarus | Bosnia and Herzegovina | Georgia | Serbia | Kyrgyzstan | North Macedonia | Moldova, Republic of | Tajikistan | Turkmenistan | Uzbekistan | Andorra | Iceland | Liechtenstein | Malta | Monaco | San Marino | Vatican City | Bahrain | Iraq | Jordan | Qatar | Kuwait | Lebanon | Oman | Saudi Arabia | Yemen | Syrian Arab Republic (Syria) | United Arab Emirates | Bhutan | Myanmar | Brunei Darussalam | Taiwan | Hong Kong (CN) | Cambodia | Korea, the Republic of | 107 | Lao People's Democratic Republic | Macao (CN) | Mongolia | Philippines | Vietnam | Guyana | French Guayana | Suriname | Bahamas | Barbados | Bermudas | Dominican Republic | El Salvador | Guadeloupe | Haiti | Belize | Jamaica | Montserrat | Martinique | The Dutch Antilles | Puerto Rico | Trinidad and Tobago | Anguilla | Antigua and Barbuda | Dominica | Grenada | Saint Lucia | Saint Vincent and the Grenadines | Angola | Ethiopia | Botswana | Burundi | Benin | Côte d'Ivoire | Djibouti | Gabon | Gambia | Ghana | Guinea | Guinea-Bissau | Equatorial Guinea | Cameroon | Cape Verde | Congo | Congo, Democratic Republic | Lesotho | Liberia | Madagascar | Malawi | Mali | Mauritania | Mauritius | Mozambique | Comoros | Eswatani | Niger | Nigeria | Burkina Faso | Réunion | Zimbabwe | Rwanda | Zambia | Sao Tome and Principe | Senegal | Seychelles | Sierra Leone | Somalia | Sudan | Namibia | Tanzania, United Republic of | Togo | Chad | Uganda | Central African Republic | Eritrea | Algeria | Libya | Morocco | Tunisia | Afghanistan | Bangladesh | Iran | Nepal | Pakistan | Sri Lanka | Fiji | Samoa | Tahiti | Tonga | Papua New Guinea | Nauru | New Caledonia | Solomon Islands | Kiribati | Cook Islands | Niue | Vanuatu | Tuvalu | Marshall Islands | Micronesia, Federated States of | Timor-Leste | Germany | Maldives | Saint Kitts and Nevis | Guam | Palau | Montenegro | Kosovo | South Sudan",Research/Doctorate/PhD,0,"The DBU scholarship programme for PhD students aims to support young academics in the field of applied environmental sciences and build an interdisciplinary network of experts on the environment. To this end, the scholarships help finance",DAAD,Germany,,,,,,Europe,Rolling / Annual,Scholarship,0,PhD,Research,80,Medium,1,90,PhD,https://www.daad.de/en/,Grant / Scholarship,3-4 Years
130,"Bavarian Academic Center for Central, Eastern and Southeastern Europe: One-year scholarship programme sponsored by the Free State of Bavaria for graduates of Central, Eastern and Southeastern European states (BAYHOST)","Bavarian Academic Center for Central, Eastern and Southeastern Europe: One-year scholarship programme sponsored by the Free State of Bavaria for graduates of Central, Eastern and Southeastern European states (BAYHOST)",Graduates | Doctoral candidates/PhD students,"Languages and Cultural Studies | Law, Economics and Social Sciences | Mathematics and Natural Sciences | Human Medicine | Veterinary Medicine, Agricultural, Forest and Nutritional Sciences, Ecology | Engineering | Art, Music and Sport",Bulgaria | Croatia | Romania | Slovakia | Czech Republic | Ukraine | Poland | Hungary | Serbia,Study | Research/Doctorate/PhD,0,"The one-year scholarships are intended for graduates from Bulgaria, Croatia, Czechia, Hungary, Poland, Romania, Serbia, Slovakia and Ukraine who plan to complete postgraduate studies (i.e. Master's programmes), PhDs or one-year research",DAAD,Germany,,,,,,Europe,Rolling / Annual,Scholarship,0,PhD,Research,80,Medium,1,90,PhD,https://www.daad.de/en/,Grant / Scholarship,3-4 Years
131,Alexander von Humboldt-Foundation: Georg Forster Research Fellowship for Experienced Researchers,Alexander von Humboldt-Foundation: Georg Forster Research Fellowship for Experienced Researchers,Postdoctoral researchers | Faculty,"Languages and Cultural Studies | Law, Economics and Social Sciences | Mathematics and Natural Sciences | Human Medicine | Veterinary Medicine, Agricultural, Forest and Nutritional Sciences, Ecology | Engineering | Art, Music and Sport","Jordan | Lebanon | Comoros | Mozambique | Mauritius | Mauritania | Mali | Malawi | Madagascar | Liberia | Lesotho | Congo, Democratic Republic | Congo | Cape Verde | Cameroon | Equatorial Guinea | Guinea-Bissau | Guinea | Ghana | Gambia | Gabon | Djibouti | Côte d'Ivoire | Benin | Burundi | Botswana | Ethiopia | Angola | Saint Vincent and the Grenadines | Saint Lucia | Grenada | Dominica | Montserrat | Jamaica | Belize | Haiti | El Salvador | Dominican Republic | Suriname | Guyana | Vietnam | Philippines | Mongolia | Lao People's Democratic Republic | 107 | Cambodia | Myanmar | Bhutan | Syrian Arab Republic (Syria) | Yemen | Kenya | Cuba | Palestinian Territories | Venezuela, Bolivarian Republic of | Mexico | Tajikistan | Solomon Islands | Paraguay | Turkmenistan | Albania | Nauru | Peru | Moldova, Republic of | North Macedonia | Nicaragua | Uzbekistan | Papua New Guinea | Honduras | Armenia | Azerbaijan | Kyrgyzstan | Serbia | Georgia | Bosnia and Herzegovina | Belarus | Colombia | Iraq | Kiribati | Niue | Vanuatu | Tuvalu | Marshall Islands | Micronesia, Federated States of | Timor-Leste | Maldives | Montenegro | Kosovo | South Sudan | South Africa | Egypt | Indonesia | Kazakhstan | Malaysia | Turkey | Thailand | Ukraine | Argentina | Bolivia | Costa Rica | Ecuador | Guatemala | Samoa | Eswatani | Niger | Nigeria | Burkina Faso | Zimbabwe | Rwanda | Zambia | Sao Tome and Principe | Senegal | Namibia | Sudan | Somalia | Sierra Leone | Tanzania, United Republic of | Togo | Chad | Uganda | Algeria | Eritrea | Central African Republic | Morocco | Tunisia | Afghanistan | Bangladesh | Iran | Nepal | Pakistan | Sri Lanka | Fiji | Tonga | Libya",Research/Doctorate/PhD,0,The grant is intended to support highly qualified scientists and scholars of all disciplines from developing and transition states  excluding PR China and India. Candidates are experienced researchers who completed their doctorates less,DAAD,Germany,,,,,,Europe,Rolling / Annual,Grant,0,Postdoc,Research,80,Very High,1,90,Postdoc,https://www.daad.de/en/,Grant / Scholarship,6-24 Months
132,Gerda Henkel Foundation: Research Scholarships,Gerda Henkel Foundation: Research Scholarships,Postdoctoral researchers | Faculty,"Languages and Cultural Studies | Art, Music and Sport","South Africa | Egypt | Bulgaria | India | Indonesia | Israel | Kazakhstan | Croatia | Malaysia | Romania | Singapore | Slovakia | Slovenia | Turkey | Thailand | Czech Republic | Ukraine | China, PR | Cyprus | Estonia | Latvia | Lithuania | Australia | Denmark | Finland | France | Greece | Ireland | Austria | Italy | Japan | Canada | New Zealand | Netherlands | Norway | Poland | Portugal | 38 | Sweden | Switzerland | Spain | United Kingdom | Hungary | United States of America | Uruguay | Argentina | Bolivia | Brazil | Chile | Costa Rica | Ecuador | Guatemala | Honduras | Colombia | Cuba | Mexico | Panama | Paraguay | Peru | Venezuela, Bolivarian Republic of | Nicaragua | Belgium | Palestinian Territories | Kenya | Luxembourg | Albania | Armenia | Azerbaijan | Belarus | Bosnia and Herzegovina | Georgia | Serbia | Kyrgyzstan | North Macedonia | Moldova, Republic of | Tajikistan | Turkmenistan | Uzbekistan | Andorra | Iceland | Liechtenstein | Malta | Monaco | San Marino | Vatican City | Bahrain | Iraq | Jordan | Qatar | Kuwait | Lebanon | Oman | Saudi Arabia | Yemen | Syrian Arab Republic (Syria) | United Arab Emirates | Bhutan | Myanmar | Brunei Darussalam | Taiwan | Hong Kong (CN) | Cambodia | Korea, the Republic of | 107 | Lao People's Democratic Republic | Macao (CN) | Mongolia | Philippines | Vietnam | Guyana | French Guayana | Suriname | Bahamas | Barbados | Bermudas | Dominican Republic | El Salvador | Guadeloupe | Haiti | Belize | Jamaica | Montserrat | Martinique | The Dutch Antilles | Puerto Rico | Trinidad and Tobago | Anguilla | Antigua and Barbuda | Dominica | Grenada | Saint Lucia | Saint Vincent and the Grenadines | Angola | Ethiopia | Botswana | Burundi | Benin | Côte d'Ivoire | Djibouti | Gabon | Gambia | Ghana | Guinea | Guinea-Bissau | Equatorial Guinea | Cameroon | Cape Verde | Congo | Congo, Democratic Republic | Lesotho | Liberia | Madagascar | Malawi | Mali | Mauritania | Mauritius | Mozambique | Comoros | Eswatani | Niger | Nigeria | Burkina Faso | Réunion | Zimbabwe | Rwanda | Zambia | Sao Tome and Principe | Senegal | Seychelles | Sierra Leone | Somalia | Sudan | Namibia | Tanzania, United Republic of | Togo | Chad | Uganda | Central African Republic | Eritrea | Algeria | Libya | Morocco | Tunisia | Afghanistan | Bangladesh | Iran | Nepal | Pakistan | Sri Lanka | Fiji | Samoa | Tahiti | Tonga | Papua New Guinea | Nauru | New Caledonia | Solomon Islands | Kiribati | Cook Islands | Niue | Vanuatu | Tuvalu | Marshall Islands | Micronesia, Federated States of | Timor-Leste | Germany | Maldives | Saint Kitts and Nevis | Guam | Palau | Montenegro | Kosovo | South Sudan",Research/Doctorate/PhD,0,"Applicants holding a PhD or who are eligible to be a junior professor in the historical humanities are invited to apply for the research scholarships by the GHS, independent of nationality or place of work. The funding is granted to",DAAD,Germany,,,,,,Europe,Rolling / Annual,Grant,0,Postdoc,Research,80,Very High,0,90,Postdoc,https://www.daad.de/en/,Grant / Scholarship,6-24 Months
133,Foundation of the Berlin House of Representatives: Grant Programme,Foundation of the Berlin House of Representatives: Grant Programme,Postdoctoral researchers | Graduates | Doctoral candidates/PhD students,"Languages and Cultural Studies | Law, Economics and Social Sciences | Mathematics and Natural Sciences | Human Medicine | Veterinary Medicine, Agricultural, Forest and Nutritional Sciences, Ecology | Engineering | Art, Music and Sport","38 | France | Ukraine | Kazakhstan | Uzbekistan | Turkmenistan | Tajikistan | Moldova, Republic of | Kyrgyzstan | Georgia | Belarus | United Kingdom | Azerbaijan | Armenia | United States of America",Research/Doctorate/PhD,0,"The Grant Programme of the Berlin House of Representatives awards funding to young researchers in any subject area from the United States, the United Kingdom, France and states that once belonged to the Soviet Union. Eligible candidates are",DAAD,Germany,,,,,,Europe,Rolling / Annual,Grant,0,Postdoc,Research,80,Very High,1,90,Postdoc,https://www.daad.de/en/,Grant / Scholarship,6-24 Months
134,Hanns Seidel Foundation: PhD scholarships,Hanns Seidel Foundation: PhD scholarships,Doctoral candidates/PhD students,"Languages and Cultural Studies | Law, Economics and Social Sciences | Mathematics and Natural Sciences | Human Medicine | Veterinary Medicine, Agricultural, Forest and Nutritional Sciences, Ecology | Engineering | Art, Music and Sport","Benin | Burundi | Botswana | Ethiopia | Angola | Saint Vincent and the Grenadines | Saint Lucia | Grenada | Dominica | Antigua and Barbuda | South Sudan | Kosovo | Montenegro | Palau | Guam | Saint Kitts and Nevis | Maldives | Germany | Timor-Leste | Micronesia, Federated States of | Marshall Islands | Tuvalu | Vanuatu | Niue | Cook Islands | Kiribati | Solomon Islands | New Caledonia | Nauru | Papua New Guinea | Tonga | Tahiti | Samoa | Fiji | Sri Lanka | Pakistan | Nepal | Iran | Bangladesh | Afghanistan | Tunisia | Morocco | Libya | Algeria | Eritrea | Central African Republic | Uganda | Chad | Togo | Tanzania, United Republic of | Namibia | Sudan | Somalia | Norway | Netherlands | New Zealand | Canada | Japan | Italy | Austria | Ireland | Greece | France | Finland | Denmark | Australia | Lithuania | Latvia | Estonia | Cyprus | China, PR | Ukraine | Czech Republic | Thailand | Turkey | Slovenia | Slovakia | Singapore | Romania | Malaysia | Croatia | Kazakhstan | Israel | Indonesia | India | Bulgaria | Egypt | South Africa | Anguilla | Trinidad and Tobago | Puerto Rico | The Dutch Antilles | Martinique | Montserrat | Jamaica | Belize | Haiti | Guadeloupe | El Salvador | Dominican Republic | Bermudas | Barbados | Bahamas | Suriname | French Guayana | Guyana | Vietnam | Philippines | Mongolia | Macao (CN) | Lao People's Democratic Republic | 107 | Korea, the Republic of | Cambodia | Hong Kong (CN) | Taiwan | Brunei Darussalam | Myanmar | Bhutan | United Arab Emirates | Syrian Arab Republic (Syria) | Yemen | Saudi Arabia | Oman | Lebanon | Sierra Leone | Seychelles | Senegal | Sao Tome and Principe | Zambia | Rwanda | Zimbabwe | Réunion | Burkina Faso | Comoros | Eswatani | Niger | Nigeria | Mozambique | Mauritius | Mauritania | Mali | Malawi | Madagascar | Liberia | Lesotho | Congo, Democratic Republic | Congo | Cape Verde | Cameroon | Equatorial Guinea | Guinea-Bissau | Guinea | Ghana | Gambia | Gabon | Djibouti | Côte d'Ivoire | Kuwait | Qatar | Jordan | Iraq | Bahrain | Vatican City | San Marino | Monaco | Malta | Liechtenstein | Iceland | Andorra | Uzbekistan | Turkmenistan | Tajikistan | Moldova, Republic of | North Macedonia | Kyrgyzstan | Serbia | Georgia | Bosnia and Herzegovina | Belarus | Azerbaijan | Armenia | Albania | Luxembourg | Kenya | Palestinian Territories | Belgium | Nicaragua | Venezuela, Bolivarian Republic of | Peru | Paraguay | Panama | Mexico | Cuba | Colombia | Honduras | Guatemala | Ecuador | Costa Rica | Chile | Brazil | Bolivia | Argentina | Uruguay | United States of America | Hungary | United Kingdom | Spain | Switzerland | Sweden | 38 | Portugal | Poland",Research/Doctorate/PhD,0,"The Hanns Seidel Foundation, which is affiliated with the political party &quot;Christian Social Union&quot; (CSU), sponsors highly-qualified doctoral candidates either from EU member states or with the legal status of German educational",DAAD,Germany,,,,,,Europe,Rolling / Annual,Scholarship,0,PhD,Research,80,Medium,1,90,PhD,https://www.daad.de/en/,Grant / Scholarship,3-4 Years
135,Alexander von Humboldt Foundation: Hezekiah Wardwell Fellowship,Alexander von Humboldt Foundation: Hezekiah Wardwell Fellowship,Graduates,"Art, Music and Sport",Spain,Study,0,The Alexander von Humboldt Foundation awards each year up to 10 fellowships to highly gifted young musicians and musicologists from Spain to help finance their further training or advanced academic studies at an academy of music or a,DAAD,Germany,,,,,,Europe,Rolling / Annual,Fellowship,0,Masters,Study,80,Medium,0,90,Masters,https://www.daad.de/en/,Grant / Scholarship,1-2 Years
136,Hans Böckler Foundation: PhD Fellowship,Hans Böckler Foundation: PhD Fellowship,Doctoral candidates/PhD students,"Languages and Cultural Studies | Law, Economics and Social Sciences | Mathematics and Natural Sciences | Human Medicine | Veterinary Medicine, Agricultural, Forest and Nutritional Sciences, Ecology | Engineering | Art, Music and Sport","Suriname | French Guayana | Guyana | Vietnam | Philippines | Mongolia | Macao (CN) | Anguilla | Antigua and Barbuda | Dominica | Grenada | Saint Lucia | Saint Vincent and the Grenadines | Angola | Ethiopia | Botswana | Burundi | Micronesia, Federated States of | Marshall Islands | Tuvalu | Vanuatu | Niue | Cook Islands | Kiribati | Solomon Islands | New Caledonia | Nauru | Papua New Guinea | Tonga | Tahiti | Samoa | Fiji | Sri Lanka | Pakistan | Nepal | Iran | Bangladesh | Afghanistan | Tunisia | Morocco | Libya | Algeria | Eritrea | Central African Republic | Uganda | Namibia | Tanzania, United Republic of | Togo | Chad | Sudan | Somalia | Sierra Leone | Seychelles | Senegal | Sao Tome and Principe | Zambia | Rwanda | Zimbabwe | Réunion | Burkina Faso | Nigeria | Niger | Eswatani | Comoros | Mozambique | Mauritius | Mauritania | Mali | Malawi | Madagascar | Liberia | Lesotho | Congo, Democratic Republic | Congo | Guinea-Bissau | Equatorial Guinea | Cameroon | Cape Verde | Guinea | Ghana | Gambia | Gabon | Djibouti | Côte d'Ivoire | Benin | United Arab Emirates | Syrian Arab Republic (Syria) | Yemen | Saudi Arabia | Oman | Lebanon | Kuwait | Trinidad and Tobago | Puerto Rico | The Dutch Antilles | Martinique | South Sudan | Kosovo | Montenegro | Palau | Guam | Saint Kitts and Nevis | Maldives | Germany | Timor-Leste | Haiti | Guadeloupe | El Salvador | Dominican Republic | Bermudas | Barbados | Bahamas | Belize | Jamaica | Montserrat | Qatar | Jordan | Iraq | Bahrain | Vatican City | San Marino | Monaco | Malta | Liechtenstein | Iceland | Andorra | Uzbekistan | Turkmenistan | Tajikistan | Moldova, Republic of | North Macedonia | Honduras | Colombia | Cuba | Mexico | Panama | Paraguay | Peru | Venezuela, Bolivarian Republic of | Nicaragua | Belgium | Palestinian Territories | Kenya | Luxembourg | Albania | Armenia | Korea, the Republic of | 107 | Lao People's Democratic Republic | Hong Kong (CN) | Taiwan | Brunei Darussalam | Myanmar | Bhutan | South Africa | Egypt | Bulgaria | India | Indonesia | Israel | Kazakhstan | Croatia | Malaysia | Cambodia | Azerbaijan | Belarus | Bosnia and Herzegovina | Georgia | Serbia | Kyrgyzstan | Guatemala | Ecuador | Costa Rica | Chile | Brazil | Bolivia | Argentina | Uruguay | United States of America | Hungary | United Kingdom | Spain | Switzerland | Sweden | 38 | Portugal | Poland | Norway | Netherlands | New Zealand | Canada | Japan | Italy | Austria | Ireland | Greece | France | Finland | Denmark | Australia | Lithuania | Latvia | Estonia | Cyprus | China, PR | Ukraine | Czech Republic | Thailand | Turkey | Slovenia | Slovakia | Singapore | Romania",Research/Doctorate/PhD,0,The Hans Böckler Foundation is the institute of the German Federation of Trade Unions (DGB) to promote research and studies. The HSB awards fellowships to doctoral students with outstanding academic gifts who show commitment to labour,DAAD,Germany,,,,,,Europe,Rolling / Annual,Fellowship,0,PhD,Research,80,Medium,1,90,PhD,https://www.daad.de/en/,Grant / Scholarship,3-4 Years
138,Copernicus Hamburg: Copernicus Fellowship Programme,Copernicus Hamburg: Copernicus Fellowship Programme,Undergraduates | Graduates,"Languages and Cultural Studies | Law, Economics and Social Sciences | Mathematics and Natural Sciences | Human Medicine | Engineering","Egypt | Bulgaria | Kazakhstan | Croatia | Romania | Slovakia | Slovenia | Czech Republic | Ukraine | Estonia | Latvia | Lithuania | Poland | 38 | Hungary | Albania | Armenia | Azerbaijan | Belarus | Bosnia and Herzegovina | Georgia | Serbia | Kyrgyzstan | North Macedonia | Moldova, Republic of | Tajikistan | Turkmenistan | Uzbekistan | Algeria | Libya | Morocco | Tunisia | Montenegro",Study | Internship,0,"Copernicus Hamburg awards fellowships to Eastern and Central European, North African and Central Asian students every semester. The fellowships last about 6 months. In general, the fellowships for the winter semester run from October to the",DAAD,Germany,,,,,,Europe,Rolling / Annual,Fellowship,0,Bachelor,Study,80,Medium,1,90,Bachelor,https://www.daad.de/en/,Grant / Scholarship,3-5 Years
139,German Research Foundation (DFG): Heisenberg Programme,German Research Foundation (DFG): Heisenberg Programme,Postdoctoral researchers | Faculty,"Languages and Cultural Studies | Law, Economics and Social Sciences | Mathematics and Natural Sciences | Human Medicine | Veterinary Medicine, Agricultural, Forest and Nutritional Sciences, Ecology | Engineering | Art, Music and Sport","Greece | Ireland | Austria | Italy | Japan | Canada | New Zealand | Netherlands | Norway | Poland | Portugal | 38 | Sweden | Switzerland | Spain | United Kingdom | Hungary | United States of America | Uruguay | Argentina | Bolivia | Brazil | Chile | Costa Rica | Ecuador | Guatemala | Honduras | Colombia | Cuba | Mexico | Panama | Paraguay | Peru | Venezuela, Bolivarian Republic of | Nicaragua | Belgium | Palestinian Territories | Kenya | Luxembourg | Albania | Armenia | Azerbaijan | Belarus | Bosnia and Herzegovina | Georgia | Serbia | Kyrgyzstan | North Macedonia | Moldova, Republic of | Tajikistan | Turkmenistan | Uzbekistan | Andorra | Iceland | Liechtenstein | Malta | Monaco | San Marino | Vatican City | Bahrain | Iraq | Jordan | Qatar | Kuwait | Lebanon | Oman | Saudi Arabia | Yemen | Syrian Arab Republic (Syria) | United Arab Emirates | Bhutan | Myanmar | Brunei Darussalam | Taiwan | Hong Kong (CN) | Cambodia | Korea, the Republic of | 107 | Lao People's Democratic Republic | Macao (CN) | Mongolia | Philippines | Vietnam | Guyana | French Guayana | Suriname | Bahamas | Barbados | Bermudas | Dominican Republic | El Salvador | Guadeloupe | Haiti | Belize | Jamaica | Montserrat | Martinique | The Dutch Antilles | Puerto Rico | Trinidad and Tobago | Anguilla | Antigua and Barbuda | Dominica | Grenada | Saint Lucia | Saint Vincent and the Grenadines | Angola | Ethiopia | Botswana | Burundi | Benin | Côte d'Ivoire | Djibouti | Gabon | Gambia | Ghana | Guinea | Guinea-Bissau | Equatorial Guinea | Cameroon | Cape Verde | Congo | Congo, Democratic Republic | Lesotho | Liberia | Madagascar | Malawi | Mali | Mauritania | Mauritius | Mozambique | Comoros | Eswatani | Niger | Nigeria | Burkina Faso | Réunion | Zimbabwe | Rwanda | Zambia | Sao Tome and Principe | Senegal | Seychelles | Sierra Leone | Somalia | Sudan | Namibia | Tanzania, United Republic of | Togo | Chad | Uganda | Central African Republic | Eritrea | Ukraine | Algeria | Libya | Morocco | Tunisia | Afghanistan | Bangladesh | Iran | Nepal | Pakistan | Sri Lanka | Fiji | Samoa | Tahiti | Tonga | Papua New Guinea | Nauru | New Caledonia | Solomon Islands | Kiribati | Cook Islands | Niue | Vanuatu | Tuvalu | Marshall Islands | Micronesia, Federated States of | Timor-Leste | Germany | Maldives | Saint Kitts and Nevis | Guam | Palau | Montenegro | Kosovo | South Sudan | South Africa | Egypt | Bulgaria | India | Indonesia | Israel | Kazakhstan | Croatia | Malaysia | Romania | Singapore | Slovakia | Slovenia | Turkey | Thailand | Czech Republic | China, PR | Cyprus | Estonia | Latvia | Lithuania | Australia | Denmark | Finland | France",Research/Doctorate/PhD | Teaching,0,The Heisenberg Programme sponsors outstanding researchers who are qualified for tenured professorship: they have the opportunity to prepare for a scientific leadership position and simultaneously continue performing top-class research. The,DAAD,Germany,,,,,,Europe,Rolling / Annual,Scholarship,0,Postdoc,Research,80,Very High,1,90,Postdoc,https://www.daad.de/en/,Grant / Scholarship,6-24 Months
141,Evonik Foundation: Evonik Foundation Scholarship,Evonik Foundation: Evonik Foundation Scholarship,Postdoctoral researchers | Graduates | Doctoral candidates/PhD students,Mathematics and Natural Sciences,"Nauru | Papua New Guinea | Tonga | Tahiti | Samoa | Fiji | Sri Lanka | Pakistan | Nepal | Iran | Bangladesh | Afghanistan | Tunisia | Mexico | Cuba | Colombia | Honduras | Guatemala | Ecuador | Costa Rica | Chile | Brazil | Bolivia | Argentina | Uruguay | United Kingdom | Hungary | United States of America | Spain | Switzerland | Sweden | 38 | Portugal | Poland | Norway | Netherlands | New Zealand | Canada | Japan | Italy | Austria | Ireland | Greece | Morocco | Libya | Algeria | Eritrea | Central African Republic | Uganda | Chad | Togo | Tanzania, United Republic of | Namibia | Sudan | Somalia | Sierra Leone | Seychelles | Senegal | Sao Tome and Principe | Zambia | Rwanda | Zimbabwe | Réunion | Burkina Faso | Nigeria | Niger | Eswatani | Comoros | Mozambique | Mauritius | Mauritania | Mali | Malawi | Madagascar | Liberia | Lesotho | Congo, Democratic Republic | Congo | Cape Verde | Cameroon | Equatorial Guinea | Guinea-Bissau | Guinea | Ghana | Gambia | Gabon | Djibouti | Côte d'Ivoire | Benin | Burundi | Botswana | Ethiopia | Angola | Saint Vincent and the Grenadines | Saint Lucia | Grenada | Dominica | Antigua and Barbuda | Anguilla | Trinidad and Tobago | Puerto Rico | The Dutch Antilles | Martinique | Montserrat | Jamaica | Belize | Haiti | Guadeloupe | El Salvador | Dominican Republic | Bermudas | Barbados | Bahamas | Suriname | French Guayana | Guyana | Vietnam | Philippines | Mongolia | Macao (CN) | Lao People's Democratic Republic | 107 | Korea, the Republic of | Cambodia | Hong Kong (CN) | Taiwan | Brunei Darussalam | Myanmar | Bhutan | United Arab Emirates | Syrian Arab Republic (Syria) | Yemen | Saudi Arabia | Oman | Lebanon | Kuwait | Qatar | Jordan | Iraq | Bahrain | Vatican City | San Marino | Monaco | Malta | Liechtenstein | Iceland | Andorra | Uzbekistan | Turkmenistan | Tajikistan | Moldova, Republic of | North Macedonia | Kyrgyzstan | Serbia | Georgia | Bosnia and Herzegovina | Belarus | Azerbaijan | Armenia | Albania | Luxembourg | Kenya | Palestinian Territories | Belgium | Nicaragua | Venezuela, Bolivarian Republic of | Peru | Paraguay | Panama | France | Finland | Denmark | Australia | Lithuania | Latvia | Estonia | Cyprus | China, PR | Ukraine | Czech Republic | Thailand | Turkey | Slovenia | South Africa | Egypt | Bulgaria | India | Indonesia | Israel | Kazakhstan | Croatia | Malaysia | Romania | Singapore | Slovakia | South Sudan | Kosovo | Montenegro | Palau | Guam | Saint Kitts and Nevis | Maldives | Germany | Timor-Leste | Micronesia, Federated States of | Marshall Islands | Tuvalu | Vanuatu | Niue | Cook Islands | Kiribati | Solomon Islands | New Caledonia",Study | Research/Doctorate/PhD,0,"Research work (Master's theses, doctoral theses, Postdocs) in the field of natural sciences is eligible for funding. The programme's focus is on the active support of particularly gifted and skilled young scientists and includes mentoring",DAAD,Germany,,,,,,Europe,Rolling / Annual,Scholarship,0,Postdoc,Research,80,Very High,1,90,Postdoc,https://www.daad.de/en/,Grant / Scholarship,6-24 Months
143,German Cancer Research Center (DKFZ): International PhD Programme,German Cancer Research Center (DKFZ): International PhD Programme,Doctoral candidates/PhD students,Mathematics and Natural Sciences | Human Medicine | Engineering,"Cook Islands | New Caledonia | Solomon Islands | Kiribati | Niue | Vanuatu | Tuvalu | Marshall Islands | Micronesia, Federated States of | Timor-Leste | Germany | Maldives | Saint Kitts and Nevis | Guam | South Africa | Egypt | Bulgaria | India | Indonesia | Israel | Kazakhstan | Croatia | Malaysia | Romania | Singapore | Slovakia | Slovenia | Ukraine | Czech Republic | Thailand | Turkey | China, PR | Cyprus | Estonia | Latvia | Lithuania | Australia | Denmark | Finland | France | Greece | Ireland | Austria | Italy | Japan | Canada | New Zealand | Netherlands | Norway | Poland | Portugal | 38 | Sweden | Switzerland | Spain | United Kingdom | Hungary | United States of America | Uruguay | Argentina | Bolivia | Brazil | Guatemala | Ecuador | Costa Rica | Chile | Honduras | Colombia | Cuba | Mexico | Panama | Paraguay | Peru | Venezuela, Bolivarian Republic of | Nicaragua | Luxembourg | Kenya | Palestinian Territories | Belgium | Albania | Armenia | Azerbaijan | Belarus | Bosnia and Herzegovina | Georgia | Serbia | Kyrgyzstan | North Macedonia | Moldova, Republic of | Tajikistan | Turkmenistan | Uzbekistan | Liechtenstein | Iceland | Andorra | Malta | Monaco | San Marino | Vatican City | Bahrain | South Sudan | Kosovo | Montenegro | Palau | Kuwait | Qatar | Jordan | Iraq | Oman | Saudi Arabia | Yemen | Syrian Arab Republic (Syria) | United Arab Emirates | Lebanon | Bhutan | Myanmar | Brunei Darussalam | Taiwan | Hong Kong (CN) | Cambodia | Korea, the Republic of | 107 | Lao People's Democratic Republic | Macao (CN) | Philippines | Guyana | Vietnam | Mongolia | Bahamas | Suriname | French Guayana | Barbados | Bermudas | Dominican Republic | El Salvador | Guadeloupe | Haiti | Belize | Jamaica | Montserrat | Martinique | The Dutch Antilles | Puerto Rico | Dominica | Antigua and Barbuda | Anguilla | Trinidad and Tobago | Grenada | Saint Lucia | Saint Vincent and the Grenadines | Angola | Ethiopia | Botswana | Burundi | Benin | Côte d'Ivoire | Djibouti | Gabon | Gambia | Ghana | Guinea | Guinea-Bissau | Congo | Cape Verde | Cameroon | Equatorial Guinea | Congo, Democratic Republic | Lesotho | Liberia | Madagascar | Malawi | Mali | Mauritania | Comoros | Mozambique | Mauritius | Eswatani | Niger | Zimbabwe | Réunion | Burkina Faso | Nigeria | Rwanda | Zambia | Sao Tome and Principe | Senegal | Seychelles | Sierra Leone | Somalia | Sudan | Namibia | Tanzania, United Republic of | Togo | Chad | Uganda | Central African Republic | Eritrea | Algeria | Tunisia | Morocco | Libya | Afghanistan | Bangladesh | Iran | Nepal | Pakistan | Sri Lanka | Fiji | Samoa | Tahiti | Nauru | Papua New Guinea | Tonga",Research/Doctorate/PhD,0,"International students holding a Master’s degree in (molecular) biology, (bio-)chemistry, physics, mathematics, computational biology, computer science, epidemiology/public health studies and related subjects are invited to apply for the",DAAD,Germany,,,,,,Europe,Rolling / Annual,Scholarship,0,PhD,Research,80,Medium,1,90,PhD,https://www.daad.de/en/,Grant / Scholarship,3-4 Years
146,Herzog August Bibliothek: Doctoral Fellowships,Herzog August Bibliothek: Doctoral Fellowships,Doctoral candidates/PhD students,"Languages and Cultural Studies | Law, Economics and Social Sciences | Art, Music and Sport","Azerbaijan | Belarus | Bosnia and Herzegovina | Georgia | Serbia | Kyrgyzstan | North Macedonia | Moldova, Republic of | Tajikistan | Turkmenistan | Uzbekistan | Andorra | Iceland | Liechtenstein | Malta | Monaco | San Marino | Vatican City | Bahrain | Iraq | Jordan | Qatar | Kuwait | Lebanon | Oman | Saudi Arabia | Yemen | Syrian Arab Republic (Syria) | United Arab Emirates | Bhutan | Myanmar | Brunei Darussalam | Taiwan | Hong Kong (CN) | Cambodia | Korea, the Republic of | 107 | Lao People's Democratic Republic | Macao (CN) | Mongolia | Philippines | Vietnam | Guyana | French Guayana | Suriname | Bahamas | Barbados | Bermudas | Dominican Republic | El Salvador | Guadeloupe | Haiti | Belize | Jamaica | Montserrat | Martinique | The Dutch Antilles | Puerto Rico | Trinidad and Tobago | Anguilla | Antigua and Barbuda | Dominica | Grenada | Saint Lucia | Saint Vincent and the Grenadines | Angola | Ethiopia | Botswana | Burundi | Benin | Côte d'Ivoire | Djibouti | Gabon | Gambia | Ghana | Guinea | Guinea-Bissau | Equatorial Guinea | Cameroon | Cape Verde | Congo | Congo, Democratic Republic | Lesotho | Liberia | Madagascar | Malawi | Mali | Mauritania | Mauritius | Mozambique | Comoros | Eswatani | Niger | Nigeria | Burkina Faso | Réunion | Somalia | Sierra Leone | Seychelles | Senegal | Sao Tome and Principe | Zambia | Rwanda | Zimbabwe | Venezuela, Bolivarian Republic of | Armenia | Nicaragua | Peru | Paraguay | Panama | Mexico | Cuba | Colombia | Honduras | Guatemala | Ecuador | Costa Rica | Chile | Brazil | Bolivia | Argentina | Uruguay | United States of America | Hungary | United Kingdom | Spain | Switzerland | Sweden | 38 | Portugal | Poland | Norway | Netherlands | New Zealand | Canada | Japan | Italy | Austria | Ireland | Greece | France | Finland | Denmark | Australia | Lithuania | Latvia | Estonia | Cyprus | China, PR | Ukraine | Czech Republic | Belgium | Palestinian Territories | Kenya | Luxembourg | Albania | Sudan | Afghanistan | Bangladesh | Iran | Nepal | Pakistan | Sri Lanka | Fiji | Samoa | Tahiti | Tonga | Papua New Guinea | Nauru | New Caledonia | Solomon Islands | Kiribati | Cook Islands | Niue | Vanuatu | Tuvalu | Marshall Islands | Micronesia, Federated States of | Timor-Leste | Germany | Maldives | Saint Kitts and Nevis | Guam | Palau | Montenegro | Kosovo | South Sudan | Namibia | Tanzania, United Republic of | Togo | Chad | Uganda | Central African Republic | Eritrea | Algeria | Libya | Morocco | Tunisia | Thailand | Turkey | Slovenia | Slovakia | Singapore | Romania | Malaysia | Croatia | Kazakhstan | Israel | Indonesia | India | Bulgaria | Egypt | South Africa",Research/Doctorate/PhD,0,"The fellowships are aimed at particularly qualified junior academics and researchers from all areas of historical study, planning to focus their research on the Herzog August Library during the stay. Junior postgraduate students from",DAAD,Germany,,,,,,Europe,Rolling / Annual,Fellowship,0,PhD,Research,80,Medium,1,90,PhD,https://www.daad.de/en/,Grant / Scholarship,3-4 Years
150,Boehringer Ingelheim Fonds: Travel Grants,Boehringer Ingelheim Fonds: Travel Grants,Postdoctoral researchers | Doctoral candidates/PhD students,Mathematics and Natural Sciences,"Gabon | Djibouti | Côte d'Ivoire | Benin | Burundi | Botswana | Ethiopia | Angola | Saint Vincent and the Grenadines | Saint Lucia | Grenada | Dominica | Antigua and Barbuda | Anguilla | Trinidad and Tobago | Puerto Rico | The Dutch Antilles | Martinique | Montserrat | Jamaica | Belize | Haiti | Guadeloupe | El Salvador | Dominican Republic | Bermudas | Barbados | Bahamas | Suriname | French Guayana | Guyana | Vietnam | Philippines | Mongolia | Macao (CN) | Lao People's Democratic Republic | 107 | Korea, the Republic of | Cambodia | Hong Kong (CN) | Taiwan | Brunei Darussalam | Myanmar | Malta | Liechtenstein | Iceland | Andorra | Uzbekistan | Turkmenistan | Tajikistan | Moldova, Republic of | North Macedonia | Kyrgyzstan | Serbia | Georgia | Bosnia and Herzegovina | Belarus | Azerbaijan | Armenia | Albania | Luxembourg | Kenya | Palestinian Territories | Belgium | Nicaragua | Venezuela, Bolivarian Republic of | Peru | Paraguay | Panama | Mexico | Cuba | Colombia | Honduras | Guatemala | Ecuador | Costa Rica | Chile | Brazil | Bolivia | Argentina | Uruguay | United States of America | Hungary | United Kingdom | Spain | Switzerland | Sweden | 38 | Tuvalu | Vanuatu | Niue | Cook Islands | Kiribati | Solomon Islands | New Caledonia | Nauru | Papua New Guinea | Tonga | Tahiti | Samoa | Fiji | Sri Lanka | Pakistan | Nepal | Iran | Bangladesh | Afghanistan | Tunisia | Morocco | Libya | Algeria | Eritrea | Central African Republic | Uganda | Chad | Togo | Tanzania, United Republic of | Namibia | Sudan | Somalia | Sierra Leone | Seychelles | Senegal | Sao Tome and Principe | Zambia | Rwanda | Zimbabwe | Réunion | Burkina Faso | Nigeria | Niger | Eswatani | Comoros | Mozambique | Mauritius | Mauritania | Mali | Malawi | Madagascar | Liberia | Lesotho | Congo, Democratic Republic | Congo | Cape Verde | Cameroon | Equatorial Guinea | Guinea-Bissau | Guinea | Ghana | Gambia | Bhutan | United Arab Emirates | Syrian Arab Republic (Syria) | Yemen | Saudi Arabia | Oman | Lebanon | Kuwait | Qatar | Jordan | Iraq | Bahrain | Vatican City | San Marino | Monaco | Estonia | Cyprus | China, PR | Ukraine | Czech Republic | Thailand | Turkey | Slovenia | Slovakia | Singapore | Romania | Malaysia | Croatia | Kazakhstan | Israel | Indonesia | India | Bulgaria | Egypt | South Africa | South Sudan | Kosovo | Montenegro | Palau | Guam | Saint Kitts and Nevis | Maldives | Germany | Timor-Leste | Micronesia, Federated States of | Marshall Islands | Portugal | Poland | Norway | Netherlands | New Zealand | Canada | Japan | Italy | Austria | Ireland | Greece | France | Finland | Denmark | Australia | Lithuania | Latvia",Research/Doctorate/PhD,0,"The Boehringer Ingelheim Fonds travel grants are aimed at doctoral, MD and post-doctoral students who pursue experimental projects in basic biomedical research and who wish to learn methods relevant to their current research. To this end,",DAAD,Germany,,,,,,Europe,Rolling / Annual,Grant,0,Postdoc,Research,80,Very High,1,90,Postdoc,https://www.daad.de/en/,Grant / Scholarship,6-24 Months
152,Foundation of German Business (sdw): Support for doctoral candidates,Foundation of German Business (sdw): Support for doctoral candidates,Doctoral candidates/PhD students,"Languages and Cultural Studies | Law, Economics and Social Sciences | Mathematics and Natural Sciences | Human Medicine | Veterinary Medicine, Agricultural, Forest and Nutritional Sciences, Ecology | Engineering | Art, Music and Sport","Tajikistan | Turkmenistan | Uzbekistan | Andorra | Iceland | Dominican Republic | Niger | Nigeria | Burkina Faso | Réunion | Rwanda | Zimbabwe | Zambia | Sudan | Somalia | Sierra Leone | Seychelles | Senegal | Sao Tome and Principe | Namibia | Tanzania, United Republic of | Togo | Chad | Uganda | Central African Republic | Eritrea | Algeria | Libya | Morocco | Tunisia | Afghanistan | Bangladesh | Iran | Nepal | Pakistan | Sri Lanka | Fiji | Samoa | Tahiti | Tonga | New Caledonia | Nauru | Papua New Guinea | Solomon Islands | Kiribati | Cook Islands | Niue | Vanuatu | South Sudan | Kosovo | Montenegro | Palau | Switzerland | Sweden | 38 | Portugal | Poland | Norway | Netherlands | New Zealand | Canada | Japan | Italy | Austria | Ireland | Greece | France | Finland | Denmark | Australia | Lithuania | Latvia | Estonia | Cyprus | China, PR | Ukraine | Czech Republic | Thailand | Turkey | Slovenia | Slovakia | Singapore | Romania | Malaysia | Croatia | Kazakhstan | Israel | Indonesia | India | Bulgaria | Egypt | South Africa | Guam | Saint Kitts and Nevis | Maldives | Germany | Timor-Leste | Micronesia, Federated States of | Marshall Islands | Tuvalu | Bermudas | Chile | Costa Rica | Vietnam | Barbados | Ecuador | Bahamas | Suriname | French Guayana | Guyana | Philippines | Mongolia | Macao (CN) | Lao People's Democratic Republic | 107 | Korea, the Republic of | Cambodia | Hong Kong (CN) | Taiwan | Brunei Darussalam | Myanmar | Bhutan | United Arab Emirates | Syrian Arab Republic (Syria) | Yemen | Saudi Arabia | Oman | Lebanon | Kuwait | Qatar | Jordan | Iraq | Bahrain | Vatican City | San Marino | Monaco | Malta | Liechtenstein | Antigua and Barbuda | El Salvador | Colombia | Anguilla | Trinidad and Tobago | Puerto Rico | The Dutch Antilles | Martinique | Montserrat | Jamaica | Belize | Haiti | Guadeloupe | Dominica | Grenada | Saint Lucia | Saint Vincent and the Grenadines | Angola | Botswana | Ethiopia | Burundi | Benin | Gabon | Djibouti | Côte d'Ivoire | Gambia | Ghana | Guinea | Guinea-Bissau | Equatorial Guinea | Cameroon | Cape Verde | Congo | Congo, Democratic Republic | Eswatani | Comoros | Mozambique | Mauritius | Mauritania | Mali | Malawi | Madagascar | Liberia | Lesotho | Cuba | Mexico | Guatemala | Panama | Paraguay | Honduras | Belgium | Venezuela, Bolivarian Republic of | Nicaragua | Peru | Palestinian Territories | Kenya | Luxembourg | Albania | Armenia | Azerbaijan | Belarus | Bosnia and Herzegovina | Georgia | Serbia | Kyrgyzstan | North Macedonia | Moldova, Republic of | Brazil | Bolivia | Argentina | Uruguay | Spain | United Kingdom | Hungary | United States of America",Research/Doctorate/PhD,0,"The Foundation of German Business (sdw) offers doctoral candidates a vast number of opportunities ranging from various seminars and training programmes to financial support. Courses are held in German, so that candidates should have German",DAAD,Germany,,,,,,Europe,Rolling / Annual,Scholarship,0,PhD,Research,80,Medium,1,90,PhD,https://www.daad.de/en/,Grant / Scholarship,3-4 Years
155,Friedrich Ebert Foundation: Scholarship for International Students,Friedrich Ebert Foundation: Scholarship for International Students,Undergraduates | Graduates,"Languages and Cultural Studies | Law, Economics and Social Sciences | Mathematics and Natural Sciences | Human Medicine | Veterinary Medicine, Agricultural, Forest and Nutritional Sciences, Ecology | Engineering | Art, Music and Sport","Brazil | Chile | Costa Rica | Ecuador | Guatemala | Honduras | Colombia | Cuba | Mexico | Panama | Syrian Arab Republic (Syria) | Yemen | Saudi Arabia | Oman | Lebanon | Kuwait | Qatar | Jordan | Iraq | Bahrain | Andorra | Uzbekistan | Turkmenistan | Tajikistan | Moldova, Republic of | North Macedonia | Kyrgyzstan | Serbia | Georgia | Bosnia and Herzegovina | Belarus | Azerbaijan | Armenia | Albania | Kenya | Palestinian Territories | Nicaragua | Venezuela, Bolivarian Republic of | Peru | Paraguay | Bhutan | Myanmar | Brunei Darussalam | Cambodia | 107 | Lao People's Democratic Republic | Mongolia | Philippines | Vietnam | Guyana | Suriname | Bahamas | Barbados | Dominican Republic | El Salvador | Haiti | Belize | Jamaica | Trinidad and Tobago | Antigua and Barbuda | Dominica | Grenada | Saint Lucia | Saint Vincent and the Grenadines | Angola | Ethiopia | Botswana | Burundi | Benin | Côte d'Ivoire | Djibouti | Gabon | Gambia | South Africa | Egypt | Bulgaria | India | Indonesia | Kazakhstan | Croatia | Malaysia | Romania | Thailand | Ukraine | China, PR | 38 | Uruguay | Argentina | Bolivia | Ghana | Guinea | Guinea-Bissau | Equatorial Guinea | Cameroon | Cape Verde | Congo | Congo, Democratic Republic | Lesotho | Liberia | Madagascar | Malawi | Mali | Mauritania | Mauritius | Mozambique | Comoros | Eswatani | Niger | Nigeria | Burkina Faso | Zimbabwe | Rwanda | Zambia | Sao Tome and Principe | Senegal | Seychelles | Sierra Leone | Somalia | Sudan | Namibia | Tanzania, United Republic of | Togo | Chad | Uganda | Central African Republic | Eritrea | Algeria | Libya | Morocco | Tunisia | Afghanistan | Bangladesh | Iran | Nepal | Pakistan | Sri Lanka | Fiji | Samoa | Tahiti | Tonga | Papua New Guinea | Nauru | New Caledonia | Solomon Islands | Kiribati | Cook Islands | Niue | Vanuatu | Tuvalu | Marshall Islands | Micronesia, Federated States of | Timor-Leste | Maldives | Saint Kitts and Nevis | Guam | Palau | Montenegro | Kosovo | South Sudan",Study,0,"Applicants come from countries in the Global South (Asia, Africa, Latin America), post-Soviet states as well as eastern and south-eastern European (EU) countries. Students in any subject area are eligible to apply, if they demonstrate",DAAD,Germany,,,,,,Europe,Rolling / Annual,Scholarship,0,Bachelor,Study,80,Medium,1,90,Bachelor,https://www.daad.de/en/,Grant / Scholarship,3-5 Years
156,Standing Conference of the Ministers of Education and Cultural Affairs: Foreign Language Assistants from Abroad Teaching at German Schools,Standing Conference of the Ministers of Education and Cultural Affairs: Foreign Language Assistants from Abroad Teaching at German Schools,Undergraduates | Graduates,Languages and Cultural Studies,Australia | France | Ireland | Italy | Canada | New Zealand | Norway | Switzerland | Spain | United Kingdom | United States of America | Belgium,Internship | Teaching,0,Every year about 800 foreign students come to Germany as foreign-language assistants (FLA) to be placed in host schools and support the local subject-specialist teachers in their native languages. The FLA assist the teachers during 12,DAAD,Germany,,,,,,Europe,Rolling / Annual,Scholarship,0,Bachelor,Teacher Training,80,Medium,0,90,Bachelor,https://www.daad.de/en/,Grant / Scholarship,3-5 Years
160,Fulbright Commission: Fulbright Programme,Fulbright Commission: Fulbright Programme,Undergraduates | Postdoctoral researchers | Graduates | Doctoral candidates/PhD students | Faculty,"Languages and Cultural Studies | Law, Economics and Social Sciences | Mathematics and Natural Sciences | Human Medicine | Veterinary Medicine, Agricultural, Forest and Nutritional Sciences, Ecology | Engineering | Art, Music and Sport",United States of America,Study | Research/Doctorate/PhD | Teaching,0,"The Fulbright programme is aimed at financing academic stays by US citizens in Germany. It offers a range of different funding opportunities for students and graduates from universities and other higher education institutions, for teaching",DAAD,Germany,,,,,,Europe,Rolling / Annual,Scholarship,0,Postdoc,Research,80,Very High,1,90,Postdoc,https://www.daad.de/en/,Grant / Scholarship,6-24 Months
161,Cusanuswerk: Undergraduate and Postgraduate Fellowships,Cusanuswerk: Undergraduate and Postgraduate Fellowships,Undergraduates | Graduates | Doctoral candidates/PhD students,"Languages and Cultural Studies | Law, Economics and Social Sciences | Mathematics and Natural Sciences | Human Medicine | Veterinary Medicine, Agricultural, Forest and Nutritional Sciences, Ecology | Engineering | Art, Music and Sport",Germany | Malta | Luxembourg | Belgium | Hungary | Spain | Sweden | Portugal | Poland | Netherlands | Italy | Austria | Ireland | Greece | France | Finland | Denmark | Lithuania | Latvia | Estonia | Cyprus | Czech Republic | Slovenia | Slovakia | Romania | Croatia | Bulgaria,Study | Research/Doctorate/PhD | Language Course | Internship,0,"The Cusanuswerk offers fellowships to particularly gifted students and doctoral candidates of catholic faith from all disciplines. Besides the funding the support entails an interdisciplinary training programme, which aims at encouraging",DAAD,Germany,,,,,,Europe,Rolling / Annual,Fellowship,0,PhD,Research,80,Medium,1,90,PhD,https://www.daad.de/en/,Grant / Scholarship,3-4 Years
163,German Research Foundation (DFG): Research Grant,German Research Foundation (DFG): Research Grant,Postdoctoral researchers | Faculty,"Languages and Cultural Studies | Law, Economics and Social Sciences | Mathematics and Natural Sciences | Human Medicine | Veterinary Medicine, Agricultural, Forest and Nutritional Sciences, Ecology | Engineering | Art, Music and Sport","Uzbekistan | Lebanon | Oman | Saudi Arabia | Yemen | Syrian Arab Republic (Syria) | United Arab Emirates | Bhutan | Myanmar | Brunei Darussalam | Taiwan | Andorra | Iceland | Liechtenstein | South Africa | Egypt | Bulgaria | India | Indonesia | Israel | Kazakhstan | Croatia | Malaysia | Romania | Singapore | Slovakia | Slovenia | Turkey | Thailand | Czech Republic | Ukraine | China, PR | Cyprus | Estonia | Latvia | Lithuania | Australia | Denmark | Finland | France | Greece | Ireland | Austria | Italy | Japan | Canada | New Zealand | Netherlands | Norway | Poland | Portugal | 38 | Sweden | Switzerland | Spain | United Kingdom | Hungary | United States of America | Uruguay | Argentina | Bolivia | Brazil | Chile | Costa Rica | Ecuador | Guatemala | Honduras | Colombia | Cuba | Mexico | Panama | Paraguay | Peru | Venezuela, Bolivarian Republic of | Nicaragua | Belgium | Palestinian Territories | Kenya | Luxembourg | Albania | Hong Kong (CN) | Cambodia | Armenia | San Marino | Vatican City | Bahrain | Iraq | Jordan | Qatar | Kuwait | North Macedonia | Moldova, Republic of | Tajikistan | Turkmenistan | Korea, the Republic of | 107 | Lao People's Democratic Republic | Macao (CN) | Mongolia | Philippines | Vietnam | Guyana | French Guayana | Suriname | Bahamas | Barbados | Bermudas | Dominican Republic | El Salvador | Guadeloupe | Haiti | Belize | Jamaica | Montserrat | Martinique | The Dutch Antilles | Puerto Rico | Trinidad and Tobago | Anguilla | Antigua and Barbuda | Dominica | Grenada | Saint Lucia | Saint Vincent and the Grenadines | Angola | Ethiopia | Botswana | Burundi | Benin | Côte d'Ivoire | Djibouti | Gabon | Gambia | Ghana | Guinea | Guinea-Bissau | Equatorial Guinea | Cameroon | Cape Verde | Congo | Congo, Democratic Republic | Lesotho | Liberia | Madagascar | Malawi | Mali | Mauritania | Mauritius | Mozambique | Comoros | Eswatani | Niger | Nigeria | Burkina Faso | Réunion | Zimbabwe | Rwanda | Zambia | Sao Tome and Principe | Senegal | Seychelles | Sierra Leone | Somalia | Sudan | Namibia | Tanzania, United Republic of | Togo | Chad | Uganda | Central African Republic | Eritrea | Algeria | Libya | Morocco | Tunisia | Afghanistan | Bangladesh | Iran | Nepal | Pakistan | Sri Lanka | Fiji | Samoa | Tahiti | Tonga | Papua New Guinea | Nauru | New Caledonia | Solomon Islands | Kiribati | Cook Islands | Niue | Vanuatu | Tuvalu | Marshall Islands | Georgia | Bosnia and Herzegovina | Belarus | Azerbaijan | Serbia | Kyrgyzstan | Malta | Monaco | Micronesia, Federated States of | Timor-Leste | Germany | Maldives | Saint Kitts and Nevis | Guam | Palau | Montenegro | Kosovo | South Sudan",Research/Doctorate/PhD,0,The grants enable scientists and academics to conduct research projects with clearly defined topics and a limited duration. Researchers from any subject working in Germany or at a German research institution abroad who have completed their,DAAD,Germany,,,,,,Europe,Rolling / Annual,Grant,0,Postdoc,Research,80,Very High,1,90,Postdoc,https://www.daad.de/en/,Grant / Scholarship,6-24 Months
164,"Federal Ministry of Education and Research: Federal Training Assistance Act (Bundesausbildungsförderungsgesetz, or BAföG)","Federal Ministry of Education and Research: Federal Training Assistance Act (Bundesausbildungsförderungsgesetz, or BAföG)",Undergraduates | Graduates,"Languages and Cultural Studies | Law, Economics and Social Sciences | Mathematics and Natural Sciences | Human Medicine | Veterinary Medicine, Agricultural, Forest and Nutritional Sciences, Ecology | Engineering | Art, Music and Sport","Cameroon | Equatorial Guinea | Guinea-Bissau | Guinea | Ghana | Gambia | Gabon | Djibouti | Côte d'Ivoire | Benin | Burundi | Botswana | Ethiopia | Angola | Saint Vincent and the Grenadines | Saint Lucia | Grenada | Dominica | Antigua and Barbuda | Anguilla | Trinidad and Tobago | Puerto Rico | The Dutch Antilles | Martinique | Montserrat | Jamaica | Belize | Haiti | Guadeloupe | El Salvador | Dominican Republic | Bermudas | Switzerland | Sweden | 38 | Netherlands | Norway | Poland | Portugal | New Zealand | Canada | Japan | Italy | Austria | Ireland | Greece | France | Finland | Denmark | Australia | Lithuania | Latvia | Estonia | Cyprus | China, PR | Ukraine | Czech Republic | Thailand | Turkey | Slovenia | Slovakia | Singapore | Romania | Malaysia | Croatia | Kazakhstan | Israel | Indonesia | India | Bulgaria | Egypt | South Africa | South Sudan | Kosovo | Montenegro | Palau | Guam | Saint Kitts and Nevis | Maldives | Germany | Timor-Leste | Micronesia, Federated States of | Marshall Islands | Tuvalu | Vanuatu | Niue | Cook Islands | Kiribati | Solomon Islands | New Caledonia | Nauru | Papua New Guinea | Tonga | Tahiti | Samoa | Fiji | Sri Lanka | Pakistan | Nepal | Iran | Bangladesh | Afghanistan | Tunisia | Morocco | Libya | Algeria | Eritrea | Central African Republic | Uganda | Chad | Togo | Tanzania, United Republic of | Namibia | Sudan | Somalia | Sierra Leone | Seychelles | Senegal | Sao Tome and Principe | Zambia | Rwanda | Zimbabwe | Réunion | Burkina Faso | Nigeria | Niger | Eswatani | Comoros | Barbados | Bahamas | Suriname | French Guayana | Guyana | Vietnam | Philippines | Mongolia | Macao (CN) | Lao People's Democratic Republic | 107 | Korea, the Republic of | Cambodia | Hong Kong (CN) | Taiwan | Brunei Darussalam | Myanmar | Bhutan | United Arab Emirates | Syrian Arab Republic (Syria) | Yemen | Saudi Arabia | Oman | Lebanon | Kuwait | Qatar | Jordan | Iraq | Bahrain | Vatican City | San Marino | Monaco | Malta | Liechtenstein | Iceland | Andorra | Uzbekistan | Turkmenistan | Tajikistan | Moldova, Republic of | North Macedonia | Kyrgyzstan | Serbia | Georgia | Bosnia and Herzegovina | Belarus | Azerbaijan | Armenia | Albania | Luxembourg | Kenya | Palestinian Territories | Belgium | Nicaragua | Venezuela, Bolivarian Republic of | Peru | Paraguay | Panama | Mexico | Cuba | Colombia | Honduras | Guatemala | Ecuador | Costa Rica | Chile | Brazil | Bolivia | Argentina | Uruguay | United States of America | Hungary | United Kingdom | Spain | Mozambique | Mauritius | Mauritania | Mali | Malawi | Madagascar | Liberia | Lesotho | Congo, Democratic Republic | Congo | Cape Verde",Study | Internship,0,"BAföG, the Federal Training Assistance Act, provides funding to support studying in Germany. It can also be used to finance school-leaving qualifications and vocational training at a school or academy. Half of the funds are provided as a",DAAD,Germany,,,,,,Europe,Rolling / Annual,Scholarship,0,Bachelor,Study,80,Medium,1,90,Bachelor,https://www.daad.de/en/,Grant / Scholarship,3-5 Years
166,Boehringer Ingelheim Fonds: PhD Fellowships,Boehringer Ingelheim Fonds: PhD Fellowships,Doctoral candidates/PhD students,Mathematics and Natural Sciences,"Ecuador | Guatemala | Honduras | Colombia | Cuba | Mexico | Panama | Paraguay | Peru | Venezuela, Bolivarian Republic of | Nicaragua | Belgium | Palestinian Territories | Kenya | Luxembourg | Albania | Armenia | Azerbaijan | Belarus | Bosnia and Herzegovina | Georgia | Serbia | Kyrgyzstan | North Macedonia | Moldova, Republic of | Tajikistan | Turkmenistan | Uzbekistan | Andorra | Iceland | Liechtenstein | Malta | Monaco | San Marino | Vatican City | Bahrain | Iraq | Jordan | Qatar | Kuwait | Lebanon | Oman | Saudi Arabia | Yemen | Syrian Arab Republic (Syria) | United Arab Emirates | Bhutan | Myanmar | Brunei Darussalam | Taiwan | Hong Kong (CN) | Cambodia | Korea, the Republic of | 107 | Lao People's Democratic Republic | Macao (CN) | Mongolia | Philippines | Vietnam | Guyana | French Guayana | Suriname | Bahamas | Barbados | Bermudas | Dominican Republic | El Salvador | Guadeloupe | Haiti | Belize | Jamaica | Montserrat | Martinique | The Dutch Antilles | Puerto Rico | Trinidad and Tobago | Anguilla | Antigua and Barbuda | Dominica | Grenada | Saint Lucia | Saint Vincent and the Grenadines | Ethiopia | Angola | Botswana | Burundi | Benin | Côte d'Ivoire | Djibouti | Gabon | Gambia | Ghana | Guinea | Guinea-Bissau | Equatorial Guinea | Cameroon | Cape Verde | Congo | Congo, Democratic Republic | Lesotho | Liberia | Madagascar | Malawi | Mali | Mauritania | Mauritius | Mozambique | Comoros | Eswatani | Niger | Nigeria | Tanzania, United Republic of | Togo | Chad | Uganda | Central African Republic | Eritrea | Algeria | Libya | Morocco | Tunisia | Afghanistan | Bangladesh | Iran | Nepal | Pakistan | Sri Lanka | Fiji | Samoa | Tahiti | Tonga | Papua New Guinea | Nauru | New Caledonia | Solomon Islands | Kiribati | Cook Islands | Niue | Vanuatu | Tuvalu | Marshall Islands | Micronesia, Federated States of | Timor-Leste | Germany | Maldives | Saint Kitts and Nevis | Guam | Palau | Montenegro | Kosovo | South Sudan | South Africa | Egypt | Bulgaria | India | Indonesia | Israel | Kazakhstan | Croatia | Malaysia | Romania | Singapore | Slovakia | Slovenia | Turkey | Thailand | Czech Republic | Ukraine | China, PR | Cyprus | Estonia | Latvia | Lithuania | Australia | Denmark | Finland | France | Greece | Ireland | Austria | Italy | Japan | Canada | New Zealand | Netherlands | Norway | Poland | Portugal | 38 | Sweden | Switzerland | Spain | United Kingdom | Hungary | United States of America | Uruguay | Argentina | Bolivia | Brazil | Chile | Costa Rica | Burkina Faso | Réunion | Zimbabwe | Rwanda | Zambia | Sao Tome and Principe | Senegal | Seychelles | Sierra Leone | Somalia | Sudan | Namibia",Research/Doctorate/PhD,0,The Boehringer Ingelheim Fonds offers doctoral fellowships to outstanding junior scientists who want to conduct an ambitious doctoral project in the field of basic biomedical research at an internationally leading laboratory. The financing,DAAD,Germany,,,,,,Europe,Rolling / Annual,Fellowship,0,PhD,Research,80,Medium,1,90,PhD,https://www.daad.de/en/,Grant / Scholarship,3-4 Years
167,Gerda Henkel Foundation: PhD Scholarships,Gerda Henkel Foundation: PhD Scholarships,Doctoral candidates/PhD students,"Languages and Cultural Studies | Art, Music and Sport","Benin | Côte d'Ivoire | Djibouti | Gabon | Gambia | Ghana | Guinea | Guinea-Bissau | Equatorial Guinea | Cameroon | Cape Verde | Congo | Congo, Democratic Republic | Lesotho | Liberia | Madagascar | Malawi | Mali | Mauritania | Mauritius | Mozambique | Comoros | Eswatani | Niger | Nigeria | Burkina Faso | Réunion | Zimbabwe | Rwanda | Zambia | Sao Tome and Principe | Senegal | Seychelles | Sierra Leone | Somalia | Sudan | Namibia | Tanzania, United Republic of | Togo | Chad | Uganda | Central African Republic | Eritrea | Algeria | Libya | Morocco | Tunisia | Afghanistan | Bangladesh | Iran | Nepal | Pakistan | Sri Lanka | Fiji | Samoa | Tahiti | Tonga | Papua New Guinea | Nauru | New Caledonia | Solomon Islands | South Africa | Egypt | Bulgaria | India | Indonesia | Israel | Kazakhstan | Croatia | Malaysia | Romania | Singapore | Slovakia | Slovenia | Turkey | Thailand | Czech Republic | Ukraine | China, PR | Cyprus | Estonia | Latvia | Lithuania | Australia | Finland | France | Greece | Ireland | Austria | Italy | Japan | Canada | New Zealand | Netherlands | Norway | Poland | Portugal | Kiribati | Cook Islands | Niue | Vanuatu | Tuvalu | Marshall Islands | Micronesia, Federated States of | Timor-Leste | Germany | Maldives | Saint Kitts and Nevis | Guam | Palau | Montenegro | Kosovo | South Sudan | Denmark | Sweden | Switzerland | Spain | United Kingdom | Hungary | United States of America | Uruguay | Argentina | Bolivia | Brazil | Chile | Costa Rica | Ecuador | Guatemala | Honduras | Colombia | Cuba | Mexico | Panama | Paraguay | Peru | Venezuela, Bolivarian Republic of | Nicaragua | Belgium | Palestinian Territories | Kenya | Luxembourg | Albania | Armenia | Azerbaijan | Belarus | Bosnia and Herzegovina | Georgia | Serbia | Kyrgyzstan | North Macedonia | Moldova, Republic of | Tajikistan | Turkmenistan | Uzbekistan | Andorra | Iceland | Liechtenstein | Malta | Monaco | San Marino | Vatican City | Bahrain | Iraq | Jordan | Qatar | Kuwait | Lebanon | Oman | Saudi Arabia | Yemen | Syrian Arab Republic (Syria) | United Arab Emirates | Bhutan | Myanmar | Brunei Darussalam | Taiwan | Hong Kong (CN) | Cambodia | Korea, the Republic of | 107 | Lao People's Democratic Republic | Macao (CN) | Mongolia | Philippines | Vietnam | Guyana | French Guayana | Suriname | Bahamas | Barbados | Bermudas | Dominican Republic | El Salvador | Guadeloupe | Haiti | Belize | Jamaica | Montserrat | Martinique | The Dutch Antilles | Puerto Rico | Trinidad and Tobago | Anguilla | Antigua and Barbuda | Dominica | Grenada | Saint Lucia | Saint Vincent and the Grenadines | Angola | Ethiopia | Botswana | Burundi | 38",Research/Doctorate/PhD,0,The PhD scholarships support highly qualified junior academics from the historical sciences with excellent academic standing and brilliant examination results who show unusual promise for their doctoral theses. Applications can be submitted,DAAD,Germany,,,,,,Europe,Rolling / Annual,Scholarship,0,PhD,Research,80,Medium,0,90,PhD,https://www.daad.de/en/,Grant / Scholarship,3-4 Years
170,Catholic Academic Exchange Service (KAAD): Scholarship Programme 1,Catholic Academic Exchange Service (KAAD): Scholarship Programme 1,Postdoctoral researchers | Graduates | Doctoral candidates/PhD students,"Languages and Cultural Studies | Law, Economics and Social Sciences | Mathematics and Natural Sciences | Human Medicine | Veterinary Medicine, Agricultural, Forest and Nutritional Sciences, Ecology | Engineering | Art, Music and Sport","Jordan | Bangladesh | Uganda | Tanzania, United Republic of | China, PR | Argentina | Bolivia | Brazil | Ecuador | Guatemala | Colombia | Mexico | Peru | Palestinian Territories | Kenya | Lebanon | Syrian Arab Republic (Syria) | Myanmar | Philippines | Vietnam | Ethiopia | Zimbabwe | Ghana | Israel | Indonesia | Egypt",Study | Research/Doctorate/PhD,0,The KAAD is the scholarship institution of the Catholic Church in Germany. Applicants are therefore of catholic denomination: post-graduates or academics who already have work experience and plan to do post-graduate studies or spend a,DAAD,Germany,,,,,,Europe,Rolling / Annual,Scholarship,0,Postdoc,Research,80,Very High,1,90,Postdoc,https://www.daad.de/en/,Grant / Scholarship,6-24 Months
171,Alexander von Humboldt Foundation: Humboldt Research Fellowship for Experienced Researchers,Alexander von Humboldt Foundation: Humboldt Research Fellowship for Experienced Researchers,Postdoctoral researchers | Faculty,"Languages and Cultural Studies | Law, Economics and Social Sciences | Mathematics and Natural Sciences | Human Medicine | Veterinary Medicine, Agricultural, Forest and Nutritional Sciences, Ecology | Engineering | Art, Music and Sport","Gabon | Djibouti | Gambia | Guinea-Bissau | Guinea | Ghana | Equatorial Guinea | Cameroon | Cape Verde | Congo | Congo, Democratic Republic | Lesotho | El Salvador | Guadeloupe | Haiti | Belize | Jamaica | Montserrat | Martinique | The Dutch Antilles | Puerto Rico | Trinidad and Tobago | Dominica | Antigua and Barbuda | Anguilla | Grenada | Saint Lucia | Saint Vincent and the Grenadines | Angola | Ethiopia | Botswana | Burundi | Benin | Zimbabwe | Rwanda | Zambia | Sao Tome and Principe | Senegal | Seychelles | Sierra Leone | Somalia | Sudan | Namibia | Tanzania, United Republic of | Togo | Chad | Uganda | Central African Republic | Eritrea | Algeria | Libya | Morocco | Tunisia | Afghanistan | Bangladesh | Iran | Nepal | Pakistan | Sri Lanka | Fiji | Samoa | Tahiti | Tonga | Papua New Guinea | Nauru | New Caledonia | Solomon Islands | Kiribati | Cook Islands | Niue | Vanuatu | Tuvalu | Marshall Islands | Micronesia, Federated States of | Timor-Leste | Maldives | Saint Kitts and Nevis | Guam | Palau | Montenegro | Kosovo | South Sudan | Malta | Liechtenstein | Iceland | Andorra | Uzbekistan | Turkmenistan | Tajikistan | Cambodia | Hong Kong (CN) | Taiwan | Brunei Darussalam | Myanmar | Belarus | Bosnia and Herzegovina | Georgia | Serbia | Kyrgyzstan | North Macedonia | Moldova, Republic of | Réunion | Burkina Faso | Liberia | Qatar | Bhutan | Dominican Republic | Nigeria | Madagascar | Jordan | Kuwait | Bahamas | San Marino | Vatican City | Bahrain | Niger | Eswatani | Comoros | Mozambique | Mauritius | Mauritania | Mali | Malawi | Korea, the Republic of | 107 | Lao People's Democratic Republic | Macao (CN) | South Africa | Indonesia | India | Bulgaria | Egypt | Israel | Kazakhstan | Croatia | Malaysia | Romania | Singapore | Slovakia | Slovenia | Turkey | Thailand | Czech Republic | Cyprus | China, PR | Ukraine | Estonia | Latvia | Lithuania | Australia | Denmark | Finland | France | Greece | Ireland | Austria | Italy | Netherlands | New Zealand | Canada | Japan | Norway | Poland | Portugal | 38 | Sweden | Switzerland | Spain | United Kingdom | Hungary | United States of America | Uruguay | Argentina | Bolivia | Chile | Costa Rica | Ecuador | Guatemala | Honduras | Colombia | Cuba | Mexico | Panama | Paraguay | Peru | Venezuela, Bolivarian Republic of | Nicaragua | Belgium | Palestinian Territories | Kenya | Luxembourg | Albania | Armenia | Azerbaijan | Mongolia | Philippines | Vietnam | Yemen | Iraq | Monaco | Syrian Arab Republic (Syria) | Côte d'Ivoire | Lebanon | Saudi Arabia | United Arab Emirates | Guyana | Oman | French Guayana | Suriname | Barbados | Bermudas",Research/Doctorate/PhD,0,Highly-qualified international scientists and scholars from all disciplines who completed their doctorates less than 12 years ago and wish to spend extended periods of research in Germany are invited to apply. Candidates can come from any,DAAD,Germany,,,,,,Europe,Rolling / Annual,Scholarship,0,Postdoc,Research,80,Very High,1,90,Postdoc,https://www.daad.de/en/,Grant / Scholarship,6-24 Months
173,Hermann Niermann Foundation/Julius Maximilian University of Würzburg: Study Exchange German Language and Literature Studies,Hermann Niermann Foundation/Julius Maximilian University of Würzburg: Study Exchange German Language and Literature Studies,Postdoctoral researchers | Graduates | Doctoral candidates/PhD students | Faculty,Languages and Cultural Studies,Serbia | Bosnia and Herzegovina | Hungary | Poland | Latvia | Estonia | Ukraine | Czech Republic | Lithuania | Kosovo | Montenegro | North Macedonia | Slovenia | Slovakia | Romania | Croatia | Bulgaria,Study | Research/Doctorate/PhD,0,"The scholarships enable particularly gifted Master's students, doctoral candidates and (junior) researchers of German language and literature studies to come to the Institute of German Philology at Würzburg University for the purpose of",DAAD,Germany,,,,,,Europe,Rolling / Annual,Scholarship,0,Postdoc,Research,80,Very High,0,90,Postdoc,https://www.daad.de/en/,Grant / Scholarship,6-24 Months
174,"Ministry of Science, Research and the Arts Baden-Württemberg: Mathilde Planck Contract Lectureships (MPL)","Ministry of Science, Research and the Arts Baden-Württemberg: Mathilde Planck Contract Lectureships (MPL)",Postdoctoral researchers | Graduates | Doctoral candidates/PhD students,"Languages and Cultural Studies | Law, Economics and Social Sciences | Mathematics and Natural Sciences | Veterinary Medicine, Agricultural, Forest and Nutritional Sciences, Ecology | Engineering | Art, Music and Sport","Congo | Cape Verde | Cameroon | Equatorial Guinea | Guinea-Bissau | Guinea | Ghana | Gambia | Gabon | Djibouti | Côte d'Ivoire | Benin | Burundi | Botswana | Ethiopia | Angola | Saint Vincent and the Grenadines | Saint Lucia | Grenada | Dominica | Antigua and Barbuda | Anguilla | Trinidad and Tobago | Puerto Rico | The Dutch Antilles | Martinique | Montserrat | Jamaica | Belize | Haiti | Guadeloupe | El Salvador | Dominican Republic | Bermudas | Barbados | Bahamas | Suriname | French Guayana | Mali | Malawi | Madagascar | Liberia | Lesotho | Congo, Democratic Republic | Mongolia | Philippines | Vietnam | Guyana | Macao (CN) | Lao People's Democratic Republic | 107 | Korea, the Republic of | Cambodia | Hong Kong (CN) | Taiwan | Brunei Darussalam | Myanmar | Bhutan | United Arab Emirates | Syrian Arab Republic (Syria) | Yemen | Saudi Arabia | Oman | Lebanon | Kuwait | Qatar | Jordan | Iraq | Bahrain | Vatican City | San Marino | Monaco | Malta | Liechtenstein | Iceland | Andorra | Uzbekistan | Turkmenistan | Kyrgyzstan | North Macedonia | Moldova, Republic of | Tajikistan | Serbia | Georgia | Bosnia and Herzegovina | Belarus | Azerbaijan | Armenia | Albania | Luxembourg | Kenya | Palestinian Territories | Belgium | Nicaragua | Venezuela, Bolivarian Republic of | Peru | Paraguay | Panama | Mexico | Cuba | Ecuador | Guatemala | Honduras | Colombia | Costa Rica | Chile | Brazil | Bolivia | Argentina | Uruguay | United States of America | Hungary | United Kingdom | Spain | Switzerland | Sweden | 38 | Portugal | Poland | Norway | Netherlands | Comoros | Nigeria | New Zealand | Canada | Japan | Italy | Austria | Ireland | Greece | France | Finland | Denmark | Australia | Lithuania | Latvia | Estonia | Cyprus | China, PR | Ukraine | Czech Republic | Thailand | Turkey | Slovenia | Slovakia | Singapore | Romania | Malaysia | Croatia | Kazakhstan | Israel | Indonesia | India | Bulgaria | Egypt | South Africa | South Sudan | Kosovo | Montenegro | Palau | Guam | Saint Kitts and Nevis | Maldives | Germany | Eswatani | Burkina Faso | Timor-Leste | Micronesia, Federated States of | Marshall Islands | Tuvalu | Vanuatu | Niue | Cook Islands | Kiribati | Solomon Islands | New Caledonia | Nauru | Papua New Guinea | Tonga | Tahiti | Samoa | Fiji | Sri Lanka | Pakistan | Nepal | Iran | Bangladesh | Afghanistan | Tunisia | Morocco | Libya | Algeria | Eritrea | Central African Republic | Uganda | Chad | Togo | Somalia | Sudan | Namibia | Tanzania, United Republic of | Sierra Leone | Seychelles | Senegal | Sao Tome and Principe | Zambia | Rwanda | Zimbabwe | Réunion | Niger | Mozambique | Mauritius | Mauritania",Teaching,0,"The programme offers women the opportunity to qualify for professorship by teaching at a public Baden Württemberg university of applied sciences, college of art or music or at the Baden-Württemberg Cooperative State University (DHBW).",DAAD,Germany,,,,,,Europe,Rolling / Annual,Scholarship,0,Postdoc,Study,80,Very High,1,90,Postdoc,https://www.daad.de/en/,Grant / Scholarship,6-24 Months
178,German Medical Students' Association: Professional/Research/Public Health Exchange,German Medical Students' Association: Professional/Research/Public Health Exchange,Undergraduates,Human Medicine,"South Sudan | South Africa | Egypt | Bulgaria | India | Indonesia | Israel | Kazakhstan | Croatia | Malaysia | Romania | Singapore | Slovakia | Slovenia | Turkey | Thailand | Czech Republic | Ukraine | China, PR | Cyprus | Estonia | Latvia | Lithuania | Australia | Denmark | Finland | France | Greece | Ireland | Austria | Italy | Japan | Canada | New Zealand | Netherlands | Norway | Poland | Portugal | 38 | Sweden | Switzerland | Spain | United Kingdom | Hungary | United States of America | Uruguay | Argentina | Bolivia | Brazil | Chile | Costa Rica | Ecuador | Guatemala | Honduras | Colombia | Cuba | Mexico | Panama | Paraguay | Peru | Venezuela, Bolivarian Republic of | Nicaragua | Belgium | Palestinian Territories | Kenya | Luxembourg | Albania | Armenia | Azerbaijan | Belarus | Bosnia and Herzegovina | Georgia | Serbia | Kyrgyzstan | North Macedonia | Moldova, Republic of | Tajikistan | Turkmenistan | Uzbekistan | Andorra | Iceland | Liechtenstein | Malta | Monaco | San Marino | Vatican City | Bahrain | Iraq | Jordan | Qatar | Kuwait | Lebanon | Oman | Saudi Arabia | Yemen | Syrian Arab Republic (Syria) | United Arab Emirates | Bhutan | Myanmar | Brunei Darussalam | Taiwan | Hong Kong (CN) | Cambodia | Korea, the Republic of | 107 | Lao People's Democratic Republic | Macao (CN) | Mongolia | Philippines | Vietnam | Guyana | French Guayana | Suriname | Bahamas | Barbados | Bermudas | Dominican Republic | El Salvador | Guadeloupe | Haiti | Belize | Jamaica | Montserrat | Martinique | The Dutch Antilles | Puerto Rico | Trinidad and Tobago | Anguilla | Antigua and Barbuda | Dominica | Grenada | Saint Lucia | Saint Vincent and the Grenadines | Angola | Ethiopia | Botswana | Burundi | Benin | Côte d'Ivoire | Djibouti | Gabon | Gambia | Ghana | Guinea | Guinea-Bissau | Equatorial Guinea | Cameroon | Cape Verde | Congo | Congo, Democratic Republic | Lesotho | Liberia | Madagascar | Malawi | Mali | Mauritania | Mauritius | Mozambique | Comoros | Eswatani | Niger | Nigeria | Burkina Faso | Réunion | Zimbabwe | Rwanda | Zambia | Sao Tome and Principe | Senegal | Seychelles | Sierra Leone | Somalia | Sudan | Namibia | Tanzania, United Republic of | Togo | Chad | Uganda | Central African Republic | Eritrea | Algeria | Libya | Morocco | Tunisia | Afghanistan | Bangladesh | Iran | Nepal | Pakistan | Sri Lanka | Fiji | Samoa | Tahiti | Tonga | Papua New Guinea | Nauru | New Caledonia | Solomon Islands | Kiribati | Cook Islands | Niue | Vanuatu | Tuvalu | Marshall Islands | Micronesia, Federated States of | Timor-Leste | Germany | Maldives | Saint Kitts and Nevis | Guam | Palau | Montenegro | Kosovo",Internship,0,"Medical students of any nationality enrolled at German institutions of higher education are eligible for a clinical traineeship exchange, a research internship or a public health exchange in order to gain hands-on experience in a foreign",DAAD,Germany,,,,,,Europe,Rolling / Annual,Scholarship,0,Bachelor,Research,80,Medium,0,90,Bachelor,https://www.daad.de/en/,Grant / Scholarship,3-5 Years
180,Baden-Württemberg Stiftung: The Baden-Württemberg-STIPENDIUM for Students,Baden-Württemberg Stiftung: The Baden-Württemberg-STIPENDIUM for Students,Undergraduates | Graduates | Doctoral candidates/PhD students,"Languages and Cultural Studies | Law, Economics and Social Sciences | Mathematics and Natural Sciences | Human Medicine | Veterinary Medicine, Agricultural, Forest and Nutritional Sciences, Ecology | Engineering | Art, Music and Sport","Cape Verde | Cameroon | Equatorial Guinea | Guinea-Bissau | Guinea | Ghana | Gambia | Gabon | Djibouti | Côte d'Ivoire | Benin | Burundi | Botswana | Ethiopia | Angola | Saint Vincent and the Grenadines | Saint Lucia | Grenada | Trinidad and Tobago | Anguilla | Antigua and Barbuda | Dominica | Puerto Rico | The Dutch Antilles | Martinique | Montserrat | Jamaica | Belize | Haiti | Guadeloupe | El Salvador | Dominican Republic | Sierra Leone | Senegal | Bermudas | Barbados | Bahamas | Suriname | French Guayana | Guyana | Vietnam | Philippines | Mongolia | Macao (CN) | Bulgaria | Egypt | South Africa | Lao People's Democratic Republic | 107 | Korea, the Republic of | Cambodia | Hong Kong (CN) | Taiwan | Brunei Darussalam | Myanmar | Bhutan | United Arab Emirates | Syrian Arab Republic (Syria) | Saudi Arabia | Yemen | Lebanon | Kuwait | Qatar | Jordan | Iraq | Bahrain | Vatican City | San Marino | Chad | Bangladesh | Mauritania | Somalia | Libya | Tanzania, United Republic of | Burkina Faso | Central African Republic | Uganda | Mauritius | Sudan | Niger | Eritrea | Guam | Saint Kitts and Nevis | Maldives | Zimbabwe | Eswatani | Germany | Timor-Leste | Micronesia, Federated States of | Marshall Islands | Tuvalu | Mali | Liberia | Mozambique | Tonga | Tahiti | Samoa | Fiji | Sri Lanka | Seychelles | Sao Tome and Principe | Zambia | Rwanda | Togo | Algeria | Morocco | Tunisia | Afghanistan | Vanuatu | Niue | Cook Islands | Kiribati | Solomon Islands | New Caledonia | Nauru | Papua New Guinea | Palau | Montenegro | Kosovo | South Sudan | India | Indonesia | Oman | Israel | Kazakhstan | Croatia | Malaysia | Romania | Singapore | Slovakia | Slovenia | Turkey | Thailand | Cyprus | China, PR | Ukraine | Czech Republic | Armenia | Albania | Luxembourg | Kenya | Palestinian Territories | Belgium | Nicaragua | Venezuela, Bolivarian Republic of | Peru | Paraguay | Panama | Mexico | Cuba | Colombia | Honduras | Guatemala | Ecuador | Costa Rica | Chile | Brazil | Bolivia | Uruguay | Argentina | United States of America | Hungary | United Kingdom | Spain | Switzerland | Sweden | 38 | Portugal | Poland | Norway | New Zealand | Netherlands | Canada | France | Greece | Ireland | Austria | Italy | Japan | Finland | Denmark | Australia | Lithuania | Latvia | Estonia | Monaco | Malta | Liechtenstein | Iceland | Andorra | Uzbekistan | Turkmenistan | Tajikistan | Kyrgyzstan | Serbia | North Macedonia | Moldova, Republic of | Georgia | Bosnia and Herzegovina | Belarus | Azerbaijan | Comoros | Nigeria | Nepal | Namibia | Malawi | Pakistan | Lesotho | Congo, Democratic Republic | Congo | Iran | Madagascar | Réunion",Study | Research/Doctorate/PhD,0,"The Baden-Württemberg-STIPENDIUM for Students is a programme established by the Baden-Württemberg Stiftung . <br />
<br />
You can apply if<br />
you are a highly qualified undergraduate, graduate or doctoral student you study at",DAAD,Germany,,,,,,Europe,Rolling / Annual,Scholarship,0,PhD,Research,80,Medium,1,90,PhD,https://www.daad.de/en/,Grant / Scholarship,3-4 Years
185,Herzog August Bibliothek: Short-term Fellowships,Herzog August Bibliothek: Short-term Fellowships,Postdoctoral researchers | Faculty,"Languages and Cultural Studies | Law, Economics and Social Sciences | Art, Music and Sport","Vietnam | Guyana | French Guayana | Suriname | Bahamas | Barbados | Bermudas | Dominican Republic | El Salvador | Guadeloupe | Haiti | Belize | Jamaica | Montserrat | Martinique | The Dutch Antilles | Puerto Rico | Trinidad and Tobago | Anguilla | Antigua and Barbuda | Dominica | Grenada | Saint Lucia | Saint Vincent and the Grenadines | Angola | Ethiopia | Botswana | Burundi | Benin | Côte d'Ivoire | Djibouti | Gabon | Gambia | Ghana | Guinea | Guinea-Bissau | Equatorial Guinea | Cameroon | Cape Verde | Congo | Congo, Democratic Republic | Lesotho | Liberia | Madagascar | Malawi | Mali | Mauritania | Mauritius | Mozambique | Comoros | Eswatani | Niger | Nigeria | Burkina Faso | Réunion | Zimbabwe | Rwanda | Zambia | Sao Tome and Principe | Senegal | Seychelles | Sierra Leone | Somalia | Sudan | Namibia | Tanzania, United Republic of | Togo | Chad | Uganda | Central African Republic | Eritrea | Algeria | Libya | Morocco | Tunisia | Afghanistan | Bangladesh | Iran | Nepal | Pakistan | Sri Lanka | Fiji | Samoa | Tahiti | Tonga | Papua New Guinea | Nauru | New Caledonia | Solomon Islands | Kiribati | Cook Islands | Niue | Vanuatu | Tuvalu | Marshall Islands | Micronesia, Federated States of | Timor-Leste | Germany | Maldives | Saint Kitts and Nevis | Guam | Palau | Montenegro | Kosovo | South Sudan | South Africa | Egypt | Bulgaria | India | Indonesia | Israel | Kazakhstan | Croatia | Malaysia | Romania | Singapore | Slovakia | Slovenia | Turkey | Thailand | Czech Republic | Ukraine | China, PR | Cyprus | Estonia | Latvia | Lithuania | Australia | Denmark | Finland | France | Greece | Ireland | Austria | Italy | Japan | Canada | New Zealand | Netherlands | Norway | Poland | Portugal | 38 | Sweden | Switzerland | Spain | United Kingdom | Hungary | United States of America | Uruguay | Argentina | Bolivia | Brazil | Chile | Costa Rica | Ecuador | Guatemala | Honduras | Colombia | Mexico | Panama | Paraguay | Peru | Venezuela, Bolivarian Republic of | Nicaragua | Belgium | Palestinian Territories | Kenya | Luxembourg | Albania | Armenia | Azerbaijan | Belarus | Bosnia and Herzegovina | Georgia | Serbia | Kyrgyzstan | North Macedonia | Moldova, Republic of | Tajikistan | Turkmenistan | Uzbekistan | Andorra | Iceland | Liechtenstein | Malta | Monaco | San Marino | Vatican City | Bahrain | Iraq | Jordan | Qatar | Kuwait | Lebanon | Oman | Saudi Arabia | Yemen | Syrian Arab Republic (Syria) | United Arab Emirates | Bhutan | Myanmar | Brunei Darussalam | Taiwan | Hong Kong (CN) | Cambodia | Korea, the Republic of | 107 | Lao People's Democratic Republic | Macao (CN) | Mongolia | Philippines | Cuba",Research/Doctorate/PhD,0,The library annually awards short-term fellowships to a broad range of scholars of all career stages (from postdoc to emeriti) wishing to make a short visit in order to gather source material. Applications can be made for stays of between 1,DAAD,Germany,,,,,,Europe,Rolling / Annual,Fellowship,0,Postdoc,Research,80,Very High,1,90,Postdoc,https://www.daad.de/en/,Grant / Scholarship,6-24 Months
187,The American Friends of the Herzog August Bibliothek (HAB): Travel Grant,The American Friends of the Herzog August Bibliothek (HAB): Travel Grant,Postdoctoral researchers | Doctoral candidates/PhD students,"Languages and Cultural Studies | Law, Economics and Social Sciences | Art, Music and Sport",United States of America,Research/Doctorate/PhD,0,The travel grants are intended to assist young US citizens or permanent US residents who write their doctoral theses and wish to access the Herzog August Library for research purposes. Young academics who finished their PhD no more than 3,DAAD,Germany,,,,,,Europe,Rolling / Annual,Grant,0,Postdoc,Research,80,Very High,1,90,Postdoc,https://www.daad.de/en/,Grant / Scholarship,6-24 Months
189,Universität Hamburg: Merit Scholarships for International Students,Universität Hamburg: Merit Scholarships for International Students,Undergraduates | Graduates,"Languages and Cultural Studies | Law, Economics and Social Sciences | Mathematics and Natural Sciences | Human Medicine | Veterinary Medicine, Agricultural, Forest and Nutritional Sciences, Ecology | Engineering | Art, Music and Sport","Bangladesh | Afghanistan | Tunisia | Morocco | Libya | Algeria | Eritrea | Central African Republic | Uganda | Mali | Togo | Chad | Malawi | Madagascar | Liberia | Lesotho | Congo, Democratic Republic | Congo | Cape Verde | Cameroon | Equatorial Guinea | Guinea-Bissau | Guinea | Ghana | Gambia | Gabon | Djibouti | Côte d'Ivoire | Benin | Burundi | Botswana | Ethiopia | Angola | Saint Vincent and the Grenadines | Saint Lucia | Grenada | Dominica | Antigua and Barbuda | Anguilla | Trinidad and Tobago | Puerto Rico | The Dutch Antilles | Martinique | Montserrat | Jamaica | Belize | Haiti | Guadeloupe | El Salvador | Dominican Republic | Bermudas | Barbados | Bahamas | Suriname | French Guayana | Guyana | Vietnam | Philippines | Mongolia | Macao (CN) | Lao People's Democratic Republic | 107 | Korea, the Republic of | Cambodia | Hong Kong (CN) | Taiwan | Brunei Darussalam | Myanmar | Bhutan | United Arab Emirates | Syrian Arab Republic (Syria) | Yemen | Saudi Arabia | Oman | Lebanon | Kuwait | Qatar | Jordan | Iraq | Bahrain | Vatican City | San Marino | Monaco | Malta | Liechtenstein | Iceland | Andorra | Uzbekistan | Turkmenistan | Tajikistan | Moldova, Republic of | North Macedonia | Kyrgyzstan | Serbia | Georgia | Bosnia and Herzegovina | Belarus | Azerbaijan | Armenia | Albania | Luxembourg | Kenya | Palestinian Territories | Belgium | Nicaragua | Venezuela, Bolivarian Republic of | Peru | Paraguay | Panama | Mexico | Cuba | Colombia | Honduras | Guatemala | Ecuador | Costa Rica | Chile | Brazil | Bolivia | Argentina | Uruguay | United States of America | Hungary | United Kingdom | Spain | Switzerland | Sweden | 38 | Portugal | Poland | Norway | Netherlands | New Zealand | Canada | Tanzania, United Republic of | Namibia | Sudan | Somalia | Sierra Leone | Seychelles | Senegal | Sao Tome and Principe | Zambia | Rwanda | Zimbabwe | Réunion | Burkina Faso | Nigeria | Niger | Eswatani | Comoros | Mozambique | Mauritius | Mauritania | Saint Kitts and Nevis | Maldives | Timor-Leste | Micronesia, Federated States of | Marshall Islands | Tuvalu | Vanuatu | Niue | Cook Islands | Kiribati | Solomon Islands | New Caledonia | Nauru | Papua New Guinea | Tonga | Tahiti | Samoa | Fiji | Sri Lanka | Pakistan | Nepal | Iran | Austria | Italy | Japan | Ireland | Greece | France | Finland | Denmark | Australia | Lithuania | Latvia | Estonia | Cyprus | China, PR | Ukraine | Czech Republic | Thailand | Turkey | Slovenia | Slovakia | Singapore | Romania | Malaysia | Croatia | Kazakhstan | Israel | Indonesia | India | Bulgaria | Egypt | South Africa | South Sudan | Kosovo | Montenegro | Palau | Guam",Study,0,The merit-based programme gives outstanding international students the opportunity to study at Universität Hamburg. There are no restrictions on the subject area or type of degree. The award of merit scholarships should enable the students,DAAD,Germany,,,,,,Europe,Rolling / Annual,Scholarship,0,Bachelor,Study,80,Medium,1,90,Bachelor,https://www.daad.de/en/,Grant / Scholarship,3-5 Years
197,Alexander von Humboldt-Foundation: Georg Forster Research Fellowship for Postdocs,Alexander von Humboldt-Foundation: Georg Forster Research Fellowship for Postdocs,Postdoctoral researchers,"Languages and Cultural Studies | Law, Economics and Social Sciences | Mathematics and Natural Sciences | Human Medicine | Veterinary Medicine, Agricultural, Forest and Nutritional Sciences, Ecology | Engineering | Art, Music and Sport","Ghana | Guinea | Guinea-Bissau | Equatorial Guinea | Cameroon | Cape Verde | Comoros | Mozambique | Mauritius | Tonga | Samoa | Fiji | Sri Lanka | Pakistan | Nepal | Iran | Bangladesh | Afghanistan | Jamaica | Belize | Haiti | Dominica | Grenada | Saint Lucia | Saint Vincent and the Grenadines | Angola | Ethiopia | Botswana | Burundi | Benin | Côte d'Ivoire | Djibouti | Gabon | Gambia | Mauritania | Mali | Malawi | Madagascar | Liberia | Lesotho | Congo, Democratic Republic | Congo | Burkina Faso | Nigeria | Chad | Togo | Tanzania, United Republic of | Namibia | Sudan | Somalia | Sierra Leone | Senegal | Sao Tome and Principe | Rwanda | Zimbabwe | Kiribati | Niue | Vanuatu | Tuvalu | Marshall Islands | Micronesia, Federated States of | Timor-Leste | Maldives | South Africa | Egypt | Indonesia | Kazakhstan | Malaysia | Turkey | Thailand | Ukraine | Argentina | Bolivia | Costa Rica | Ecuador | Guatemala | Honduras | Colombia | Cuba | Montenegro | Kosovo | South Sudan | Mexico | Paraguay | Peru | Venezuela, Bolivarian Republic of | Eswatani | Nicaragua | Palestinian Territories | Kenya | Albania | Armenia | Azerbaijan | Belarus | Bosnia and Herzegovina | Georgia | Serbia | Kyrgyzstan | North Macedonia | Moldova, Republic of | Tajikistan | Turkmenistan | Uzbekistan | Iraq | Jordan | Lebanon | Yemen | Syrian Arab Republic (Syria) | Bhutan | Myanmar | Cambodia | 107 | Lao People's Democratic Republic | Mongolia | Philippines | Vietnam | Guyana | Suriname | Montserrat | El Salvador | Dominican Republic | Niger | Nauru | Solomon Islands | Uganda | Central African Republic | Eritrea | Algeria | Libya | Morocco | Tunisia | Papua New Guinea",Research/Doctorate/PhD,0,"The programme is intended for highly qualified scientists and scholars of all disciplines from selected developing or transition countries , excluding PR China and India.<br />
<br />
The fellowship enables early-career post-doctoral",DAAD,Germany,,,,,,Europe,Rolling / Annual,Fellowship,0,Postdoc,Research,80,Very High,1,90,Postdoc,https://www.daad.de/en/,Grant / Scholarship,6-24 Months
200,German National Academic Foundation: Leo Baeck Fellowship Programme,German National Academic Foundation: Leo Baeck Fellowship Programme,Doctoral candidates/PhD students,"Languages and Cultural Studies | Art, Music and Sport","San Marino | Monaco | Malta | Liechtenstein | Iceland | Andorra | Uzbekistan | Turkmenistan | Tajikistan | Moldova, Republic of | North Macedonia | Kyrgyzstan | Serbia | Georgia | Bosnia and Herzegovina | Belarus | Azerbaijan | Armenia | Albania | Luxembourg | Kenya | Palestinian Territories | Peru | Venezuela, Bolivarian Republic of | Nicaragua | Belgium | Vatican City | Bahrain | Iraq | Jordan | Qatar | Kuwait | Lebanon | Oman | Saudi Arabia | Yemen | Syrian Arab Republic (Syria) | United Arab Emirates | Bhutan | Myanmar | Brunei Darussalam | Taiwan | Hong Kong (CN) | Cambodia | Korea, the Republic of | 107 | Lao People's Democratic Republic | Macao (CN) | Mongolia | Philippines | Vietnam | Guyana | French Guayana | Suriname | Bahamas | Barbados | Bermudas | Dominican Republic | El Salvador | Guadeloupe | Haiti | Belize | Jamaica | Montserrat | Trinidad and Tobago | Puerto Rico | The Dutch Antilles | Martinique | Anguilla | Antigua and Barbuda | Dominica | Grenada | Saint Lucia | Saint Vincent and the Grenadines | Angola | Ethiopia | Botswana | Burundi | Benin | Côte d'Ivoire | Djibouti | Gabon | Gambia | Ghana | Guinea | Cameroon | Equatorial Guinea | Guinea-Bissau | Cape Verde | Congo | South Africa | Egypt | Bulgaria | India | Indonesia | Israel | Kazakhstan | Croatia | Malaysia | Romania | Singapore | Slovakia | Slovenia | Turkey | Thailand | Congo, Democratic Republic | Lesotho | Liberia | Madagascar | Malawi | Mali | Mauritania | Mauritius | Mozambique | Comoros | Eswatani | Niger | Nigeria | Burkina Faso | Réunion | Zimbabwe | Rwanda | Zambia | Sao Tome and Principe | Senegal | Seychelles | Sierra Leone | Somalia | Sudan | Namibia | Tanzania, United Republic of | Togo | Chad | Uganda | Central African Republic | Eritrea | Algeria | Libya | Morocco | Iran | Bangladesh | Afghanistan | Tunisia | Nepal | Pakistan | Sri Lanka | Fiji | Samoa | Tahiti | Tonga | Papua New Guinea | Nauru | New Caledonia | Solomon Islands | Kiribati | Cook Islands | Niue | Vanuatu | Tuvalu | Marshall Islands | Micronesia, Federated States of | Timor-Leste | Germany | Maldives | Saint Kitts and Nevis | Guam | Palau | Montenegro | Kosovo | South Sudan | Czech Republic | Ukraine | China, PR | Cyprus | Estonia | Latvia | Lithuania | Australia | Denmark | Finland | France | Greece | Ireland | Canada | Japan | Italy | Austria | New Zealand | Netherlands | Norway | Poland | Portugal | 38 | Sweden | Switzerland | Spain | United Kingdom | Hungary | United States of America | Uruguay | Argentina | Bolivia | Brazil | Chile | Costa Rica | Ecuador | Guatemala | Honduras | Colombia | Cuba | Mexico | Panama | Paraguay",Research/Doctorate/PhD,0,"The international Leo Baeck Fellowship Programme awards grants to doctoral students who carry out research into the German-Jewish Studies on history and culture. Projects on any period or field (including literature, philosophy, history,",DAAD,Germany,,,,,,Europe,Rolling / Annual,Fellowship,0,PhD,Research,80,Medium,0,90,PhD,https://www.daad.de/en/,Grant / Scholarship,3-4 Years
205,German Federal Environmental Foundation (DBU): Fellowship Programme with CEE Countries,German Federal Environmental Foundation (DBU): Fellowship Programme with CEE Countries,Graduates | Doctoral candidates/PhD students,"Languages and Cultural Studies | Law, Economics and Social Sciences | Mathematics and Natural Sciences | Human Medicine | Veterinary Medicine, Agricultural, Forest and Nutritional Sciences, Ecology | Engineering | Art, Music and Sport","Bulgaria | Serbia | Poland | Slovenia | Latvia | Czech Republic | Lithuania | Moldova, Republic of | North Macedonia | Kosovo | Romania | Croatia | Estonia | Bosnia and Herzegovina | Hungary | Slovakia | Albania | Ukraine | Montenegro",Research/Doctorate/PhD | Internship,0,The DBU awards up to 50 fellowships per year for advanced qualification in all fields of environmental protection and nature conservation. Highly qualified graduates of all disciplines from the countries of Central and Eastern Europe (CEE),DAAD,Germany,,,,,,Europe,Rolling / Annual,Fellowship,0,PhD,Research,80,Medium,1,90,PhD,https://www.daad.de/en/,Grant / Scholarship,3-4 Years
208,Bayer Foundation: Carl Duisberg Fellowships for Medical Sciences,Bayer Foundation: Carl Duisberg Fellowships for Medical Sciences,Graduates | Doctoral candidates/PhD students,"Mathematics and Natural Sciences | Human Medicine | Veterinary Medicine, Agricultural, Forest and Nutritional Sciences, Ecology | Engineering","Dominica | Grenada | Saint Lucia | Saint Vincent and the Grenadines | Angola | Ethiopia | Botswana | Burundi | Benin | Côte d'Ivoire | Djibouti | Gabon | Gambia | Ghana | Guinea | Guinea-Bissau | Equatorial Guinea | Cameroon | Cape Verde | Congo | Congo, Democratic Republic | Malawi | Madagascar | Liberia | Lesotho | Mali | Mauritania | Mauritius | Mozambique | Comoros | Eswatani | Niger | Nigeria | Burkina Faso | Réunion | Zimbabwe | Rwanda | Zambia | Sao Tome and Principe | Senegal | Seychelles | Sierra Leone | Somalia | Sudan | Namibia | Tanzania, United Republic of | Togo | Chad | Uganda | Central African Republic | Eritrea | Algeria | Libya | Morocco | Tunisia | Afghanistan | Bangladesh | Iran | Nepal | Pakistan | Sri Lanka | Fiji | Samoa | Tahiti | Tonga | Papua New Guinea | Nauru | New Caledonia | Solomon Islands | Kiribati | Cook Islands | Niue | Vanuatu | Tuvalu | Marshall Islands | Micronesia, Federated States of | Timor-Leste | Germany | Maldives | Saint Kitts and Nevis | Guam | Palau | Montenegro | South Sudan | Kosovo | South Africa | Egypt | Bulgaria | India | Indonesia | Israel | Kazakhstan | Croatia | Malaysia | Romania | Singapore | Slovakia | Slovenia | Turkey | Thailand | Czech Republic | Ukraine | China, PR | Cyprus | Estonia | Latvia | Lithuania | Australia | Denmark | Finland | France | Greece | Ireland | Switzerland | United States of America | Brazil | Bolivia | Argentina | Uruguay | Chile | Costa Rica | Ecuador | Guatemala | Honduras | Colombia | Cuba | Mexico | Panama | Paraguay | Peru | Venezuela, Bolivarian Republic of | Nicaragua | Belgium | Palestinian Territories | Kenya | Luxembourg | Albania | Armenia | Azerbaijan | Belarus | Bosnia and Herzegovina | Georgia | Serbia | Kyrgyzstan | North Macedonia | Austria | Italy | Japan | Canada | New Zealand | Netherlands | Norway | Poland | Portugal | 38 | Sweden | Hungary | United Kingdom | Spain | Uzbekistan | Turkmenistan | Tajikistan | Moldova, Republic of | Andorra | Iceland | Liechtenstein | Malta | Monaco | San Marino | Vatican City | Bahrain | Iraq | Jordan | Qatar | Kuwait | Lebanon | Oman | Saudi Arabia | Yemen | Syrian Arab Republic (Syria) | United Arab Emirates | Bhutan | Myanmar | Brunei Darussalam | Taiwan | Hong Kong (CN) | Cambodia | Korea, the Republic of | 107 | Lao People's Democratic Republic | Macao (CN) | Mongolia | Philippines | Vietnam | Guyana | French Guayana | Suriname | Bahamas | Barbados | Bermudas | Dominican Republic | El Salvador | Guadeloupe | Haiti | Belize | Jamaica | Montserrat | Martinique | The Dutch Antilles | Puerto Rico | Trinidad and Tobago | Anguilla | Antigua and Barbuda",Study | Research/Doctorate/PhD | Internship,0,"The Carl Duisberg fellowship offers individual support to students in the disciplines of human or veterinary medicine or for an MSc or PhD (or equivalent) in medical engineering, applied medical sciences, public health, or data science in",DAAD,Germany,,,,,,Europe,Rolling / Annual,Fellowship,0,PhD,Research,80,Medium,1,90,PhD,https://www.daad.de/en/,Grant / Scholarship,3-4 Years
209,Federal Ministry of Education and Research: Deutschlandstipendium,Federal Ministry of Education and Research: Deutschlandstipendium,Undergraduates | Graduates,"Languages and Cultural Studies | Law, Economics and Social Sciences | Mathematics and Natural Sciences | Human Medicine | Veterinary Medicine, Agricultural, Forest and Nutritional Sciences, Ecology | Engineering | Art, Music and Sport","Luxembourg | Albania | Armenia | Azerbaijan | Belarus | Bosnia and Herzegovina | Georgia | Serbia | Kyrgyzstan | North Macedonia | Moldova, Republic of | Tajikistan | Turkmenistan | Uzbekistan | Andorra | Iceland | Liechtenstein | Malta | Monaco | San Marino | Vatican City | Bahrain | Iraq | Jordan | Qatar | Kuwait | Lebanon | Oman | Saudi Arabia | Yemen | Syrian Arab Republic (Syria) | United Arab Emirates | Bhutan | Myanmar | Brunei Darussalam | Taiwan | Hong Kong (CN) | Cambodia | Korea, the Republic of | 107 | Lao People's Democratic Republic | Macao (CN) | Mongolia | Philippines | Vietnam | Guyana | French Guayana | Suriname | Bahamas | Barbados | Bermudas | Dominican Republic | El Salvador | Guadeloupe | Haiti | Belize | Jamaica | Montserrat | Martinique | The Dutch Antilles | Puerto Rico | Trinidad and Tobago | Anguilla | Antigua and Barbuda | Dominica | Grenada | Saint Lucia | Saint Vincent and the Grenadines | Angola | Ethiopia | Botswana | Burundi | Benin | Côte d'Ivoire | Djibouti | Gabon | Gambia | Ghana | Algeria | Libya | Morocco | Tunisia | Afghanistan | Bangladesh | Iran | Nepal | Pakistan | Sri Lanka | Fiji | Samoa | Tahiti | Tonga | Papua New Guinea | Nauru | New Caledonia | Solomon Islands | Kiribati | Cook Islands | Niue | Vanuatu | Tuvalu | Marshall Islands | Micronesia, Federated States of | Timor-Leste | Germany | Maldives | Saint Kitts and Nevis | Guam | Palau | Montenegro | Kosovo | South Africa | South Sudan | Egypt | Bulgaria | India | Indonesia | Israel | Kazakhstan | Croatia | Malaysia | Romania | Singapore | Slovakia | Slovenia | Turkey | Thailand | Czech Republic | Ukraine | China, PR | Cyprus | Estonia | Latvia | Lithuania | Australia | Denmark | Finland | France | Greece | Ireland | Austria | Italy | Japan | Canada | New Zealand | Netherlands | Norway | Poland | Portugal | 38 | Sweden | Switzerland | Spain | United Kingdom | Hungary | United States of America | Uruguay | Argentina | Bolivia | Brazil | Chile | Costa Rica | Ecuador | Guatemala | Honduras | Colombia | Cuba | Mexico | Panama | Paraguay | Peru | Venezuela, Bolivarian Republic of | Nicaragua | Belgium | Palestinian Territories | Kenya | Guinea | Guinea-Bissau | Equatorial Guinea | Cameroon | Cape Verde | Congo | Congo, Democratic Republic | Lesotho | Liberia | Madagascar | Malawi | Mali | Mauritania | Mauritius | Mozambique | Comoros | Eswatani | Niger | Nigeria | Burkina Faso | Réunion | Zimbabwe | Rwanda | Zambia | Sao Tome and Principe | Senegal | Seychelles | Sierra Leone | Somalia | Sudan | Namibia | Tanzania, United Republic of | Togo | Eritrea | Central African Republic | Uganda | Chad",Study,0,"The Deutschlandstipendium supports new or advanced students of excellent academic and professional promise. A wide net is cast to include all talents and potential: good grades and an excellent academic record, the willingness to take",DAAD,Germany,,,,,,Europe,Rolling / Annual,Scholarship,0,Bachelor,Study,80,Medium,1,90,Bachelor,https://www.daad.de/en/,Grant / Scholarship,3-5 Years
210,Bayer Foundation: Otto Bayer Fellowship in Drug Discovery,Bayer Foundation: Otto Bayer Fellowship in Drug Discovery,Graduates | Doctoral candidates/PhD students,Mathematics and Natural Sciences | Human Medicine | Engineering,"Sri Lanka | Fiji | Samoa | Tahiti | Guatemala | Honduras | Colombia | Cuba | Mexico | Panama | Paraguay | Peru | Venezuela, Bolivarian Republic of | Nicaragua | Belgium | China, PR | Ukraine | Czech Republic | Thailand | Cyprus | Estonia | Latvia | Lithuania | Australia | Denmark | Finland | France | Greece | Ireland | Austria | Palestinian Territories | Kenya | Luxembourg | Ghana | Guinea | Guinea-Bissau | Equatorial Guinea | Cameroon | Cape Verde | Congo | Congo, Democratic Republic | Lesotho | Liberia | Sweden | Slovakia | Singapore | Romania | Malaysia | Croatia | Kazakhstan | Israel | Indonesia | India | Bulgaria | Egypt | South Africa | Albania | Armenia | Azerbaijan | Belarus | Bosnia and Herzegovina | Georgia | Moldova, Republic of | North Macedonia | Kyrgyzstan | Serbia | Portugal | Poland | Norway | Netherlands | New Zealand | Canada | Japan | Italy | South Sudan | Kosovo | Montenegro | Palau | Guam | Saint Kitts and Nevis | Maldives | Germany | Timor-Leste | Micronesia, Federated States of | Marshall Islands | Tuvalu | Vanuatu | Niue | Cook Islands | Kiribati | Solomon Islands | New Caledonia | Nauru | Papua New Guinea | Tonga | Slovenia | Turkey | Switzerland | Spain | 38 | United Kingdom | Hungary | United States of America | Uruguay | Argentina | Bolivia | Chile | Brazil | Costa Rica | Ecuador | Tajikistan | Turkmenistan | Uzbekistan | Andorra | Iceland | Liechtenstein | Malta | Monaco | San Marino | Vatican City | Bahrain | Iraq | Lebanon | Kuwait | Qatar | Jordan | Oman | Saudi Arabia | Yemen | Syrian Arab Republic (Syria) | United Arab Emirates | Madagascar | Malawi | Mali | Mauritania | Mauritius | Niger | Eswatani | Comoros | Mozambique | Nigeria | Burkina Faso | Réunion | Zimbabwe | Rwanda | Bhutan | Myanmar | Brunei Darussalam | Taiwan | Hong Kong (CN) | Cambodia | Korea, the Republic of | 107 | Lao People's Democratic Republic | Macao (CN) | Mongolia | Philippines | Vietnam | Guyana | French Guayana | Suriname | Bahamas | Barbados | Bermudas | Dominican Republic | El Salvador | Guadeloupe | Haiti | Belize | Jamaica | Montserrat | Martinique | The Dutch Antilles | Puerto Rico | Trinidad and Tobago | Anguilla | Antigua and Barbuda | Dominica | Grenada | Saint Lucia | Saint Vincent and the Grenadines | Angola | Ethiopia | Botswana | Burundi | Benin | Côte d'Ivoire | Djibouti | Gabon | Gambia | Zambia | Sao Tome and Principe | Senegal | Seychelles | Sierra Leone | Somalia | Sudan | Namibia | Tanzania, United Republic of | Togo | Chad | Uganda | Central African Republic | Eritrea | Algeria | Libya | Morocco | Tunisia | Afghanistan | Bangladesh | Iran | Nepal | Pakistan",Study | Research/Doctorate/PhD | Internship,0,"The scholarships are aimed at Master's and PhD students in the following disciplines: natural science, pharmacy or data science with relevance to the pharmaceutical and consumer healthcare (over-the-counter) industries.<br />
Students from",DAAD,Germany,,,,,,Europe,Rolling / Annual,Scholarship,0,PhD,Research,80,Medium,1,90,PhD,https://www.daad.de/en/,Grant / Scholarship,3-4 Years
212,Evangelisches Studienwerk: Scholarship for Doctoral Students,Evangelisches Studienwerk: Scholarship for Doctoral Students,Doctoral candidates/PhD students,"Languages and Cultural Studies | Law, Economics and Social Sciences | Mathematics and Natural Sciences | Human Medicine | Veterinary Medicine, Agricultural, Forest and Nutritional Sciences, Ecology | Engineering | Art, Music and Sport","Morocco | Libya | Algeria | Eritrea | Central African Republic | Uganda | Chad | Togo | Tanzania, United Republic of | Namibia | Sudan | Somalia | Sierra Leone | Iceland | Andorra | Uzbekistan | Turkmenistan | Tajikistan | Moldova, Republic of | North Macedonia | Kyrgyzstan | Serbia | Georgia | Bosnia and Herzegovina | Belarus | Azerbaijan | Armenia | Albania | Luxembourg | Kenya | Palestinian Territories | Belgium | Nicaragua | Venezuela, Bolivarian Republic of | Peru | Paraguay | Panama | Mexico | Cuba | Colombia | Honduras | Guatemala | Ecuador | Costa Rica | Chile | Brazil | United States of America | Uruguay | Argentina | Bolivia | Seychelles | Senegal | Sao Tome and Principe | Zambia | Rwanda | Zimbabwe | Réunion | Burkina Faso | Nigeria | Niger | Eswatani | Comoros | Mozambique | Mauritius | Mauritania | Mali | Malawi | Madagascar | Liberia | Lesotho | Congo, Democratic Republic | Congo | Cape Verde | Cameroon | Equatorial Guinea | Guinea-Bissau | Guinea | Ghana | Gambia | Gabon | Djibouti | Côte d'Ivoire | Benin | Burundi | Botswana | Ethiopia | Angola | Saint Vincent and the Grenadines | Saint Lucia | Grenada | Dominica | Antigua and Barbuda | Anguilla | Trinidad and Tobago | Puerto Rico | The Dutch Antilles | Martinique | Montserrat | Jamaica | Belize | Haiti | Guadeloupe | El Salvador | Dominican Republic | Bermudas | Barbados | Bahamas | Suriname | French Guayana | Guyana | Vietnam | Philippines | Mongolia | Macao (CN) | Lao People's Democratic Republic | 107 | Korea, the Republic of | Cambodia | Hong Kong (CN) | Taiwan | Brunei Darussalam | Myanmar | Bhutan | United Arab Emirates | Syrian Arab Republic (Syria) | Yemen | Saudi Arabia | Oman | Lebanon | Kuwait | Qatar | Jordan | Iraq | Bahrain | Vatican City | San Marino | Monaco | Malta | Liechtenstein | Hungary | United Kingdom | Spain | Switzerland | Sweden | 38 | Portugal | Poland | Norway | Netherlands | New Zealand | Canada | Japan | Italy | Austria | Ireland | Greece | France | Finland | Denmark | Australia | Lithuania | Latvia | Estonia | Cyprus | China, PR | Ukraine | Czech Republic | Thailand | Turkey | Slovenia | Slovakia | Singapore | Romania | South Sudan | Kosovo | Montenegro | Palau | Guam | Saint Kitts and Nevis | Maldives | Germany | Timor-Leste | Micronesia, Federated States of | Marshall Islands | Tuvalu | Vanuatu | Niue | Cook Islands | Kiribati | Solomon Islands | New Caledonia | Nauru | Papua New Guinea | Tonga | Tahiti | Samoa | Fiji | Sri Lanka | Pakistan | Nepal | Iran | Bangladesh | Afghanistan | Tunisia | Malaysia | Croatia | Kazakhstan | Israel | Indonesia | India | Bulgaria | Egypt | South Africa",Research/Doctorate/PhD,0,Every year the Studienwerk funds scholarships and a wide range of educational programmes for about 300 German and foreign doctoral candidates of protestant faith from all disciplines. The grants are awarded in accordance with the guidelines,DAAD,Germany,,,,,,Europe,Rolling / Annual,Grant,0,PhD,Research,80,Medium,1,90,PhD,https://www.daad.de/en/,Grant / Scholarship,3-4 Years
214,German Bundestag: International Parliamentary Scholarships,German Bundestag: International Parliamentary Scholarships,Graduates,"Languages and Cultural Studies | Law, Economics and Social Sciences | Mathematics and Natural Sciences | Human Medicine | Veterinary Medicine, Agricultural, Forest and Nutritional Sciences, Ecology | Engineering | Art, Music and Sport","Lithuania | Latvia | Egypt | Ukraine | Hungary | Libya | Algeria | Namibia | Mongolia | Syrian Arab Republic (Syria) | Morocco | Tunisia | Montenegro | Argentina | Palestinian Territories | Colombia | Chile | Turkey | Poland | Greece | South Africa | Cyprus | Slovakia | Estonia | Israel | Kosovo | Indonesia | Romania | France | Uzbekistan | Moldova, Republic of | Slovenia | Kazakhstan | New Zealand | Canada | Jordan | Iraq | Lebanon | Malaysia | Croatia | United States of America | North Macedonia | Serbia | Georgia | Bosnia and Herzegovina | Azerbaijan | Armenia | Albania | Bulgaria | Czech Republic",Study | Internship,0,Up to 120 sponsorships for young graduates from 50 nations are awarded every year by the German Federal Parliament (Deutsche Bundestag). The sponsored students are invited to Berlin for a period of 5 months. They take part in events and,DAAD,Germany,,,,,,Europe,Rolling / Annual,Scholarship,0,Masters,Study,80,Medium,1,90,Masters,https://www.daad.de/en/,Grant / Scholarship,1-2 Years
222,Rosa Luxemburg Foundation: Scholarship Programme for International Doctoral Students,Rosa Luxemburg Foundation: Scholarship Programme for International Doctoral Students,Doctoral candidates/PhD students,"Languages and Cultural Studies | Law, Economics and Social Sciences | Mathematics and Natural Sciences | Veterinary Medicine, Agricultural, Forest and Nutritional Sciences, Ecology | Engineering | Art, Music and Sport","Spain | Switzerland | Egypt | Bulgaria | Azerbaijan | Nicaragua | Austria | Italy | Belarus | Bosnia and Herzegovina | Ecuador | Guatemala | Réunion | Zimbabwe | Rwanda | Belize | Tahiti | United Arab Emirates | Kenya | Luxembourg | Honduras | Jordan | Qatar | Kuwait | Lebanon | Oman | Saudi Arabia | Yemen | Syrian Arab Republic (Syria) | 38 | Portugal | Poland | Trinidad and Tobago | Albania | Anguilla | Antigua and Barbuda | Guam | Saint Kitts and Nevis | Dominica | Palau | Montenegro | Angola | Saint Vincent and the Grenadines | Saint Lucia | Burundi | Morocco | Dominican Republic | Benin | Côte d'Ivoire | Djibouti | Gabon | Cape Verde | Gambia | Equatorial Guinea | Guinea-Bissau | Guinea | Ghana | Congo | Congo, Democratic Republic | Barbados | Mali | Comoros | Mozambique | Mauritius | Mauritania | Georgia | Guyana | Bermudas | Suriname | Tajikistan | Moldova, Republic of | North Macedonia | Libya | Slovenia | Turkey | Armenia | Kosovo | South Sudan | Argentina | 107 | Korea, the Republic of | Cambodia | Nepal | Hong Kong (CN) | Taiwan | Myanmar | Bhutan | Ukraine | Finland | Denmark | Australia | Lithuania | Netherlands | New Zealand | Grenada | Canada | Japan | Brunei Darussalam | Belgium | Venezuela, Bolivarian Republic of | Peru | Slovakia | South Africa | Bahrain | Iraq | China, PR | Palestinian Territories | Botswana | Lao People's Democratic Republic | Ireland | Macao (CN) | Mongolia | Philippines | Cuba | Colombia | Panama | Paraguay | Norway | Pakistan | Sri Lanka | Fiji | Samoa | Cyprus | Serbia | Mexico | Romania | Malaysia | Croatia | Singapore | Kazakhstan | Israel | Indonesia | India | United Kingdom | Czech Republic | Brazil | Bolivia | Bahamas | Malawi | Cameroon | Lesotho | Madagascar | Liberia | Zambia | Estonia | Algeria | Eritrea | Central African Republic | Uganda | Chad | Togo | Tanzania, United Republic of | Namibia | Sudan | Somalia | Sierra Leone | Seychelles | Senegal | Sao Tome and Principe | Eswatani | Burkina Faso | Nigeria | Niger | France | Greece | Haiti | Guadeloupe | El Salvador | Thailand | Sweden | Latvia | Chile | Vietnam | Kyrgyzstan | Costa Rica | Cook Islands | Kiribati | Solomon Islands | New Caledonia | Nauru | Papua New Guinea | Tonga | Uruguay | United States of America | Hungary | Jamaica | Montserrat | Martinique | The Dutch Antilles | Puerto Rico | Vanuatu | San Marino | Vatican City | Niue | Ethiopia | French Guayana | Monaco | Malta | Liechtenstein | Iceland | Andorra | Uzbekistan | Turkmenistan | Tuvalu | Marshall Islands | Tunisia | Timor-Leste | Maldives | Micronesia, Federated States of | Afghanistan | Bangladesh | Iran",Research/Doctorate/PhD,0,The RLF is a political educational organisation closely affiliated with DIE LINKE (The Left Party) which awards scholarships to foreigners who come to Germany for their dissertation or in order to conduct research as part of their,DAAD,Germany,,,,,,Europe,Rolling / Annual,Scholarship,0,PhD,Research,80,Medium,1,90,PhD,https://www.daad.de/en/,Grant / Scholarship,3-4 Years
223,Bayer Foundation: Kurt Hansen Fellowship for STEM Education,Bayer Foundation: Kurt Hansen Fellowship for STEM Education,Undergraduates | Graduates | Doctoral candidates/PhD students,Languages and Cultural Studies | Mathematics and Natural Sciences | Engineering,"Vatican City | San Marino | Monaco | Malta | Jordan | Qatar | Kuwait | Lebanon | Oman | Saudi Arabia | Yemen | Syrian Arab Republic (Syria) | United Arab Emirates | Bhutan | Myanmar | Brunei Darussalam | Taiwan | Hong Kong (CN) | Philippines | Mongolia | Macao (CN) | Lao People's Democratic Republic | 107 | Korea, the Republic of | Cambodia | Vietnam | Guyana | French Guayana | Suriname | Bahamas | Barbados | Bermudas | Dominican Republic | El Salvador | Guadeloupe | Haiti | Belize | Jamaica | Montserrat | Martinique | The Dutch Antilles | Puerto Rico | Trinidad and Tobago | Anguilla | Antigua and Barbuda | Dominica | Grenada | Saint Lucia | Saint Vincent and the Grenadines | Angola | Ethiopia | Botswana | Burundi | Benin | Côte d'Ivoire | Djibouti | Gabon | Libya | Algeria | Eritrea | Central African Republic | Uganda | Chad | Togo | Tanzania, United Republic of | Namibia | Sudan | Somalia | Sierra Leone | Seychelles | Senegal | Sao Tome and Principe | Zambia | Rwanda | Zimbabwe | Réunion | Burkina Faso | Nigeria | Niger | Eswatani | Comoros | Mozambique | Mauritius | Mauritania | Mali | Malawi | Madagascar | Liberia | Lesotho | Congo, Democratic Republic | Congo | Cape Verde | Cameroon | Equatorial Guinea | Guinea-Bissau | Guinea | Ghana | Gambia | Iran | Nepal | Pakistan | Sri Lanka | Fiji | Samoa | Tahiti | Tonga | Papua New Guinea | Nauru | New Caledonia | Solomon Islands | Kiribati | Guam | Saint Kitts and Nevis | Maldives | Germany | Timor-Leste | Micronesia, Federated States of | Marshall Islands | Tuvalu | Vanuatu | Niue | Cook Islands | Morocco | South Africa | Tunisia | Afghanistan | Bangladesh | Egypt | Bulgaria | India | Palau | Montenegro | Kosovo | South Sudan | Indonesia | Israel | Kazakhstan | Croatia | Malaysia | Romania | Singapore | Slovakia | Slovenia | Turkey | Thailand | Czech Republic | Ukraine | China, PR | Cyprus | Estonia | Latvia | Lithuania | Australia | Denmark | Finland | France | Greece | Ireland | Austria | Italy | Japan | Canada | New Zealand | Netherlands | Norway | Poland | Portugal | 38 | Sweden | Switzerland | Spain | United Kingdom | Hungary | United States of America | Uruguay | Argentina | Bolivia | Brazil | Chile | Costa Rica | Ecuador | Guatemala | Honduras | Colombia | Cuba | Mexico | Panama | Paraguay | Peru | Venezuela, Bolivarian Republic of | Nicaragua | Belgium | Palestinian Territories | Kenya | Luxembourg | Albania | Armenia | Azerbaijan | Belarus | Bosnia and Herzegovina | Georgia | Serbia | Kyrgyzstan | North Macedonia | Moldova, Republic of | Tajikistan | Turkmenistan | Uzbekistan | Andorra | Iceland | Liechtenstein | Iraq | Bahrain",Study | Research/Doctorate/PhD | Internship,0,"The Kurt Hansen Fellowship supports teachers, trainee teachers, and students of teaching subjects or pedagogy in the STEM area (mathematics, computer science, natural sciences and technology).<br />
The Kurt Hansen grant can be used for",DAAD,Germany,,,,,,Europe,Rolling / Annual,Fellowship,0,PhD,Research,80,Medium,1,90,PhD,https://www.daad.de/en/,Grant / Scholarship,3-4 Years
238,Munich Aerospace: PhD Scholarships,Munich Aerospace: PhD Scholarships,Doctoral candidates/PhD students,Engineering,"Italy | Austria | Ireland | Greece | France | Finland | Denmark | Australia | Lithuania | Latvia | Estonia | Cyprus | China, PR | Ukraine | Czech Republic | Armenia | Albania | Luxembourg | Kenya | Palestinian Territories | Belgium | Nicaragua | Venezuela, Bolivarian Republic of | Peru | Paraguay | Panama | Mexico | Cuba | Colombia | Honduras | Guatemala | Ecuador | Costa Rica | Chile | Brazil | Bolivia | Argentina | Uruguay | United States of America | Hungary | United Kingdom | Spain | Switzerland | Sweden | 38 | Portugal | Poland | Norway | Netherlands | Zimbabwe | Réunion | Burkina Faso | Nigeria | Niger | Eswatani | Comoros | Mozambique | Mauritius | Mauritania | Mali | Malawi | Madagascar | Liberia | Lesotho | South Sudan | Kosovo | Montenegro | Palau | Guam | Saint Kitts and Nevis | Maldives | Germany | Timor-Leste | Micronesia, Federated States of | Marshall Islands | Tuvalu | Vanuatu | Niue | Cook Islands | Kiribati | Solomon Islands | New Caledonia | Nauru | Papua New Guinea | Tonga | Tahiti | Samoa | Fiji | Sri Lanka | Pakistan | Nepal | Iran | Bangladesh | Afghanistan | Tunisia | Morocco | Libya | Algeria | Eritrea | Central African Republic | Uganda | Chad | Togo | Tanzania, United Republic of | Namibia | Sudan | Somalia | Sierra Leone | Seychelles | Senegal | Sao Tome and Principe | Zambia | Rwanda | New Zealand | Canada | Congo, Democratic Republic | Congo | Cape Verde | Cameroon | Equatorial Guinea | Guinea-Bissau | Guinea | Ghana | Gambia | Gabon | Djibouti | Côte d'Ivoire | Benin | Burundi | Botswana | Ethiopia | Angola | Saint Vincent and the Grenadines | Saint Lucia | Grenada | Dominica | Antigua and Barbuda | Anguilla | Trinidad and Tobago | Puerto Rico | The Dutch Antilles | Martinique | Montserrat | Jamaica | Belize | Haiti | Guadeloupe | El Salvador | Dominican Republic | Bermudas | Barbados | Bahamas | Suriname | French Guayana | Guyana | Vietnam | Japan | Mongolia | Macao (CN) | Lao People's Democratic Republic | 107 | Korea, the Republic of | Cambodia | Hong Kong (CN) | Taiwan | Brunei Darussalam | Myanmar | Bhutan | United Arab Emirates | Syrian Arab Republic (Syria) | Yemen | Saudi Arabia | Oman | Lebanon | Kuwait | Qatar | Jordan | Iraq | Bahrain | Vatican City | San Marino | Monaco | Malta | Liechtenstein | Iceland | Andorra | Uzbekistan | Turkmenistan | Tajikistan | Moldova, Republic of | North Macedonia | Kyrgyzstan | Serbia | Georgia | Bosnia and Herzegovina | Belarus | Azerbaijan | Philippines | Thailand | Turkey | Slovenia | Slovakia | Singapore | Romania | Malaysia | Croatia | Kazakhstan | Israel | Indonesia | India | Bulgaria | Egypt | South Africa",Research/Doctorate/PhD,0,"The Munich Aerospace e.V. Bavarian Research Network was initiated in 2010 to combine key expertise in the field of aerospace and to act as a centre of research, development and training.<br />
<br />
The Munich Aerospace unites 4 entities",DAAD,Germany,,,,,,Europe,Rolling / Annual,Scholarship,0,PhD,Research,80,Medium,1,90,PhD,https://www.daad.de/en/,Grant / Scholarship,3-4 Years
240,Heinrich Böll Foundation: Sur-Place Scholarship Programme,Heinrich Böll Foundation: Sur-Place Scholarship Programme,Graduates | Doctoral candidates/PhD students,"Languages and Cultural Studies | Law, Economics and Social Sciences | Mathematics and Natural Sciences | Human Medicine | Veterinary Medicine, Agricultural, Forest and Nutritional Sciences, Ecology | Engineering | Art, Music and Sport",Costa Rica | Guatemala | Honduras | Cuba | Nicaragua | El Salvador | Haiti,Study | Research/Doctorate/PhD,0,"Since 1997, the Heinrich Böll Foundation supports graduates from Latin America through its Sur-Place Programme in Mexico. The programme aims at strengthening and professionalising the expert and leadership potential in Central America.",DAAD,Germany,,,,,,Europe,Rolling / Annual,Scholarship,0,PhD,Research,80,Medium,1,90,PhD,https://www.daad.de/en/,Grant / Scholarship,3-4 Years
306,Country-related cooperation programme with Argentina (ALEARG),Country-related cooperation programme with Argentina (ALEARG),Undergraduates | Postdoctoral researchers | Graduates | Doctoral candidates/PhD students | Faculty,"Languages and Cultural Studies | Law, Economics and Social Sciences | Mathematics and Natural Sciences | Human Medicine | Veterinary Medicine, Agricultural, Forest and Nutritional Sciences, Ecology | Engineering | Art, Music and Sport",Argentina,Study | Research/Doctorate/PhD,1,"Students, graduates, doctoral candidates and postdocs receive a scholarship to complete a study or research stay or a Master's, postgraduate or doctoral degree in Germany",DAAD,Germany,,,,,,Europe,Rolling / Annual,Scholarship,0,Postdoc,Research,80,Very High,1,90,Postdoc,https://www.daad.de/en/,Grant / Scholarship,6-24 Months
318,DAAD/NSTC- Sandwich- Scholarship Programme,DAAD/NSTC- Sandwich- Scholarship Programme,Doctoral candidates/PhD students,"Languages and Cultural Studies | Law, Economics and Social Sciences | Mathematics and Natural Sciences | Human Medicine | Veterinary Medicine, Agricultural, Forest and Nutritional Sciences, Ecology | Engineering | Art, Music and Sport",Taiwan,Research/Doctorate/PhD,1,The sandwich scholarships offered by the National Science and Technology Council - NSTC are aimed at doctoral candidates from all disciplines who are already taking a doctoral degree in Taiwan,DAAD,Germany,,,,,,Europe,Rolling / Annual,Scholarship,0,PhD,Research,80,Medium,1,90,PhD,https://www.daad.de/en/,Grant / Scholarship,3-4 Years
327,German Studies Research Grant,German Studies Research Grant,Undergraduates | Graduates | Doctoral candidates/PhD students,"Languages and Cultural Studies | Law, Economics and Social Sciences | Art, Music and Sport",Canada | United States of America,Research/Doctorate/PhD,1,Grants that offer qualified students from North America the opportunity to spend 1 to 2 months in Germany researching subjects relating to current or historical German affairs.,DAAD,Germany,,,,,,Europe,Rolling / Annual,Grant,0,PhD,Research,80,Medium,1,90,PhD,https://www.daad.de/en/,Grant / Scholarship,3-4 Years
341,Government Scholarships Programme Oman,Government Scholarships Programme Oman,Undergraduates,"Languages and Cultural Studies | Law, Economics and Social Sciences | Mathematics and Natural Sciences | Human Medicine | Engineering",Oman,Study,1,The programme is aimed at students from Oman who wish to take a Bachelor degree in Germany.,DAAD,Germany,,,,,,Europe,Rolling / Annual,Scholarship,0,Bachelor,Study,80,Medium,1,90,Bachelor,https://www.daad.de/en/,Grant / Scholarship,3-5 Years
351,Government Scholarships Programme Tunesia,Government Scholarships Programme Tunesia,Undergraduates,Engineering,Tunisia,Study,1, The programme is aimed at engineering students from Tunisia who wish to take a Bachelor or Master’s degree in Germany.,DAAD,Germany,,,,,,Europe,Rolling / Annual,Scholarship,0,Masters,Study,80,Medium,1,90,Masters,https://www.daad.de/en/,Grant / Scholarship,1-2 Years
1104,"BAYHOST: Scholarships for students and young academics from Central, Eastern and Southeastern Europe for summer language courses","BAYHOST: Scholarships for students and young academics from Central, Eastern and Southeastern Europe for summer language courses",Undergraduates | Postdoctoral researchers | Graduates | Doctoral candidates/PhD students | Faculty,"Languages and Cultural Studies | Law, Economics and Social Sciences | Mathematics and Natural Sciences | Human Medicine | Veterinary Medicine, Agricultural, Forest and Nutritional Sciences, Ecology | Engineering | Art, Music and Sport",Croatia | Slovenia | Ukraine | Albania | Bosnia and Herzegovina | Serbia | North Macedonia | Montenegro | Kosovo,Language Course,0,"Students and young academics from Albania, Bosnia and Herzegovina, Croatia, Kosovo, Montenegro, North Macedonia, Serbia, Slovenia and Ukraine with intermediate German knowledge (at least B1-level) are eligible to apply for the summer school",DAAD,Germany,,,,,,Europe,Rolling / Annual,Scholarship,0,Postdoc,Study,80,Very High,1,90,Postdoc,https://www.daad.de/en/,Grant / Scholarship,6-24 Months
1213,German-Czech Fund for the Future: Grants for Study Stays of German and Czech Students in the Neighbour Countries,German-Czech Fund for the Future: Grants for Study Stays of German and Czech Students in the Neighbour Countries,Undergraduates | Graduates | Doctoral candidates/PhD students,"Languages and Cultural Studies | Law, Economics and Social Sciences",Czech Republic | Germany,Study | Research/Doctorate/PhD,0,"The German-Czech Fund for the Future was launched in 1998 to create and support trust, encounters and cooperation between Germans and Czechs. The Fund's scholarship programme is aimed at German and Czech students researching German-Czech",DAAD,Germany,,,,,,Europe,Rolling / Annual,Scholarship,0,PhD,Research,80,Medium,1,90,PhD,https://www.daad.de/en/,Grant / Scholarship,3-4 Years
1445,Important Information,Important Information,Undergraduates | Postdoctoral researchers | Graduates | Doctoral candidates/PhD students | Faculty,"Languages and Cultural Studies | Law, Economics and Social Sciences | Mathematics and Natural Sciences | Human Medicine | Veterinary Medicine, Agricultural, Forest and Nutritional Sciences, Ecology | Engineering | Art, Music and Sport",French Guayana | Bermudas | Guadeloupe | Montserrat | Martinique | Puerto Rico | Anguilla | Réunion | Tahiti | New Caledonia | Guam,Study | Research/Doctorate/PhD | Language Course | Internship | Teaching,1,- In the case of politically non-independent countries of origin -,DAAD,Germany,,,,,,Europe,Rolling / Annual,Scholarship,0,Postdoc,Research,80,Very High,1,90,Postdoc,https://www.daad.de/en/,Grant / Scholarship,6-24 Months
1446,Canon Foundation Research Fellowship,Canon Foundation Research Fellowship,Postdoctoral researchers | Graduates | Doctoral candidates/PhD students | Faculty,"Languages and Cultural Studies | Law, Economics and Social Sciences | Mathematics and Natural Sciences | Human Medicine | Veterinary Medicine, Agricultural, Forest and Nutritional Sciences, Ecology | Engineering | Art, Music and Sport","Bulgaria | Israel | Croatia | Romania | Slovakia | Slovenia | Turkey | Czech Republic | Ukraine | Estonia | Latvia | Lithuania | Denmark | Finland | France | Greece | Ireland | Austria | Italy | Japan | Netherlands | Norway | Poland | Portugal | Sweden | Switzerland | Spain | United Kingdom | Hungary | Belgium | Luxembourg | Albania | Bosnia and Herzegovina | Serbia | North Macedonia | Moldova, Republic of | Andorra | Iceland | Liechtenstein | Malta | Monaco | San Marino | Vatican City | Germany | Montenegro | Kosovo",Research/Doctorate/PhD,0,"Annually, the Canon Foundation in Europe grants up to 15 fellowships to European researchers to enable them to continue their studies in Japan. The same applies to PhD researchers based in Japan in relation to their studies in Europe. This",DAAD,Germany,,,,,,Europe,Rolling / Annual,Fellowship,0,Postdoc,Research,80,Very High,1,90,Postdoc,https://www.daad.de/en/,Grant / Scholarship,6-24 Months
1489,Evangelisches Studienwerk: Scholarship for Students With Refugee Status,Evangelisches Studienwerk: Scholarship for Students With Refugee Status,Undergraduates,"Languages and Cultural Studies | Law, Economics and Social Sciences | Mathematics and Natural Sciences | Human Medicine | Veterinary Medicine, Agricultural, Forest and Nutritional Sciences, Ecology | Engineering | Art, Music and Sport","South Africa | Egypt | Bulgaria | India | Indonesia | Israel | Kazakhstan | Croatia | Malaysia | Romania | Singapore | Slovakia | Slovenia | Turkey | Thailand | Czech Republic | Ukraine | China, PR | Cyprus | Estonia | Latvia | Lithuania | Australia | Denmark | Finland | France | Greece | Ireland | Austria | Italy | Japan | Canada | New Zealand | Netherlands | Norway | Poland | Portugal | 38 | Sweden | Switzerland | Spain | United Kingdom | Hungary | United States of America | Uruguay | Argentina | Bolivia | Brazil | Chile | Costa Rica | Ecuador | Guatemala | Honduras | Colombia | Cuba | Mexico | Panama | Paraguay | Peru | Venezuela, Bolivarian Republic of | Nicaragua | Belgium | Palestinian Territories | Kenya | Luxembourg | Albania | Armenia | Azerbaijan | Belarus | Bosnia and Herzegovina | Georgia | Serbia | Kyrgyzstan | North Macedonia | Moldova, Republic of | Tajikistan | Turkmenistan | Uzbekistan | Andorra | Iceland | Liechtenstein | Malta | Monaco | San Marino | Vatican City | Bahrain | Iraq | Jordan | Qatar | Kuwait | Lebanon | Oman | Saudi Arabia | Yemen | Syrian Arab Republic (Syria) | United Arab Emirates | Bhutan | Myanmar | Brunei Darussalam | Taiwan | Hong Kong (CN) | Cambodia | Korea, the Republic of | 107 | Lao People's Democratic Republic | Macao (CN) | Mongolia | Philippines | Vietnam | Guyana | French Guayana | Suriname | Bahamas | Barbados | Bermudas | Dominican Republic | El Salvador | Guadeloupe | Haiti | Belize | Jamaica | Montserrat | Martinique | The Dutch Antilles | Puerto Rico | Trinidad and Tobago | Anguilla | Antigua and Barbuda | Dominica | Grenada | Saint Lucia | Saint Vincent and the Grenadines | Angola | Ethiopia | Botswana | Burundi | Benin | Côte d'Ivoire | Djibouti | Gabon | Gambia | Ghana | Guinea | Guinea-Bissau | Equatorial Guinea | Cameroon | Cape Verde | Congo | Congo, Democratic Republic | Lesotho | Liberia | Madagascar | Malawi | Mali | Mauritania | Mauritius | Mozambique | Comoros | Eswatani | Niger | Nigeria | Burkina Faso | Réunion | Zimbabwe | Rwanda | Zambia | Sao Tome and Principe | Senegal | Seychelles | Sierra Leone | Somalia | Sudan | Namibia | Tanzania, United Republic of | Togo | Chad | Uganda | Central African Republic | Eritrea | Algeria | Libya | Morocco | Tunisia | Afghanistan | Bangladesh | Iran | Nepal | Pakistan | Sri Lanka | Fiji | Samoa | Tahiti | Tonga | Papua New Guinea | Nauru | New Caledonia | Solomon Islands | Kiribati | Cook Islands | Niue | Vanuatu | Tuvalu | Marshall Islands | Micronesia, Federated States of | Timor-Leste | Maldives | Saint Kitts and Nevis | Guam | Palau | Montenegro | Kosovo | South Sudan",Study,0,The scholarship is aimed at refugees who are studying at German institutions of higher education. Candidates from all disciplines and subjects are welcome to apply. The grant amount is of up to 855 EUR each month plus 300 EUR flat rate for,DAAD,Germany,,,,,,Europe,Rolling / Annual,Grant,0,Bachelor,Study,80,Medium,1,90,Bachelor,https://www.daad.de/en/,Grant / Scholarship,3-5 Years
1662,German Bundestag: International Parliamentary Scholarships: Programme Arab Countries,German Bundestag: International Parliamentary Scholarships: Programme Arab Countries,Graduates,"Languages and Cultural Studies | Law, Economics and Social Sciences | Mathematics and Natural Sciences | Human Medicine | Veterinary Medicine, Agricultural, Forest and Nutritional Sciences, Ecology | Engineering | Art, Music and Sport",Tunisia | Jordan | Qatar | Kuwait | Libya | Syrian Arab Republic (Syria) | Palestinian Territories | Saudi Arabia | United Arab Emirates | Oman | Yemen | Algeria | Bahrain | Iraq | Morocco | Lebanon | Egypt,Internship,0,"The German Bundestag invites politically engaged graduates from the Arab region to take part in a scholarship programme in Berlin from 1 to 30 September each year.<br />
<br />
The International Parliamentary Scholarship (IPS) programme",DAAD,Germany,,,,,,Europe,Rolling / Annual,Scholarship,0,Masters,Study,80,Medium,1,90,Masters,https://www.daad.de/en/,Grant / Scholarship,1-2 Years
1690,Scholarships for Language and Short Courses (Summer or Winter Schools) for Students and Researchers from the Czech Republic,Scholarships for Language and Short Courses (Summer or Winter Schools) for Students and Researchers from the Czech Republic,Undergraduates | Postdoctoral researchers | Graduates | Doctoral candidates/PhD students | Faculty,"Languages and Cultural Studies | Law, Economics and Social Sciences | Mathematics and Natural Sciences | Human Medicine | Veterinary Medicine, Agricultural, Forest and Nutritional Sciences, Ecology | Engineering | Art, Music and Sport",Czech Republic,Study | Language Course,0,The scholarship is intended to meet the costs students and researchers from higher education institutions in the Czech Republic incur when attending language and short courses  at a state or state-funded higher education institution in the,DAAD,Germany,,,,,,Europe,Rolling / Annual,Scholarship,0,Postdoc,Research,80,Very High,1,90,Postdoc,https://www.daad.de/en/,Grant / Scholarship,6-24 Months
1727,German Academic Scholarship Foundation: Doctoral Scholarships,German Academic Scholarship Foundation: Doctoral Scholarships,Doctoral candidates/PhD students,"Languages and Cultural Studies | Law, Economics and Social Sciences | Mathematics and Natural Sciences | Human Medicine | Veterinary Medicine, Agricultural, Forest and Nutritional Sciences, Ecology | Engineering | Art, Music and Sport","South Africa | Egypt | Bulgaria | India | Indonesia | Israel | Kazakhstan | Croatia | Malaysia | Romania | Singapore | Slovakia | Slovenia | Turkey | Thailand | Czech Republic | Ukraine | China, PR | Cyprus | Estonia | Latvia | Lithuania | Australia | Denmark | Finland | France | Greece | Ireland | Austria | Italy | Japan | Canada | New Zealand | Netherlands | Norway | Poland | Portugal | 38 | Sweden | Switzerland | Spain | United Kingdom | Hungary | United States of America | Uruguay | Argentina | Bolivia | Brazil | Chile | Costa Rica | Ecuador | Guatemala | Honduras | Colombia | Cuba | Mexico | Panama | Paraguay | Peru | Venezuela, Bolivarian Republic of | Nicaragua | Belgium | Palestinian Territories | Kenya | Luxembourg | Albania | Armenia | Azerbaijan | Belarus | Bosnia and Herzegovina | Georgia | Serbia | Kyrgyzstan | North Macedonia | Moldova, Republic of | Tajikistan | Turkmenistan | Uzbekistan | Andorra | Iceland | Liechtenstein | Malta | Monaco | San Marino | Vatican City | Bahrain | Iraq | Jordan | Qatar | Kuwait | Lebanon | Oman | Saudi Arabia | Yemen | Syrian Arab Republic (Syria) | United Arab Emirates | Bhutan | Myanmar | Brunei Darussalam | Taiwan | Hong Kong (CN) | Cambodia | Korea, the Republic of | 107 | Lao People's Democratic Republic | Macao (CN) | Mongolia | Philippines | Vietnam | Guyana | French Guayana | Suriname | Bahamas | Barbados | Bermudas | Dominican Republic | El Salvador | Guadeloupe | Haiti | Belize | Jamaica | Montserrat | Martinique | The Dutch Antilles | Puerto Rico | Trinidad and Tobago | Anguilla | Antigua and Barbuda | Dominica | Grenada | Saint Lucia | Saint Vincent and the Grenadines | Angola | Ethiopia | Botswana | Burundi | Benin | Côte d'Ivoire | Djibouti | Gabon | Gambia | Ghana | Guinea | Guinea-Bissau | Equatorial Guinea | Cameroon | Cape Verde | Congo | Congo, Democratic Republic | Lesotho | Liberia | Madagascar | Malawi | Mali | Mauritania | Mauritius | Mozambique | Comoros | Eswatani | Niger | Nigeria | Burkina Faso | Réunion | Zimbabwe | Rwanda | Zambia | Sao Tome and Principe | Senegal | Seychelles | Sierra Leone | Somalia | Sudan | Namibia | Tanzania, United Republic of | Togo | Chad | Uganda | Central African Republic | Eritrea | Algeria | Libya | Morocco | Tunisia | Afghanistan | Bangladesh | Iran | Nepal | Pakistan | Sri Lanka | Fiji | Samoa | Tahiti | Tonga | Papua New Guinea | Nauru | New Caledonia | Solomon Islands | Kiribati | Cook Islands | Niue | Vanuatu | Tuvalu | Marshall Islands | Micronesia, Federated States of | Timor-Leste | Germany | Maldives | Saint Kitts and Nevis | Guam | Palau | Montenegro | Kosovo | South Sudan",Research/Doctorate/PhD,0,"In line with its statutes, the Studienstiftung des deutschen Volkes (German Academic Scholarship Foundation) supports the university education of young people who, because of their exceptional academic or artistic talents and personal",DAAD,Germany,,,,,,Europe,Rolling / Annual,Scholarship,0,PhD,Research,80,Medium,1,90,PhD,https://www.daad.de/en/,Grant / Scholarship,3-4 Years
1780,German Academic Scholarship Foundation: Scholarships for Students,German Academic Scholarship Foundation: Scholarships for Students,Undergraduates | Graduates,"Languages and Cultural Studies | Law, Economics and Social Sciences | Mathematics and Natural Sciences | Human Medicine | Veterinary Medicine, Agricultural, Forest and Nutritional Sciences, Ecology | Engineering | Art, Music and Sport","Eswatani | Niger | Nigeria | Burkina Faso | Réunion | Croatia | Malaysia | Romania | Singapore | Slovakia | Slovenia | Turkey | Thailand | Czech Republic | Ukraine | China, PR | Cyprus | Estonia | Latvia | Lithuania | Australia | Denmark | Finland | France | Greece | Ireland | Austria | Italy | Japan | Canada | New Zealand | Netherlands | Norway | Poland | Portugal | 38 | Sweden | Switzerland | Spain | United Kingdom | Hungary | United States of America | Uruguay | Chile | Brazil | Bolivia | Argentina | Costa Rica | Ecuador | Guatemala | Honduras | Colombia | Cuba | Mexico | Panama | Paraguay | Peru | Venezuela, Bolivarian Republic of | Nicaragua | Belgium | Palestinian Territories | Kenya | Luxembourg | Albania | Armenia | Azerbaijan | Belarus | Bosnia and Herzegovina | Georgia | Serbia | Kyrgyzstan | North Macedonia | Moldova, Republic of | Tajikistan | Turkmenistan | Uzbekistan | Andorra | Iceland | Liechtenstein | Malta | Monaco | San Marino | Vatican City | Bahrain | Iraq | Jordan | Qatar | Kuwait | Lebanon | Oman | Saudi Arabia | Yemen | Syrian Arab Republic (Syria) | United Arab Emirates | Bhutan | Myanmar | Brunei Darussalam | Taiwan | Hong Kong (CN) | Cambodia | Korea, the Republic of | 107 | Lao People's Democratic Republic | Macao (CN) | Mongolia | Philippines | Vietnam | Guyana | French Guayana | Suriname | Bahamas | Barbados | Bermudas | Dominican Republic | El Salvador | Guadeloupe | Haiti | Belize | Jamaica | Montserrat | Martinique | The Dutch Antilles | Puerto Rico | Trinidad and Tobago | Anguilla | Antigua and Barbuda | Dominica | Grenada | Saint Lucia | Saint Vincent and the Grenadines | Angola | Ethiopia | Botswana | Burundi | Benin | Côte d'Ivoire | Djibouti | Gabon | Gambia | Ghana | Guinea | Guinea-Bissau | Equatorial Guinea | Cameroon | Cape Verde | Congo | Congo, Democratic Republic | Lesotho | Liberia | Madagascar | Malawi | Mali | Mauritania | Mauritius | Mozambique | Comoros | Zimbabwe | Rwanda | Zambia | Sao Tome and Principe | Senegal | Seychelles | Sierra Leone | Somalia | Sudan | Namibia | Tanzania, United Republic of | Togo | Chad | Uganda | Central African Republic | Eritrea | Algeria | Libya | Morocco | Tunisia | Afghanistan | Bangladesh | Iran | Nepal | Pakistan | Sri Lanka | Fiji | Samoa | Tahiti | Tonga | Papua New Guinea | Nauru | New Caledonia | Solomon Islands | Kiribati | Cook Islands | Niue | Vanuatu | Tuvalu | Marshall Islands | Micronesia, Federated States of | Timor-Leste | Germany | Maldives | Saint Kitts and Nevis | Guam | Palau | Montenegro | Kosovo | South Sudan | South Africa | Egypt | Bulgaria | India | Indonesia | Israel | Kazakhstan",Study,0,"The Studienstiftung sponsors students whose talent and personality shows exceptional promise for contributing to the community.<br />
Eligible candidates for a scholarship are:<br />
students at a state or state-recognised higher",DAAD,Germany,,,,,,Europe,Rolling / Annual,Scholarship,0,Bachelor,Study,80,Medium,1,90,Bachelor,https://www.daad.de/en/,Grant / Scholarship,3-5 Years
1826,Ernst Ludwig Ehrlich Studienwerk: Doctoral Scholarship,Ernst Ludwig Ehrlich Studienwerk: Doctoral Scholarship,Doctoral candidates/PhD students,"Languages and Cultural Studies | Law, Economics and Social Sciences | Mathematics and Natural Sciences | Veterinary Medicine, Agricultural, Forest and Nutritional Sciences, Ecology | Engineering | Art, Music and Sport","South Africa | Egypt | Bulgaria | India | Indonesia | Israel | Kazakhstan | Croatia | Malaysia | Romania | Singapore | Slovakia | Slovenia | Turkey | Thailand | Czech Republic | Ukraine | China, PR | Cyprus | Estonia | Latvia | Lithuania | Australia | Denmark | Finland | France | Greece | Ireland | Austria | Italy | Japan | Canada | New Zealand | Netherlands | Norway | Poland | Portugal | 38 | Sweden | Switzerland | Spain | United Kingdom | Hungary | United States of America | Uruguay | Argentina | Bolivia | Brazil | Chile | Costa Rica | Ecuador | Guatemala | Honduras | Colombia | Cuba | Mexico | Panama | Paraguay | Peru | Venezuela, Bolivarian Republic of | Nicaragua | Belgium | Palestinian Territories | Kenya | Luxembourg | Albania | Armenia | Azerbaijan | Belarus | Bosnia and Herzegovina | Georgia | Serbia | Kyrgyzstan | North Macedonia | Moldova, Republic of | Tajikistan | Turkmenistan | Uzbekistan | Andorra | Iceland | Liechtenstein | Malta | Monaco | San Marino | Vatican City | Bahrain | Iraq | Jordan | Qatar | Kuwait | Lebanon | Oman | Saudi Arabia | Yemen | Syrian Arab Republic (Syria) | United Arab Emirates | Bhutan | Myanmar | Brunei Darussalam | Taiwan | Hong Kong (CN) | Cambodia | Korea, the Republic of | 107 | Lao People's Democratic Republic | Macao (CN) | Mongolia | Philippines | Vietnam | Guyana | French Guayana | Suriname | Bahamas | Barbados | Bermudas | Dominican Republic | El Salvador | Guadeloupe | Haiti | Belize | Jamaica | Montserrat | Martinique | The Dutch Antilles | Puerto Rico | Trinidad and Tobago | Anguilla | Antigua and Barbuda | Dominica | Grenada | Saint Lucia | Saint Vincent and the Grenadines | Angola | Ethiopia | Botswana | Burundi | Benin | Côte d'Ivoire | Djibouti | Gabon | Gambia | Ghana | Guinea | Guinea-Bissau | Equatorial Guinea | Cameroon | Cape Verde | Congo | Congo, Democratic Republic | Lesotho | Liberia | Madagascar | Malawi | Mali | Mauritania | Mauritius | Mozambique | Comoros | Eswatani | Niger | Nigeria | Burkina Faso | Réunion | Zimbabwe | Rwanda | Zambia | Sao Tome and Principe | Senegal | Seychelles | Sierra Leone | Somalia | Sudan | Namibia | Tanzania, United Republic of | Togo | Chad | Uganda | Central African Republic | Eritrea | Algeria | Libya | Morocco | Tunisia | Afghanistan | Bangladesh | Iran | Nepal | Pakistan | Sri Lanka | Fiji | Samoa | Tahiti | Tonga | Papua New Guinea | Nauru | New Caledonia | Solomon Islands | Kiribati | Cook Islands | Niue | Vanuatu | Tuvalu | Marshall Islands | Micronesia, Federated States of | Timor-Leste | Germany | Maldives | Saint Kitts and Nevis | Guam | Palau | Montenegro | Kosovo | South Sudan",Research/Doctorate/PhD,0,The Ernst Ludwig Ehrlich Studienwerk (ELES) is one of the foundations for the development of talent which are supported by the German Federal Ministry of Education and Research (BMBF). The Studienwerk specifically promotes talented Jewish,DAAD,Germany,,,,,,Europe,Rolling / Annual,Scholarship,0,PhD,Research,80,Medium,1,90,PhD,https://www.daad.de/en/,Grant / Scholarship,3-4 Years
1844,RWTH International Academy: Women in Engineering Scholarship,RWTH International Academy: Women in Engineering Scholarship,Graduates,Engineering,"South Africa | Egypt | Bulgaria | India | Indonesia | Israel | Kazakhstan | Croatia | Malaysia | Romania | Singapore | Slovakia | Slovenia | Turkey | Thailand | Czech Republic | Ukraine | China, PR | Cyprus | Estonia | Latvia | Lithuania | Australia | Denmark | Finland | France | Greece | Ireland | Austria | Italy | Japan | Canada | New Zealand | Netherlands | Norway | Poland | Portugal | 38 | Sweden | Switzerland | Spain | United Kingdom | Hungary | United States of America | Uruguay | Argentina | Bolivia | Brazil | Chile | Costa Rica | Ecuador | Guatemala | Honduras | Colombia | Cuba | Mexico | Panama | Paraguay | Peru | Venezuela, Bolivarian Republic of | Nicaragua | Belgium | Palestinian Territories | Kenya | Luxembourg | Albania | Armenia | Azerbaijan | Belarus | Bosnia and Herzegovina | Georgia | Serbia | Kyrgyzstan | North Macedonia | Moldova, Republic of | Tajikistan | Turkmenistan | Uzbekistan | Andorra | Iceland | Liechtenstein | Malta | Monaco | San Marino | Vatican City | Bahrain | Iraq | Jordan | Qatar | Kuwait | Lebanon | Oman | Saudi Arabia | Yemen | Syrian Arab Republic (Syria) | United Arab Emirates | Bhutan | Myanmar | Brunei Darussalam | Taiwan | Hong Kong (CN) | Cambodia | Korea, the Republic of | 107 | Lao People's Democratic Republic | Macao (CN) | Mongolia | Philippines | Vietnam | Guyana | French Guayana | Suriname | Bahamas | Barbados | Bermudas | Dominican Republic | El Salvador | Guadeloupe | Haiti | Belize | Jamaica | Montserrat | Martinique | The Dutch Antilles | Puerto Rico | Trinidad and Tobago | Anguilla | Antigua and Barbuda | Dominica | Grenada | Saint Lucia | Saint Vincent and the Grenadines | Angola | Ethiopia | Botswana | Burundi | Benin | Côte d'Ivoire | Djibouti | Gabon | Gambia | Ghana | Guinea | Guinea-Bissau | Equatorial Guinea | Cameroon | Cape Verde | Congo | Congo, Democratic Republic | Lesotho | Liberia | Madagascar | Malawi | Mali | Mauritania | Mauritius | Mozambique | Comoros | Eswatani | Niger | Nigeria | Burkina Faso | Réunion | Zimbabwe | Rwanda | Zambia | Sao Tome and Principe | Senegal | Seychelles | Sierra Leone | Somalia | Sudan | Namibia | Tanzania, United Republic of | Togo | Chad | Uganda | Central African Republic | Eritrea | Algeria | Libya | Morocco | Tunisia | Afghanistan | Bangladesh | Iran | Nepal | Pakistan | Sri Lanka | Fiji | Samoa | Tahiti | Tonga | Papua New Guinea | Nauru | New Caledonia | Solomon Islands | Kiribati | Cook Islands | Niue | Vanuatu | Tuvalu | Marshall Islands | Micronesia, Federated States of | Timor-Leste | Maldives | Saint Kitts and Nevis | Guam | Palau | Montenegro | Kosovo | South Sudan",Study,0,This scholarship was created to enable for more qualified female engineering students to pursue a Master’s degree programme and establish gender equality among students of English-language Master’s degree programmes at RWTH,DAAD,Germany,,,,,,Europe,Rolling / Annual,Scholarship,0,Masters,Study,80,Medium,1,90,Masters,https://www.daad.de/en/,Grant / Scholarship,1-2 Years
1865,ALECOSTA: Alemania-Costa Rica,ALECOSTA: Alemania-Costa Rica,Graduates | Doctoral candidates/PhD students,"Languages and Cultural Studies | Law, Economics and Social Sciences | Mathematics and Natural Sciences | Human Medicine | Veterinary Medicine, Agricultural, Forest and Nutritional Sciences, Ecology | Engineering | Art, Music and Sport",Costa Rica,Study | Research/Doctorate/PhD,1,"Based on an agreement between CONARE and the DAAD, university lecturers from four Costa Rican universities receive funding to obtain further qualifications in Germany with scholarships for Master's and doctoral degrees.",DAAD,Germany,,,,,,Europe,Rolling / Annual,Scholarship,0,PhD,Research,80,Medium,1,90,PhD,https://www.daad.de/en/,Grant / Scholarship,3-4 Years
1941,Hertie School: Human Rights Scholarship,Hertie School: Human Rights Scholarship,Graduates,"Law, Economics and Social Sciences","South Africa | Egypt | Bulgaria | India | Indonesia | Israel | Kazakhstan | Croatia | Malaysia | Romania | Singapore | Slovakia | Slovenia | Turkey | Thailand | Czech Republic | Ukraine | China, PR | Cyprus | Estonia | Latvia | Lithuania | Australia | Denmark | Finland | France | Greece | Ireland | Austria | Italy | Japan | Canada | New Zealand | Netherlands | Norway | Poland | Portugal | 38 | Sweden | Switzerland | Spain | United Kingdom | Hungary | United States of America | Uruguay | Argentina | Bolivia | Brazil | Chile | Costa Rica | Ecuador | Guatemala | Honduras | Colombia | Cuba | Mexico | Panama | Paraguay | Peru | Venezuela, Bolivarian Republic of | Nicaragua | Belgium | Palestinian Territories | Kenya | Luxembourg | Albania | Armenia | Azerbaijan | Belarus | Bosnia and Herzegovina | Georgia | Serbia | Kyrgyzstan | North Macedonia | Moldova, Republic of | Tajikistan | Turkmenistan | Uzbekistan | Andorra | Iceland | Liechtenstein | Malta | Monaco | San Marino | Vatican City | Bahrain | Iraq | Jordan | Qatar | Kuwait | Lebanon | Oman | Saudi Arabia | Yemen | Syrian Arab Republic (Syria) | United Arab Emirates | Bhutan | Myanmar | Brunei Darussalam | Taiwan | Hong Kong (CN) | Cambodia | Korea, the Republic of | 107 | Lao People's Democratic Republic | Macao (CN) | Mongolia | Philippines | Vietnam | Guyana | French Guayana | Suriname | Bahamas | Barbados | Bermudas | Dominican Republic | El Salvador | Guadeloupe | Haiti | Belize | Jamaica | Montserrat | Martinique | The Dutch Antilles | Puerto Rico | Trinidad and Tobago | Anguilla | Antigua and Barbuda | Dominica | Grenada | Saint Lucia | Saint Vincent and the Grenadines | Angola | Ethiopia | Botswana | Burundi | Benin | Côte d'Ivoire | Djibouti | Gabon | Gambia | Ghana | Guinea | Guinea-Bissau | Equatorial Guinea | Cameroon | Cape Verde | Congo | Congo, Democratic Republic | Lesotho | Liberia | Madagascar | Malawi | Mali | Mauritania | Mauritius | Mozambique | Comoros | Eswatani | Niger | Nigeria | Burkina Faso | Réunion | Zimbabwe | Rwanda | Zambia | Sao Tome and Principe | Senegal | Seychelles | Sierra Leone | Somalia | Sudan | Namibia | Tanzania, United Republic of | Togo | Chad | Uganda | Central African Republic | Eritrea | Algeria | Libya | Morocco | Tunisia | Afghanistan | Bangladesh | Iran | Nepal | Pakistan | Sri Lanka | Fiji | Samoa | Tahiti | Tonga | Papua New Guinea | Nauru | New Caledonia | Solomon Islands | Kiribati | Cook Islands | Niue | Vanuatu | Tuvalu | Marshall Islands | Micronesia, Federated States of | Timor-Leste | Germany | Maldives | Saint Kitts and Nevis | Guam | Palau | Montenegro | Kosovo | South Sudan",Study,0,"The Human Rights Scholarship from the Hertie School is a full tuition scholarship, available for applicants of all nationalities who wish to pursue a 2-year, full-time, Master of International Affairs programme taught in English in Berlin,",DAAD,Germany,,,,,,Europe,Rolling / Annual,Scholarship,0,Masters,Study,80,Medium,1,90,Masters,https://www.daad.de/en/,Grant / Scholarship,1-2 Years
2041,Federal Ministry of Education and Research: Digital GreenTalents Award,Federal Ministry of Education and Research: Digital GreenTalents Award,Graduates | Doctoral candidates/PhD students,"Languages and Cultural Studies | Law, Economics and Social Sciences | Mathematics and Natural Sciences | Human Medicine | Veterinary Medicine, Agricultural, Forest and Nutritional Sciences, Ecology | Engineering | Art, Music and Sport","South Africa | Egypt | Bulgaria | India | Indonesia | Israel | Kazakhstan | Croatia | Malaysia | Romania | Singapore | Slovakia | Slovenia | Turkey | Thailand | Czech Republic | Ukraine | China, PR | Cyprus | Estonia | Latvia | Lithuania | Australia | Denmark | Finland | France | Greece | Ireland | Austria | Italy | Japan | Canada | New Zealand | Netherlands | Norway | Poland | Portugal | 38 | Sweden | Switzerland | Spain | United Kingdom | Hungary | United States of America | Uruguay | Argentina | Bolivia | Brazil | Chile | Costa Rica | Ecuador | Guatemala | Honduras | Colombia | Cuba | Mexico | Panama | Paraguay | Peru | Venezuela, Bolivarian Republic of | Nicaragua | Belgium | Palestinian Territories | Kenya | Luxembourg | Albania | Armenia | Azerbaijan | Belarus | Bosnia and Herzegovina | Georgia | Serbia | Kyrgyzstan | North Macedonia | Moldova, Republic of | Tajikistan | Turkmenistan | Uzbekistan | Andorra | Iceland | Liechtenstein | Malta | Monaco | San Marino | Vatican City | Bahrain | Iraq | Jordan | Qatar | Kuwait | Lebanon | Oman | Saudi Arabia | Yemen | Syrian Arab Republic (Syria) | United Arab Emirates | Bhutan | Myanmar | Brunei Darussalam | Taiwan | Hong Kong (CN) | Cambodia | Korea, the Republic of | 107 | Lao People's Democratic Republic | Macao (CN) | Mongolia | Philippines | Vietnam | Guyana | French Guayana | Suriname | Bahamas | Barbados | Bermudas | Dominican Republic | El Salvador | Guadeloupe | Haiti | Belize | Jamaica | Montserrat | Martinique | The Dutch Antilles | Puerto Rico | Trinidad and Tobago | Anguilla | Antigua and Barbuda | Dominica | Grenada | Saint Lucia | Saint Vincent and the Grenadines | Angola | Ethiopia | Botswana | Burundi | Benin | Côte d'Ivoire | Djibouti | Gabon | Gambia | Ghana | Guinea | Guinea-Bissau | Equatorial Guinea | Cameroon | Cape Verde | Congo | Congo, Democratic Republic | Lesotho | Liberia | Madagascar | Malawi | Mali | Mauritania | Mauritius | Mozambique | Comoros | Eswatani | Niger | Nigeria | Burkina Faso | Réunion | Zimbabwe | Rwanda | Zambia | Sao Tome and Principe | Senegal | Seychelles | Sierra Leone | Somalia | Sudan | Namibia | Tanzania, United Republic of | Togo | Chad | Uganda | Central African Republic | Eritrea | Algeria | Libya | Morocco | Tunisia | Afghanistan | Bangladesh | Iran | Nepal | Pakistan | Sri Lanka | Fiji | Samoa | Tahiti | Tonga | Papua New Guinea | Nauru | New Caledonia | Solomon Islands | Kiribati | Cook Islands | Niue | Vanuatu | Tuvalu | Marshall Islands | Micronesia, Federated States of | Timor-Leste | Germany | Maldives | Saint Kitts and Nevis | Guam | Palau | Montenegro | Kosovo | South Sudan",Research/Doctorate/PhD,0,"Artificial intelligence precisely sorts valuable raw materials, collection robots remove waste from the environment, or digital twins enable sustainable urban planning: The digital age offers powerful tools like robotics to find solutions",DAAD,Germany,,,,,,Europe,Rolling / Annual,Scholarship,0,PhD,Research,80,Medium,1,90,PhD,https://www.daad.de/en/,Grant / Scholarship,3-4 Years
2201,KOSPIE Mexico,Combined study and practical stays for engineers from developing countries (KOSPIE) with Mexican universities,Undergraduates,"Languages and Cultural Studies | Law, Economics and Social Sciences | Mathematics and Natural Sciences | Human Medicine | Veterinary Medicine, Agricultural, Forest and Nutritional Sciences, Ecology | Engineering | Art, Music and Sport",Mexico,Study,1,"As part of the programme with Mexican partners, students studying the natural sciences and engineering spend one year in Germany",DAAD,Germany,,,,,,Europe,Rolling / Annual,Scholarship,0,Bachelor,Study,80,Medium,1,90,Bachelor,https://www.daad.de/en/,Grant / Scholarship,3-5 Years
2274,IAESTE Incoming,"Practical Traineeships for Foreign Students of Natural and Technical Sciences, Agriculture and Forestry (IAESTE)",Undergraduates | Graduates,"Languages and Cultural Studies | Law, Economics and Social Sciences | Mathematics and Natural Sciences | Human Medicine | Veterinary Medicine, Agricultural, Forest and Nutritional Sciences, Ecology | Engineering | Art, Music and Sport","South Africa | Egypt | Bulgaria | India | Indonesia | Israel | Kazakhstan | Croatia | Malaysia | Romania | Singapore | Slovakia | Slovenia | Turkey | Thailand | Czech Republic | Ukraine | China, PR | Cyprus | Estonia | Latvia | Lithuania | Australia | Denmark | Finland | France | Greece | Ireland | Austria | Italy | Japan | Canada | New Zealand | Netherlands | Norway | Poland | Portugal | 38 | Sweden | Switzerland | Spain | United Kingdom | Hungary | United States of America | Uruguay | Argentina | Bolivia | Brazil | Chile | Costa Rica | Ecuador | Guatemala | Honduras | Colombia | Cuba | Mexico | Panama | Paraguay | Peru | Venezuela, Bolivarian Republic of | Nicaragua | Belgium | Palestinian Territories | Kenya | Luxembourg | Albania | Armenia | Azerbaijan | Belarus | Bosnia and Herzegovina | Georgia | Serbia | Kyrgyzstan | North Macedonia | Moldova, Republic of | Tajikistan | Turkmenistan | Uzbekistan | Andorra | Iceland | Liechtenstein | Malta | Monaco | San Marino | Vatican City | Bahrain | Iraq | Jordan | Qatar | Kuwait | Lebanon | Oman | Saudi Arabia | Yemen | Syrian Arab Republic (Syria) | United Arab Emirates | Bhutan | Myanmar | Brunei Darussalam | Taiwan | Hong Kong (CN) | Cambodia | Korea, the Republic of | 107 | Lao People's Democratic Republic | Macao (CN) | Mongolia | Philippines | Vietnam | Guyana | Suriname | Bahamas | Barbados | Dominican Republic | El Salvador | Haiti | Belize | Jamaica | Trinidad and Tobago | Antigua and Barbuda | Dominica | Grenada | Saint Lucia | Saint Vincent and the Grenadines | Angola | Ethiopia | Botswana | Burundi | Benin | Côte d'Ivoire | Djibouti | Gabon | Gambia | Ghana | Guinea | Guinea-Bissau | Equatorial Guinea | Cameroon | Cape Verde | Congo | Congo, Democratic Republic | Lesotho | Liberia | Madagascar | Malawi | Mali | Mauritania | Mauritius | Mozambique | Comoros | Eswatani | Niger | Nigeria | Burkina Faso | Zimbabwe | Rwanda | Zambia | Sao Tome and Principe | Senegal | Seychelles | Sierra Leone | Somalia | Sudan | Namibia | Tanzania, United Republic of | Togo | Chad | Uganda | Central African Republic | Eritrea | Algeria | Libya | Morocco | Tunisia | Afghanistan | Bangladesh | Iran | Nepal | Pakistan | Sri Lanka | Fiji | Samoa | Tonga | Papua New Guinea | Nauru | Solomon Islands | Kiribati | Cook Islands | Niue | Vanuatu | Tuvalu | Marshall Islands | Micronesia, Federated States of | Timor-Leste | Maldives | Saint Kitts and Nevis | Palau | Montenegro | Kosovo | South Sudan",Internship,1,"IAESTE arranges internships for international students of the natural sciences, engineering and agriculture and forestry",DAAD,Germany,,,,,,Europe,Rolling / Annual,Scholarship,0,Bachelor,Study,80,Medium,1,90,Bachelor,https://www.daad.de/en/,Grant / Scholarship,3-5 Years
2306,In-Country/In-Region Programme Sub-Saharan Africa,In-Country/In-Region Programme Sub-Saharan Africa,Graduates | Doctoral candidates/PhD students,"Languages and Cultural Studies | Law, Economics and Social Sciences | Mathematics and Natural Sciences | Human Medicine | Veterinary Medicine, Agricultural, Forest and Nutritional Sciences, Ecology | Engineering | Art, Music and Sport","Ethiopia | Burundi | Benin | Gabon | Djibouti | Gambia | Ghana | Guinea | Guinea-Bissau | Equatorial Guinea | Cameroon | Cape Verde | Congo | Congo, Democratic Republic | Lesotho | Liberia | Madagascar | Malawi | Mali | Mauritania | Mauritius | Mozambique | Comoros | Eswatani | Niger | Nigeria | Burkina Faso | Zimbabwe | Rwanda | Zambia | Sao Tome and Principe | Senegal | Seychelles | Sierra Leone | South Sudan | Eritrea | Kenya | South Africa | Somalia | Sudan | Namibia | Tanzania, United Republic of | Togo | Chad | Uganda | Central African Republic | Côte d'Ivoire | Botswana | Angola",-1,1,Scholarships for (post)graduate programmes in a field with strong relevance to national or regional development aiming at university staff development and public sector demand of academically trained personnel.,DAAD,Germany,,,,,,Europe,Rolling / Annual,Scholarship,0,PhD,Study,80,Medium,1,90,PhD,https://www.daad.de/en/,Grant / Scholarship,3-4 Years
2325,KOSPIE ICETEX,Combined study and practical stays for engineers from developing countries (KOSPIE) with Colombian universities,Undergraduates,"Languages and Cultural Studies | Law, Economics and Social Sciences | Mathematics and Natural Sciences | Human Medicine | Veterinary Medicine, Agricultural, Forest and Nutritional Sciences, Ecology | Engineering | Art, Music and Sport",Colombia,Study,1,Advanced students of engineering spend one semester at a German university and then complete a 4 to 6-month industrial internship,DAAD,Germany,,,,,,Europe,Rolling / Annual,Scholarship,0,Bachelor,Study,80,Medium,1,90,Bachelor,https://www.daad.de/en/,Grant / Scholarship,3-5 Years
2356,BECAL,Government Scholarships Programme Paraguay BECAL-DAAD Promotion,Graduates | Doctoral candidates/PhD students,"Mathematics and Natural Sciences | Veterinary Medicine, Agricultural, Forest and Nutritional Sciences, Ecology | Engineering",Paraguay,Research/Doctorate/PhD,1,Country related cooperation programme with Paraguay BECAL-DAAD,DAAD,Germany,,,,,,Europe,Rolling / Annual,Scholarship,0,PhD,Research,80,Medium,1,90,PhD,https://www.daad.de/en/,Grant / Scholarship,3-4 Years
2425,SBW Berlin Scholarship,SBW Berlin Scholarship,Undergraduates | Graduates,"Languages and Cultural Studies | Law, Economics and Social Sciences | Mathematics and Natural Sciences | Human Medicine | Veterinary Medicine, Agricultural, Forest and Nutritional Sciences, Ecology | Engineering | Art, Music and Sport","Lithuania | Egypt | South Africa | Taiwan | Hong Kong (CN) | Cambodia | Korea, the Republic of | 107 | Lao People's Democratic Republic | Vietnam | Philippines | Mongolia | Macao (CN) | Guyana | French Guayana | Suriname | Bahamas | Barbados | Bermudas | Dominican Republic | South Sudan | Kosovo | Montenegro | Palau | Guam | Saint Kitts and Nevis | Maldives | Germany | Timor-Leste | Micronesia, Federated States of | Marshall Islands | Tuvalu | Vanuatu | Niue | Cook Islands | Kiribati | Solomon Islands | New Caledonia | Nauru | Papua New Guinea | Tonga | Tahiti | Samoa | Fiji | Sri Lanka | Pakistan | Nepal | Iran | Bangladesh | Afghanistan | Tunisia | Morocco | Libya | Algeria | Eritrea | Central African Republic | Uganda | Chad | Togo | Tanzania, United Republic of | Namibia | Sudan | Somalia | Sierra Leone | Seychelles | Senegal | Sao Tome and Principe | Zambia | Rwanda | Zimbabwe | Réunion | Burkina Faso | Nigeria | Niger | Eswatani | Comoros | Mozambique | Mauritius | Mauritania | Mali | Malawi | Madagascar | Liberia | Lesotho | Congo, Democratic Republic | Congo | Cape Verde | Cameroon | Equatorial Guinea | Guinea-Bissau | Guinea | Ghana | Gambia | Gabon | Djibouti | Côte d'Ivoire | Benin | Burundi | Botswana | Ethiopia | Angola | Saint Vincent and the Grenadines | Saint Lucia | Grenada | Dominica | Antigua and Barbuda | Anguilla | Trinidad and Tobago | Puerto Rico | The Dutch Antilles | Martinique | Montserrat | Jamaica | Belize | Haiti | Guadeloupe | El Salvador | Bulgaria | India | Israel | Indonesia | Kazakhstan | Croatia | Malaysia | Romania | Singapore | Slovakia | Slovenia | Turkey | Thailand | Czech Republic | Ukraine | China, PR | Latvia | Estonia | Cyprus | Australia | Denmark | Finland | France | Greece | Ireland | Austria | Italy | Japan | Canada | New Zealand | Netherlands | Norway | Poland | Portugal | 38 | Sweden | Switzerland | Spain | United Kingdom | Hungary | United States of America | Uruguay | Argentina | Bolivia | Brazil | Chile | Costa Rica | Ecuador | Guatemala | Cuba | Colombia | Honduras | Mexico | Panama | Paraguay | Peru | Venezuela, Bolivarian Republic of | Nicaragua | Belgium | Palestinian Territories | Kenya | Luxembourg | Albania | Armenia | Azerbaijan | Belarus | Bosnia and Herzegovina | Georgia | Serbia | Kyrgyzstan | North Macedonia | Moldova, Republic of | Tajikistan | Turkmenistan | Uzbekistan | Andorra | Iceland | Liechtenstein | Malta | Monaco | San Marino | Vatican City | Bahrain | Iraq | Jordan | Qatar | Kuwait | Lebanon | Oman | Saudi Arabia | Yemen | Syrian Arab Republic (Syria) | United Arab Emirates | Bhutan | Myanmar | Brunei Darussalam",Study,0,The SBW Berlin scholarship programme supports social commitment through the development of social projects during the scholarship recipients’ studies and includes various types of scholarships. The scholarships are only granted for a,DAAD,Germany,,,,,,Europe,Rolling / Annual,Grant,0,Bachelor,Study,80,Medium,1,90,Bachelor,https://www.daad.de/en/,Grant / Scholarship,3-5 Years
2444,Third Country Programme Central America,Third Country Programme Central America,Graduates | Doctoral candidates/PhD students,"Languages and Cultural Studies | Law, Economics and Social Sciences | Mathematics and Natural Sciences | Human Medicine | Veterinary Medicine, Agricultural, Forest and Nutritional Sciences, Ecology | Engineering | Art, Music and Sport",Costa Rica | Dominican Republic | Nicaragua | Belize | Guatemala | Panama | Honduras | El Salvador | Nicaragua | Costa Rica | Dominican Republic | Panama | Guatemala | Honduras | El Salvador | Belize | Dominican Republic | Costa Rica | Belize | Honduras | Guatemala | Nicaragua | Panama | El Salvador | Dominican Republic | Costa Rica | Nicaragua | Honduras | Guatemala | Belize | Panama | El Salvador | Dominican Republic | Costa Rica | Nicaragua | Guatemala | Honduras | El Salvador | Panama | Belize,Study | Research/Doctorate/PhD,1,The Third Country Programme funds Master's or doctoral degree programmes on subjects relating to development policy at select universities in Central America.,DAAD,Germany,,,,,,Europe,Rolling / Annual,Scholarship,0,PhD,Research,80,Medium,1,90,PhD,https://www.daad.de/en/,Grant / Scholarship,3-4 Years
2459,Regierungsstip. Pakistan - DAAD/HEC Overseas,Overseas Scholarship Scheme for MSc leading to PhD,Doctoral candidates/PhD students,"Languages and Cultural Studies | Law, Economics and Social Sciences | Mathematics and Natural Sciences | Human Medicine | Veterinary Medicine, Agricultural, Forest and Nutritional Sciences, Ecology | Engineering | Art, Music and Sport",Pakistan,Study | Research/Doctorate/PhD,1,Government Scholarship Programme Pakistan,DAAD,Germany,,,,,,Europe,Rolling / Annual,Scholarship,0,PhD,Research,80,Medium,1,90,PhD,https://www.daad.de/en/,Grant / Scholarship,3-4 Years
2535,Jean Monnet Scholarship Programme (JMSP),Jean Monnet Scholarship Programme (JMSP),Postdoctoral researchers | Graduates | Doctoral candidates/PhD students | Faculty,"Languages and Cultural Studies | Law, Economics and Social Sciences | Mathematics and Natural Sciences | Veterinary Medicine, Agricultural, Forest and Nutritional Sciences, Ecology | Engineering",Bulgaria | Croatia | Romania | Slovakia | Slovenia | Turkey | Czech Republic | Cyprus | Estonia | Latvia | Lithuania | Denmark | Finland | France | Greece | Ireland | Austria | Italy | Netherlands | Poland | Portugal | Sweden | Spain | Hungary | Belgium | Luxembourg | Albania | Bosnia and Herzegovina | Serbia | North Macedonia | Malta | Germany | Montenegro | Kosovo,Study | Research/Doctorate/PhD,0,"Within the framework of Turkey’s negotiation process for full membership to the EU, the Jean Monnet Scholarship Programme (JMSP) aims at contributing to Turkey’s administrative capacity building efforts through increasing the number of",DAAD,Germany,,,,,,Europe,Rolling / Annual,Scholarship,0,Postdoc,Research,80,Very High,1,90,Postdoc,https://www.daad.de/en/,Grant / Scholarship,6-24 Months
2673,BECAL Master,Government Scholarships Programme Paraguay BECAL-DAAD Master,Undergraduates | Graduates,"Mathematics and Natural Sciences | Veterinary Medicine, Agricultural, Forest and Nutritional Sciences, Ecology | Engineering",Paraguay,Study,1,Country related cooperation programme with Paraguay BECAL-DAAD ,DAAD,Germany,,,,,,Europe,Rolling / Annual,Scholarship,0,Bachelor,Study,80,Medium,1,90,Bachelor,https://www.daad.de/en/,Grant / Scholarship,3-5 Years
2777,Klassik Stiftung Weimar Fellowships,Klassik Stiftung Weimar Fellowships,Undergraduates | Postdoctoral researchers | Graduates | Doctoral candidates/PhD students | Faculty,"Languages and Cultural Studies | Art, Music and Sport","South Africa | Egypt | Bulgaria | India | Indonesia | Israel | Kazakhstan | Croatia | Malaysia | Romania | Singapore | Slovakia | Slovenia | Turkey | Thailand | Czech Republic | Ukraine | China, PR | Cyprus | Estonia | Latvia | Lithuania | Australia | Denmark | Finland | France | Greece | Ireland | Austria | Italy | Japan | Canada | New Zealand | Netherlands | Norway | Poland | Portugal | 38 | Sweden | Switzerland | Spain | United Kingdom | Hungary | United States of America | Uruguay | Argentina | Bolivia | Brazil | Chile | Costa Rica | Ecuador | Guatemala | Honduras | Colombia | Cuba | Mexico | Panama | Paraguay | Peru | Venezuela, Bolivarian Republic of | Nicaragua | Belgium | Palestinian Territories | Kenya | Luxembourg | Albania | Armenia | Azerbaijan | Belarus | Bosnia and Herzegovina | Georgia | Serbia | Kyrgyzstan | North Macedonia | Moldova, Republic of | Tajikistan | Turkmenistan | Uzbekistan | Andorra | Iceland | Liechtenstein | Malta | Monaco | San Marino | Vatican City | Bahrain | Iraq | Jordan | Qatar | Kuwait | Lebanon | Oman | Saudi Arabia | Yemen | Syrian Arab Republic (Syria) | United Arab Emirates | Bhutan | Myanmar | Brunei Darussalam | Taiwan | Hong Kong (CN) | Cambodia | Korea, the Republic of | 107 | Lao People's Democratic Republic | Macao (CN) | Mongolia | Philippines | Vietnam | Guyana | French Guayana | Suriname | Bahamas | Barbados | Bermudas | Dominican Republic | El Salvador | Guadeloupe | Haiti | Belize | Jamaica | Montserrat | Martinique | The Dutch Antilles | Puerto Rico | Trinidad and Tobago | Anguilla | Antigua and Barbuda | Dominica | Grenada | Saint Lucia | Saint Vincent and the Grenadines | Angola | Ethiopia | Botswana | Burundi | Benin | Côte d'Ivoire | Djibouti | Gabon | Gambia | Ghana | Guinea | Guinea-Bissau | Equatorial Guinea | Cameroon | Cape Verde | Congo | Congo, Democratic Republic | Lesotho | Liberia | Madagascar | Malawi | Mali | Mauritania | Mauritius | Mozambique | Comoros | Eswatani | Niger | Nigeria | Burkina Faso | Réunion | Zimbabwe | Rwanda | Zambia | Sao Tome and Principe | Senegal | Seychelles | Sierra Leone | Somalia | Sudan | Namibia | Tanzania, United Republic of | Togo | Chad | Uganda | Central African Republic | Eritrea | Algeria | Libya | Morocco | Tunisia | Afghanistan | Bangladesh | Iran | Nepal | Pakistan | Sri Lanka | Fiji | Samoa | Tahiti | Tonga | Papua New Guinea | Nauru | New Caledonia | Solomon Islands | Kiribati | Cook Islands | Niue | Vanuatu | Tuvalu | Marshall Islands | Micronesia, Federated States of | Timor-Leste | Germany | Maldives | Saint Kitts and Nevis | Guam | Palau | Montenegro | Kosovo | South Sudan",Research/Doctorate/PhD,0,"With its fellowship programme, the Klassik Stiftung Weimar supports outstanding scientific, essayistic and art projects within 3 funding lines. As residency scholarships, they offer a sojourn of several months in Weimar, a city rich in",DAAD,Germany,,,,,,Europe,Rolling / Annual,Fellowship,0,Postdoc,Research,80,Very High,0,90,Postdoc,https://www.daad.de/en/,Grant / Scholarship,6-24 Months
2835,Copernicus Berlin: International Excellence Scholarship Programme,Copernicus Berlin: International Excellence Scholarship Programme,Undergraduates | Graduates | Doctoral candidates/PhD students,"Languages and Cultural Studies | Law, Economics and Social Sciences | Mathematics and Natural Sciences | Human Medicine | Veterinary Medicine, Agricultural, Forest and Nutritional Sciences, Ecology | Engineering | Art, Music and Sport","Kazakhstan | Turkey | Ukraine | Albania | Armenia | Azerbaijan | Belarus | Bosnia and Herzegovina | Georgia | Serbia | Kyrgyzstan | North Macedonia | Moldova, Republic of | Tajikistan | Turkmenistan | Uzbekistan | Mongolia | Montenegro | Kosovo",Study | Research/Doctorate/PhD | Internship,0,"The International Excellence Scholarship Programme (IES) is a scholarship programme that enables ambitious students of all fields of study from Eastern and Southeastern Europe, the Caucasus and Central Asia with above-average grades to",DAAD,Germany,,,,,,Europe,Rolling / Annual,Scholarship,0,PhD,Research,80,Medium,1,90,PhD,https://www.daad.de/en/,Grant / Scholarship,3-4 Years
2844,Alexander von Humboldt Foundation: International Climate Protection Fellowship,Alexander von Humboldt Foundation: International Climate Protection Fellowship,Postdoctoral researchers | Graduates,"Law, Economics and Social Sciences | Mathematics and Natural Sciences | Veterinary Medicine, Agricultural, Forest and Nutritional Sciences, Ecology | Engineering","South Africa | Egypt | India | Indonesia | Kazakhstan | Malaysia | Thailand | China, PR | Argentina | Bolivia | Brazil | Costa Rica | Ecuador | Guatemala | Honduras | Colombia | Cuba | Mexico | Paraguay | Peru | Venezuela, Bolivarian Republic of | Nicaragua | Palestinian Territories | Kenya | Kyrgyzstan | Tajikistan | Turkmenistan | Uzbekistan | Iraq | Jordan | Lebanon | Yemen | Syrian Arab Republic (Syria) | Bhutan | Myanmar | Cambodia | 107 | Lao People's Democratic Republic | Mongolia | Philippines | Vietnam | Guyana | Suriname | Dominican Republic | El Salvador | Haiti | Belize | Jamaica | Dominica | Grenada | Saint Lucia | Saint Vincent and the Grenadines | Angola | Ethiopia | Botswana | Burundi | Benin | Côte d'Ivoire | Djibouti | Gabon | Gambia | Ghana | Guinea | Guinea-Bissau | Equatorial Guinea | Cameroon | Cape Verde | Congo | Congo, Democratic Republic | Lesotho | Liberia | Madagascar | Malawi | Mali | Mauritania | Mauritius | Mozambique | Comoros | Eswatani | Niger | Nigeria | Burkina Faso | Zimbabwe | Rwanda | Zambia | Sao Tome and Principe | Senegal | Seychelles | Sierra Leone | Somalia | Sudan | Namibia | Tanzania, United Republic of | Togo | Chad | Uganda | Central African Republic | Eritrea | Algeria | Libya | Morocco | Tunisia | Afghanistan | Bangladesh | Iran | Nepal | Pakistan | Sri Lanka | Fiji | Samoa | Tonga | Papua New Guinea | Nauru | Solomon Islands | Kiribati | Niue | Vanuatu | Tuvalu | Marshall Islands | Micronesia, Federated States of | Timor-Leste | Maldives | Saint Kitts and Nevis | South Sudan",Research/Doctorate/PhD,0,The International Climate Protection Fellowship supports prospective leaders working academically or practically in climate protection or climate-relevant resource conservation in their home countries - a non-European developing or,DAAD,Germany,,,,,,Europe,Rolling / Annual,Fellowship,0,Postdoc,Research,80,Very High,1,90,Postdoc,https://www.daad.de/en/,Grant / Scholarship,6-24 Months
2854,Bayer Foundation: Jeff Schell Fellowship in Agricultural Sciences,Bayer Foundation: Jeff Schell Fellowship in Agricultural Sciences,Graduates | Doctoral candidates/PhD students,"Mathematics and Natural Sciences | Veterinary Medicine, Agricultural, Forest and Nutritional Sciences, Ecology | Engineering","Estonia | Djibouti | Latvia | Lithuania | Australia | Denmark | Finland | France | Greece | Ireland | Austria | Italy | Japan | Canada | New Zealand | Netherlands | Norway | Poland | Portugal | 38 | Sweden | Switzerland | Spain | United Kingdom | Hungary | United States of America | Uruguay | Argentina | Bolivia | Brazil | Chile | Costa Rica | Ecuador | Guatemala | Honduras | Colombia | Cuba | Mexico | Panama | Paraguay | Peru | Venezuela, Bolivarian Republic of | Nicaragua | Belgium | Palestinian Territories | Kenya | Luxembourg | Albania | Armenia | Azerbaijan | Belarus | Bosnia and Herzegovina | Georgia | Serbia | Kyrgyzstan | North Macedonia | Moldova, Republic of | Tajikistan | Turkmenistan | Uzbekistan | Andorra | Iceland | Liechtenstein | Malta | Monaco | San Marino | Vatican City | Bahrain | Iraq | Jordan | Qatar | Kuwait | Lebanon | Oman | Saudi Arabia | Yemen | Syrian Arab Republic (Syria) | United Arab Emirates | Bhutan | Myanmar | Brunei Darussalam | Taiwan | Hong Kong (CN) | Cambodia | Korea, the Republic of | 107 | Lao People's Democratic Republic | Macao (CN) | Mongolia | Philippines | Vietnam | Guyana | French Guayana | Suriname | Bahamas | Barbados | Bermudas | Dominican Republic | El Salvador | Belize | Haiti | Guadeloupe | Jamaica | Montserrat | Martinique | The Dutch Antilles | Puerto Rico | Trinidad and Tobago | Anguilla | Antigua and Barbuda | Dominica | Grenada | Saint Lucia | Saint Vincent and the Grenadines | Angola | Ethiopia | Botswana | Burundi | Benin | Côte d'Ivoire | Gambia | Ghana | Guinea | Guinea-Bissau | Equatorial Guinea | Cameroon | Cape Verde | Congo | Congo, Democratic Republic | Lesotho | Liberia | Madagascar | Malawi | Mali | Mauritania | Mauritius | Mozambique | Comoros | Eswatani | Niger | Nigeria | Burkina Faso | Réunion | Zimbabwe | Rwanda | Zambia | Sao Tome and Principe | Senegal | Seychelles | Sierra Leone | Somalia | Sudan | Namibia | Tanzania, United Republic of | Togo | Chad | Uganda | Central African Republic | Eritrea | Algeria | Libya | Morocco | Tunisia | Afghanistan | Bangladesh | Iran | Nepal | Pakistan | Sri Lanka | Fiji | Samoa | Nauru | Papua New Guinea | Tonga | Tahiti | New Caledonia | Solomon Islands | Kiribati | Cook Islands | Niue | Vanuatu | Tuvalu | Marshall Islands | Micronesia, Federated States of | Timor-Leste | Germany | Maldives | Saint Kitts and Nevis | Guam | Palau | Montenegro | Kosovo | South Sudan | South Africa | Egypt | Bulgaria | India | Indonesia | Israel | Kazakhstan | Croatia | Malaysia | Romania | Singapore | Slovakia | Slovenia | Turkey | Thailand | Czech Republic | Ukraine | China, PR | Cyprus | Gabon",Study | Research/Doctorate/PhD | Internship,0,"The Jeff Schell Fellowship can be granted to MSc and PhD students from all fields of natural science and data science with fundamental or applied studies with relevance to the crop science industry.<br />
Students from Germany who are",DAAD,Germany,,,,,,Europe,Rolling / Annual,Fellowship,0,PhD,Research,80,Medium,1,90,PhD,https://www.daad.de/en/,Grant / Scholarship,3-4 Years
2885,KOSPIE UTN,Combined study and practical stays for engineers from developing countries (KOSPIE) in cooperation with the Argentinean Universidad Tecnológica Nacional (UTN),Undergraduates,"Languages and Cultural Studies | Law, Economics and Social Sciences | Mathematics and Natural Sciences | Human Medicine | Veterinary Medicine, Agricultural, Forest and Nutritional Sciences, Ecology | Engineering | Art, Music and Sport",Argentina,Study,1,Combined study and practical stays in Germany for advanced students of engineering sciences,DAAD,Germany,,,,,,Europe,Rolling / Annual,Scholarship,0,Bachelor,Study,80,Medium,1,90,Bachelor,https://www.daad.de/en/,Grant / Scholarship,3-5 Years
2911,Leibniz Institute of European History Mainz: Fellowships for Doctoral Students,Leibniz Institute of European History Mainz: Fellowships for Doctoral Students,Doctoral candidates/PhD students,"Languages and Cultural Studies | Law, Economics and Social Sciences","South Africa | Egypt | Bulgaria | India | Indonesia | Israel | Kazakhstan | Croatia | Malaysia | Romania | Singapore | Slovakia | Slovenia | Turkey | Thailand | Czech Republic | Ukraine | China, PR | Cyprus | Estonia | Latvia | Lithuania | Australia | Denmark | Finland | France | Greece | Ireland | Austria | Italy | Japan | Canada | New Zealand | Netherlands | Norway | Poland | Portugal | 38 | Sweden | Switzerland | Spain | United Kingdom | Hungary | United States of America | Uruguay | Argentina | Bolivia | Brazil | Chile | Costa Rica | Ecuador | Guatemala | Honduras | Colombia | Cuba | Mexico | Panama | Paraguay | Peru | Venezuela, Bolivarian Republic of | Nicaragua | Belgium | Palestinian Territories | Kenya | Luxembourg | Albania | Armenia | Azerbaijan | Belarus | Bosnia and Herzegovina | Georgia | Serbia | Kyrgyzstan | North Macedonia | Moldova, Republic of | Tajikistan | Turkmenistan | Uzbekistan | Andorra | Iceland | Liechtenstein | Malta | Monaco | San Marino | Vatican City | Bahrain | Iraq | Jordan | Qatar | Kuwait | Lebanon | Oman | Saudi Arabia | Yemen | Syrian Arab Republic (Syria) | United Arab Emirates | Bhutan | Myanmar | Brunei Darussalam | Taiwan | Hong Kong (CN) | Cambodia | Korea, the Republic of | 107 | Lao People's Democratic Republic | Macao (CN) | Mongolia | Philippines | Vietnam | Guyana | French Guayana | Suriname | Bahamas | Barbados | Bermudas | Dominican Republic | El Salvador | Guadeloupe | Haiti | Belize | Jamaica | Montserrat | Martinique | The Dutch Antilles | Puerto Rico | Trinidad and Tobago | Anguilla | Antigua and Barbuda | Dominica | Grenada | Saint Lucia | Saint Vincent and the Grenadines | Angola | Ethiopia | Botswana | Burundi | Benin | Côte d'Ivoire | Djibouti | Gabon | Gambia | Ghana | Guinea | Guinea-Bissau | Equatorial Guinea | Cameroon | Cape Verde | Congo | Congo, Democratic Republic | Lesotho | Liberia | Madagascar | Malawi | Mali | Mauritania | Mauritius | Mozambique | Comoros | Eswatani | Niger | Nigeria | Burkina Faso | Réunion | Zimbabwe | Rwanda | Zambia | Sao Tome and Principe | Senegal | Seychelles | Sierra Leone | Somalia | Sudan | Namibia | Tanzania, United Republic of | Togo | Chad | Uganda | Central African Republic | Eritrea | Algeria | Libya | Morocco | Tunisia | Afghanistan | Bangladesh | Iran | Nepal | Pakistan | Sri Lanka | Fiji | Samoa | Tahiti | Tonga | Papua New Guinea | Nauru | New Caledonia | Solomon Islands | Kiribati | Cook Islands | Niue | Vanuatu | Tuvalu | Marshall Islands | Micronesia, Federated States of | Timor-Leste | Germany | Maldives | Saint Kitts and Nevis | Guam | Palau | Montenegro | Kosovo | South Sudan",Research/Doctorate/PhD,0,"The Leibniz Institute of European History (IEG) in Mainz awards fellowships for doctoral students in European history, the history of religion and other historical disciplines. The IEG funds PhD projects in European history from early",DAAD,Germany,,,,,,Europe,Rolling / Annual,Fellowship,0,PhD,Research,80,Medium,1,90,PhD,https://www.daad.de/en/,Grant / Scholarship,3-4 Years
2935,Indo-German Science and Technology Centre (IGSTC): Women Involvement in Science and Engineering Research (WISER),Indo-German Science and Technology Centre (IGSTC): Women Involvement in Science and Engineering Research (WISER),Postdoctoral researchers | Graduates | Doctoral candidates/PhD students | Faculty,Mathematics and Natural Sciences | Engineering,"South Africa | Egypt | Bulgaria | India | Indonesia | Israel | Kazakhstan | Croatia | Malaysia | Romania | Singapore | Slovakia | Slovenia | Turkey | Thailand | Czech Republic | Ukraine | China, PR | Cyprus | Estonia | Latvia | Lithuania | Australia | Denmark | Finland | France | Greece | Ireland | Austria | Italy | Japan | Canada | New Zealand | Netherlands | Norway | Poland | Portugal | 38 | Sweden | Switzerland | Spain | United Kingdom | Hungary | United States of America | Uruguay | Argentina | Bolivia | Brazil | Chile | Costa Rica | Ecuador | Guatemala | Honduras | Colombia | Cuba | Mexico | Panama | Paraguay | Peru | Venezuela, Bolivarian Republic of | Nicaragua | Belgium | Palestinian Territories | Kenya | Luxembourg | Albania | Armenia | Azerbaijan | Belarus | Bosnia and Herzegovina | Georgia | Serbia | Kyrgyzstan | North Macedonia | Moldova, Republic of | Tajikistan | Turkmenistan | Uzbekistan | Andorra | Iceland | Liechtenstein | Malta | Monaco | San Marino | Vatican City | Bahrain | Iraq | Jordan | Qatar | Kuwait | Lebanon | Oman | Saudi Arabia | Yemen | Syrian Arab Republic (Syria) | United Arab Emirates | Bhutan | Myanmar | Brunei Darussalam | Taiwan | Hong Kong (CN) | Cambodia | Korea, the Republic of | 107 | Lao People's Democratic Republic | Macao (CN) | Mongolia | Philippines | Vietnam | Guyana | French Guayana | Suriname | Bahamas | Barbados | Bermudas | Dominican Republic | El Salvador | Guadeloupe | Haiti | Belize | Jamaica | Montserrat | Martinique | The Dutch Antilles | Puerto Rico | Trinidad and Tobago | Anguilla | Antigua and Barbuda | Dominica | Grenada | Saint Lucia | Saint Vincent and the Grenadines | Angola | Ethiopia | Botswana | Burundi | Benin | Côte d'Ivoire | Djibouti | Gabon | Gambia | Ghana | Guinea | Guinea-Bissau | Equatorial Guinea | Cameroon | Cape Verde | Congo | Congo, Democratic Republic | Lesotho | Liberia | Madagascar | Malawi | Mali | Mauritania | Mauritius | Mozambique | Comoros | Eswatani | Niger | Nigeria | Burkina Faso | Réunion | Zimbabwe | Rwanda | Zambia | Sao Tome and Principe | Senegal | Seychelles | Sierra Leone | Somalia | Sudan | Namibia | Tanzania, United Republic of | Togo | Chad | Uganda | Central African Republic | Eritrea | Algeria | Libya | Morocco | Tunisia | Afghanistan | Bangladesh | Iran | Nepal | Pakistan | Sri Lanka | Fiji | Samoa | Tahiti | Tonga | Papua New Guinea | Nauru | New Caledonia | Solomon Islands | Kiribati | Cook Islands | Niue | Vanuatu | Tuvalu | Marshall Islands | Micronesia, Federated States of | Timor-Leste | Germany | Maldives | Saint Kitts and Nevis | Guam | Palau | Montenegro | Kosovo | South Sudan",Research/Doctorate/PhD,0,"Women Involvement in Science and Engineering Research (WISER), a programme by the Indo-German Science and Technology Centre (IGSTC), aims to build scientific capacity, encourage, and promote women researchers. Applications for the WISER",DAAD,Germany,,,,,,Europe,Rolling / Annual,Scholarship,0,Postdoc,Research,80,Very High,1,90,Postdoc,https://www.daad.de/en/,Grant / Scholarship,6-24 Months
2950,Indo-German Science and Technology Centre (IGSTC): Paired Early Career Fellowship in Applied Research (PECFAR),Indo-German Science and Technology Centre (IGSTC): Paired Early Career Fellowship in Applied Research (PECFAR),Postdoctoral researchers | Graduates | Doctoral candidates/PhD students,Mathematics and Natural Sciences | Engineering,"South Africa | Egypt | Bulgaria | India | Indonesia | Israel | Kazakhstan | Croatia | Malaysia | Romania | Singapore | Slovakia | Slovenia | Turkey | Thailand | Czech Republic | Ukraine | China, PR | Cyprus | Estonia | Latvia | Lithuania | Australia | Denmark | Finland | France | Greece | Ireland | Austria | Italy | Japan | Canada | New Zealand | Netherlands | Norway | Poland | Portugal | 38 | Sweden | Switzerland | Spain | United Kingdom | Hungary | United States of America | Uruguay | Argentina | Bolivia | Brazil | Chile | Costa Rica | Ecuador | Guatemala | Honduras | Colombia | Cuba | Mexico | Panama | Paraguay | Peru | Venezuela, Bolivarian Republic of | Nicaragua | Belgium | Palestinian Territories | Kenya | Luxembourg | Albania | Armenia | Azerbaijan | Belarus | Bosnia and Herzegovina | Georgia | Serbia | Kyrgyzstan | North Macedonia | Moldova, Republic of | Tajikistan | Turkmenistan | Uzbekistan | Andorra | Iceland | Liechtenstein | Malta | Monaco | San Marino | Vatican City | Bahrain | Iraq | Jordan | Qatar | Kuwait | Lebanon | Oman | Saudi Arabia | Yemen | Syrian Arab Republic (Syria) | United Arab Emirates | Bhutan | Myanmar | Brunei Darussalam | Taiwan | Hong Kong (CN) | Cambodia | Korea, the Republic of | 107 | Lao People's Democratic Republic | Macao (CN) | Mongolia | Philippines | Vietnam | Guyana | French Guayana | Suriname | Bahamas | Barbados | Bermudas | Dominican Republic | El Salvador | Guadeloupe | Haiti | Belize | Jamaica | Montserrat | Martinique | The Dutch Antilles | Puerto Rico | Trinidad and Tobago | Anguilla | Antigua and Barbuda | Dominica | Grenada | Saint Lucia | Saint Vincent and the Grenadines | Angola | Ethiopia | Botswana | Burundi | Benin | Côte d'Ivoire | Djibouti | Gabon | Gambia | Ghana | Guinea | Guinea-Bissau | Equatorial Guinea | Cameroon | Cape Verde | Congo | Congo, Democratic Republic | Lesotho | Liberia | Madagascar | Malawi | Mali | Mauritania | Mauritius | Mozambique | Comoros | Eswatani | Niger | Nigeria | Burkina Faso | Réunion | Zimbabwe | Rwanda | Zambia | Sao Tome and Principe | Senegal | Seychelles | Sierra Leone | Somalia | Sudan | Namibia | Tanzania, United Republic of | Togo | Chad | Uganda | Central African Republic | Eritrea | Algeria | Libya | Morocco | Tunisia | Afghanistan | Bangladesh | Iran | Nepal | Pakistan | Sri Lanka | Fiji | Samoa | Tahiti | Tonga | Papua New Guinea | Nauru | New Caledonia | Solomon Islands | Kiribati | Cook Islands | Niue | Vanuatu | Tuvalu | Marshall Islands | Micronesia, Federated States of | Timor-Leste | Germany | Maldives | Saint Kitts and Nevis | Guam | Palau | Montenegro | Kosovo | South Sudan",Research/Doctorate/PhD,0,"The Indo-German Science &amp; Technology Centre (IGSTC), established as a joint initiative of the Department of Science and Technology (DST), Government of India and the Federal Ministry of Research, Technology and Space (BMFTR), Government",DAAD,Germany,,,,,,Europe,Rolling / Annual,Scholarship,0,Postdoc,Research,80,Very High,1,90,Postdoc,https://www.daad.de/en/,Grant / Scholarship,6-24 Months
2965,Regierungsstipendien Aceh,DAAD-ACEH Scholarship of Excellence,Graduates | Doctoral candidates/PhD students,"Languages and Cultural Studies | Law, Economics and Social Sciences | Mathematics and Natural Sciences | Human Medicine | Veterinary Medicine, Agricultural, Forest and Nutritional Sciences, Ecology | Engineering | Art, Music and Sport",Indonesia,Study | Research/Doctorate/PhD,1,Scholarships for Master's and doctoral degrees for graduates from all disciplines from the province of Aceh (Indonesia),DAAD,Germany,,,,,,Europe,Rolling / Annual,Scholarship,0,PhD,Research,80,Medium,1,90,PhD,https://www.daad.de/en/,Grant / Scholarship,3-4 Years
3018,Gilman-DAAD Germany Scholarships,Gilman-DAAD Germany Scholarships,Undergraduates,"Languages and Cultural Studies | Law, Economics and Social Sciences | Mathematics and Natural Sciences | Human Medicine | Veterinary Medicine, Agricultural, Forest and Nutritional Sciences, Ecology | Engineering | Art, Music and Sport",United States of America,Study | Research/Doctorate/PhD | Language Course | Internship,1,The new Gilman-DAAD Germany Scholarship will provide 40 additional scholarships per year from 2022 to 2024 for exceptional U.S. undergraduate students to study and/or intern for academic credit in Germany. ,DAAD,Germany,,,,,,Europe,Rolling / Annual,Scholarship,0,PhD,Research,80,Medium,1,90,PhD,https://www.daad.de/en/,Grant / Scholarship,3-4 Years
3024,Taiwan Summer Institute Programme,Taiwan Summer Institute Programme,Graduates | Doctoral candidates/PhD students,"Mathematics and Natural Sciences | Veterinary Medicine, Agricultural, Forest and Nutritional Sciences, Ecology | Engineering",Taiwan,Internship,1,The programme is aimed at doctoral candidates and students of Master's degree courses in Taiwan wishing to take part in a short study visit to Germany.,DAAD,Germany,,,,,,Europe,Rolling / Annual,Scholarship,0,PhD,Study,80,Medium,1,90,PhD,https://www.daad.de/en/,Grant / Scholarship,3-4 Years
3063,Helmut-Schmidt-Programme,Helmut-Schmidt-Programme (Master’s Scholarships for Public Policy and Good Governance - PPGG),Graduates,"Law, Economics and Social Sciences","Timor-Leste | Micronesia, Federated States of | Marshall Islands | Papua New Guinea | Tuvalu | Vanuatu | Niue | Cook Islands | Kiribati | Solomon Islands | Nauru | Tonga | Samoa | Fiji | Sri Lanka | Pakistan | Nepal | Iran | India | Bangladesh | Afghanistan | Egypt | Tunisia | Morocco | Libya | Jordan | Lebanon | Palestinian Territories | South Sudan | Algeria | Central African Republic | Uganda | Chad | Togo | Tanzania, United Republic of | Namibia | Sudan | Somalia | South Africa | Sierra Leone | Seychelles | Senegal | Zambia | Sao Tome and Principe | Rwanda | Zimbabwe | Burkina Faso | Nigeria | Niger | Eswatani | Comoros | Mozambique | Mauritius | Mauritania | Mali | Malawi | Madagascar | Liberia | Lesotho | Congo, Democratic Republic | Congo | Kenya | Cape Verde | Cameroon | Equatorial Guinea | Guinea-Bissau | Guinea | Ghana | Gambia | Dominica | Grenada | Saint Lucia | Saint Vincent and the Grenadines | Saint Kitts and Nevis | Angola | Ethiopia | Botswana | Burundi | Benin | Côte d'Ivoire | Djibouti | Gabon | Panama | Nicaragua | Mexico | Jamaica | Belize | Haiti | Guatemala | El Salvador | Dominican Republic | Cuba | Costa Rica | Honduras | Venezuela, Bolivarian Republic of | Peru | Paraguay | Colombia | Suriname | Guyana | Ecuador | Brazil | Bolivia | Argentina | Vietnam | Thailand | Ukraine | Belarus | Mongolia | Maldives | Malaysia | Lao People's Democratic Republic | 107 | Cambodia | Indonesia | Myanmar | China, PR | Bhutan | Syrian Arab Republic (Syria) | Yemen | Iraq | Kosovo | Montenegro | Serbia | Kyrgyzstan | Bosnia and Herzegovina | Tajikistan | Uzbekistan | Kazakhstan | Turkmenistan | North Macedonia | Georgia | Azerbaijan | Armenia | Philippines | Moldova, Republic of | Albania | Turkey",Study,1,"Support to aquire a Master’s degree in Master programmes of particular relevance for the social, political and economic development in the students’ country of origin",DAAD,Germany,,,,,,Europe,Rolling / Annual,Scholarship,0,Masters,Study,80,Medium,1,90,Masters,https://www.daad.de/en/,Grant / Scholarship,1-2 Years
3074,HessenFonds for Refugees and Researchers at Risk,HessenFonds for Refugees and Researchers at Risk,Undergraduates | Postdoctoral researchers | Graduates | Doctoral candidates/PhD students | Faculty,"Languages and Cultural Studies | Law, Economics and Social Sciences | Mathematics and Natural Sciences | Human Medicine | Veterinary Medicine, Agricultural, Forest and Nutritional Sciences, Ecology | Engineering | Art, Music and Sport","South Africa | Egypt | Bulgaria | India | Indonesia | Seychelles | Israel | Kazakhstan | Croatia | Malaysia | Romania | Singapore | Slovakia | Slovenia | Turkey | Thailand | Czech Republic | Ukraine | China, PR | Estonia | Latvia | Lithuania | Australia | Namibia | Denmark | Finland | France | Greece | Ireland | Austria | Italy | Japan | Canada | New Zealand | Netherlands | Norway | Poland | Portugal | 38 | Sweden | Switzerland | Spain | United Kingdom | Hungary | United States of America | Uruguay | Argentina | Bolivia | Brazil | Chile | Costa Rica | Ecuador | Guatemala | Honduras | Colombia | Cuba | Mexico | Panama | Paraguay | Peru | Venezuela, Bolivarian Republic of | Nicaragua | Belgium | Palestinian Territories | Kenya | Luxembourg | Albania | Armenia | Azerbaijan | Belarus | Bosnia and Herzegovina | Georgia | Serbia | Kyrgyzstan | North Macedonia | Moldova, Republic of | Tajikistan | Turkmenistan | Uzbekistan | Andorra | Iceland | Liechtenstein | Malta | Monaco | San Marino | Vatican City | Bahrain | Iraq | Jordan | Qatar | Kuwait | Lebanon | Oman | Saudi Arabia | Yemen | Syrian Arab Republic (Syria) | United Arab Emirates | Bhutan | Myanmar | Brunei Darussalam | Taiwan | Hong Kong (CN) | Cambodia | Korea, the Republic of | 107 | Lao People's Democratic Republic | Macao (CN) | Mongolia | Philippines | Vietnam | Guyana | French Guayana | Suriname | Bahamas | Barbados | Bermudas | Dominican Republic | El Salvador | Guadeloupe | Haiti | Belize | Jamaica | Montserrat | Martinique | The Dutch Antilles | Puerto Rico | Trinidad and Tobago | Anguilla | Antigua and Barbuda | Dominica | Grenada | Saint Lucia | Saint Vincent and the Grenadines | Angola | Ethiopia | Botswana | Burundi | Benin | Côte d'Ivoire | Djibouti | Gabon | Gambia | Ghana | Guinea | Guinea-Bissau | Equatorial Guinea | Cameroon | Cape Verde | Congo | Congo, Democratic Republic | Lesotho | Liberia | Madagascar | Malawi | Mali | Mauritania | Mauritius | Mozambique | Comoros | Eswatani | Niger | Nigeria | Burkina Faso | Réunion | Zimbabwe | Rwanda | Sao Tome and Principe | Senegal | Cyprus | Sierra Leone | Somalia | Sudan | Zambia | Tanzania, United Republic of | Togo | Chad | Uganda | Central African Republic | Eritrea | Algeria | Libya | Morocco | Tunisia | Afghanistan | Bangladesh | Iran | Nepal | Pakistan | Sri Lanka | Fiji | Samoa | Tahiti | Tonga | Papua New Guinea | Nauru | New Caledonia | Solomon Islands | Kiribati | Cook Islands | Niue | Vanuatu | Tuvalu | Marshall Islands | Micronesia, Federated States of | Timor-Leste | Maldives | Saint Kitts and Nevis | Guam | Palau | Montenegro | Kosovo | South Sudan",Study | Research/Doctorate/PhD | Teaching,0,"As part of the HessenFonds, the Hessian Ministry of Higher Education, Research, Science and the Arts provides scholarships for exceptionally talented and high achieving students and researchers with refugee status at public higher education",DAAD,Germany,,,,,,Europe,Rolling / Annual,Scholarship,0,Postdoc,Research,80,Very High,1,90,Postdoc,https://www.daad.de/en/,Grant / Scholarship,6-24 Months
3123,Development-Related Postgraduate Courses,Development-Related Postgraduate Courses (EPOS),Graduates,"Languages and Cultural Studies | Law, Economics and Social Sciences | Mathematics and Natural Sciences | Human Medicine | Veterinary Medicine, Agricultural, Forest and Nutritional Sciences, Ecology | Engineering","Ethiopia | Botswana | Burundi | Benin | Côte d'Ivoire | Gabon | Gambia | Bangladesh | Mexico | Nicaragua | Panama | Dominica | Grenada | Saint Lucia | Saint Vincent and the Grenadines | Angola | Ghana | Guinea | Guinea-Bissau | Equatorial Guinea | Cameroon | Cape Verde | Kenya | Congo | Congo, Democratic Republic | Lesotho | Albania | Ukraine | Belarus | Moldova, Republic of | Armenia | Azerbaijan | Georgia | Turkmenistan | Kazakhstan | Uzbekistan | Kyrgyzstan | Tajikistan | Iraq | Jordan | Lebanon | Palestinian Territories | Yemen | Syrian Arab Republic (Syria) | Bhutan | Myanmar | China, PR | Indonesia | Cambodia | 107 | Lao People's Democratic Republic | Malaysia | Maldives | Mongolia | Philippines | Thailand | Vietnam | Argentina | Bolivia | Brazil | Ecuador | Guyana | Suriname | Colombia | Paraguay | Peru | Venezuela, Bolivarian Republic of | Honduras | Liberia | Madagascar | Malawi | Mali | Mauritania | Mauritius | Mozambique | Comoros | Eswatani | Niger | Nigeria | Burkina Faso | Zimbabwe | Rwanda | Zambia | Sao Tome and Principe | Senegal | Seychelles | Sierra Leone | Somalia | South Africa | Sudan | Namibia | Tanzania, United Republic of | Togo | Chad | Uganda | Central African Republic | Eritrea | South Sudan | Algeria | Libya | Morocco | Tunisia | Egypt | Afghanistan | Costa Rica | Cuba | Dominican Republic | El Salvador | Guatemala | Haiti | Belize | Jamaica | India | Iran | Nepal | Solomon Islands | Kiribati | Cook Islands | Niue | Vanuatu | Tuvalu | Marshall Islands | Micronesia, Federated States of | Timor-Leste | Pakistan | Sri Lanka | Fiji | Samoa | Tonga | Papua New Guinea | Nauru",Study | Research/Doctorate/PhD,1,Postgraduate or Master's degree completed in Germany for graduates from development and newly industrialised countries,DAAD,Germany,,,,,,Europe,Rolling / Annual,Scholarship,0,PhD,Research,80,Medium,1,90,PhD,https://www.daad.de/en/,Grant / Scholarship,3-4 Years
3223,DAAD/TEV Master Scholarships,DAAD-TEV-Master's degree scholarships,Graduates,"Languages and Cultural Studies | Law, Economics and Social Sciences | Mathematics and Natural Sciences | Human Medicine | Veterinary Medicine, Agricultural, Forest and Nutritional Sciences, Ecology | Engineering | Art, Music and Sport",Turkey,Study,1,The scholarships offer Turkish students from all disciplines the opportunity to improve their qualifications with a Master's degree programme.,DAAD,Germany,,,,,,Europe,Rolling / Annual,Scholarship,0,Masters,Study,80,Medium,1,90,Masters,https://www.daad.de/en/,Grant / Scholarship,1-2 Years
3306,DAAD Zuse School of Embedded Composite Artificial Intelligence (SECAI): Scholarships for Master's students in AI,DAAD Zuse School of Embedded Composite Artificial Intelligence (SECAI): Scholarships for Master's students in AI,Graduates,"Law, Economics and Social Sciences | Mathematics and Natural Sciences | Human Medicine | Engineering","South Africa | Egypt | Bulgaria | India | Indonesia | Israel | Kazakhstan | Croatia | Malaysia | Romania | Singapore | Slovakia | Slovenia | Turkey | Thailand | Czech Republic | Ukraine | China, PR | Cyprus | Estonia | Latvia | Lithuania | Australia | Denmark | Finland | France | Greece | Ireland | Austria | Italy | Japan | Canada | New Zealand | Netherlands | Norway | Poland | Portugal | 38 | Sweden | Switzerland | Spain | United Kingdom | Hungary | United States of America | Uruguay | Argentina | Bolivia | Brazil | Chile | Costa Rica | Ecuador | Guatemala | Honduras | Colombia | Cuba | Mexico | Panama | Paraguay | Peru | Venezuela, Bolivarian Republic of | Nicaragua | Belgium | Palestinian Territories | Kenya | Luxembourg | Albania | Armenia | Azerbaijan | Belarus | Bosnia and Herzegovina | Georgia | Serbia | Kyrgyzstan | North Macedonia | Moldova, Republic of | Tajikistan | Turkmenistan | Uzbekistan | Andorra | Iceland | Liechtenstein | Malta | Monaco | San Marino | Vatican City | Bahrain | Iraq | Jordan | Qatar | Kuwait | Lebanon | Oman | Saudi Arabia | Yemen | Syrian Arab Republic (Syria) | United Arab Emirates | Bhutan | Myanmar | Brunei Darussalam | Taiwan | Hong Kong (CN) | Cambodia | Korea, the Republic of | 107 | Lao People's Democratic Republic | Macao (CN) | Mongolia | Philippines | Vietnam | Guyana | French Guayana | Suriname | Bahamas | Barbados | Bermudas | Dominican Republic | El Salvador | Guadeloupe | Haiti | Belize | Jamaica | Montserrat | Martinique | The Dutch Antilles | Puerto Rico | Trinidad and Tobago | Anguilla | Antigua and Barbuda | Dominica | Grenada | Saint Lucia | Saint Vincent and the Grenadines | Angola | Ethiopia | Botswana | Burundi | Benin | Côte d'Ivoire | Djibouti | Gabon | Gambia | Ghana | Guinea | Guinea-Bissau | Equatorial Guinea | Cameroon | Cape Verde | Congo | Congo, Democratic Republic | Lesotho | Liberia | Madagascar | Malawi | Mali | Mauritania | Mauritius | Mozambique | Comoros | Eswatani | Niger | Nigeria | Burkina Faso | Réunion | Zimbabwe | Rwanda | Zambia | Sao Tome and Principe | Senegal | Seychelles | Sierra Leone | Somalia | Sudan | Namibia | Tanzania, United Republic of | Togo | Chad | Uganda | Central African Republic | Eritrea | Algeria | Libya | Morocco | Tunisia | Afghanistan | Bangladesh | Iran | Nepal | Pakistan | Sri Lanka | Fiji | Samoa | Tahiti | Tonga | Papua New Guinea | Nauru | New Caledonia | Solomon Islands | Kiribati | Cook Islands | Niue | Vanuatu | Tuvalu | Marshall Islands | Micronesia, Federated States of | Timor-Leste | Germany | Maldives | Saint Kitts and Nevis | Guam | Palau | Montenegro | Kosovo | South Sudan",Study,0,"SECAI scholarships were created to support outstanding students who intend to study AI or a related field at TU Dresden or Leipzig University. AI is viewed as an interdisciplinary undertaking that requires talents in computer science,",DAAD,Germany,,,,,,Europe,Rolling / Annual,Scholarship,0,Masters,Study,80,Medium,1,90,Masters,https://www.daad.de/en/,Grant / Scholarship,1-2 Years
3315,DAAD Konrad Zuse School of Excellence in Reliable Artificial Intelligence (relAI): Scholarship for Master's Students,DAAD Konrad Zuse School of Excellence in Reliable Artificial Intelligence (relAI): Scholarship for Master's Students,Graduates,Mathematics and Natural Sciences | Engineering,"South Africa | Egypt | Bulgaria | India | Indonesia | Israel | Kazakhstan | Croatia | Malaysia | Romania | Singapore | Slovakia | Slovenia | Turkey | Thailand | Czech Republic | Ukraine | China, PR | Cyprus | Estonia | Latvia | Lithuania | Australia | Denmark | Finland | France | Greece | Ireland | Austria | Italy | Japan | Canada | New Zealand | Netherlands | Norway | Poland | Portugal | 38 | Sweden | Switzerland | Spain | United Kingdom | Hungary | United States of America | Uruguay | Argentina | Bolivia | Brazil | Chile | Costa Rica | Ecuador | Guatemala | Honduras | Colombia | Cuba | Mexico | Panama | Paraguay | Peru | Venezuela, Bolivarian Republic of | Nicaragua | Belgium | Palestinian Territories | Kenya | Luxembourg | Albania | Armenia | Azerbaijan | Belarus | Bosnia and Herzegovina | Georgia | Serbia | Kyrgyzstan | North Macedonia | Moldova, Republic of | Tajikistan | Turkmenistan | Uzbekistan | Andorra | Iceland | Liechtenstein | Malta | Monaco | San Marino | Vatican City | Bahrain | Iraq | Jordan | Qatar | Kuwait | Lebanon | Oman | Saudi Arabia | Yemen | Syrian Arab Republic (Syria) | United Arab Emirates | Bhutan | Myanmar | Brunei Darussalam | Taiwan | Hong Kong (CN) | Cambodia | Korea, the Republic of | 107 | Lao People's Democratic Republic | Macao (CN) | Mongolia | Philippines | Vietnam | Guyana | French Guayana | Suriname | Bahamas | Barbados | Bermudas | Dominican Republic | El Salvador | Guadeloupe | Haiti | Belize | Jamaica | Montserrat | Martinique | The Dutch Antilles | Puerto Rico | Trinidad and Tobago | Anguilla | Antigua and Barbuda | Dominica | Grenada | Saint Lucia | Saint Vincent and the Grenadines | Angola | Ethiopia | Botswana | Burundi | Benin | Côte d'Ivoire | Djibouti | Gabon | Gambia | Ghana | Guinea | Guinea-Bissau | Equatorial Guinea | Cameroon | Cape Verde | Congo | Congo, Democratic Republic | Lesotho | Liberia | Madagascar | Malawi | Mali | Mauritania | Mauritius | Mozambique | Comoros | Eswatani | Niger | Nigeria | Burkina Faso | Réunion | Zimbabwe | Rwanda | Zambia | Sao Tome and Principe | Senegal | Seychelles | Sierra Leone | Somalia | Sudan | Namibia | Tanzania, United Republic of | Togo | Chad | Uganda | Central African Republic | Eritrea | Algeria | Libya | Morocco | Tunisia | Afghanistan | Bangladesh | Iran | Nepal | Pakistan | Sri Lanka | Fiji | Samoa | Tahiti | Tonga | Papua New Guinea | Nauru | New Caledonia | Solomon Islands | Kiribati | Cook Islands | Niue | Vanuatu | Tuvalu | Marshall Islands | Micronesia, Federated States of | Timor-Leste | Germany | Maldives | Saint Kitts and Nevis | Guam | Palau | Montenegro | Kosovo | South Sudan",Study,0,"The research and training programme focusses on the mathematical and algorithmic foundations of reliable AI along with domain knowledge in 3 core application domains, for which reliable AI methods are most urgently needed: medicine and",DAAD,Germany,,,,,,Europe,Rolling / Annual,Scholarship,0,Masters,Research,80,Medium,1,90,Masters,https://www.daad.de/en/,Grant / Scholarship,1-2 Years
3334,KOSPIE ALEARG,Combined study and practical stays for engineers from developing countries (KOSPIE) in cooperation with the Argentine Ministry of Education (ALEARG),Undergraduates,"Languages and Cultural Studies | Law, Economics and Social Sciences | Mathematics and Natural Sciences | Human Medicine | Veterinary Medicine, Agricultural, Forest and Nutritional Sciences, Ecology | Engineering | Art, Music and Sport",Argentina,Study,1,Combined study and practical stays in Germany for advanced students of engineering sciences ,DAAD,Germany,,,,,,Europe,Rolling / Annual,Scholarship,0,Bachelor,Study,80,Medium,1,90,Bachelor,https://www.daad.de/en/,Grant / Scholarship,3-5 Years
3417,Residential Fellowships at the Center for Advanced Internet Studies (CAIS),Residential Fellowships at the Center for Advanced Internet Studies (CAIS),Postdoctoral researchers | Graduates | Doctoral candidates/PhD students | Faculty,"Languages and Cultural Studies | Law, Economics and Social Sciences | Mathematics and Natural Sciences | Human Medicine | Veterinary Medicine, Agricultural, Forest and Nutritional Sciences, Ecology | Engineering | Art, Music and Sport","South Africa | Bulgaria | Slovakia | Turkey | Panama | Egypt | Romania | Colombia | Paraguay | Mexico | Cuba | Peru | Venezuela, Bolivarian Republic of | Nicaragua | Belgium | Albania | Luxembourg | Tajikistan | Armenia | Azerbaijan | Belarus | Kenya | Palestinian Territories | Bosnia and Herzegovina | Moldova, Republic of | North Macedonia | Kyrgyzstan | Serbia | Georgia | Cambodia | Hong Kong (CN) | Taiwan | Brunei Darussalam | Myanmar | Bhutan | United Arab Emirates | Syrian Arab Republic (Syria) | Yemen | Saudi Arabia | Oman | Lebanon | Kuwait | Qatar | Jordan | Iraq | Bahrain | Vatican City | San Marino | Monaco | Malta | Liechtenstein | Iceland | Andorra | Uzbekistan | Turkmenistan | Bahamas | Suriname | French Guayana | Guyana | Vietnam | Philippines | Mongolia | Macao (CN) | Lao People's Democratic Republic | 107 | Korea, the Republic of | Guam | India | Indonesia | Israel | Kazakhstan | Croatia | Palau | Montenegro | Kosovo | Cyprus | Estonia | Latvia | Lithuania | Australia | Denmark | Finland | France | Greece | Ireland | Austria | Italy | Japan | Canada | New Zealand | Netherlands | Norway | Poland | Portugal | 38 | Sweden | Switzerland | Spain | United Kingdom | Hungary | United States of America | Uruguay | Argentina | Bolivia | Brazil | Chile | Costa Rica | Ecuador | Guatemala | Honduras | Barbados | Bermudas | Dominican Republic | El Salvador | Guadeloupe | Haiti | Belize | Jamaica | Montserrat | Martinique | The Dutch Antilles | Puerto Rico | Trinidad and Tobago | Anguilla | Antigua and Barbuda | Dominica | Grenada | Saint Lucia | Saint Vincent and the Grenadines | Angola | Ethiopia | Botswana | Burundi | Benin | Côte d'Ivoire | Djibouti | Gabon | Gambia | Ghana | Guinea | Guinea-Bissau | Equatorial Guinea | Cameroon | Cape Verde | Congo | Congo, Democratic Republic | Lesotho | Liberia | Madagascar | Malawi | Mali | Mauritania | Mauritius | Mozambique | Comoros | Eswatani | Niger | Nigeria | Burkina Faso | Réunion | Zimbabwe | Rwanda | Zambia | Slovenia | Saint Kitts and Nevis | Maldives | Germany | Timor-Leste | Micronesia, Federated States of | Marshall Islands | Tuvalu | Vanuatu | Niue | Cook Islands | Kiribati | Solomon Islands | New Caledonia | Nauru | Papua New Guinea | Tonga | Tahiti | Samoa | Fiji | Sri Lanka | Pakistan | Nepal | Iran | Bangladesh | Afghanistan | Tunisia | Morocco | Libya | Algeria | Eritrea | Central African Republic | Uganda | Chad | Togo | Tanzania, United Republic of | Namibia | Sudan | Somalia | Sierra Leone | Seychelles | Senegal | Sao Tome and Principe | Thailand | Czech Republic | Ukraine | China, PR | South Sudan | Malaysia | Singapore",Research/Doctorate/PhD,0,Are you researching the social effects of digitalisation? Do you want more freedom for your project and are interested in interdisciplinary exchange? A fellowship at CAIS releases you from your regular work obligations and offers many,DAAD,Germany,,,,,,Europe,Rolling / Annual,Fellowship,0,Postdoc,Research,80,Very High,1,90,Postdoc,https://www.daad.de/en/,Grant / Scholarship,6-24 Months
3418,RISE professional,RISE Professional - Research Internships in Science and Engineering,Undergraduates | Graduates | Doctoral candidates/PhD students,"Law, Economics and Social Sciences | Mathematics and Natural Sciences | Human Medicine | Veterinary Medicine, Agricultural, Forest and Nutritional Sciences, Ecology | Engineering",United States of America | Canada | Ireland | United Kingdom,Internship,1,Research internships in German companies or non-university research institutions with strong relations to industry,DAAD,Germany,,,,,,Europe,Rolling / Annual,Scholarship,0,PhD,Research,80,Medium,1,90,PhD,https://www.daad.de/en/,Grant / Scholarship,3-4 Years
3419,RISE Germany,RISE Germany - Research Internships in Science and Engineering,Undergraduates,"Mathematics and Natural Sciences | Human Medicine | Veterinary Medicine, Agricultural, Forest and Nutritional Sciences, Ecology | Engineering",United States of America | Canada | Ireland | United Kingdom,Internship,1,Internships at German universities and research institutions,DAAD,Germany,,,,,,Europe,Rolling / Annual,Scholarship,0,Bachelor,Research,80,Medium,1,90,Bachelor,https://www.daad.de/en/,Grant / Scholarship,3-5 Years
3529,International Scholarship Programme of the Avicenna Studienwerk,International Scholarship Programme of the Avicenna Studienwerk,Graduates | Doctoral candidates/PhD students,"Languages and Cultural Studies | Law, Economics and Social Sciences | Mathematics and Natural Sciences | Human Medicine | Veterinary Medicine, Agricultural, Forest and Nutritional Sciences, Ecology | Engineering | Art, Music and Sport","South Africa | Egypt | Bulgaria | India | Indonesia | Israel | Kazakhstan | Croatia | Malaysia | Romania | Singapore | Slovakia | Slovenia | Turkey | Thailand | Czech Republic | Ukraine | China, PR | Cyprus | Estonia | Latvia | Lithuania | Australia | Denmark | Finland | France | Greece | Ireland | Austria | Italy | Japan | Canada | New Zealand | Netherlands | Norway | Poland | Portugal | 38 | Sweden | Switzerland | Spain | United Kingdom | Hungary | United States of America | Uruguay | Argentina | Bolivia | Brazil | Chile | Costa Rica | Ecuador | Guatemala | Honduras | Colombia | Cuba | Mexico | Panama | Paraguay | Peru | Venezuela, Bolivarian Republic of | Nicaragua | Belgium | Palestinian Territories | Kenya | Luxembourg | Albania | Armenia | Azerbaijan | Belarus | Bosnia and Herzegovina | Georgia | Serbia | Kyrgyzstan | North Macedonia | Moldova, Republic of | Tajikistan | Turkmenistan | Uzbekistan | Andorra | Iceland | Liechtenstein | Malta | Monaco | San Marino | Vatican City | Bahrain | Iraq | Jordan | Qatar | Kuwait | Lebanon | Oman | Saudi Arabia | Yemen | Syrian Arab Republic (Syria) | United Arab Emirates | Bhutan | Myanmar | Brunei Darussalam | Taiwan | Hong Kong (CN) | Cambodia | Korea, the Republic of | 107 | Lao People's Democratic Republic | Macao (CN) | Mongolia | Philippines | Vietnam | Guyana | French Guayana | Suriname | Bahamas | Barbados | Bermudas | Dominican Republic | El Salvador | Guadeloupe | Haiti | Belize | Jamaica | Montserrat | Martinique | The Dutch Antilles | Puerto Rico | Trinidad and Tobago | Anguilla | Antigua and Barbuda | Dominica | Grenada | Saint Lucia | Saint Vincent and the Grenadines | Angola | Ethiopia | Botswana | Burundi | Benin | Côte d'Ivoire | Djibouti | Gabon | Gambia | Ghana | Guinea | Guinea-Bissau | Equatorial Guinea | Cameroon | Cape Verde | Congo | Congo, Democratic Republic | Lesotho | Liberia | Madagascar | Malawi | Mali | Mauritania | Mauritius | Mozambique | Comoros | Eswatani | Niger | Nigeria | Burkina Faso | Réunion | Zimbabwe | Rwanda | Zambia | Sao Tome and Principe | Senegal | Seychelles | Sierra Leone | Somalia | Sudan | Namibia | Tanzania, United Republic of | Togo | Chad | Uganda | Central African Republic | Eritrea | Algeria | Libya | Morocco | Tunisia | Afghanistan | Bangladesh | Iran | Nepal | Pakistan | Sri Lanka | Fiji | Samoa | Tahiti | Tonga | Papua New Guinea | Nauru | New Caledonia | Solomon Islands | Kiribati | Cook Islands | Niue | Vanuatu | Tuvalu | Marshall Islands | Micronesia, Federated States of | Timor-Leste | Germany | Maldives | Saint Kitts and Nevis | Guam | Palau | Montenegro | Kosovo | South Sudan",Study | Research/Doctorate/PhD,0,"The International Scholarship Programme (ISP) of the Avicenna Studienwerk, in cooperation with the Islamkolleg Deutschland, supports international Muslim students and doctoral candidates with funds from the Federal Foreign Office",DAAD,Germany,,,,,,Europe,Rolling / Annual,Scholarship,0,PhD,Research,80,Medium,1,90,PhD,https://www.daad.de/en/,Grant / Scholarship,3-4 Years
3559,Alfred Toepfer Stiftung & Studienstiftung des deutschen Volkes: You and Europe Scholarship Programme,Alfred Toepfer Stiftung & Studienstiftung des deutschen Volkes: You and Europe Scholarship Programme,Graduates,"Languages and Cultural Studies | Law, Economics and Social Sciences | Mathematics and Natural Sciences | Human Medicine | Veterinary Medicine, Agricultural, Forest and Nutritional Sciences, Ecology | Engineering | Art, Music and Sport","Bulgaria | Israel | Kazakhstan | Slovakia | Slovenia | Turkey | Czech Republic | Ukraine | Estonia | Latvia | Lithuania | Denmark | Finland | France | Greece | Ireland | Austria | Italy | Netherlands | Norway | Poland | Portugal | Sweden | Switzerland | Spain | United Kingdom | Hungary | Belgium | Luxembourg | Albania | Belarus | Bosnia and Herzegovina | Georgia | Serbia | North Macedonia | Moldova, Republic of | Andorra | Iceland | Liechtenstein | Malta | Monaco | San Marino | Vatican City | Montenegro | Kosovo",Study,0,The European Scholarship Programme You and Europe is aimed at European students wishing to complete a Master’s degree in Germany. “Europe” in this case is to be understood in its geographical entirety and thus independent of,DAAD,Germany,,,,,,Europe,Rolling / Annual,Scholarship,0,Masters,Study,80,Medium,1,90,Masters,https://www.daad.de/en/,Grant / Scholarship,1-2 Years
3634,Alfried Krupp Wissenschaftskolleg Greifswald: Alfried Krupp Fellowships,Alfried Krupp Wissenschaftskolleg Greifswald: Alfried Krupp Fellowships,Postdoctoral researchers | Faculty,"Languages and Cultural Studies | Law, Economics and Social Sciences | Mathematics and Natural Sciences | Human Medicine | Veterinary Medicine, Agricultural, Forest and Nutritional Sciences, Ecology | Engineering | Art, Music and Sport","Afghanistan | Tonga | New Caledonia | Hong Kong (CN) | Nicaragua | Qatar | Samoa | Tanzania, United Republic of | Bangladesh | Cuba | Panama | Nepal | Belgium | Papua New Guinea | Eritrea | Algeria | Oman | Central African Republic | Togo | Iran | Pakistan | Libya | Tahiti | Monaco | Nauru | Vatican City | Fiji | Lebanon | Colombia | Sri Lanka | Tunisia | Honduras | Morocco | Chad | Uganda | Chile | Brazil | Bolivia | Argentina | Uruguay | United States of America | Hungary | United Kingdom | Spain | Switzerland | Sweden | 38 | Portugal | Poland | Norway | Netherlands | New Zealand | Canada | Japan | Italy | Austria | Ireland | Palestinian Territories | Kenya | Luxembourg | Albania | Armenia | Azerbaijan | Belarus | Bosnia and Herzegovina | Georgia | Serbia | Kyrgyzstan | North Macedonia | Moldova, Republic of | Tajikistan | Turkmenistan | Uzbekistan | Andorra | Guatemala | Czech Republic | Ukraine | China, PR | Cyprus | Estonia | Latvia | Lithuania | Australia | Denmark | Finland | France | Greece | Cambodia | Korea, the Republic of | 107 | Lao People's Democratic Republic | Macao (CN) | Mongolia | Philippines | Vietnam | Guyana | French Guayana | Suriname | Bahamas | Barbados | Bermudas | Dominican Republic | El Salvador | Guadeloupe | Haiti | Belize | Jamaica | Montserrat | Martinique | The Dutch Antilles | Puerto Rico | Trinidad and Tobago | Anguilla | Antigua and Barbuda | Dominica | Grenada | Saint Lucia | Saint Vincent and the Grenadines | Angola | Ethiopia | Botswana | Burundi | Benin | Côte d'Ivoire | Djibouti | Gabon | Gambia | Ghana | Guinea | Guinea-Bissau | Equatorial Guinea | Cameroon | Cape Verde | Congo | Congo, Democratic Republic | Lesotho | Liberia | Madagascar | Bulgaria | Egypt | South Africa | India | Indonesia | Israel | Kazakhstan | Croatia | Malaysia | Romania | Singapore | Slovakia | Slovenia | Turkey | Mauritius | Mauritania | Mali | Malawi | Mozambique | Comoros | Eswatani | Niger | Nigeria | Burkina Faso | Réunion | Zimbabwe | Rwanda | Zambia | Sao Tome and Principe | Senegal | Seychelles | Sierra Leone | Somalia | Sudan | Namibia | Iceland | Solomon Islands | Kiribati | Cook Islands | Niue | Vanuatu | Tuvalu | Marshall Islands | Micronesia, Federated States of | Timor-Leste | Germany | Maldives | Saint Kitts and Nevis | Guam | Palau | Montenegro | Kosovo | South Sudan | Thailand | Brunei Darussalam | Yemen | Venezuela, Bolivarian Republic of | Costa Rica | Saudi Arabia | Iraq | Peru | Paraguay | Bahrain | Mexico | Malta | San Marino | Syrian Arab Republic (Syria) | Jordan | Kuwait | Taiwan | Myanmar | Ecuador | United Arab Emirates | Bhutan | Liechtenstein",Research/Doctorate/PhD,0,"The Alfried Krupp Wissenschaftskolleg Greifswald is awarding up to 6 Alfried Krupp Senior Fellowships and up to 8 Alfried Krupp Junior Fellowships for the academic year 2026/27.<br />
The Alfried Krupp Wissenschaftskolleg Greifswald is an",DAAD,Germany,,,,,,Europe,Rolling / Annual,Fellowship,0,Postdoc,Research,80,Very High,1,90,Postdoc,https://www.daad.de/en/,Grant / Scholarship,6-24 Months
3741,Sino-German Postdoc Program,Sino-German (CSC-DAAD) Postdoc Scholarship Program,Postdoctoral researchers | Doctoral candidates/PhD students,"Languages and Cultural Studies | Law, Economics and Social Sciences | Mathematics and Natural Sciences | Human Medicine | Veterinary Medicine, Agricultural, Forest and Nutritional Sciences, Ecology | Engineering | Art, Music and Sport","China, PR",Research/Doctorate/PhD,1,"To intensify German-Chinese research cooperation and improve funding opportunities for young Chinese scientists and academics, the China Scholarship Council (CSC) and the DAAD have offered a joint programme to support Chinese postdocs since",DAAD,Germany,,,,,,Europe,Rolling / Annual,Scholarship,0,Postdoc,Research,80,Very High,1,90,Postdoc,https://www.daad.de/en/,Grant / Scholarship,6-24 Months
3792,Hanse-Wissenschaftskolleg (HWK): Funded Regular and Junior Fellowships,Hanse-Wissenschaftskolleg (HWK): Funded Regular and Junior Fellowships,Postdoctoral researchers | Faculty,"Languages and Cultural Studies | Law, Economics and Social Sciences | Mathematics and Natural Sciences | Human Medicine | Veterinary Medicine, Agricultural, Forest and Nutritional Sciences, Ecology | Engineering | Art, Music and Sport","South Africa | Egypt | Bulgaria | India | Indonesia | Israel | Kazakhstan | Croatia | Malaysia | Romania | Singapore | Slovakia | Slovenia | Turkey | Thailand | Czech Republic | Ukraine | China, PR | Cyprus | Estonia | Latvia | Lithuania | Australia | Denmark | Finland | France | Greece | Ireland | Austria | Italy | Japan | Canada | New Zealand | Netherlands | Norway | Poland | Portugal | 38 | Sweden | Switzerland | Spain | United Kingdom | Hungary | United States of America | Uruguay | Argentina | Bolivia | Brazil | Chile | Costa Rica | Ecuador | Guatemala | Honduras | Colombia | Cuba | Mexico | Panama | Paraguay | Peru | Venezuela, Bolivarian Republic of | Nicaragua | Belgium | Palestinian Territories | Kenya | Luxembourg | Albania | Armenia | Azerbaijan | Belarus | Bosnia and Herzegovina | Georgia | Serbia | Kyrgyzstan | North Macedonia | Moldova, Republic of | Tajikistan | Turkmenistan | Uzbekistan | Andorra | Iceland | Liechtenstein | Malta | Monaco | San Marino | Vatican City | Bahrain | Iraq | Jordan | Qatar | Kuwait | Lebanon | Oman | Saudi Arabia | Yemen | Syrian Arab Republic (Syria) | United Arab Emirates | Bhutan | Myanmar | Brunei Darussalam | Taiwan | Hong Kong (CN) | Cambodia | Korea, the Republic of | 107 | Lao People's Democratic Republic | Macao (CN) | Mongolia | Philippines | Vietnam | Guyana | French Guayana | Suriname | Bahamas | Barbados | Bermudas | Dominican Republic | El Salvador | Guadeloupe | Haiti | Belize | Jamaica | Montserrat | Martinique | The Dutch Antilles | Puerto Rico | Trinidad and Tobago | Anguilla | Antigua and Barbuda | Dominica | Grenada | Saint Lucia | Saint Vincent and the Grenadines | Angola | Ethiopia | Botswana | Burundi | Benin | Côte d'Ivoire | Djibouti | Gabon | Gambia | Ghana | Guinea | Guinea-Bissau | Equatorial Guinea | Cameroon | Cape Verde | Congo | Congo, Democratic Republic | Lesotho | Liberia | Madagascar | Malawi | Mali | Mauritania | Mauritius | Mozambique | Comoros | Eswatani | Niger | Nigeria | Burkina Faso | Réunion | Zimbabwe | Rwanda | Zambia | Sao Tome and Principe | Senegal | Seychelles | Sierra Leone | Somalia | Sudan | Namibia | Tanzania, United Republic of | Togo | Chad | Uganda | Central African Republic | Eritrea | Algeria | Libya | Morocco | Tunisia | Afghanistan | Bangladesh | Iran | Nepal | Pakistan | Sri Lanka | Fiji | Samoa | Tahiti | Tonga | Papua New Guinea | Nauru | New Caledonia | Solomon Islands | Kiribati | Cook Islands | Niue | Vanuatu | Tuvalu | Marshall Islands | Micronesia, Federated States of | Timor-Leste | Germany | Maldives | Saint Kitts and Nevis | Guam | Palau | Montenegro | Kosovo | South Sudan",Research/Doctorate/PhD,0,The Hanse-Wissenschaftskolleg (HWK) in Delmenhorst is an Institute for Advanced Study in the Northwest of Germany. Its fellowship programme offers outstanding researchers the opportunity to focus on research without the distraction of,DAAD,Germany,,,,,,Europe,Rolling / Annual,Fellowship,0,Postdoc,Research,80,Very High,1,90,Postdoc,https://www.daad.de/en/,Grant / Scholarship,6-24 Months
3808,Government Scholarships Programme Mexico COMECYT-DAAD Master,Government Scholarships Programme Mexico COMECYT-DAAD Master,Graduates,"Languages and Cultural Studies | Law, Economics and Social Sciences | Mathematics and Natural Sciences | Human Medicine | Veterinary Medicine, Agricultural, Forest and Nutritional Sciences, Ecology | Engineering | Art, Music and Sport",Mexico,Research/Doctorate/PhD,1,Graduates receive a scholarship to complete a Master’s degree in Germany,DAAD,Germany,,,,,,Europe,Rolling / Annual,Scholarship,0,PhD,Research,80,Medium,1,90,PhD,https://www.daad.de/en/,Grant / Scholarship,3-4 Years
3809,Government Scholarships Programme Mexico COMECYT-DAAD Promotion,Government Scholarships Programme Mexico COMECYT-DAAD Promotion,Doctoral candidates/PhD students,"Languages and Cultural Studies | Law, Economics and Social Sciences | Mathematics and Natural Sciences | Human Medicine | Veterinary Medicine, Agricultural, Forest and Nutritional Sciences, Ecology | Engineering | Art, Music and Sport",Mexico,Research/Doctorate/PhD,1,Graduates receive a scholarship to complete a doctoral degree in Germany.,DAAD,Germany,,,,,,Europe,Rolling / Annual,Scholarship,0,PhD,Research,80,Medium,1,90,PhD,https://www.daad.de/en/,Grant / Scholarship,3-4 Years
3841,COLFUTURO MA,Country-related cooperation programme with Colombia (COLFUTURO - Fundación para el Futuro de Colombia) Master,Graduates,"Languages and Cultural Studies | Law, Economics and Social Sciences | Mathematics and Natural Sciences | Human Medicine | Veterinary Medicine, Agricultural, Forest and Nutritional Sciences, Ecology | Engineering | Art, Music and Sport",Colombia,Study,1,Graduates receive grants to complete a Master's degree in Germany,DAAD,Germany,,,,,,Europe,Rolling / Annual,Grant,0,Masters,Study,80,Medium,1,90,Masters,https://www.daad.de/en/,Grant / Scholarship,1-2 Years
3842,COLFUTURO PhD,Country-related cooperation programme with Colombia (COLFUTURO - Fundación para el Futuro de Colombia) Promotion,Doctoral candidates/PhD students,"Languages and Cultural Studies | Law, Economics and Social Sciences | Mathematics and Natural Sciences | Human Medicine | Veterinary Medicine, Agricultural, Forest and Nutritional Sciences, Ecology | Engineering | Art, Music and Sport",Colombia,Research/Doctorate/PhD,1,Graduates receive grants to complete a doctoral degree in Germany,DAAD,Germany,,,,,,Europe,Rolling / Annual,Grant,0,PhD,Research,80,Medium,1,90,PhD,https://www.daad.de/en/,Grant / Scholarship,3-4 Years
3889,Third Country Programme Latin America MA,Third Country Programme Latin America - Master,Graduates,Engineering,"Bolivia | Costa Rica | Ecuador | Guatemala | Honduras | Colombia | Paraguay | Peru | Venezuela, Bolivarian Republic of | Nicaragua | Guyana | Dominican Republic | El Salvador | Haiti | Belize | Jamaica | Antigua and Barbuda | Dominica | Grenada | Saint Lucia | Saint Vincent and the Grenadines",Study,1,This program awards scholarships to graduates pursuing a Master's degree in electrical engineering at the Universidad Nacional San Juan (Argentina).,DAAD,Germany,,,,,,Europe,Rolling / Annual,Scholarship,0,Masters,Study,80,Medium,1,90,Masters,https://www.daad.de/en/,Grant / Scholarship,1-2 Years
3891,Co-financed Short-Term Research Grant Brazil,Co-funded Research Grants – Short-Term Grants - DAAD,Doctoral candidates/PhD students,"Languages and Cultural Studies | Law, Economics and Social Sciences | Mathematics and Natural Sciences | Human Medicine | Veterinary Medicine, Agricultural, Forest and Nutritional Sciences, Ecology | Engineering | Art, Music and Sport",Brazil,Research/Doctorate/PhD,1,DAAD research grants provide foreign doctoral candidates with an opportunity to take part in a study visit to Germany as part of their doctoral studies. ,DAAD,Germany,,,,,,Europe,Rolling / Annual,Grant,0,PhD,Research,80,Medium,1,90,PhD,https://www.daad.de/en/,Grant / Scholarship,3-4 Years
3909,DAAD/BECAS Chile,DAAD/BECAS Chile,Graduates | Doctoral candidates/PhD students,"Languages and Cultural Studies | Law, Economics and Social Sciences | Mathematics and Natural Sciences | Human Medicine | Veterinary Medicine, Agricultural, Forest and Nutritional Sciences, Ecology | Engineering | Art, Music and Sport",Chile,Research/Doctorate/PhD,1,Cooperation between the National Committee for scientific and technological Research (ANID) and the German Academic Exchange Service (DAAD),DAAD,Germany,,,,,,Europe,Rolling / Annual,Scholarship,0,PhD,Research,80,Medium,1,90,PhD,https://www.daad.de/en/,Grant / Scholarship,3-4 Years
3913,University Summer Courses,University Summer Courses offered in Germany for Foreign Students and Graduates,Undergraduates | Graduates,"Languages and Cultural Studies | Law, Economics and Social Sciences | Mathematics and Natural Sciences | Human Medicine | Veterinary Medicine, Agricultural, Forest and Nutritional Sciences, Ecology | Engineering | Art, Music and Sport","Egypt | Bulgaria | India | Indonesia | Israel | Kazakhstan | Croatia | Malaysia | Romania | Singapore | Slovakia | Slovenia | Turkey | Thailand | Czech Republic | Ukraine | China, PR | Cyprus | Estonia | Latvia | Lithuania | Denmark | Finland | France | Greece | Ireland | Italy | Japan | Canada | Netherlands | Norway | Poland | Portugal | Sweden | Spain | United Kingdom | Hungary | United States of America | Costa Rica | Ecuador | Guatemala | Colombia | Cuba | Mexico | Venezuela, Bolivarian Republic of | Nicaragua | Belgium | Palestinian Territories | Kenya | Luxembourg | Albania | Armenia | Azerbaijan | Belarus | Bosnia and Herzegovina | Georgia | Serbia | Kyrgyzstan | North Macedonia | Moldova, Republic of | Tajikistan | Turkmenistan | Uzbekistan | Iceland | Malta | San Marino | Vatican City | Iraq | Jordan | Lebanon | Oman | Saudi Arabia | Myanmar | Taiwan | Hong Kong (CN) | Korea, the Republic of | Lao People's Democratic Republic | Mongolia | Philippines | Vietnam | Ethiopia | Burundi | Benin | Côte d'Ivoire | Gabon | Ghana | Cameroon | Madagascar | Mali | Nigeria | Burkina Faso | Senegal | Sudan | Togo | Uganda | Algeria | Morocco | Tunisia | Bangladesh | Iran | Sri Lanka | Montenegro | Kosovo",Language Course,1,DAAD scholarships for students taking Bachelor's and Master's degree courses in all subjects wishing to improve their German proficiency and cultural knowledge of the country.,DAAD,Germany,,,,,,Europe,Rolling / Annual,Scholarship,0,Masters,Study,80,Medium,1,90,Masters,https://www.daad.de/en/,Grant / Scholarship,1-2 Years
3920,German Centre for Integrative Biodiversity Research (iDiv): Graduate School Scholarship Programme (GSSP),German Centre for Integrative Biodiversity Research (iDiv): Graduate School Scholarship Programme (GSSP),Doctoral candidates/PhD students,"Languages and Cultural Studies | Law, Economics and Social Sciences | Veterinary Medicine, Agricultural, Forest and Nutritional Sciences, Ecology","South Africa | Egypt | India | Indonesia | Malaysia | Singapore | Thailand | China, PR | Uruguay | Argentina | Bolivia | Brazil | Chile | Costa Rica | Ecuador | Guatemala | Honduras | Colombia | Cuba | Panama | Paraguay | Peru | Venezuela, Bolivarian Republic of | Nicaragua | Palestinian Territories | Kenya | Bosnia and Herzegovina | Tajikistan | Turkmenistan | Bahrain | Iraq | Jordan | Qatar | Kuwait | Lebanon | Oman | Saudi Arabia | Yemen | Syrian Arab Republic (Syria) | United Arab Emirates | Bhutan | Myanmar | Brunei Darussalam | Cambodia | 107 | Lao People's Democratic Republic | Mongolia | Philippines | Vietnam | Guyana | Suriname | Bahamas | Barbados | Dominican Republic | El Salvador | Haiti | Belize | Jamaica | Trinidad and Tobago | Antigua and Barbuda | Dominica | Grenada | Saint Lucia | Saint Vincent and the Grenadines | Angola | Ethiopia | Botswana | Burundi | Benin | Côte d'Ivoire | Djibouti | Gabon | Gambia | Ghana | Guinea | Guinea-Bissau | Equatorial Guinea | Cameroon | Cape Verde | Congo | Congo, Democratic Republic | Lesotho | Liberia | Madagascar | Malawi | Mali | Mauritania | Mauritius | Mozambique | Comoros | Eswatani | Niger | Nigeria | Burkina Faso | Zimbabwe | Rwanda | Zambia | Sao Tome and Principe | Senegal | Seychelles | Sierra Leone | Somalia | Sudan | Namibia | Tanzania, United Republic of | Togo | Chad | Uganda | Central African Republic | Eritrea | Algeria | Libya | Morocco | Tunisia | Afghanistan | Bangladesh | Iran | Nepal | Pakistan | Sri Lanka | Fiji | Samoa | Tonga | Papua New Guinea | Nauru | Kiribati | Vanuatu | Marshall Islands | Micronesia, Federated States of | Timor-Leste | Maldives | Saint Kitts and Nevis | South Sudan",Research/Doctorate/PhD,0,"The yDiv Graduate School is looking for highly-motivated, international candidates from the Global South to apply for the DAAD GSSP Scholarships 2025 funded by the German Academic Exchange Service (DAAD). The research area is limited to the",DAAD,Germany,,,,,,Europe,Rolling / Annual,Scholarship,0,PhD,Research,80,Medium,1,90,PhD,https://www.daad.de/en/,Grant / Scholarship,3-4 Years
3931,CAS-DAAD Regierungsstipendien - Programme for the Promotion of,CAS-DAAD-Programme / Joint Fellowship Programme for Doctoral Students of CAS,Doctoral candidates/PhD students,Mathematics and Natural Sciences | Human Medicine | Engineering,"China, PR",Research/Doctorate/PhD,1,With this programme doctoral students from institutes of Chinese Academy of Sciences (CAS) are provided the opportunity to perform part of their doctoral research in German universities and research institutions with the exception of,DAAD,Germany,,,,,,Europe,Rolling / Annual,Scholarship,0,PhD,Research,80,Medium,1,90,PhD,https://www.daad.de/en/,Grant / Scholarship,3-4 Years
3949,PEA,Programme d'Etudes en Allemagne (PEA),Undergraduates,Languages and Cultural Studies,France,Study,1,Scholarships for French students of the faculties &quot;Langues étrangères appliqués&quot; and &quot;Langues et cultures étrangères&quot; for one semester stay in Germany,DAAD,Germany,,,,,,Europe,Rolling / Annual,Scholarship,0,Bachelor,Study,80,Medium,0,90,Bachelor,https://www.daad.de/en/,Grant / Scholarship,3-5 Years
3952,TheMuseumsLab,TheMuseumsLab,Undergraduates | Postdoctoral researchers | Graduates | Doctoral candidates/PhD students | Faculty,"Languages and Cultural Studies | Law, Economics and Social Sciences | Mathematics and Natural Sciences | Human Medicine | Veterinary Medicine, Agricultural, Forest and Nutritional Sciences, Ecology | Engineering | Art, Music and Sport","Togo | Somalia | Seychelles | Sierra Leone | Morocco | Nigeria | Tunisia | Egypt | Libya | Germany | Uganda | South Africa | Sudan | Algeria | Eritrea | Tanzania, United Republic of | Namibia | South Sudan | Central African Republic | Mauritius | United Kingdom | Ireland | Iceland | Italy | Liechtenstein | Luxembourg | Malta | Monaco | Netherlands | Norway | Austria | Portugal | San Marino | Sweden | Switzerland | Spain | Turkey | Vatican City | Albania | Bulgaria | Poland | Romania | Czech Republic | Hungary | Latvia | Estonia | Lithuania | Ukraine | Moldova, Republic of | Armenia | Georgia | Slovakia | Slovenia | Croatia | Bosnia and Herzegovina | North Macedonia | Serbia | Montenegro | Kosovo | Angola | Ethiopia | Botswana | Burundi | Benin | Côte d'Ivoire | Djibouti | Gabon | Gambia | Ghana | Guinea | Guinea-Bissau | Equatorial Guinea | Cameroon | Cape Verde | Kenya | Congo | Congo, Democratic Republic | Lesotho | Liberia | Madagascar | Malawi | Mali | Mauritania | Senegal | Burkina Faso | Zimbabwe | Rwanda | Zambia | Sao Tome and Principe | Niger | Eswatani | Comoros | Andorra | Belgium | Cyprus | Denmark | Finland | France | Greece | Chad | Mozambique",Internship,1,"TheMuseumsLab is a joint learning and exchange programme for African and European museum professionals, consisting of three seminar modules and short residencies. The programme is taking place online and onsite in Europe and Africa.",DAAD,Germany,,,,,,Europe,Rolling / Annual,Scholarship,0,Postdoc,Exchange,80,Very High,1,90,Postdoc,https://www.daad.de/en/,Grant / Scholarship,6-24 Months
3999,DLR/DAAD Research Fellowship Programme,DLR-DAAD Research Fellowship Programme,Postdoctoral researchers | Graduates | Doctoral candidates/PhD students | Faculty,Mathematics and Natural Sciences | Engineering,"South Africa | Egypt | Bulgaria | India | Indonesia | Israel | Kazakhstan | Croatia | Malaysia | Romania | Singapore | Slovakia | Slovenia | Turkey | Thailand | Czech Republic | Ukraine | China, PR | Cyprus | Estonia | Latvia | Lithuania | Australia | Denmark | Finland | France | Greece | Ireland | Austria | Italy | Japan | Canada | New Zealand | Netherlands | Norway | Poland | Portugal | Sweden | Switzerland | Spain | United Kingdom | Hungary | United States of America | Uruguay | Argentina | Bolivia | Brazil | Chile | Costa Rica | Ecuador | Guatemala | Honduras | Colombia | Cuba | Mexico | Panama | Paraguay | Peru | Venezuela, Bolivarian Republic of | Nicaragua | Belgium | Palestinian Territories | Kenya | Luxembourg | Albania | Armenia | Azerbaijan | Belarus | Bosnia and Herzegovina | Georgia | Serbia | Kyrgyzstan | North Macedonia | Moldova, Republic of | Tajikistan | Turkmenistan | Uzbekistan | Andorra | Iceland | Liechtenstein | Malta | Monaco | San Marino | Vatican City | Bahrain | Iraq | Jordan | Qatar | Kuwait | Lebanon | Oman | Saudi Arabia | Yemen | Syrian Arab Republic (Syria) | United Arab Emirates | Bhutan | Myanmar | Brunei Darussalam | Taiwan | Hong Kong (CN) | Cambodia | Korea, the Republic of | 107 | Lao People's Democratic Republic | Mongolia | Philippines | Vietnam | Guyana | Suriname | Bahamas | Barbados | Dominican Republic | El Salvador | Haiti | Belize | Jamaica | Trinidad and Tobago | Antigua and Barbuda | Dominica | Grenada | Saint Lucia | Saint Vincent and the Grenadines | Angola | Ethiopia | Botswana | Burundi | Benin | Côte d'Ivoire | Djibouti | Gabon | Gambia | Ghana | Guinea | Guinea-Bissau | Equatorial Guinea | Cameroon | Cape Verde | Congo | Congo, Democratic Republic | Lesotho | Liberia | Madagascar | Malawi | Mali | Mauritania | Mauritius | Mozambique | Comoros | Eswatani | Niger | Nigeria | Burkina Faso | Zimbabwe | Rwanda | Zambia | Sao Tome and Principe | Senegal | Seychelles | Sierra Leone | Somalia | Sudan | Namibia | Tanzania, United Republic of | Togo | Chad | Uganda | Central African Republic | Eritrea | Algeria | Libya | Morocco | Tunisia | Afghanistan | Bangladesh | Iran | Nepal | Pakistan | Sri Lanka | Fiji | Samoa | Tonga | Papua New Guinea | Nauru | Solomon Islands | Kiribati | Cook Islands | Niue | Vanuatu | Tuvalu | Marshall Islands | Micronesia, Federated States of | Timor-Leste | Germany | Maldives | Montenegro | Kosovo | South Sudan",Research/Doctorate/PhD,1,"This programme is implemented by the 'German Aerospace Center' (DLR) and the German Academic Exchange Service (DAAD). DLR is Germany's national research center for aeronautics and space.<br />
",DAAD,Germany,,,,,,Europe,Rolling / Annual,Scholarship,0,Postdoc,Research,80,Very High,1,90,Postdoc,https://www.daad.de/en/,Grant / Scholarship,6-24 Months
4008,In-Country/In Region Scholarships Programme at AIT,In-Country/In Region Scholarships Programme at AIT,Graduates,"Law, Economics and Social Sciences | Veterinary Medicine, Agricultural, Forest and Nutritional Sciences, Ecology",Indonesia | Malaysia | Thailand | Myanmar | Cambodia | Lao People's Democratic Republic | Philippines | Vietnam | Timor-Leste,Study,1,Scholarships for development-related Master's studies at a higher education institution in Southeast Asia.,DAAD,Germany,,,,,,Europe,Rolling / Annual,Scholarship,0,Masters,Study,80,Medium,1,90,Masters,https://www.daad.de/en/,Grant / Scholarship,1-2 Years
4009,In-Country/In Region Scholarships Programme at SEARCA FS,In-Country/In Region Scholarships Programme at SEARCA FS (Scholarship for PhD’s Studies),Doctoral candidates/PhD students,"Veterinary Medicine, Agricultural, Forest and Nutritional Sciences, Ecology",Thailand | Myanmar | Indonesia | Cambodia | Lao People's Democratic Republic | Malaysia | Philippines | Timor-Leste | Vietnam | Thailand | Myanmar | Indonesia | Cambodia | Lao People's Democratic Republic | Malaysia | Philippines | Timor-Leste | Vietnam | Thailand | Myanmar | Indonesia | Cambodia | Lao People's Democratic Republic | Malaysia | Philippines | Timor-Leste | Vietnam,Study | Research/Doctorate/PhD,1,Scholarships for development-related PhD’s studies at a higher education institution in Southeast Asia,DAAD,Germany,,,,,,Europe,Rolling / Annual,Scholarship,0,PhD,Research,80,Medium,1,90,PhD,https://www.daad.de/en/,Grant / Scholarship,3-4 Years
4010,In-Country/In Region Scholarships Programme at SEARCA NRM,In-Country/In Region Scholarships Programme at SEARCA NRM (Scholarship for PhD’s Studies),Doctoral candidates/PhD students,"Veterinary Medicine, Agricultural, Forest and Nutritional Sciences, Ecology",Lao People's Democratic Republic | Malaysia | Philippines | Thailand | Vietnam | Timor-Leste | Cambodia | Myanmar | Indonesia | Myanmar | Timor-Leste | Lao People's Democratic Republic | Malaysia | Philippines | Thailand | Vietnam | Cambodia | Indonesia | Indonesia | Cambodia | Lao People's Democratic Republic | Malaysia | Philippines | Thailand | Vietnam | Myanmar | Timor-Leste | Cambodia | Lao People's Democratic Republic | Malaysia | Philippines | Thailand | Vietnam | Myanmar | Timor-Leste | Indonesia,Study | Research/Doctorate/PhD,1,Scholarships for development-related PhD’s  studies at a higher education institution in Southeast Asia,DAAD,Germany,,,,,,Europe,Rolling / Annual,Scholarship,0,PhD,Research,80,Medium,1,90,PhD,https://www.daad.de/en/,Grant / Scholarship,3-4 Years
4011,In-Country/In Region Scholarships Programme at UGM,In-Country/In Region Scholarships Programme at UGM,Graduates,Mathematics and Natural Sciences,Indonesia | Malaysia | Thailand | Myanmar | Cambodia | Lao People's Democratic Republic | Philippines | Vietnam | Timor-Leste,Study,1,Scholarships for development-related Master's studies at a higher education institution in Southeast Asia,DAAD,Germany,,,,,,Europe,Rolling / Annual,Scholarship,0,Masters,Study,80,Medium,1,90,Masters,https://www.daad.de/en/,Grant / Scholarship,1-2 Years
4012,In-Country/In Region Scholarships Programme at IITD,In-Country/In Region Scholarships Programme at IITD (Scholarship for Master’s Studies),Graduates,Mathematics and Natural Sciences,Bhutan | Bangladesh | Nepal | Sri Lanka,Study,1,Scholarships for development-related Master’s studies at at the IIT Delhi,DAAD,Germany,,,,,,Europe,Rolling / Annual,Scholarship,0,Masters,Study,80,Medium,1,90,Masters,https://www.daad.de/en/,Grant / Scholarship,1-2 Years
4013,In-Country/In Region Scholarships Programme at SEARCA FS,In-Country/In Region Scholarships Programme at SEARCA FS (Scholarship for Master’s Studies),Graduates,"Veterinary Medicine, Agricultural, Forest and Nutritional Sciences, Ecology",Malaysia | Philippines | Cambodia | Lao People's Democratic Republic | Indonesia | Myanmar | Timor-Leste | Thailand | Vietnam | Thailand | Philippines | Malaysia | Lao People's Democratic Republic | Cambodia | Indonesia | Myanmar | Timor-Leste | Vietnam | Myanmar | Thailand | Philippines | Malaysia | Lao People's Democratic Republic | Cambodia | Indonesia | Timor-Leste | Vietnam,Study,1,Scholarships for development-related Master’s studies at a higher education institution in Southeast Asia,DAAD,Germany,,,,,,Europe,Rolling / Annual,Scholarship,0,Masters,Study,80,Medium,1,90,Masters,https://www.daad.de/en/,Grant / Scholarship,1-2 Years
4014,In-Country/In Region Scholarships Programme at SEARCA NRM,In-Country/In Region Scholarships Programme at SEARCA NRM (Scholarship for Master's Studies),Graduates,"Veterinary Medicine, Agricultural, Forest and Nutritional Sciences, Ecology",Indonesia | Indonesia | Indonesia | Indonesia | Malaysia | Malaysia | Malaysia | Malaysia | Thailand | Thailand | Thailand | Thailand | Myanmar | Myanmar | Myanmar | Myanmar | Cambodia | Cambodia | Cambodia | Cambodia | Lao People's Democratic Republic | Lao People's Democratic Republic | Lao People's Democratic Republic | Lao People's Democratic Republic | Philippines | Philippines | Philippines | Philippines | Vietnam | Vietnam | Vietnam | Vietnam | Timor-Leste | Timor-Leste | Timor-Leste | Timor-Leste,Study,1,Scholarships for development-related Master’s studies at a higher education institution in Southeast Asia,DAAD,Germany,,,,,,Europe,Rolling / Annual,Scholarship,0,Masters,Study,80,Medium,1,90,Masters,https://www.daad.de/en/,Grant / Scholarship,1-2 Years
4015,"University of Konstanz: ZUKOnnect Fellowships for Scholars from Africa, Asia and Latin America","University of Konstanz: ZUKOnnect Fellowships for Scholars from Africa, Asia and Latin America",Postdoctoral researchers | Doctoral candidates/PhD students,"Languages and Cultural Studies | Law, Economics and Social Sciences | Mathematics and Natural Sciences","South Africa | Egypt | India | Indonesia | Israel | Kazakhstan | Malaysia | Singapore | Turkey | Thailand | China, PR | Japan | 38 | Uruguay | Argentina | Bolivia | Brazil | Chile | Costa Rica | Ecuador | Guatemala | Honduras | Colombia | Cuba | Mexico | Panama | Paraguay | Peru | Venezuela, Bolivarian Republic of | Nicaragua | Palestinian Territories | Kenya | Armenia | Azerbaijan | Georgia | Kyrgyzstan | Tajikistan | Turkmenistan | Uzbekistan | Bahrain | Iraq | Jordan | Qatar | Kuwait | Lebanon | Oman | Saudi Arabia | Yemen | Syrian Arab Republic (Syria) | United Arab Emirates | Bhutan | Myanmar | Brunei Darussalam | Taiwan | Cambodia | Korea, the Republic of | 107 | Lao People's Democratic Republic | Mongolia | Philippines | Vietnam | Dominican Republic | El Salvador | Puerto Rico | Angola | Ethiopia | Botswana | Burundi | Benin | Côte d'Ivoire | Djibouti | Gabon | Gambia | Ghana | Guinea | Guinea-Bissau | Equatorial Guinea | Cameroon | Cape Verde | Congo | Congo, Democratic Republic | Lesotho | Liberia | Madagascar | Malawi | Mali | Mauritania | Mauritius | Mozambique | Comoros | Eswatani | Niger | Nigeria | Burkina Faso | Zimbabwe | Rwanda | Zambia | Sao Tome and Principe | Senegal | Seychelles | Sierra Leone | Somalia | Sudan | Namibia | Tanzania, United Republic of | Togo | Chad | Uganda | Central African Republic | Eritrea | Algeria | Libya | Morocco | Tunisia | Afghanistan | Bangladesh | Iran | Nepal | Pakistan | Sri Lanka | Timor-Leste | Maldives | South Sudan",Research/Doctorate/PhD,0,"The Zukunftskolleg Konnect Fellowships support early career researchers from Africa, Asia and Latin America, who do research that fits one of the 13 departments at the University of Konstanz. As a ZUKOnnect Fellow, you can use this time to",DAAD,Germany,,,,,,Europe,Rolling / Annual,Fellowship,0,Postdoc,Research,80,Very High,1,90,Postdoc,https://www.daad.de/en/,Grant / Scholarship,6-24 Months
4018,University Clinic Bonn: Research Training Group dedicated to the development and epileptogenesis of dysplasias,University Clinic Bonn: Research Training Group dedicated to the development and epileptogenesis of dysplasias,Doctoral candidates/PhD students,Mathematics and Natural Sciences | Human Medicine,"South Africa | Egypt | Bulgaria | India | Indonesia | Israel | Kazakhstan | Croatia | Malaysia | Romania | Singapore | Slovakia | Slovenia | Turkey | Thailand | Czech Republic | Ukraine | China, PR | Cyprus | Estonia | Latvia | Lithuania | Australia | Denmark | Finland | France | Greece | Ireland | Austria | Italy | Japan | Canada | New Zealand | Netherlands | Norway | Poland | Portugal | 38 | Sweden | Switzerland | Spain | United Kingdom | Hungary | United States of America | Uruguay | Argentina | Bolivia | Brazil | Chile | Costa Rica | Ecuador | Guatemala | Honduras | Colombia | Cuba | Mexico | Panama | Paraguay | Peru | Venezuela, Bolivarian Republic of | Nicaragua | Belgium | Palestinian Territories | Kenya | Luxembourg | Albania | Armenia | Azerbaijan | Belarus | Bosnia and Herzegovina | Georgia | Serbia | Kyrgyzstan | North Macedonia | Moldova, Republic of | Tajikistan | Turkmenistan | Uzbekistan | Andorra | Iceland | Liechtenstein | Malta | Monaco | San Marino | Vatican City | Bahrain | Iraq | Jordan | Qatar | Kuwait | Lebanon | Oman | Saudi Arabia | Yemen | Syrian Arab Republic (Syria) | United Arab Emirates | Bhutan | Myanmar | Brunei Darussalam | Taiwan | Hong Kong (CN) | Cambodia | Korea, the Republic of | 107 | Lao People's Democratic Republic | Macao (CN) | Mongolia | Philippines | Vietnam | Guyana | French Guayana | Suriname | Bahamas | Barbados | Bermudas | Dominican Republic | El Salvador | Guadeloupe | Haiti | Belize | Jamaica | Montserrat | Martinique | The Dutch Antilles | Puerto Rico | Trinidad and Tobago | Anguilla | Antigua and Barbuda | Dominica | Grenada | Saint Lucia | Saint Vincent and the Grenadines | Angola | Ethiopia | Botswana | Burundi | Benin | Côte d'Ivoire | Djibouti | Gabon | Gambia | Ghana | Guinea | Guinea-Bissau | Equatorial Guinea | Cameroon | Cape Verde | Congo | Congo, Democratic Republic | Lesotho | Liberia | Madagascar | Malawi | Mali | Mauritania | Mauritius | Mozambique | Comoros | Eswatani | Niger | Nigeria | Burkina Faso | Réunion | Zimbabwe | Rwanda | Zambia | Sao Tome and Principe | Senegal | Seychelles | Sierra Leone | Somalia | Sudan | Namibia | Tanzania, United Republic of | Togo | Chad | Uganda | Central African Republic | Eritrea | Algeria | Libya | Morocco | Tunisia | Afghanistan | Bangladesh | Iran | Nepal | Pakistan | Sri Lanka | Fiji | Samoa | Tahiti | Tonga | Papua New Guinea | Nauru | New Caledonia | Solomon Islands | Kiribati | Cook Islands | Niue | Vanuatu | Tuvalu | Marshall Islands | Micronesia, Federated States of | Timor-Leste | Germany | Maldives | Saint Kitts and Nevis | Guam | Palau | Montenegro | Kosovo | South Sudan",Research/Doctorate/PhD,0,This Research Training Group (RTG) offers an integrated research and graduate programme for PhD and MD students at the Medical and Mathematical and Natural Sciences Faculties of the University of Bonn and the DZNE funded by the German,DAAD,Germany,,,,,,Europe,Rolling / Annual,Scholarship,0,PhD,Research,80,Medium,1,90,PhD,https://www.daad.de/en/,Grant / Scholarship,3-4 Years
4021,Study Scholarships - Master Studies for All Academic Disciplines,Study Scholarships - Master Studies for All Academic Disciplines,Graduates,"Languages and Cultural Studies | Law, Economics and Social Sciences | Mathematics and Natural Sciences | Human Medicine | Veterinary Medicine, Agricultural, Forest and Nutritional Sciences, Ecology | Engineering | Art, Music and Sport","Bulgaria | Israel | Kazakhstan | Croatia | Romania | Singapore | Slovakia | Slovenia | Czech Republic | Ukraine | Cyprus | Estonia | Latvia | Lithuania | Australia | Denmark | Finland | France | Greece | Ireland | Austria | Italy | Japan | Canada | New Zealand | Netherlands | Norway | Poland | Portugal | Sweden | Switzerland | Spain | United Kingdom | Hungary | United States of America | Belgium | Palestinian Territories | Luxembourg | Albania | Armenia | Azerbaijan | Belarus | Bosnia and Herzegovina | Georgia | Serbia | Kyrgyzstan | North Macedonia | Moldova, Republic of | Tajikistan | Turkmenistan | Uzbekistan | Andorra | Iceland | Liechtenstein | Malta | Monaco | San Marino | Vatican City | Yemen | Syrian Arab Republic (Syria) | Korea, the Republic of | Afghanistan | Montenegro | Kosovo",Study,1,DAAD scholarships for graduates with a first academic degree wishing to continue their academic training in Germany with a postgraduate course of study.,DAAD,Germany,,,,,,Europe,Rolling / Annual,Scholarship,0,Masters,Study,80,Medium,1,90,Masters,https://www.daad.de/en/,Grant / Scholarship,1-2 Years
4022,Study Scholarships - Postgraduate Studies in the Field of the Performing,Study Scholarships - Postgraduate Studies in the Field of the Performing Arts,Graduates,"Art, Music and Sport","Nepal | Pakistan | Kenya | Congo | Congo, Democratic Republic | Lesotho | New Zealand | Liberia | Madagascar | Malawi | Mali | Mauritania | Mauritius | Mozambique | Andorra | Belgium | Cyprus | Denmark | Finland | France | Greece | United Kingdom | Ireland | Iceland | Italy | Liechtenstein | Luxembourg | Malta | Monaco | Netherlands | Norway | Austria | Portugal | San Marino | Sweden | Switzerland | Spain | Turkey | Vatican City | Albania | Bulgaria | Poland | Romania | Czech Republic | Hungary | Latvia | Estonia | Lithuania | Ukraine | Belarus | Moldova, Republic of | Armenia | Azerbaijan | Georgia | Turkmenistan | Kazakhstan | Uzbekistan | Kyrgyzstan | Tajikistan | Slovakia | Slovenia | Croatia | Bosnia and Herzegovina | North Macedonia | Serbia | Montenegro | Kosovo | Iraq | Israel | Jordan | Lebanon | Oman | Palestinian Territories | Saudi Arabia | Yemen | Syrian Arab Republic (Syria) | Bhutan | Myanmar | China, PR | Taiwan | Hong Kong (CN) | Indonesia | Japan | Cambodia | Korea, the Republic of | Lao People's Democratic Republic | Macao (CN) | Malaysia | Mongolia | Philippines | Singapore | Thailand | Vietnam | Canada | United States of America | Argentina | Bolivia | Brazil | Chile | Ecuador | Guyana | Suriname | Colombia | Paraguay | Peru | Uruguay | Venezuela, Bolivarian Republic of | Bahamas | Barbados | Honduras | Costa Rica | Cuba | Dominican Republic | El Salvador | Guatemala | Haiti | Belize | Jamaica | Mexico | Nicaragua | Panama | Trinidad and Tobago | Antigua and Barbuda | Dominica | Grenada | Saint Lucia | Saint Vincent and the Grenadines | Saint Kitts and Nevis | Angola | Ethiopia | Botswana | Burundi | Benin | Côte d'Ivoire | Djibouti | Gabon | Gambia | Ghana | Guinea | Guinea-Bissau | Equatorial Guinea | Cameroon | Cape Verde | Australia | Sri Lanka | Egypt | Afghanistan | Bangladesh | India | Iran | Tunisia | Comoros | Eswatani | Niger | Nigeria | Burkina Faso | Zimbabwe | Rwanda | Zambia | Sao Tome and Principe | Senegal | Seychelles | Sierra Leone | Somalia | South Africa | Sudan | Namibia | Tanzania, United Republic of | Togo | Chad | Uganda | Central African Republic | South Sudan | Algeria | Libya | Morocco",Study | 8,1,DAAD scholarships that allow students to continue their academic training with a postgraduate or continuing course of study in Germany,DAAD,Germany,,,,,,Europe,Rolling / Annual,Scholarship,0,Masters,Study,80,Medium,0,90,Masters,https://www.daad.de/en/,Grant / Scholarship,1-2 Years
4023,Research Grants - Doctoral Programmes in Germany,Doctoral Programmes in Germany,Graduates | Doctoral candidates/PhD students,"Languages and Cultural Studies | Law, Economics and Social Sciences | Mathematics and Natural Sciences | Human Medicine | Veterinary Medicine, Agricultural, Forest and Nutritional Sciences, Ecology | Engineering | Art, Music and Sport","South Africa | Egypt | India | Indonesia | Israel | Kazakhstan | Malaysia | Turkey | Thailand | Ukraine | China, PR | Japan | Uruguay | Argentina | Bolivia | Brazil | Chile | Costa Rica | Ecuador | Guatemala | Honduras | Colombia | Cuba | Mexico | Panama | Paraguay | Peru | Venezuela, Bolivarian Republic of | Nicaragua | Palestinian Territories | Kenya | Albania | Armenia | Azerbaijan | Belarus | Bosnia and Herzegovina | Georgia | Serbia | Kyrgyzstan | North Macedonia | Moldova, Republic of | Tajikistan | Turkmenistan | Uzbekistan | Iraq | Jordan | Lebanon | Yemen | Syrian Arab Republic (Syria) | Bhutan | Myanmar | Taiwan | Hong Kong (CN) | Cambodia | Korea, the Republic of | Lao People's Democratic Republic | Macao (CN) | Mongolia | Philippines | Vietnam | Guyana | Suriname | Dominican Republic | El Salvador | Haiti | Belize | Jamaica | Dominica | Grenada | Saint Lucia | Saint Vincent and the Grenadines | Angola | Ethiopia | Botswana | Burundi | Benin | Côte d'Ivoire | Djibouti | Gabon | Gambia | Ghana | Guinea | Guinea-Bissau | Equatorial Guinea | Cameroon | Cape Verde | Congo | Congo, Democratic Republic | Lesotho | Liberia | Madagascar | Malawi | Mali | Mauritania | Mauritius | Mozambique | Comoros | Eswatani | Niger | Nigeria | Burkina Faso | Zimbabwe | Rwanda | Zambia | Sao Tome and Principe | Senegal | Seychelles | Sierra Leone | Somalia | Sudan | Namibia | Tanzania, United Republic of | Togo | Chad | Uganda | Central African Republic | Algeria | Libya | Morocco | Tunisia | Afghanistan | Bangladesh | Iran | Nepal | Pakistan | Sri Lanka | Montenegro | Kosovo | South Sudan",Research/Doctorate/PhD,1,"DAAD grants for young scientists and academics wishing to improve their academic qualifications with a doctoral degree in Germany.<br />
",DAAD,Germany,,,,,,Europe,Rolling / Annual,Grant,0,PhD,Research,80,Medium,1,90,PhD,https://www.daad.de/en/,Grant / Scholarship,3-4 Years
4024,"Study Scholarships - Postgraduate Studies in the Fields of Fine Art,","Study Scholarships - Postgraduate Studies in the Fields of Fine Art, Design, Visual Communication and Film",Graduates,"Engineering | Art, Music and Sport","South Africa | Egypt | Bulgaria | India | Indonesia | Israel | Kazakhstan | Croatia | Malaysia | Romania | Singapore | Slovakia | Slovenia | Turkey | Thailand | Czech Republic | Ukraine | China, PR | Cyprus | Estonia | Latvia | Lithuania | Australia | Denmark | Finland | France | Greece | Ireland | Austria | Italy | Japan | Canada | New Zealand | Netherlands | Norway | Poland | Portugal | Sweden | Switzerland | Spain | United Kingdom | Hungary | United States of America | Uruguay | Argentina | Bolivia | Brazil | Chile | Costa Rica | Ecuador | Guatemala | Honduras | Colombia | Cuba | Mexico | Panama | Paraguay | Peru | Venezuela, Bolivarian Republic of | Nicaragua | Belgium | Palestinian Territories | Kenya | Luxembourg | Albania | Armenia | Azerbaijan | Belarus | Bosnia and Herzegovina | Georgia | Serbia | Kyrgyzstan | North Macedonia | Moldova, Republic of | Tajikistan | Turkmenistan | Uzbekistan | Andorra | Iceland | Liechtenstein | Malta | Monaco | San Marino | Vatican City | Iraq | Jordan | Lebanon | Oman | Saudi Arabia | Yemen | Syrian Arab Republic (Syria) | Bhutan | Myanmar | Taiwan | Hong Kong (CN) | Cambodia | Korea, the Republic of | Lao People's Democratic Republic | Macao (CN) | Mongolia | Philippines | Vietnam | Guyana | Suriname | Bahamas | Barbados | Dominican Republic | El Salvador | Haiti | Belize | Jamaica | Trinidad and Tobago | Antigua and Barbuda | Dominica | Grenada | Saint Lucia | Saint Vincent and the Grenadines | Angola | Ethiopia | Botswana | Burundi | Benin | Côte d'Ivoire | Djibouti | Gabon | Gambia | Ghana | Guinea | Guinea-Bissau | Equatorial Guinea | Cameroon | Cape Verde | Congo | Congo, Democratic Republic | Lesotho | Liberia | Madagascar | Malawi | Mali | Mauritania | Mauritius | Mozambique | Comoros | Eswatani | Niger | Nigeria | Burkina Faso | Zimbabwe | Rwanda | Zambia | Sao Tome and Principe | Senegal | Seychelles | Sierra Leone | Somalia | Sudan | Namibia | Tanzania, United Republic of | Togo | Chad | Uganda | Central African Republic | Eritrea | Algeria | Libya | Morocco | Tunisia | Afghanistan | Bangladesh | Iran | Nepal | Pakistan | Sri Lanka | Saint Kitts and Nevis | Montenegro | Kosovo | South Sudan",Study,1,DAAD scholarships that allow students to continue their academic training with a postgraduate or continuing course of study in Germany,DAAD,Germany,,,,,,Europe,Rolling / Annual,Scholarship,0,Masters,Study,80,Medium,1,90,Masters,https://www.daad.de/en/,Grant / Scholarship,1-2 Years
4025,Study Scholarships - Postgraduate Studies in the Field of Music,Study Scholarships - Postgraduate Studies in the Field of Music,Graduates,"Art, Music and Sport","South Africa | Egypt | Bulgaria | India | Indonesia | Israel | Kazakhstan | Croatia | Malaysia | Romania | Singapore | Slovakia | Slovenia | Turkey | Thailand | Czech Republic | Ukraine | China, PR | Cyprus | Estonia | Latvia | Lithuania | Australia | Denmark | Finland | France | Greece | Ireland | Austria | Italy | Japan | Canada | New Zealand | Netherlands | Norway | Poland | Portugal | Sweden | Switzerland | Spain | United Kingdom | Hungary | United States of America | Uruguay | Argentina | Bolivia | Brazil | Chile | Costa Rica | Ecuador | Guatemala | Honduras | Colombia | Cuba | Mexico | Panama | Paraguay | Peru | Venezuela, Bolivarian Republic of | Nicaragua | Belgium | Palestinian Territories | Kenya | Luxembourg | Albania | Armenia | Azerbaijan | Belarus | Bosnia and Herzegovina | Georgia | Serbia | Kyrgyzstan | North Macedonia | Moldova, Republic of | Tajikistan | Turkmenistan | Uzbekistan | Andorra | Iceland | Liechtenstein | Malta | Monaco | San Marino | Vatican City | Iraq | Jordan | Lebanon | Oman | Saudi Arabia | Yemen | Syrian Arab Republic (Syria) | Bhutan | Myanmar | Taiwan | Hong Kong (CN) | Cambodia | Korea, the Republic of | Lao People's Democratic Republic | Macao (CN) | Mongolia | Philippines | Vietnam | Guyana | Suriname | Bahamas | Barbados | Dominican Republic | El Salvador | Haiti | Belize | Jamaica | Trinidad and Tobago | Antigua and Barbuda | Dominica | Grenada | Saint Lucia | Saint Vincent and the Grenadines | Angola | Ethiopia | Botswana | Burundi | Benin | Côte d'Ivoire | Djibouti | Gabon | Gambia | Ghana | Guinea | Guinea-Bissau | Equatorial Guinea | Cameroon | Cape Verde | Congo | Congo, Democratic Republic | Lesotho | Liberia | Madagascar | Malawi | Mali | Mauritania | Mauritius | Mozambique | Comoros | Eswatani | Niger | Nigeria | Burkina Faso | Zimbabwe | Rwanda | Zambia | Sao Tome and Principe | Senegal | Seychelles | Sierra Leone | Somalia | Sudan | Namibia | Tanzania, United Republic of | Togo | Chad | Uganda | Central African Republic | Algeria | Libya | Morocco | Tunisia | Afghanistan | Bangladesh | Iran | Nepal | Pakistan | Sri Lanka | Saint Kitts and Nevis | Montenegro | Kosovo | South Sudan",Study,1,DAAD scholarships that allow students to continue their academic training with a postgraduate or continuing course of study in Germany,DAAD,Germany,,,,,,Europe,Rolling / Annual,Scholarship,0,Masters,Study,80,Medium,0,90,Masters,https://www.daad.de/en/,Grant / Scholarship,1-2 Years
4026,Study Scholarships - Postgraduate Studies in the Field of Architecture,Study Scholarships - Postgraduate Studies in the Field of Architecture,Graduates,Engineering,"New Zealand | Australia | Sri Lanka | Pakistan | Nepal | Iran | India | Bangladesh | Afghanistan | Egypt | Tunisia | Morocco | Libya | Algeria | South Sudan | Central African Republic | Uganda | Chad | Togo | Tanzania, United Republic of | Namibia | Sudan | South Africa | Somalia | Sierra Leone | Seychelles | Senegal | Sao Tome and Principe | Zambia | Rwanda | Zimbabwe | Burkina Faso | Nigeria | Niger | Eswatani | Comoros | Mozambique | Mauritius | Mauritania | Mali | Malawi | Madagascar | Liberia | Lesotho | Congo, Democratic Republic | Congo | Kenya | Cape Verde | Cameroon | Equatorial Guinea | Guinea-Bissau | Guinea | Ghana | Gambia | Gabon | Djibouti | Côte d'Ivoire | Benin | Burundi | Botswana | Ethiopia | Angola | Saint Kitts and Nevis | Saint Vincent and the Grenadines | Saint Lucia | Grenada | Dominica | Antigua and Barbuda | Trinidad and Tobago | Panama | Nicaragua | Mexico | Jamaica | Belize | Haiti | Guatemala | El Salvador | Dominican Republic | Cuba | Costa Rica | Honduras | Barbados | Bahamas | Venezuela, Bolivarian Republic of | Uruguay | Peru | Paraguay | Colombia | Suriname | Guyana | Ecuador | Chile | Brazil | Bolivia | Argentina | United States of America | Canada | Vietnam | Thailand | Singapore | Philippines | Mongolia | Malaysia | Macao (CN) | Lao People's Democratic Republic | Korea, the Republic of | Cambodia | Japan | Indonesia | Hong Kong (CN) | Taiwan | China, PR | Myanmar | Bhutan | Syrian Arab Republic (Syria) | Yemen | Saudi Arabia | Palestinian Territories | Oman | Lebanon | Jordan | Israel | Iraq | Kosovo | Montenegro | Serbia | North Macedonia | Bosnia and Herzegovina | Croatia | Slovenia | Slovakia | Tajikistan | Kyrgyzstan | Uzbekistan | Kazakhstan | Turkmenistan | Georgia | Azerbaijan | Armenia | Moldova, Republic of | Belarus | Ukraine | Lithuania | Estonia | Latvia | Hungary | Czech Republic | Romania | Poland | Bulgaria | Albania | Vatican City | Turkey | Spain | Switzerland | Sweden | San Marino | Portugal | Austria | Norway | Netherlands | Monaco | Malta | Luxembourg | Liechtenstein | Italy | Iceland | Ireland | United Kingdom | Greece | France | Finland | Denmark | Cyprus | Belgium | Andorra",Study,1,DAAD scholarships allowing students to continue their academic training with a postgraduate or continuing course of study in Germany,DAAD,Germany,,,,,,Europe,Rolling / Annual,Scholarship,0,Masters,Study,80,Medium,1,90,Masters,https://www.daad.de/en/,Grant / Scholarship,1-2 Years
4027,Research Grants - Bi-nationally Supervised Doctoral Degrees/Cotutelle,Bi-nationally Supervised Doctoral Degrees / Cotutelle,Graduates | Doctoral candidates/PhD students,"Languages and Cultural Studies | Law, Economics and Social Sciences | Mathematics and Natural Sciences | Human Medicine | Veterinary Medicine, Agricultural, Forest and Nutritional Sciences, Ecology | Engineering | Art, Music and Sport","South Africa | Egypt | Bulgaria | India | Indonesia | Israel | Kazakhstan | Croatia | Malaysia | Romania | Singapore | Slovakia | Slovenia | Turkey | Thailand | Czech Republic | Ukraine | Cyprus | Estonia | Latvia | Lithuania | Australia | Denmark | Finland | France | Greece | Ireland | Austria | Italy | Japan | Canada | New Zealand | Netherlands | Norway | Poland | Portugal | Sweden | Switzerland | Spain | United Kingdom | Hungary | United States of America | Uruguay | Argentina | Bolivia | Brazil | Chile | Costa Rica | Ecuador | Guatemala | Honduras | Colombia | Cuba | Mexico | Panama | Paraguay | Peru | Venezuela, Bolivarian Republic of | Nicaragua | Belgium | Kenya | Luxembourg | Albania | Armenia | Azerbaijan | Belarus | Bosnia and Herzegovina | Georgia | Serbia | Kyrgyzstan | North Macedonia | Moldova, Republic of | Tajikistan | Turkmenistan | Uzbekistan | Andorra | Iceland | Liechtenstein | Malta | Monaco | San Marino | Vatican City | Jordan | Lebanon | Yemen | Bhutan | Myanmar | Taiwan | Cambodia | Korea, the Republic of | Lao People's Democratic Republic | Mongolia | Philippines | Vietnam | Guyana | Suriname | Bahamas | Barbados | Dominican Republic | El Salvador | Haiti | Belize | Jamaica | Trinidad and Tobago | Antigua and Barbuda | Dominica | Grenada | Saint Lucia | Saint Vincent and the Grenadines | Angola | Ethiopia | Botswana | Burundi | Benin | Côte d'Ivoire | Djibouti | Gabon | Gambia | Ghana | Guinea | Guinea-Bissau | Equatorial Guinea | Cameroon | Cape Verde | Congo | Congo, Democratic Republic | Lesotho | Liberia | Madagascar | Malawi | Mali | Mauritania | Mauritius | Mozambique | Comoros | Eswatani | Niger | Nigeria | Burkina Faso | Zimbabwe | Rwanda | Zambia | Sao Tome and Principe | Senegal | Seychelles | Sierra Leone | Somalia | Sudan | Namibia | Tanzania, United Republic of | Togo | Chad | Uganda | Central African Republic | Algeria | Libya | Morocco | Tunisia | Bangladesh | Iran | Nepal | Pakistan | Sri Lanka | Saint Kitts and Nevis | Montenegro | Kosovo | South Sudan",Research/Doctorate/PhD,1,DAAD grants for doctoral candidates and young scientists and academics whose doctoral degrees are supervised both by a university teacher at the home university and an academic adviser at the host institute in Germany ,DAAD,Germany,,,,,,Europe,Rolling / Annual,Grant,0,PhD,Research,80,Medium,1,90,PhD,https://www.daad.de/en/,Grant / Scholarship,3-4 Years
4028,Study scholarships for STEM disciplines,Study scholarships for STEM disciplines,Graduates,Mathematics and Natural Sciences | Engineering,"Timor-Leste | Kenya | Ghana | Panama | Nicaragua | Mexico | Belize | Guatemala | El Salvador | Dominican Republic | Costa Rica | Honduras | Venezuela, Bolivarian Republic of | Peru | Colombia | Ecuador | Vietnam | Thailand | Malaysia | Lao People's Democratic Republic | Cambodia | Indonesia | Myanmar | Jordan",Study,1,"DAAD scholarships for Master's degrees in innovation-driving STEM fields to support the qualification and employability of young academics and future professionals from developing and emerging countries.<br />
",DAAD,Germany,,,,,,Europe,Rolling / Annual,Scholarship,0,Masters,Study,80,Medium,1,90,Masters,https://www.daad.de/en/,Grant / Scholarship,1-2 Years
4029,ERP Study Scholarships for Graduates of Economics and Business,ERP Study Scholarships for Graduates of Economics and Business Administration,Graduates,"Law, Economics and Social Sciences","Kazakhstan | Ukraine | Armenia | Azerbaijan | Belarus | Georgia | Serbia | Kyrgyzstan | Moldova, Republic of | Tajikistan | Turkmenistan | Uzbekistan",Study,1,"One-year DAAD scholarships as part of two-year Master's study programmes for countries in Eastern, Central Eastern and Southeastern Europe",DAAD,Germany,,,,,,Europe,Rolling / Annual,Scholarship,0,Masters,Study,80,Medium,1,90,Masters,https://www.daad.de/en/,Grant / Scholarship,1-2 Years
4031,DAAD-K.C.Wong Postdoc Fellowships,DAAD-K.C.Wong Postdoc Fellowships,Postdoctoral researchers,"Mathematics and Natural Sciences | Human Medicine | Veterinary Medicine, Agricultural, Forest and Nutritional Sciences, Ecology | Engineering","China, PR",Research/Doctorate/PhD,1,"The research grants allow Chinese scientists and academics from the natural sciences, mathematics, engineering, agriculture and medicine to carry out research in Germany.",DAAD,Germany,,,,,,Europe,Rolling / Annual,Grant,0,Postdoc,Research,80,Very High,1,90,Postdoc,https://www.daad.de/en/,Grant / Scholarship,6-24 Months
4038,DAAD-Short-term scholarships for master's degree students,DAAD-Short-term scholarships for master's degree students,Graduates,"Languages and Cultural Studies | Law, Economics and Social Sciences | Mathematics and Natural Sciences | Human Medicine | Veterinary Medicine, Agricultural, Forest and Nutritional Sciences, Ecology | Engineering | Art, Music and Sport","China, PR",Research/Doctorate/PhD,1,The scholarships offer Chinese students from all disciplines the opportunity to undertake research in Germany as part of their Master's thesis.,DAAD,Germany,,,,,,Europe,Rolling / Annual,Scholarship,0,PhD,Research,80,Medium,1,90,PhD,https://www.daad.de/en/,Grant / Scholarship,3-4 Years
4045,University Winter Courses,University Winter Courses in Germany for Foreign Students and Graduates,Undergraduates | Graduates,"Languages and Cultural Studies | Law, Economics and Social Sciences | Mathematics and Natural Sciences | Human Medicine | Veterinary Medicine, Agricultural, Forest and Nutritional Sciences, Ecology | Engineering | Art, Music and Sport",Australia | Namibia | South Africa | Zimbabwe | Mozambique | Uruguay | Peru | Paraguay | Colombia | Ecuador | Chile | Brazil | Argentina | New Zealand,Language Course,1,"DAAD scholarships for students, graduates and doctoral candidates to improve German language skills",DAAD,Germany,,,,,,Europe,Rolling / Annual,Scholarship,0,Bachelor,Study,80,Medium,1,90,Bachelor,https://www.daad.de/en/,Grant / Scholarship,3-5 Years
4047,SECIHTI,"Cooperation programme with Mexico (SECIHTI – Secretaría de Ciencia, Humanidades, Tecnología e Innovación) Master",Graduates,"Languages and Cultural Studies | Law, Economics and Social Sciences | Mathematics and Natural Sciences | Human Medicine | Veterinary Medicine, Agricultural, Forest and Nutritional Sciences, Ecology | Engineering | Art, Music and Sport",Mexico,Study,1,The aim of this joint scholarship programme of DAAD and SECIHTI is to support the qualification and employability of young academics and future professionals from Mexico.,DAAD,Germany,,,,,,Europe,Rolling / Annual,Scholarship,0,Masters,Study,80,Medium,1,90,Masters,https://www.daad.de/en/,Grant / Scholarship,1-2 Years
4048,GROW – Programm Line 1,GROW – Global Research Opportunities for the South,Postdoctoral researchers | Graduates | Doctoral candidates/PhD students | Faculty,"Languages and Cultural Studies | Law, Economics and Social Sciences | Mathematics and Natural Sciences | Human Medicine | Veterinary Medicine, Agricultural, Forest and Nutritional Sciences, Ecology | Engineering | Art, Music and Sport","Palau | Timor-Leste | Micronesia, Federated States of | Marshall Islands | Tuvalu | Vanuatu | Niue | Cook Islands | Kiribati | Solomon Islands | Nauru | Papua New Guinea | Tonga | Samoa | Fiji | Sri Lanka | Nepal | India | Bangladesh | South Sudan | Central African Republic | Uganda | Chad | Togo | Tanzania, United Republic of | Namibia | Sudan | South Africa | Somalia | Sierra Leone | Seychelles | Senegal | Sao Tome and Principe | Zambia | Rwanda | Zimbabwe | Burkina Faso | Nigeria | Niger | Eswatani | Comoros | Mozambique | Mauritius | Mauritania | Mali | Malawi | Madagascar | Liberia | Lesotho | Congo, Democratic Republic | Congo | Kenya | Cape Verde | Cameroon | Equatorial Guinea | Guinea-Bissau | Guinea | Ghana | Gambia | Gabon | Djibouti | Côte d'Ivoire | Benin | Burundi | Botswana | Ethiopia | Angola | Saint Vincent and the Grenadines | Saint Lucia | Grenada | Dominica | Panama | Nicaragua | Mexico | Jamaica | Belize | Haiti | Guatemala | El Salvador | Dominican Republic | Cuba | Costa Rica | Honduras | Venezuela, Bolivarian Republic of | Peru | Paraguay | Colombia | Suriname | Guyana | Ecuador | Brazil | Bolivia | Argentina | Vietnam | Thailand | Philippines | Mongolia | Maldives | Malaysia | Lao People's Democratic Republic | Cambodia | Indonesia | Myanmar | Bhutan",Research/Doctorate/PhD,1,"The programme is aimed at early career researchers as well as established academics and scientists from countries on the OECD DAC list in Latin America, Asia and Sub Saharan Africa.",DAAD,Germany,,,,,,Europe,Rolling / Annual,Scholarship,0,Postdoc,Research,80,Very High,1,90,Postdoc,https://www.daad.de/en/,Grant / Scholarship,6-24 Months
4051,Combined Study and Practice Stays for Engineers from Developing,Combined Study and Practice Stays for Engineers from Developing Countries (KOSPIE) with Indian IITs,Graduates,Mathematics and Natural Sciences | Engineering,India | Bangladesh | Nepal,Study,1,Scholarships for Master's students from Indian Institutes of Technology (IIT),DAAD,Germany,,,,,,Europe,Rolling / Annual,Scholarship,0,Masters,Study,80,Medium,1,90,Masters,https://www.daad.de/en/,Grant / Scholarship,1-2 Years
4052,Re-invitation Programme for Former Scholarship Holders,Re-invitation Programme for Former Scholarship Holders,Postdoctoral researchers | Graduates | Faculty,"Languages and Cultural Studies | Law, Economics and Social Sciences | Mathematics and Natural Sciences | Human Medicine | Veterinary Medicine, Agricultural, Forest and Nutritional Sciences, Ecology | Engineering | Art, Music and Sport","New Zealand | Fiji | Australia | Sri Lanka | Pakistan | Nepal | Iran | India | Bangladesh | Egypt | Tunisia | Libya | Morocco | Algeria | South Sudan | Central African Republic | Uganda | Chad | Togo | Tanzania, United Republic of | Namibia | Sudan | South Africa | Somalia | Sierra Leone | Seychelles | Senegal | Sao Tome and Principe | Zambia | Rwanda | Zimbabwe | Burkina Faso | Nigeria | Niger | Eswatani | Comoros | Mozambique | Mauritius | Mauritania | Mali | Malawi | Madagascar | Liberia | Lesotho | Congo, Democratic Republic | Congo | Kenya | Cape Verde | Equatorial Guinea | Guinea-Bissau | Guinea | Ghana | Gambia | Gabon | Djibouti | Côte d'Ivoire | Benin | Burundi | Botswana | Ethiopia | Angola | Saint Kitts and Nevis | Saint Vincent and the Grenadines | Saint Lucia | Grenada | Dominica | Antigua and Barbuda | Trinidad and Tobago | Panama | Nicaragua | Mexico | Jamaica | Cuba | Belize | Haiti | Guatemala | El Salvador | Dominican Republic | Costa Rica | Honduras | Barbados | Bahamas | Venezuela, Bolivarian Republic of | Uruguay | Peru | Paraguay | Colombia | Suriname | Guyana | Ecuador | Chile | Brazil | Bolivia | Argentina | United States of America | Canada | Vietnam | Thailand | Singapore | Philippines | Mongolia | Malaysia | Macao (CN) | Lao People's Democratic Republic | Korea, the Republic of | Cambodia | Japan | Indonesia | Cameroon | Hong Kong (CN) | Taiwan | China, PR | Myanmar | Bhutan | Saudi Arabia | Palestinian Territories | Oman | Lebanon | Jordan | Israel | Iraq | Kosovo | Montenegro | Serbia | North Macedonia | Bosnia and Herzegovina | Croatia | Slovenia | Slovakia | Tajikistan | Kyrgyzstan | Uzbekistan | Kazakhstan | Turkmenistan | Georgia | Azerbaijan | Armenia | Moldova, Republic of | Belarus | Ukraine | Lithuania | Estonia | Latvia | Hungary | Czech Republic | Romania | Poland | Bulgaria | Albania | Vatican City | Turkey | Spain | Switzerland | Sweden | San Marino | Portugal | Austria | Norway | Netherlands | Monaco | Malta | Luxembourg | Liechtenstein | Italy | Iceland | Ireland | United Kingdom | Greece | France | Finland | Denmark | Cyprus | Belgium | Andorra",Research/Doctorate/PhD,1,DAAD scholarships for former scholarship holders wishing to carry out research or work projects and maintain their academic contacts in Germany.,DAAD,Germany,,,,,,Europe,Rolling / Annual,Scholarship,0,Postdoc,Research,80,Very High,1,90,Postdoc,https://www.daad.de/en/,Grant / Scholarship,6-24 Months
4053,Bilateral Exchange of Academics (to Germany),Bilateral Exchange of Academics (to Germany),Postdoctoral researchers | Faculty,"Languages and Cultural Studies | Law, Economics and Social Sciences | Mathematics and Natural Sciences | Human Medicine | Veterinary Medicine, Agricultural, Forest and Nutritional Sciences, Ecology | Engineering | Art, Music and Sport",India | Greece | Uruguay | Argentina | Chile | Costa Rica | Guatemala | Honduras | Mexico | Panama | Paraguay | Peru | Nicaragua | Jordan | Mongolia | Vietnam | El Salvador,Research/Doctorate/PhD,1,This programme promotes exchanges with scientists and academics from partner countries to improve international relations and bilateral research cooperations.,DAAD,Germany,,,,,,Europe,Rolling / Annual,Scholarship,0,Postdoc,Research,80,Very High,1,90,Postdoc,https://www.daad.de/en/,Grant / Scholarship,6-24 Months
4054,Study Visits for Academics - Artistic Disciplines and Architecture,Study Visits for Academics - Artists and Architects,Postdoctoral researchers | Graduates | Faculty,"Engineering | Art, Music and Sport","Bahamas | Barbados | Venezuela, Bolivarian Republic of | Peru | Paraguay | Colombia | Chile | Guyana | Ecuador | Belize | Argentina | Uruguay | Brazil | Bolivia | United States of America | Canada | Vietnam | Thailand | Singapore | Suriname | Philippines | Mongolia | Malaysia | Macao (CN) | Lao People's Democratic Republic | Cambodia | Indonesia | Hong Kong (CN) | Taiwan | China, PR | Myanmar | Bhutan | Palestinian Territories | Lebanon | Iraq | Kosovo | Montenegro | Serbia | North Macedonia | Bosnia and Herzegovina | Croatia | Slovenia | Slovakia | Tajikistan | Kyrgyzstan | Uzbekistan | Kazakhstan | Turkmenistan | Georgia | Azerbaijan | Armenia | Moldova, Republic of | Belarus | Ukraine | Lithuania | Estonia | Latvia | Hungary | Czech Republic | Romania | Poland | Bulgaria | Albania | Vatican City | Turkey | Spain | Switzerland | Sweden | San Marino | Portugal | Austria | Norway | Netherlands | Monaco | Malta | Luxembourg | Liechtenstein | Italy | Iceland | Ireland | United Kingdom | Greece | France | Finland | Denmark | Cyprus | Belgium | Andorra | Haiti | Guatemala | El Salvador | Dominican Republic | Cuba | Costa Rica | Honduras | New Zealand | Australia | Sri Lanka | Pakistan | Nepal | Iran | India | Bangladesh | Egypt | Tunisia | Morocco | Libya | Algeria | Saint Kitts and Nevis | Saint Vincent and the Grenadines | Saint Lucia | Grenada | Dominica | Antigua and Barbuda | Trinidad and Tobago | Panama | Jamaica | Mexico | Nicaragua | Korea, the Republic of",Research/Doctorate/PhD,1,DAAD grants for university teachers and artists which enable them to continue their education with a study visit to Germany and intensify artistic cooperations with German host institutions.,DAAD,Germany,,,,,,Europe,Rolling / Annual,Grant,0,Postdoc,Research,80,Very High,1,90,Postdoc,https://www.daad.de/en/,Grant / Scholarship,6-24 Months
4055,Research Grants in Germany,Research Grants in Germany,Postdoctoral researchers | Doctoral candidates/PhD students,"Languages and Cultural Studies | Law, Economics and Social Sciences | Mathematics and Natural Sciences | Human Medicine | Veterinary Medicine, Agricultural, Forest and Nutritional Sciences, Ecology | Engineering | Art, Music and Sport","India | Iran | Venezuela, Bolivarian Republic of | Bahamas | Barbados | Honduras | Pakistan | Costa Rica | Sri Lanka | Cuba | Dominican Republic | El Salvador | Guatemala | Andorra | Haiti | Belize | Jamaica | Mexico | Nicaragua | Panama | Trinidad and Tobago | Australia | Antigua and Barbuda | Dominica | Grenada | Saint Lucia | Saint Vincent and the Grenadines | Saint Kitts and Nevis | Angola | Ethiopia | Botswana | Burundi | Benin | Côte d'Ivoire | Djibouti | Gabon | Gambia | Ghana | Guinea | Guinea-Bissau | Equatorial Guinea | New Zealand | Cameroon | Cape Verde | Kenya | Libya | Congo | Congo, Democratic Republic | Lesotho | Liberia | Madagascar | Malawi | Mali | Mauritania | Mauritius | Mozambique | Comoros | Eswatani | Niger | Nigeria | Burkina Faso | Latvia | Estonia | Lithuania | Ukraine | Belarus | Moldova, Republic of | Armenia | Azerbaijan | Georgia | Turkmenistan | Kazakhstan | Uzbekistan | Kyrgyzstan | Tajikistan | Slovakia | Slovenia | Croatia | Bosnia and Herzegovina | North Macedonia | Serbia | Montenegro | Kosovo | Iraq | Israel | Jordan | Lebanon | Palestinian Territories | Myanmar | China, PR | Taiwan | Hong Kong (CN) | Indonesia | Japan | Cambodia | Korea, the Republic of | Lao People's Democratic Republic | Macao (CN) | Malaysia | Mongolia | Philippines | Singapore | Thailand | Vietnam | Canada | United States of America | Argentina | Bolivia | Chile | Ecuador | Guyana | Suriname | Colombia | Paraguay | Peru | Uruguay | Belgium | Cyprus | Denmark | Finland | France | Greece | United Kingdom | Ireland | Iceland | Italy | Liechtenstein | Luxembourg | Malta | Monaco | Netherlands | Norway | Austria | Portugal | San Marino | Sweden | Switzerland | Spain | Turkey | Vatican City | Albania | Bulgaria | Poland | Romania | Czech Republic | Hungary | Tunisia | Egypt | Bangladesh | Zimbabwe | Rwanda | Zambia | Sao Tome and Principe | Senegal | Seychelles | Sierra Leone | Algeria | Somalia | South Africa | Sudan | Namibia | Tanzania, United Republic of | Togo | Chad | Uganda | Central African Republic | Nepal | Morocco | South Sudan",Research/Doctorate/PhD,1,"The research grant offers the opportunity to realise a research project in Germany. During a doctorate funding is available for 2 to 12 months, and in the early postdoc phase for 2 to 6 months.",DAAD,Germany,,,,,,Europe,Rolling / Annual,Grant,0,Postdoc,Research,80,Very High,1,90,Postdoc,https://www.daad.de/en/,Grant / Scholarship,6-24 Months
4065,KOSPIE Tunisia,KOSPIE Combined study and practice stays for engineers from developing countries Tunisia,Undergraduates | Graduates,Mathematics and Natural Sciences | Engineering,Tunisia,Research/Doctorate/PhD,1,"As part of the scholarship programme KOSPIE, students from Tunisia in engineering subjects and informatics complete a short study and practical stay at selected German universities to carry out their final thesis project.<br />
",DAAD,Germany,,,,,,Europe,Rolling / Annual,Scholarship,0,PhD,Research,80,Medium,1,90,PhD,https://www.daad.de/en/,Grant / Scholarship,3-4 Years
4086,Göttingen Academy of Sciences and Humanities: Hannah Arendt Fellowships,Göttingen Academy of Sciences and Humanities: Hannah Arendt Fellowships,Postdoctoral researchers | Faculty,"Languages and Cultural Studies | Law, Economics and Social Sciences","South Africa | Egypt | Bulgaria | India | Indonesia | Israel | Kazakhstan | Croatia | Malaysia | Romania | Singapore | Slovakia | Slovenia | Turkey | Thailand | Czech Republic | Ukraine | China, PR | Cyprus | Estonia | Latvia | Lithuania | Australia | Denmark | Finland | France | Greece | Ireland | Austria | Italy | Japan | Canada | New Zealand | Netherlands | Norway | Poland | Portugal | Sweden | Switzerland | Spain | United Kingdom | Hungary | United States of America | Uruguay | Argentina | Bolivia | Brazil | Chile | Costa Rica | Ecuador | Guatemala | Honduras | Colombia | Cuba | Mexico | Panama | Paraguay | Peru | Venezuela, Bolivarian Republic of | Nicaragua | Belgium | Palestinian Territories | Kenya | Luxembourg | Albania | Armenia | Azerbaijan | Belarus | Bosnia and Herzegovina | Georgia | Serbia | Kyrgyzstan | North Macedonia | Moldova, Republic of | Tajikistan | Turkmenistan | Uzbekistan | Andorra | Iceland | Liechtenstein | Malta | Monaco | San Marino | Vatican City | Bahrain | Iraq | Jordan | Qatar | Kuwait | Lebanon | Oman | Saudi Arabia | Yemen | Syrian Arab Republic (Syria) | United Arab Emirates | Bhutan | Myanmar | Brunei Darussalam | Taiwan | Hong Kong (CN) | Cambodia | Korea, the Republic of | 107 | Lao People's Democratic Republic | Macao (CN) | Mongolia | Philippines | Vietnam | Guyana | French Guayana | Suriname | Bahamas | Barbados | Bermudas | Dominican Republic | El Salvador | Guadeloupe | Haiti | Belize | Jamaica | Montserrat | Martinique | The Dutch Antilles | Puerto Rico | Trinidad and Tobago | Anguilla | Antigua and Barbuda | Dominica | Grenada | Saint Lucia | Saint Vincent and the Grenadines | Angola | Ethiopia | Botswana | Burundi | Benin | Côte d'Ivoire | Djibouti | Gabon | Gambia | Ghana | Guinea | Guinea-Bissau | Equatorial Guinea | Cameroon | Cape Verde | Congo | Congo, Democratic Republic | Lesotho | Liberia | Madagascar | Malawi | Mali | Mauritania | Mauritius | Mozambique | Comoros | Eswatani | Niger | Nigeria | Burkina Faso | Réunion | Zimbabwe | Rwanda | Zambia | Sao Tome and Principe | Senegal | Seychelles | Sierra Leone | Somalia | Sudan | Namibia | Tanzania, United Republic of | Togo | Chad | Uganda | Central African Republic | Eritrea | Algeria | Libya | Morocco | Tunisia | Afghanistan | Bangladesh | Iran | Nepal | Pakistan | Sri Lanka | Fiji | Samoa | Tahiti | Tonga | Papua New Guinea | Nauru | New Caledonia | Solomon Islands | Kiribati | Cook Islands | Niue | Vanuatu | Tuvalu | Marshall Islands | Micronesia, Federated States of | Timor-Leste | Maldives | Saint Kitts and Nevis | Guam | Palau | Montenegro | Kosovo | South Sudan",Research/Doctorate/PhD,0,"The Hannah Arendt Fellowships offer outstanding international scholars the opportunity to pursue independent research for up to 6 months in Lower Saxony (Germany). The programme is a funding initiative of zukunft.niedersachsen, a joint",DAAD,Germany,,,,,,Europe,Rolling / Annual,Fellowship,0,Postdoc,Research,80,Very High,1,90,Postdoc,https://www.daad.de/en/,Grant / Scholarship,6-24 Months
4088,Future Ukraine: Research Grants,Future Ukraine: Research Grants for Ukrainian Master´s students and researchers ,Postdoctoral researchers | Graduates | Doctoral candidates/PhD students | Faculty,"Languages and Cultural Studies | Law, Economics and Social Sciences | Mathematics and Natural Sciences | Human Medicine | Veterinary Medicine, Agricultural, Forest and Nutritional Sciences, Ecology | Engineering | Art, Music and Sport",Ukraine,Research/Doctorate/PhD,1,"Research scholarships for very well qualified Ukrainian students and researchers working at universities in Ukraine, regardless of their current place of residence.",DAAD,Germany,,,,,,Europe,Rolling / Annual,Scholarship,0,Postdoc,Research,80,Very High,1,90,Postdoc,https://www.daad.de/en/,Grant / Scholarship,6-24 Months
4094,Joint Rustaveli-DAAD-fellowship programme,Joint Rustaveli-DAAD-fellowship programme,Postdoctoral researchers | Doctoral candidates/PhD students,"Languages and Cultural Studies | Law, Economics and Social Sciences | Mathematics and Natural Sciences | Human Medicine | Veterinary Medicine, Agricultural, Forest and Nutritional Sciences, Ecology | Engineering | Art, Music and Sport",Georgia,Research/Doctorate/PhD,1,These scholarships offer doctoral students and young researchers from Georgia the opportunity to carry out research in Germany. The scholarships also encourage students to network with German colleagues.,DAAD,Germany,,,,,,Europe,Rolling / Annual,Scholarship,0,Postdoc,Research,80,Very High,1,90,Postdoc,https://www.daad.de/en/,Grant / Scholarship,6-24 Months
4095,Third Country Scholarships for Postgraduate Studies for Students from,In-Region Scholarships for Postgraduate Studies for Yemenis in Jordan,Graduates,"Languages and Cultural Studies | Law, Economics and Social Sciences | Mathematics and Natural Sciences | Human Medicine | Veterinary Medicine, Agricultural, Forest and Nutritional Sciences, Ecology | Engineering | Art, Music and Sport",Yemen,Study,1,This programme offers Yemeni graduates the opportunity to gain a Master's degree at selected Jordanian universities in Amman and Irbid,DAAD,Germany,,,,,,Europe,Rolling / Annual,Scholarship,0,Masters,Study,80,Medium,1,90,Masters,https://www.daad.de/en/,Grant / Scholarship,1-2 Years
4098,Zukunftsnetzwerk Weimarer Dreieck,Future Network Weimar Triangle: Science for Europe - Doctoral candidates (to Germany),Doctoral candidates/PhD students,"Languages and Cultural Studies | Law, Economics and Social Sciences | Mathematics and Natural Sciences | Human Medicine | Veterinary Medicine, Agricultural, Forest and Nutritional Sciences, Ecology | Engineering | Art, Music and Sport",Poland | France,Research/Doctorate/PhD,1,"The programme “Future Network Weimar Triangle: Science for Europe” aims to expand the political initiative “Weimar Triangle”, launched in 1991 by the foreign ministers of Germany, France, and Poland, to include a sustainable science",DAAD,Germany,,,,,,Europe,Rolling / Annual,Scholarship,0,PhD,Research,80,Medium,1,90,PhD,https://www.daad.de/en/,Grant / Scholarship,3-4 Years
4099,Zukunftsnetzwerk Weimarer Dreieck,Future Network Weimar Triangle: Science for Europe - Postdoctoral researchers (to Germany),Postdoctoral researchers,"Languages and Cultural Studies | Law, Economics and Social Sciences | Mathematics and Natural Sciences | Human Medicine | Veterinary Medicine, Agricultural, Forest and Nutritional Sciences, Ecology | Engineering | Art, Music and Sport",France | Poland,Research/Doctorate/PhD,1,"The programme “Future Network Weimar Triangle: Science for Europe” aims to expand the political initiative “Weimar Triangle”, launched in 1991 by the foreign ministers of Germany, France, and Poland, to include a sustainable science",DAAD,Germany,,,,,,Europe,Rolling / Annual,Scholarship,0,Postdoc,Research,80,Very High,1,90,Postdoc,https://www.daad.de/en/,Grant / Scholarship,6-24 Months
4112,In-Country Palestinian Territories,In-Country Scholarships for Postgraduate Studies for Palestinians in the Palestinian Territories (West Bank),Graduates,"Law, Economics and Social Sciences | Mathematics and Natural Sciences | Human Medicine | Veterinary Medicine, Agricultural, Forest and Nutritional Sciences, Ecology | Engineering",Palestinian Territories,Study,1,The 'In-Country Scholarships for Postgraduate Studies for Palestinians in the Palestinian Territories (West Bank) ' offer Palestinian graduates the opportunity to gain a Master's degree at selected Palestinian universities in the West Bank,DAAD,Germany,,,,,,Europe,Rolling / Annual,Scholarship,0,Masters,Study,80,Medium,1,90,Masters,https://www.daad.de/en/,Grant / Scholarship,1-2 Years
GKS-1,GKS Scholarship - AJOU UNIVERSITY,Global Korea Scholarship,Undergraduates,All Fields,International,Study,0,GKS opportunity at AJOU UNIVERSITY under the Type A track.,GKS,South Korea,,Full Scholarship,Bachelor,,https://www.studyinkorea.go.kr,East Asia,Annual,Scholarship,1,Bachelor,Study,95,High,0,88,Bachelor,https://www.studyinkorea.go.kr,Full Funding,3-5 Years
GKS-2,GKS Scholarship - CHUNG-ANG UNIVERSITY,Global Korea Scholarship,Undergraduates,All Fields,International,Study,0,GKS opportunity at CHUNG-ANG UNIVERSITY under the Type A track.,GKS,South Korea,,Full Scholarship,Bachelor,,https://www.studyinkorea.go.kr,East Asia,Annual,Scholarship,1,Bachelor,Study,95,High,0,88,Bachelor,https://www.studyinkorea.go.kr,Full Funding,3-5 Years
GKS-3,GKS Scholarship - DONGGUK UNIVERSITY(Seoul),Global Korea Scholarship,Undergraduates,All Fields,International,Study,0,GKS opportunity at DONGGUK UNIVERSITY(Seoul) under the Type A track.,GKS,South Korea,,Full Scholarship,Bachelor,,https://www.studyinkorea.go.kr,East Asia,Annual,Scholarship,1,Bachelor,Study,95,High,0,88,Bachelor,https://www.studyinkorea.go.kr,Full Funding,3-5 Years
GKS-4,GKS Scholarship - DUKSUNG WOMEN'S UNIVERSITY,Global Korea Scholarship,Undergraduates,All Fields,International,Study,0,GKS opportunity at DUKSUNG WOMEN'S UNIVERSITY under the Type A track.,GKS,South Korea,,Full Scholarship,Bachelor,,https://www.studyinkorea.go.kr,East Asia,Annual,Scholarship,1,Bachelor,Study,95,High,0,88,Bachelor,https://www.studyinkorea.go.kr,Full Funding,3-5 Years
GKS-5,GKS Scholarship - EWHA WOMANS UNIVERSITY,Global Korea Scholarship,Undergraduates,All Fields,International,Study,0,GKS opportunity at EWHA WOMANS UNIVERSITY under the Type A track.,GKS,South Korea,,Full Scholarship,Bachelor,,https://www.studyinkorea.go.kr,East Asia,Annual,Scholarship,1,Bachelor,Study,95,High,0,88,Bachelor,https://www.studyinkorea.go.kr,Full Funding,3-5 Years
GKS-6,GKS Scholarship - HANKUK UNIVERSITY OF FOREIGN STUDIES,Global Korea Scholarship,Undergraduates,All Fields,International,Study,0,GKS opportunity at HANKUK UNIVERSITY OF FOREIGN STUDIES under the Type A track.,GKS,South Korea,,Full Scholarship,Bachelor,,https://www.studyinkorea.go.kr,East Asia,Annual,Scholarship,1,Bachelor,Study,95,High,0,88,Bachelor,https://www.studyinkorea.go.kr,Full Funding,3-5 Years
GKS-7,GKS Scholarship - HANSUNG UNIVERSITY,Global Korea Scholarship,Undergraduates,All Fields,International,Study,0,GKS opportunity at HANSUNG UNIVERSITY under the Type A track.,GKS,South Korea,,Full Scholarship,Bachelor,,https://www.studyinkorea.go.kr,East Asia,Annual,Scholarship,1,Bachelor,Study,95,High,0,88,Bachelor,https://www.studyinkorea.go.kr,Full Funding,3-5 Years
GKS-8,GKS Scholarship - HANYANG UNIVERSITY,Global Korea Scholarship,Undergraduates,All Fields,International,Study,0,GKS opportunity at HANYANG UNIVERSITY under the Type A track.,GKS,South Korea,,Full Scholarship,Bachelor,,https://www.studyinkorea.go.kr,East Asia,Annual,Scholarship,1,Bachelor,Study,95,High,0,88,Bachelor,https://www.studyinkorea.go.kr,Full Funding,3-5 Years
GKS-9,GKS Scholarship - HONGIK UNIVERSITY,Global Korea Scholarship,Undergraduates,All Fields,International,Study,0,GKS opportunity at HONGIK UNIVERSITY under the Type A track.,GKS,South Korea,,Full Scholarship,Bachelor,,https://www.studyinkorea.go.kr,East Asia,Annual,Scholarship,1,Bachelor,Study,95,High,0,88,Bachelor,https://www.studyinkorea.go.kr,Full Funding,3-5 Years
GKS-10,GKS Scholarship - INCHEON NATIONAL UNIVERSITY,Global Korea Scholarship,Undergraduates,All Fields,International,Study,0,GKS opportunity at INCHEON NATIONAL UNIVERSITY under the Type A track.,GKS,South Korea,,Full Scholarship,Bachelor,,https://www.studyinkorea.go.kr,East Asia,Annual,Scholarship,1,Bachelor,Study,95,High,0,88,Bachelor,https://www.studyinkorea.go.kr,Full Funding,3-5 Years
GKS-11,GKS Scholarship - INHA UNIVERSITY,Global Korea Scholarship,Undergraduates,All Fields,International,Study,0,GKS opportunity at INHA UNIVERSITY under the Type A track.,GKS,South Korea,,Full Scholarship,Bachelor,,https://www.studyinkorea.go.kr,East Asia,Annual,Scholarship,1,Bachelor,Study,95,High,0,88,Bachelor,https://www.studyinkorea.go.kr,Full Funding,3-5 Years
GKS-12,GKS Scholarship - KONKUK UNIVERSITY,Global Korea Scholarship,Undergraduates,All Fields,International,Study,0,GKS opportunity at KONKUK UNIVERSITY under the Type A track.,GKS,South Korea,,Full Scholarship,Bachelor,,https://www.studyinkorea.go.kr,East Asia,Annual,Scholarship,1,Bachelor,Study,95,High,0,88,Bachelor,https://www.studyinkorea.go.kr,Full Funding,3-5 Years
GKS-13,GKS Scholarship - KOOKMIN UNIVERSITY,Global Korea Scholarship,Undergraduates,All Fields,International,Study,0,GKS opportunity at KOOKMIN UNIVERSITY under the Type A track.,GKS,South Korea,,Full Scholarship,Bachelor,,https://www.studyinkorea.go.kr,East Asia,Annual,Scholarship,1,Bachelor,Study,95,High,0,88,Bachelor,https://www.studyinkorea.go.kr,Full Funding,3-5 Years
GKS-14,GKS Scholarship - KOREA UNIVERSITY,Global Korea Scholarship,Undergraduates,All Fields,International,Study,0,GKS opportunity at KOREA UNIVERSITY under the Type A track.,GKS,South Korea,,Full Scholarship,Bachelor,,https://www.studyinkorea.go.kr,East Asia,Annual,Scholarship,1,Bachelor,Study,95,High,0,88,Bachelor,https://www.studyinkorea.go.kr,Full Funding,3-5 Years
GKS-15,GKS Scholarship - KYUNG HEE UNIVERSITY,Global Korea Scholarship,Undergraduates,All Fields,International,Study,0,GKS opportunity at KYUNG HEE UNIVERSITY under the Type A track.,GKS,South Korea,,Full Scholarship,Bachelor,,https://www.studyinkorea.go.kr,East Asia,Annual,Scholarship,1,Bachelor,Study,95,High,0,88,Bachelor,https://www.studyinkorea.go.kr,Full Funding,3-5 Years
GKS-16,GKS Scholarship - MYONGJI UNIVERSITY（Yongin campus),Global Korea Scholarship,Undergraduates,All Fields,International,Study,0,GKS opportunity at MYONGJI UNIVERSITY（Yongin campus) under the Type A track.,GKS,South Korea,,Full Scholarship,Bachelor,,https://www.studyinkorea.go.kr,East Asia,Annual,Scholarship,1,Bachelor,Study,95,High,0,88,Bachelor,https://www.studyinkorea.go.kr,Full Funding,3-5 Years
GKS-17,GKS Scholarship - Pohang University of Science and Technology (POSTECH),Global Korea Scholarship,Undergraduates,All Fields,International,Study,0,GKS opportunity at Pohang University of Science and Technology (POSTECH) under the Type A track.,GKS,South Korea,,Full Scholarship,Bachelor,,https://www.studyinkorea.go.kr,East Asia,Annual,Scholarship,1,Bachelor,Study,95,High,0,88,Bachelor,https://www.studyinkorea.go.kr,Full Funding,3-5 Years
GKS-18,GKS Scholarship - SEOKYEONG UNIVERSITY,Global Korea Scholarship,Undergraduates,All Fields,International,Study,0,GKS opportunity at SEOKYEONG UNIVERSITY under the Type A track.,GKS,South Korea,,Full Scholarship,Bachelor,,https://www.studyinkorea.go.kr,East Asia,Annual,Scholarship,1,Bachelor,Study,95,High,0,88,Bachelor,https://www.studyinkorea.go.kr,Full Funding,3-5 Years
GKS-19,GKS Scholarship - SEOUL NATIONAL UNIVERSITY,Global Korea Scholarship,Undergraduates,All Fields,International,Study,0,GKS opportunity at SEOUL NATIONAL UNIVERSITY under the Type A track.,GKS,South Korea,,Full Scholarship,Bachelor,,https://www.studyinkorea.go.kr,East Asia,Annual,Scholarship,1,Bachelor,Study,95,High,0,88,Bachelor,https://www.studyinkorea.go.kr,Full Funding,3-5 Years
GKS-20,GKS Scholarship - SEOUL NATIONAL UNIVERSITY OF SCIENCE AND TECHNOLOGY,Global Korea Scholarship,Undergraduates,All Fields,International,Study,0,GKS opportunity at SEOUL NATIONAL UNIVERSITY OF SCIENCE AND TECHNOLOGY under the Type A track.,GKS,South Korea,,Full Scholarship,Bachelor,,https://www.studyinkorea.go.kr,East Asia,Annual,Scholarship,1,Bachelor,Study,95,High,0,88,Bachelor,https://www.studyinkorea.go.kr,Full Funding,3-5 Years
GKS-21,GKS Scholarship - SOGANG UNIVERSITY,Global Korea Scholarship,Undergraduates,All Fields,International,Study,0,GKS opportunity at SOGANG UNIVERSITY under the Type A track.,GKS,South Korea,,Full Scholarship,Bachelor,,https://www.studyinkorea.go.kr,East Asia,Annual,Scholarship,1,Bachelor,Study,95,High,0,88,Bachelor,https://www.studyinkorea.go.kr,Full Funding,3-5 Years
GKS-22,GKS Scholarship - SOOKMYUNG WOMEN'S UNIVERSITY,Global Korea Scholarship,Undergraduates,All Fields,International,Study,0,GKS opportunity at SOOKMYUNG WOMEN'S UNIVERSITY under the Type A track.,GKS,South Korea,,Full Scholarship,Bachelor,,https://www.studyinkorea.go.kr,East Asia,Annual,Scholarship,1,Bachelor,Study,95,High,0,88,Bachelor,https://www.studyinkorea.go.kr,Full Funding,3-5 Years
GKS-23,GKS Scholarship - SUNGKYUNKWAN UNIVERSITY (SKKU),Global Korea Scholarship,Undergraduates,All Fields,International,Study,0,GKS opportunity at SUNGKYUNKWAN UNIVERSITY (SKKU) under the Type A track.,GKS,South Korea,,Full Scholarship,Bachelor,,https://www.studyinkorea.go.kr,East Asia,Annual,Scholarship,1,Bachelor,Study,95,High,0,88,Bachelor,https://www.studyinkorea.go.kr,Full Funding,3-5 Years
GKS-24,GKS Scholarship - Shinhan University,Global Korea Scholarship,Undergraduates,All Fields,International,Study,0,GKS opportunity at Shinhan University under the Type A track.,GKS,South Korea,,Full Scholarship,Bachelor,,https://www.studyinkorea.go.kr,East Asia,Annual,Scholarship,1,Bachelor,Study,95,High,0,88,Bachelor,https://www.studyinkorea.go.kr,Full Funding,3-5 Years
GKS-25,GKS Scholarship - Sungshin Women's University,Global Korea Scholarship,Undergraduates,All Fields,International,Study,0,GKS opportunity at Sungshin Women's University under the Type A track.,GKS,South Korea,,Full Scholarship,Bachelor,,https://www.studyinkorea.go.kr,East Asia,Annual,Scholarship,1,Bachelor,Study,95,High,0,88,Bachelor,https://www.studyinkorea.go.kr,Full Funding,3-5 Years
GKS-26,GKS Scholarship - TECH UNIVERSITY OF KOREA,Global Korea Scholarship,Undergraduates,All Fields,International,Study,0,GKS opportunity at TECH UNIVERSITY OF KOREA under the Type A track.,GKS,South Korea,,Full Scholarship,Bachelor,,https://www.studyinkorea.go.kr,East Asia,Annual,Scholarship,1,Bachelor,Study,95,High,0,88,Bachelor,https://www.studyinkorea.go.kr,Full Funding,3-5 Years
GKS-27,GKS Scholarship - UNIVERSITY OF SEOUL,Global Korea Scholarship,Undergraduates,All Fields,International,Study,0,GKS opportunity at UNIVERSITY OF SEOUL under the Type A track.,GKS,South Korea,,Full Scholarship,Bachelor,,https://www.studyinkorea.go.kr,East Asia,Annual,Scholarship,1,Bachelor,Study,95,High,0,88,Bachelor,https://www.studyinkorea.go.kr,Full Funding,3-5 Years
GKS-28,GKS Scholarship - Ulsan National Institute of Science and Technology (UNIST),Global Korea Scholarship,Undergraduates,All Fields,International,Study,0,GKS opportunity at Ulsan National Institute of Science and Technology (UNIST) under the Type A track.,GKS,South Korea,,Full Scholarship,Bachelor,,https://www.studyinkorea.go.kr,East Asia,Annual,Scholarship,1,Bachelor,Study,95,High,0,88,Bachelor,https://www.studyinkorea.go.kr,Full Funding,3-5 Years
GKS-29,GKS Scholarship - YONSEI UNIVERSITY,Global Korea Scholarship,Undergraduates,All Fields,International,Study,0,GKS opportunity at YONSEI UNIVERSITY under the Type A track.,GKS,South Korea,,Full Scholarship,Bachelor,,https://www.studyinkorea.go.kr,East Asia,Annual,Scholarship,1,Bachelor,Study,95,High,0,88,Bachelor,https://www.studyinkorea.go.kr,Full Funding,3-5 Years
GKS-30,GKS Scholarship - DAEGU UNIVERSITY,Global Korea Scholarship,Undergraduates,Engineering,International,Study,0,GKS opportunity at DAEGU UNIVERSITY under the UIC track.,GKS,South Korea,,Full Scholarship,Bachelor,,https://www.studyinkorea.go.kr,East Asia,Annual,Scholarship,1,Bachelor,Study,95,High,1,88,Bachelor,https://www.studyinkorea.go.kr,Full Funding,3-5 Years
GKS-31,GKS Scholarship - DONG-A UNIVERSITY,Global Korea Scholarship,Undergraduates,Engineering,International,Study,0,GKS opportunity at DONG-A UNIVERSITY under the UIC track.,GKS,South Korea,,Full Scholarship,Bachelor,,https://www.studyinkorea.go.kr,East Asia,Annual,Scholarship,1,Bachelor,Study,95,High,1,88,Bachelor,https://www.studyinkorea.go.kr,Full Funding,3-5 Years
GKS-32,GKS Scholarship - INJE UNIVERSITY,Global Korea Scholarship,Undergraduates,Engineering,International,Study,0,GKS opportunity at INJE UNIVERSITY under the UIC track.,GKS,South Korea,,Full Scholarship,Bachelor,,https://www.studyinkorea.go.kr,East Asia,Annual,Scholarship,1,Bachelor,Study,95,High,1,88,Bachelor,https://www.studyinkorea.go.kr,Full Funding,3-5 Years
GKS-33,GKS Scholarship - KEIMYUNG UNIVERSITY,Global Korea Scholarship,Undergraduates,Engineering,International,Study,0,GKS opportunity at KEIMYUNG UNIVERSITY under the UIC track.,GKS,South Korea,,Full Scholarship,Bachelor,,https://www.studyinkorea.go.kr,East Asia,Annual,Scholarship,1,Bachelor,Study,95,High,1,88,Bachelor,https://www.studyinkorea.go.kr,Full Funding,3-5 Years
GKS-34,GKS Scholarship - KONYANG UNIVERSITY,Global Korea Scholarship,Undergraduates,Engineering,International,Study,0,GKS opportunity at KONYANG UNIVERSITY under the UIC track.,GKS,South Korea,,Full Scholarship,Bachelor,,https://www.studyinkorea.go.kr,East Asia,Annual,Scholarship,1,Bachelor,Study,95,High,1,88,Bachelor,https://www.studyinkorea.go.kr,Full Funding,3-5 Years
GKS-35,GKS Scholarship - KOREATECH(Korea University of Technology and Education),Global Korea Scholarship,Undergraduates,Engineering,International,Study,0,GKS opportunity at KOREATECH(Korea University of Technology and Education) under the UIC track.,GKS,South Korea,,Full Scholarship,Bachelor,,https://www.studyinkorea.go.kr,East Asia,Annual,Scholarship,1,Bachelor,Study,95,High,1,88,Bachelor,https://www.studyinkorea.go.kr,Full Funding,3-5 Years
GKS-36,GKS Scholarship - YEUNGNAM UNIVERSITY,Global Korea Scholarship,Undergraduates,Engineering,International,Study,0,GKS opportunity at YEUNGNAM UNIVERSITY under the UIC track.,GKS,South Korea,,Full Scholarship,Bachelor,,https://www.studyinkorea.go.kr,East Asia,Annual,Scholarship,1,Bachelor,Study,95,High,1,88,Bachelor,https://www.studyinkorea.go.kr,Full Funding,3-5 Years
GKS-37,GKS Scholarship - Ajou University,Global Korea Scholarship,Graduates | Doctoral Candidates,All Fields,International,Study,0,GKS opportunity at Ajou University under the Type A track.,GKS,South Korea,,Full Scholarship,Masters | PhD,,https://www.studyinkorea.go.kr,East Asia,Annual,Scholarship,1,Masters | PhD,Study,95,High,0,88,Masters | PhD,https://www.studyinkorea.go.kr,Full Funding,2-4 Years
GKS-38,GKS Scholarship - Chung-Ang University,Global Korea Scholarship,Graduates | Doctoral Candidates,All Fields,International,Study,0,GKS opportunity at Chung-Ang University under the Type A track.,GKS,South Korea,,Full Scholarship,Masters | PhD,,https://www.studyinkorea.go.kr,East Asia,Annual,Scholarship,1,Masters | PhD,Study,95,High,0,88,Masters | PhD,https://www.studyinkorea.go.kr,Full Funding,2-4 Years
GKS-39,GKS Scholarship - Dankook University,Global Korea Scholarship,Graduates | Doctoral Candidates,All Fields,International,Study,0,GKS opportunity at Dankook University under the Type A track.,GKS,South Korea,,Full Scholarship,Masters | PhD,,https://www.studyinkorea.go.kr,East Asia,Annual,Scholarship,1,Masters | PhD,Study,95,High,0,88,Masters | PhD,https://www.studyinkorea.go.kr,Full Funding,2-4 Years
GKS-40,GKS Scholarship - DGIST (Daegu Gyeongbuk Institute of Science and Technology),Global Korea Scholarship,Graduates | Doctoral Candidates,All Fields,International,Study,0,GKS opportunity at DGIST (Daegu Gyeongbuk Institute of Science and Technology) under the Type A track.,GKS,South Korea,,Full Scholarship,Masters | PhD,,https://www.studyinkorea.go.kr,East Asia,Annual,Scholarship,1,Masters | PhD,Study,95,High,0,88,Masters | PhD,https://www.studyinkorea.go.kr,Full Funding,2-4 Years
GKS-41,GKS Scholarship - Dongguk University,Global Korea Scholarship,Graduates | Doctoral Candidates,All Fields,International,Study,0,GKS opportunity at Dongguk University under the Type A track.,GKS,South Korea,,Full Scholarship,Masters | PhD,,https://www.studyinkorea.go.kr,East Asia,Annual,Scholarship,1,Masters | PhD,Study,95,High,0,88,Masters | PhD,https://www.studyinkorea.go.kr,Full Funding,2-4 Years
GKS-42,GKS Scholarship - Duksung Women's University,Global Korea Scholarship,Graduates | Doctoral Candidates,All Fields,International,Study,0,GKS opportunity at Duksung Women's University under the Type A track.,GKS,South Korea,,Full Scholarship,Masters | PhD,,https://www.studyinkorea.go.kr,East Asia,Annual,Scholarship,1,Masters | PhD,Study,95,High,0,88,Masters | PhD,https://www.studyinkorea.go.kr,Full Funding,2-4 Years
GKS-43,GKS Scholarship - Ewha Womans University,Global Korea Scholarship,Graduates | Doctoral Candidates,All Fields,International,Study,0,GKS opportunity at Ewha Womans University under the Type A track.,GKS,South Korea,,Full Scholarship,Masters | PhD,,https://www.studyinkorea.go.kr,East Asia,Annual,Scholarship,1,Masters | PhD,Study,95,High,0,88,Masters | PhD,https://www.studyinkorea.go.kr,Full Funding,2-4 Years
GKS-44,GKS Scholarship - GIST (Gwangju Institute of Science and Technology),Global Korea Scholarship,Graduates | Doctoral Candidates,All Fields,International,Study,0,GKS opportunity at GIST (Gwangju Institute of Science and Technology) under the Type A track.,GKS,South Korea,,Full Scholarship,Masters | PhD,,https://www.studyinkorea.go.kr,East Asia,Annual,Scholarship,1,Masters | PhD,Study,95,High,0,88,Masters | PhD,https://www.studyinkorea.go.kr,Full Funding,2-4 Years
GKS-45,GKS Scholarship - Hankuk University of Foreign Studies,Global Korea Scholarship,Graduates | Doctoral Candidates,All Fields,International,Study,0,GKS opportunity at Hankuk University of Foreign Studies under the Type A track.,GKS,South Korea,,Full Scholarship,Masters | PhD,,https://www.studyinkorea.go.kr,East Asia,Annual,Scholarship,1,Masters | PhD,Study,95,High,0,88,Masters | PhD,https://www.studyinkorea.go.kr,Full Funding,2-4 Years
GKS-46,GKS Scholarship - Hanyang University (ERICA),Global Korea Scholarship,Graduates | Doctoral Candidates,All Fields,International,Study,0,GKS opportunity at Hanyang University (ERICA) under the Type A track.,GKS,South Korea,,Full Scholarship,Masters | PhD,,https://www.studyinkorea.go.kr,East Asia,Annual,Scholarship,1,Masters | PhD,Study,95,High,0,88,Masters | PhD,https://www.studyinkorea.go.kr,Full Funding,2-4 Years
GKS-47,GKS Scholarship - Hanyang University (Seoul),Global Korea Scholarship,Graduates | Doctoral Candidates,All Fields,International,Study,0,GKS opportunity at Hanyang University (Seoul) under the Type A track.,GKS,South Korea,,Full Scholarship,Masters | PhD,,https://www.studyinkorea.go.kr,East Asia,Annual,Scholarship,1,Masters | PhD,Study,95,High,0,88,Masters | PhD,https://www.studyinkorea.go.kr,Full Funding,2-4 Years
GKS-48,GKS Scholarship - Hongik University,Global Korea Scholarship,Graduates | Doctoral Candidates,All Fields,International,Study,0,GKS opportunity at Hongik University under the Type A track.,GKS,South Korea,,Full Scholarship,Masters | PhD,,https://www.studyinkorea.go.kr,East Asia,Annual,Scholarship,1,Masters | PhD,Study,95,High,0,88,Masters | PhD,https://www.studyinkorea.go.kr,Full Funding,2-4 Years
GKS-49,GKS Scholarship - Incheon National University,Global Korea Scholarship,Graduates | Doctoral Candidates,All Fields,International,Study,0,GKS opportunity at Incheon National University under the Type A track.,GKS,South Korea,,Full Scholarship,Masters | PhD,,https://www.studyinkorea.go.kr,East Asia,Annual,Scholarship,1,Masters | PhD,Study,95,High,0,88,Masters | PhD,https://www.studyinkorea.go.kr,Full Funding,2-4 Years
GKS-50,GKS Scholarship - Inha University,Global Korea Scholarship,Graduates | Doctoral Candidates,All Fields,International,Study,0,GKS opportunity at Inha University under the Type A track.,GKS,South Korea,,Full Scholarship,Masters | PhD,,https://www.studyinkorea.go.kr,East Asia,Annual,Scholarship,1,Masters | PhD,Study,95,High,0,88,Masters | PhD,https://www.studyinkorea.go.kr,Full Funding,2-4 Years
GKS-51,GKS Scholarship - KAIST (Korea Advanced Institute of Science and Technology),Global Korea Scholarship,Graduates | Doctoral Candidates,All Fields,International,Study,0,GKS opportunity at KAIST (Korea Advanced Institute of Science and Technology) under the Type A track.,GKS,South Korea,,Full Scholarship,Masters | PhD,,https://www.studyinkorea.go.kr,East Asia,Annual,Scholarship,1,Masters | PhD,Study,95,High,0,88,Masters | PhD,https://www.studyinkorea.go.kr,Full Funding,2-4 Years
GKS-52,GKS Scholarship - KDI School of Public Policy and Management,Global Korea Scholarship,Graduates | Doctoral Candidates,All Fields,International,Study,0,GKS opportunity at KDI School of Public Policy and Management under the Type A track.,GKS,South Korea,,Full Scholarship,Masters | PhD,,https://www.studyinkorea.go.kr,East Asia,Annual,Scholarship,1,Masters | PhD,Study,95,High,0,88,Masters | PhD,https://www.studyinkorea.go.kr,Full Funding,2-4 Years
GKS-53,GKS Scholarship - Konkuk University,Global Korea Scholarship,Graduates | Doctoral Candidates,All Fields,International,Study,0,GKS opportunity at Konkuk University under the Type A track.,GKS,South Korea,,Full Scholarship,Masters | PhD,,https://www.studyinkorea.go.kr,East Asia,Annual,Scholarship,1,Masters | PhD,Study,95,High,0,88,Masters | PhD,https://www.studyinkorea.go.kr,Full Funding,2-4 Years
GKS-54,GKS Scholarship - Kookmin University,Global Korea Scholarship,Graduates | Doctoral Candidates,All Fields,International,Study,0,GKS opportunity at Kookmin University under the Type A track.,GKS,South Korea,,Full Scholarship,Masters | PhD,,https://www.studyinkorea.go.kr,East Asia,Annual,Scholarship,1,Masters | PhD,Study,95,High,0,88,Masters | PhD,https://www.studyinkorea.go.kr,Full Funding,2-4 Years
GKS-55,GKS Scholarship - Korea University,Global Korea Scholarship,Graduates | Doctoral Candidates,All Fields,International,Study,0,GKS opportunity at Korea University under the Type A track.,GKS,South Korea,,Full Scholarship,Masters | PhD,,https://www.studyinkorea.go.kr,East Asia,Annual,Scholarship,1,Masters | PhD,Study,95,High,0,88,Masters | PhD,https://www.studyinkorea.go.kr,Full Funding,2-4 Years
GKS-56,GKS Scholarship - Kyung Hee University,Global Korea Scholarship,Graduates | Doctoral Candidates,All Fields,International,Study,0,GKS opportunity at Kyung Hee University under the Type A track.,GKS,South Korea,,Full Scholarship,Masters | PhD,,https://www.studyinkorea.go.kr,East Asia,Annual,Scholarship,1,Masters | PhD,Study,95,High,0,88,Masters | PhD,https://www.studyinkorea.go.kr,Full Funding,2-4 Years
GKS-57,GKS Scholarship - NCC-GCSP (National Cancer Center Graduate School of Cancer Science and Policy),Global Korea Scholarship,Graduates | Doctoral Candidates,All Fields,International,Study,0,GKS opportunity at NCC-GCSP (National Cancer Center Graduate School of Cancer Science and Policy) under the Type A track.,GKS,South Korea,,Full Scholarship,Masters | PhD,,https://www.studyinkorea.go.kr,East Asia,Annual,Scholarship,1,Masters | PhD,Study,95,High,0,88,Masters | PhD,https://www.studyinkorea.go.kr,Full Funding,2-4 Years
GKS-58,GKS Scholarship - POSTECH (Pohang University of Science and Technology),Global Korea Scholarship,Graduates | Doctoral Candidates,All Fields,International,Study,0,GKS opportunity at POSTECH (Pohang University of Science and Technology) under the Type A track.,GKS,South Korea,,Full Scholarship,Masters | PhD,,https://www.studyinkorea.go.kr,East Asia,Annual,Scholarship,1,Masters | PhD,Study,95,High,0,88,Masters | PhD,https://www.studyinkorea.go.kr,Full Funding,2-4 Years
GKS-59,GKS Scholarship - Sejong University,Global Korea Scholarship,Graduates | Doctoral Candidates,All Fields,International,Study,0,GKS opportunity at Sejong University under the Type A track.,GKS,South Korea,,Full Scholarship,Masters | PhD,,https://www.studyinkorea.go.kr,East Asia,Annual,Scholarship,1,Masters | PhD,Study,95,High,0,88,Masters | PhD,https://www.studyinkorea.go.kr,Full Funding,2-4 Years
GKS-60,GKS Scholarship - Seokyeong University,Global Korea Scholarship,Graduates | Doctoral Candidates,All Fields,International,Study,0,GKS opportunity at Seokyeong University under the Type A track.,GKS,South Korea,,Full Scholarship,Masters | PhD,,https://www.studyinkorea.go.kr,East Asia,Annual,Scholarship,1,Masters | PhD,Study,95,High,0,88,Masters | PhD,https://www.studyinkorea.go.kr,Full Funding,2-4 Years
GKS-61,GKS Scholarship - Seoul National University,Global Korea Scholarship,Graduates | Doctoral Candidates,All Fields,International,Study,0,GKS opportunity at Seoul National University under the Type A track.,GKS,South Korea,,Full Scholarship,Masters | PhD,,https://www.studyinkorea.go.kr,East Asia,Annual,Scholarship,1,Masters | PhD,Study,95,High,0,88,Masters | PhD,https://www.studyinkorea.go.kr,Full Funding,2-4 Years
GKS-62,GKS Scholarship - SeoulTech (Seoul National University of Science and Technology),Global Korea Scholarship,Graduates | Doctoral Candidates,All Fields,International,Study,0,GKS opportunity at SeoulTech (Seoul National University of Science and Technology) under the Type A track.,GKS,South Korea,,Full Scholarship,Masters | PhD,,https://www.studyinkorea.go.kr,East Asia,Annual,Scholarship,1,Masters | PhD,Study,95,High,0,88,Masters | PhD,https://www.studyinkorea.go.kr,Full Funding,2-4 Years
GKS-63,GKS Scholarship - Sogang University,Global Korea Scholarship,Graduates | Doctoral Candidates,All Fields,International,Study,0,GKS opportunity at Sogang University under the Type A track.,GKS,South Korea,,Full Scholarship,Masters | PhD,,https://www.studyinkorea.go.kr,East Asia,Annual,Scholarship,1,Masters | PhD,Study,95,High,0,88,Masters | PhD,https://www.studyinkorea.go.kr,Full Funding,2-4 Years
GKS-64,GKS Scholarship - Sookmyung Women's University,Global Korea Scholarship,Graduates | Doctoral Candidates,All Fields,International,Study,0,GKS opportunity at Sookmyung Women's University under the Type A track.,GKS,South Korea,,Full Scholarship,Masters | PhD,,https://www.studyinkorea.go.kr,East Asia,Annual,Scholarship,1,Masters | PhD,Study,95,High,0,88,Masters | PhD,https://www.studyinkorea.go.kr,Full Funding,2-4 Years
GKS-65,GKS Scholarship - Soongsil University,Global Korea Scholarship,Graduates | Doctoral Candidates,All Fields,International,Study,0,GKS opportunity at Soongsil University under the Type A track.,GKS,South Korea,,Full Scholarship,Masters | PhD,,https://www.studyinkorea.go.kr,East Asia,Annual,Scholarship,1,Masters | PhD,Study,95,High,0,88,Masters | PhD,https://www.studyinkorea.go.kr,Full Funding,2-4 Years
GKS-66,GKS Scholarship - Sungkyunkwan University,Global Korea Scholarship,Graduates | Doctoral Candidates,All Fields,International,Study,0,GKS opportunity at Sungkyunkwan University under the Type A track.,GKS,South Korea,,Full Scholarship,Masters | PhD,,https://www.studyinkorea.go.kr,East Asia,Annual,Scholarship,1,Masters | PhD,Study,95,High,0,88,Masters | PhD,https://www.studyinkorea.go.kr,Full Funding,2-4 Years
GKS-67,GKS Scholarship - Sungshin Women's University,Global Korea Scholarship,Graduates | Doctoral Candidates,All Fields,International,Study,0,GKS opportunity at Sungshin Women's University under the Type A track.,GKS,South Korea,,Full Scholarship,Masters | PhD,,https://www.studyinkorea.go.kr,East Asia,Annual,Scholarship,1,Masters | PhD,Study,95,High,0,88,Masters | PhD,https://www.studyinkorea.go.kr,Full Funding,2-4 Years
GKS-68,GKS Scholarship - The Academy of Korean Studies,Global Korea Scholarship,Graduates | Doctoral Candidates,All Fields,International,Study,0,GKS opportunity at The Academy of Korean Studies under the Type A track.,GKS,South Korea,,Full Scholarship,Masters | PhD,,https://www.studyinkorea.go.kr,East Asia,Annual,Scholarship,1,Masters | PhD,Study,95,High,0,88,Masters | PhD,https://www.studyinkorea.go.kr,Full Funding,2-4 Years
GKS-69,GKS Scholarship - UNIST (Ulsan National Institute of Science and Technology),Global Korea Scholarship,Graduates | Doctoral Candidates,All Fields,International,Study,0,GKS opportunity at UNIST (Ulsan National Institute of Science and Technology) under the Type A track.,GKS,South Korea,,Full Scholarship,Masters | PhD,,https://www.studyinkorea.go.kr,East Asia,Annual,Scholarship,1,Masters | PhD,Study,95,High,0,88,Masters | PhD,https://www.studyinkorea.go.kr,Full Funding,2-4 Years
GKS-70,GKS Scholarship - University of Seoul,Global Korea Scholarship,Graduates | Doctoral Candidates,All Fields,International,Study,0,GKS opportunity at University of Seoul under the Type A track.,GKS,South Korea,,Full Scholarship,Masters | PhD,,https://www.studyinkorea.go.kr,East Asia,Annual,Scholarship,1,Masters | PhD,Study,95,High,0,88,Masters | PhD,https://www.studyinkorea.go.kr,Full Funding,2-4 Years
GKS-71,GKS Scholarship - Yonsei University,Global Korea Scholarship,Graduates | Doctoral Candidates,All Fields,International,Study,0,GKS opportunity at Yonsei University under the Type A track.,GKS,South Korea,,Full Scholarship,Masters | PhD,,https://www.studyinkorea.go.kr,East Asia,Annual,Scholarship,1,Masters | PhD,Study,95,High,0,88,Masters | PhD,https://www.studyinkorea.go.kr,Full Funding,2-4 Years
GKS-72,GKS Scholarship - Cheongju University,Global Korea Scholarship,Graduates | Doctoral Candidates,All Fields,International,Study,0,GKS opportunity at Cheongju University under the Type B track.,GKS,South Korea,,Full Scholarship,Masters | PhD,,https://www.studyinkorea.go.kr,East Asia,Annual,Scholarship,1,Masters | PhD,Study,95,High,0,88,Masters | PhD,https://www.studyinkorea.go.kr,Full Funding,2-4 Years
GKS-73,GKS Scholarship - Chonnam National University,Global Korea Scholarship,Graduates | Doctoral Candidates,All Fields,International,Study,0,GKS opportunity at Chonnam National University under the Type B track.,GKS,South Korea,,Full Scholarship,Masters | PhD,,https://www.studyinkorea.go.kr,East Asia,Annual,Scholarship,1,Masters | PhD,Study,95,High,0,88,Masters | PhD,https://www.studyinkorea.go.kr,Full Funding,2-4 Years
GKS-74,GKS Scholarship - Dong-A University,Global Korea Scholarship,Graduates | Doctoral Candidates,All Fields,International,Study,0,GKS opportunity at Dong-A University under the Type B track.,GKS,South Korea,,Full Scholarship,Masters | PhD,,https://www.studyinkorea.go.kr,East Asia,Annual,Scholarship,1,Masters | PhD,Study,95,High,0,88,Masters | PhD,https://www.studyinkorea.go.kr,Full Funding,2-4 Years
GKS-75,GKS Scholarship - Gyeongsang National University,Global Korea Scholarship,Graduates | Doctoral Candidates,All Fields,International,Study,0,GKS opportunity at Gyeongsang National University under the Type B track.,GKS,South Korea,,Full Scholarship,Masters | PhD,,https://www.studyinkorea.go.kr,East Asia,Annual,Scholarship,1,Masters | PhD,Study,95,High,0,88,Masters | PhD,https://www.studyinkorea.go.kr,Full Funding,2-4 Years
GKS-76,GKS Scholarship - Hannam University,Global Korea Scholarship,Graduates | Doctoral Candidates,All Fields,International,Study,0,GKS opportunity at Hannam University under the Type B track.,GKS,South Korea,,Full Scholarship,Masters | PhD,,https://www.studyinkorea.go.kr,East Asia,Annual,Scholarship,1,Masters | PhD,Study,95,High,0,88,Masters | PhD,https://www.studyinkorea.go.kr,Full Funding,2-4 Years
GKS-77,GKS Scholarship - Inje University,Global Korea Scholarship,Graduates | Doctoral Candidates,All Fields,International,Study,0,GKS opportunity at Inje University under the Type B track.,GKS,South Korea,,Full Scholarship,Masters | PhD,,https://www.studyinkorea.go.kr,East Asia,Annual,Scholarship,1,Masters | PhD,Study,95,High,0,88,Masters | PhD,https://www.studyinkorea.go.kr,Full Funding,2-4 Years
GKS-78,GKS Scholarship - Jeju National University,Global Korea Scholarship,Graduates | Doctoral Candidates,All Fields,International,Study,0,GKS opportunity at Jeju National University under the Type B track.,GKS,South Korea,,Full Scholarship,Masters | PhD,,https://www.studyinkorea.go.kr,East Asia,Annual,Scholarship,1,Masters | PhD,Study,95,High,0,88,Masters | PhD,https://www.studyinkorea.go.kr,Full Funding,2-4 Years
GKS-79,GKS Scholarship - Keimyung University,Global Korea Scholarship,Graduates | Doctoral Candidates,All Fields,International,Study,0,GKS opportunity at Keimyung University under the Type B track.,GKS,South Korea,,Full Scholarship,Masters | PhD,,https://www.studyinkorea.go.kr,East Asia,Annual,Scholarship,1,Masters | PhD,Study,95,High,0,88,Masters | PhD,https://www.studyinkorea.go.kr,Full Funding,2-4 Years
GKS-80,GKS Scholarship - KOREATECH (Korea University of Technology and Education),Global Korea Scholarship,Graduates | Doctoral Candidates,All Fields,International,Study,0,GKS opportunity at KOREATECH (Korea University of Technology and Education) under the Type B track.,GKS,South Korea,,Full Scholarship,Masters | PhD,,https://www.studyinkorea.go.kr,East Asia,Annual,Scholarship,1,Masters | PhD,Study,95,High,0,88,Masters | PhD,https://www.studyinkorea.go.kr,Full Funding,2-4 Years
GKS-81,GKS Scholarship - Kunsan National University,Global Korea Scholarship,Graduates | Doctoral Candidates,All Fields,International,Study,0,GKS opportunity at Kunsan National University under the Type B track.,GKS,South Korea,,Full Scholarship,Masters | PhD,,https://www.studyinkorea.go.kr,East Asia,Annual,Scholarship,1,Masters | PhD,Study,95,High,0,88,Masters | PhD,https://www.studyinkorea.go.kr,Full Funding,2-4 Years
GKS-82,GKS Scholarship - Kyungpook National University,Global Korea Scholarship,Graduates | Doctoral Candidates,All Fields,International,Study,0,GKS opportunity at Kyungpook National University under the Type B track.,GKS,South Korea,,Full Scholarship,Masters | PhD,,https://www.studyinkorea.go.kr,East Asia,Annual,Scholarship,1,Masters | PhD,Study,95,High,0,88,Masters | PhD,https://www.studyinkorea.go.kr,Full Funding,2-4 Years
GKS-83,GKS Scholarship - Pukyong National University,Global Korea Scholarship,Graduates | Doctoral Candidates,All Fields,International,Study,0,GKS opportunity at Pukyong National University under the Type B track.,GKS,South Korea,,Full Scholarship,Masters | PhD,,https://www.studyinkorea.go.kr,East Asia,Annual,Scholarship,1,Masters | PhD,Study,95,High,0,88,Masters | PhD,https://www.studyinkorea.go.kr,Full Funding,2-4 Years
GKS-84,GKS Scholarship - Pusan National University,Global Korea Scholarship,Graduates | Doctoral Candidates,All Fields,International,Study,0,GKS opportunity at Pusan National University under the Type B track.,GKS,South Korea,,Full Scholarship,Masters | PhD,,https://www.studyinkorea.go.kr,East Asia,Annual,Scholarship,1,Masters | PhD,Study,95,High,0,88,Masters | PhD,https://www.studyinkorea.go.kr,Full Funding,2-4 Years
GKS-85,GKS Scholarship - Seoul Theological University,Global Korea Scholarship,Graduates | Doctoral Candidates,All Fields,International,Study,0,GKS opportunity at Seoul Theological University under the Type B track.,GKS,South Korea,,Full Scholarship,Masters | PhD,,https://www.studyinkorea.go.kr,East Asia,Annual,Scholarship,1,Masters | PhD,Study,95,High,0,88,Masters | PhD,https://www.studyinkorea.go.kr,Full Funding,2-4 Years
GKS-86,GKS Scholarship - Sunchon National University,Global Korea Scholarship,Graduates | Doctoral Candidates,All Fields,International,Study,0,GKS opportunity at Sunchon National University under the Type B track.,GKS,South Korea,,Full Scholarship,Masters | PhD,,https://www.studyinkorea.go.kr,East Asia,Annual,Scholarship,1,Masters | PhD,Study,95,High,0,88,Masters | PhD,https://www.studyinkorea.go.kr,Full Funding,2-4 Years
GKS-87,GKS Scholarship - Yeungnam University,Global Korea Scholarship,Graduates | Doctoral Candidates,All Fields,International,Study,0,GKS opportunity at Yeungnam University under the Type B track.,GKS,South Korea,,Full Scholarship,Masters | PhD,,https://www.studyinkorea.go.kr,East Asia,Annual,Scholarship,1,Masters | PhD,Study,95,High,0,88,Masters | PhD,https://www.studyinkorea.go.kr,Full Funding,2-4 Years
GKS-88,GKS Scholarship - Gyeongkuk National University,Global Korea Scholarship,Graduates | Doctoral Candidates,Research,International,Study,0,GKS opportunity at Gyeongkuk National University under the Special track.,GKS,South Korea,,Full Scholarship,Masters | PhD,,https://www.studyinkorea.go.kr,East Asia,Annual,Scholarship,1,Masters | PhD,Study,95,High,0,88,Masters | PhD,https://www.studyinkorea.go.kr,Full Funding,2-4 Years
GKSF-1,Korea National University of Arts (K-Arts) AMA+ Scholarship Program,Korea National University of Arts,Undergraduates | Graduates,Arts,International,Study,0,"Airfare, monthly allowance, Korean language training, tuition fees and insurance.",Study in Korea,South Korea,March,Full Funding,Undergraduate|Graduate,,https://www.karts.ac.kr/en,East Asia,Unknown,Scholarship,1,Bachelor | Masters | PhD,Study,90,Medium,0,88,Undergraduate|Graduate,https://www.karts.ac.kr/en,Partial to Full,2-5 Years
GKSF-2,POSCO TJ Park Foundation Scholarship,POSCO TJ Park Foundation,Graduates | Doctoral Candidates,All Fields,International,Study,0,Scholarship for Asian students pursuing Masters and Doctoral programs in Korea.,Study in Korea,South Korea,May,Tuition + Living Expenses,Masters|PhD,,https://www.postf.org/ko/page/asia/scholar.do,East Asia,Unknown,Scholarship,1,Masters | PhD,Study,90,Medium,0,88,Masters|PhD,https://www.postf.org/ko/page/asia/scholar.do,Partial to Full,2-4 Years
GKSF-3,KF Fellowship for Korean Studies Graduate Students,Korea Foundation,Graduates | Doctoral Candidates,Korean Studies,International,Study,0,Support for graduate students in Korean Studies worldwide.,Study in Korea,South Korea,,Tuition Support,Masters|PhD,1 Year,https://www.kf.or.kr,East Asia,Unknown,Scholarship,1,Masters | PhD,Study,90,Medium,0,88,Masters|PhD,https://www.kf.or.kr,Partial to Full,1 Year
GKSF-4,Daewoong Foundation Global Scholarship Program,Daewoong Foundation,Undergraduates | Graduates,All Fields,International,Study,0,"Monthly scholarship, internship opportunities and career support.",Study in Korea,South Korea,Rolling,"KRW 500,000 Monthly",Undergraduate|Graduate,,http://www.daewoongfoundation.or.kr/,East Asia,Unknown,Scholarship,1,Bachelor | Masters | PhD,Study,90,Medium,0,88,Undergraduate|Graduate,http://www.daewoongfoundation.or.kr/,Partial to Full,2-5 Years
MEXT-1,MEXT Research Students Scholarship,MEXT,Graduates | Researchers,All Fields,International,Research | Masters | PhD,0,Graduate-level scholarship for master's and doctoral studies in Japan.,MEXT,Japan,,"¥143,000+ per month",Masters | PhD,Up to 2 Years,https://www.studyinjapan.go.jp/en/,East Asia,Annual,Scholarship,1,Masters | PhD,Research,95,High,0,89,Masters | PhD,https://www.studyinjapan.go.jp/en/,Full Funding,Up to 2 Years
MEXT-2,MEXT Undergraduate Students Scholarship,MEXT,High School Graduates,All Fields,International,Study,0,Fully funded undergraduate scholarship in Japan.,MEXT,Japan,,"¥117,000+ per month",Bachelor,5 Years,https://www.studyinjapan.go.jp/en/,East Asia,Annual,Scholarship,1,Bachelor,Study,95,High,0,89,Bachelor,https://www.studyinjapan.go.jp/en/,Full Funding,5 Years
MEXT-3,MEXT Teacher Training Students Scholarship,MEXT,Teachers,Education,International,Teacher Training,0,Scholarship for active teachers seeking professional training in Japan.,MEXT,Japan,,"¥143,000+ per month",Professional,1.5 Years,https://www.studyinjapan.go.jp/en/,East Asia,Annual,Scholarship,1,Professional,Teacher Training,95,High,0,89,Professional,https://www.studyinjapan.go.jp/en/,Full Funding,1.5 Years
MEXT-4,MEXT Japanese Studies Students Scholarship,MEXT,Undergraduates,Japanese Language | Japanese Culture,International,Exchange,0,Scholarship for students specializing in Japanese language and culture.,MEXT,Japan,,"¥117,000+ per month",Exchange,1 Year,https://www.studyinjapan.go.jp/en/,East Asia,Annual,Scholarship,1,Exchange,Exchange,95,High,0,89,Exchange,https://www.studyinjapan.go.jp/en/,Full Funding,1 Year
MEXT-5,MEXT College of Technology Students Scholarship,MEXT,Students,Technology,International,Study,0,Scholarship for students entering Colleges of Technology in Japan.,MEXT,Japan,,"¥117,000+ per month",Diploma,4 Years,https://www.studyinjapan.go.jp/en/,East Asia,Annual,Scholarship,1,Diploma,Study,95,High,1,89,Diploma,https://www.studyinjapan.go.jp/en/,Full Funding,4 Years
MEXT-6,MEXT Specialized Training College Students Scholarship,MEXT,Students,Vocational Studies,International,Study,0,Scholarship for specialized training colleges in Japan.,MEXT,Japan,,"¥117,000+ per month",Vocational,3 Years,https://www.studyinjapan.go.jp/en/,East Asia,Annual,Scholarship,1,Vocational,Study,95,High,0,89,Vocational,https://www.studyinjapan.go.jp/en/,Full Funding,3 Years
MEXT-7,MEXT Young Leaders Program Scholarship,MEXT,Young Professionals,Public Policy | Leadership,International,Masters,0,Leadership-focused graduate scholarship for future public leaders.,MEXT,Japan,,"¥242,000 per month",Masters,1 Year,https://www.studyinjapan.go.jp/en/,East Asia,Annual,Scholarship,1,Masters,Leadership,95,High,0,89,Masters,https://www.studyinjapan.go.jp/en/,Full Funding,1 Year
ERASMUS-2,Erasmus Mundus Joint Master in Multilingualism and Cultural Diversity,Erasmus Mundus,International Students,Multiple Fields,International,Study,0,Erasmus Mundus Joint Master in Multilingualism and Cultural Diversity is an Erasmus Mundus Joint Master's programme.,Erasmus Mundus,Multiple European Countries,Varies by Programme,Full Scholarship Available,Masters,1-2 Years,https://www.multidiverse.eu/,Europe,Annual,Scholarship,1,Masters,Study,95,High,0,92,Masters,https://www.multidiverse.eu/,Full Funding,1-2 Years
ERASMUS-3,"Law and Gender, Intersectionality and Diversity",Erasmus Mundus,International Students,Multiple Fields,International,Study,0,"Law and Gender, Intersectionality and Diversity is an Erasmus Mundus Joint Master's programme.",Erasmus Mundus,Multiple European Countries,Varies by Programme,Full Scholarship Available,Masters,1-2 Years,https://lawgid.ius.bg.ac.rs/,Europe,Annual,Scholarship,1,Masters,Study,95,High,0,92,Masters,https://lawgid.ius.bg.ac.rs/,Full Funding,1-2 Years
ERASMUS-4,International Master in Contemporary Challenges in the World of Work,Erasmus Mundus,International Students,Multiple Fields,International,Study,0,International Master in Contemporary Challenges in the World of Work is an Erasmus Mundus Joint Master's programme.,Erasmus Mundus,Multiple European Countries,Varies by Programme,Full Scholarship Available,Masters,1-2 Years,https://www.master-wocc.eu/,Europe,Annual,Scholarship,1,Masters,Study,95,High,0,92,Masters,https://www.master-wocc.eu/,Full Funding,1-2 Years
ERASMUS-5,InterCultural Leadership in Digital Era International Master,Erasmus Mundus,International Students,Multiple Fields,International,Study,0,InterCultural Leadership in Digital Era International Master is an Erasmus Mundus Joint Master's programme.,Erasmus Mundus,Multiple European Countries,Varies by Programme,Full Scholarship Available,Masters,1-2 Years,https://clide.umk.pl/,Europe,Annual,Scholarship,1,Masters,Leadership,95,High,0,92,Masters,https://clide.umk.pl/,Full Funding,1-2 Years
ERASMUS-6,Erasmus Mundus Joint Master in Sustainable Transportation and Electric Power Systems,Erasmus Mundus,International Students,Multiple Fields,International,Study,0,Erasmus Mundus Joint Master in Sustainable Transportation and Electric Power Systems is an Erasmus Mundus Joint Master's programme.,Erasmus Mundus,Multiple European Countries,Varies by Programme,Full Scholarship Available,Masters,1-2 Years,https://www.emjmdstepsrock.eu/,Europe,Annual,Scholarship,1,Masters,Study,95,High,0,92,Masters,https://www.emjmdstepsrock.eu/,Full Funding,1-2 Years
ERASMUS-7,European Politics and Society: Václav Havel Joint Master Degree,Erasmus Mundus,International Students,Multiple Fields,International,Study,0,European Politics and Society: Václav Havel Joint Master Degree is an Erasmus Mundus Joint Master's programme.,Erasmus Mundus,Multiple European Countries,Varies by Programme,Full Scholarship Available,Masters,1-2 Years,https://epsmaster.eu/,Europe,Annual,Scholarship,1,Masters,Study,95,High,0,92,Masters,https://epsmaster.eu/,Full Funding,1-2 Years
ERASMUS-8,Erasmus Mundus Joint Master in Insects as Solutions for a Sustainable Future,Erasmus Mundus,International Students,Multiple Fields,International,Study,0,Erasmus Mundus Joint Master in Insects as Solutions for a Sustainable Future is an Erasmus Mundus Joint Master's programme.,Erasmus Mundus,Multiple European Countries,Varies by Programme,Full Scholarship Available,Masters,1-2 Years,https://issf-master.eu/,Europe,Annual,Scholarship,1,Masters,Study,95,High,0,92,Masters,https://issf-master.eu/,Full Funding,1-2 Years
ERASMUS-9,"Renewable Energy and Sustainable COnstruction, RESCO",Erasmus Mundus,International Students,Multiple Fields,International,Study,0,"Renewable Energy and Sustainable COnstruction, RESCO is an Erasmus Mundus Joint Master's programme.",Erasmus Mundus,Multiple European Countries,Varies by Programme,Full Scholarship Available,Masters,1-2 Years,http://resco-master.eu/,Europe,Annual,Scholarship,1,Masters,Study,95,High,0,92,Masters,http://resco-master.eu/,Full Funding,1-2 Years
ERASMUS-10,Erasmus Mundus Joint Master Degree in Sports Ethics and Integrity,Erasmus Mundus,International Students,Multiple Fields,International,Study,0,Erasmus Mundus Joint Master Degree in Sports Ethics and Integrity is an Erasmus Mundus Joint Master's programme.,Erasmus Mundus,Multiple European Countries,Varies by Programme,Full Scholarship Available,Masters,1-2 Years,https://www.maisi-project.eu/,Europe,Annual,Scholarship,1,Masters,Study,95,High,0,92,Masters,https://www.maisi-project.eu/,Full Funding,1-2 Years
ERASMUS-11,"Erasmus Mundus Masters in Journalism, Media and Globalisation (Mundus Journalism)",Erasmus Mundus,International Students,Multiple Fields,International,Study,0,"Erasmus Mundus Masters in Journalism, Media and Globalisation (Mundus Journalism) is an Erasmus Mundus Joint Master's programme.",Erasmus Mundus,Multiple European Countries,Varies by Programme,Full Scholarship Available,Masters,1-2 Years,https://mundusjournalism.com,Europe,Annual,Scholarship,1,Masters,Study,95,High,0,92,Masters,https://mundusjournalism.com,Full Funding,1-2 Years
ERASMUS-12,European Masters in Earthen Architecture and Construction,Erasmus Mundus,International Students,Multiple Fields,International,Study,0,European Masters in Earthen Architecture and Construction is an Erasmus Mundus Joint Master's programme.,Erasmus Mundus,Multiple European Countries,Varies by Programme,Full Scholarship Available,Masters,1-2 Years,https://msc-terra.org/,Europe,Annual,Scholarship,1,Masters,Study,95,High,0,92,Masters,https://msc-terra.org/,Full Funding,1-2 Years
ERASMUS-13,Transfers-Fluids-Materials Aeronautical Sustainable Applications,Erasmus Mundus,International Students,Multiple Fields,International,Study,0,Transfers-Fluids-Materials Aeronautical Sustainable Applications is an Erasmus Mundus Joint Master's programme.,Erasmus Mundus,Multiple European Countries,Varies by Programme,Full Scholarship Available,Masters,1-2 Years,https://tfmasa.com/,Europe,Annual,Scholarship,1,Masters,Study,95,High,0,92,Masters,https://tfmasa.com/,Full Funding,1-2 Years
ERASMUS-14,Erasmus Mundus Joint Master Programme on the Engineering of Data-intensive Intelligent Software Systems,Erasmus Mundus,International Students,Multiple Fields,International,Study,0,Erasmus Mundus Joint Master Programme on the Engineering of Data-intensive Intelligent Software Systems is an Erasmus Mundus Joint Master's programme.,Erasmus Mundus,Multiple European Countries,Varies by Programme,Full Scholarship Available,Masters,1-2 Years,https://www.master-ediss.eu,Europe,Annual,Scholarship,1,Masters,Study,95,High,0,92,Masters,https://www.master-ediss.eu,Full Funding,1-2 Years
ERASMUS-15,Radiation and its Effects on MicroElectronics and Photonics Technologies,Erasmus Mundus,International Students,Multiple Fields,International,Study,0,Radiation and its Effects on MicroElectronics and Photonics Technologies is an Erasmus Mundus Joint Master's programme.,Erasmus Mundus,Multiple European Countries,Varies by Programme,Full Scholarship Available,Masters,1-2 Years,https://master-radmep.org/,Europe,Annual,Scholarship,1,Masters,Study,95,High,0,92,Masters,https://master-radmep.org/,Full Funding,1-2 Years
ERASMUS-16,Bio and Pharmaceutical Materials Science,Erasmus Mundus,International Students,Multiple Fields,International,Study,0,Bio and Pharmaceutical Materials Science is an Erasmus Mundus Joint Master's programme.,Erasmus Mundus,Multiple European Countries,Varies by Programme,Full Scholarship Available,Masters,1-2 Years,https://www.master-biopham.eu/,Europe,Annual,Scholarship,1,Masters,Study,95,High,0,92,Masters,https://www.master-biopham.eu/,Full Funding,1-2 Years
ERASMUS-17,Master's Programme in Cybersecurity and Assurance,Erasmus Mundus,International Students,Multiple Fields,International,Study,0,Master's Programme in Cybersecurity and Assurance is an Erasmus Mundus Joint Master's programme.,Erasmus Mundus,Multiple European Countries,Varies by Programme,Full Scholarship Available,Masters,1-2 Years,https://www.cybersure-master.eu,Europe,Annual,Scholarship,1,Masters,Study,95,High,0,92,Masters,https://www.cybersure-master.eu,Full Funding,1-2 Years
ERASMUS-18,Data Engineering and Artificial Intelligence,Erasmus Mundus,International Students,Multiple Fields,International,Study,0,Data Engineering and Artificial Intelligence is an Erasmus Mundus Joint Master's programme.,Erasmus Mundus,Multiple European Countries,Varies by Programme,Full Scholarship Available,Masters,1-2 Years,https://deai.ulb.be/,Europe,Annual,Scholarship,1,Masters,Study,95,High,0,92,Masters,https://deai.ulb.be/,Full Funding,1-2 Years
ERASMUS-19,Renewable Energy in the Marine environment,Erasmus Mundus,International Students,Multiple Fields,International,Study,0,Renewable Energy in the Marine environment is an Erasmus Mundus Joint Master's programme.,Erasmus Mundus,Multiple European Countries,Varies by Programme,Full Scholarship Available,Masters,1-2 Years,https://master-remplus2.eu/,Europe,Annual,Scholarship,1,Masters,Study,95,High,0,92,Masters,https://master-remplus2.eu/,Full Funding,1-2 Years
ERASMUS-20,Sustainable Catalysis,Erasmus Mundus,International Students,Multiple Fields,International,Study,0,Sustainable Catalysis is an Erasmus Mundus Joint Master's programme.,Erasmus Mundus,Multiple European Countries,Varies by Programme,Full Scholarship Available,Masters,1-2 Years,https://www.master-sucat.eu/,Europe,Annual,Scholarship,1,Masters,Study,95,High,0,92,Masters,https://www.master-sucat.eu/,Full Funding,1-2 Years
ERASMUS-21,"International Law of Security, Peace and Sustainable Development",Erasmus Mundus,International Students,Multiple Fields,International,Study,0,"International Law of Security, Peace and Sustainable Development is an Erasmus Mundus Joint Master's programme.",Erasmus Mundus,Multiple European Countries,Varies by Programme,Full Scholarship Available,Masters,1-2 Years,https://master-international-law-erasmusmundus.eu/,Europe,Annual,Scholarship,1,Masters,Study,95,High,0,92,Masters,https://master-international-law-erasmusmundus.eu/,Full Funding,1-2 Years
ERASMUS-22,International Master in Transnational Migrations,Erasmus Mundus,International Students,Multiple Fields,International,Study,0,International Master in Transnational Migrations is an Erasmus Mundus Joint Master's programme.,Erasmus Mundus,Multiple European Countries,Varies by Programme,Full Scholarship Available,Masters,1-2 Years,https://www.master-mitra.eu/en/,Europe,Annual,Scholarship,1,Masters,Study,95,High,0,92,Masters,https://www.master-mitra.eu/en/,Full Funding,1-2 Years
ERASMUS-23,Engineering for Environmental Sustainability and International Cooperation,Erasmus Mundus,International Students,Multiple Fields,International,Study,0,Engineering for Environmental Sustainability and International Cooperation is an Erasmus Mundus Joint Master's programme.,Erasmus Mundus,Multiple European Countries,Varies by Programme,Full Scholarship Available,Masters,1-2 Years,https://eesic.eu/,Europe,Annual,Scholarship,1,Masters,Study,95,High,0,92,Masters,https://eesic.eu/,Full Funding,1-2 Years
ERASMUS-24,Joint master in Applied security and defense - Networks for Unified Strategies,Erasmus Mundus,International Students,Multiple Fields,International,Study,0,Joint master in Applied security and defense - Networks for Unified Strategies is an Erasmus Mundus Joint Master's programme.,Erasmus Mundus,Multiple European Countries,Varies by Programme,Full Scholarship Available,Masters,1-2 Years,https://master-janus-security-defense.eu/,Europe,Annual,Scholarship,1,Masters,Study,95,High,0,92,Masters,https://master-janus-security-defense.eu/,Full Funding,1-2 Years
ERASMUS-25,Large Scale Accelerators and Lasers,Erasmus Mundus,International Students,Multiple Fields,International,Study,0,Large Scale Accelerators and Lasers is an Erasmus Mundus Joint Master's programme.,Erasmus Mundus,Multiple European Countries,Varies by Programme,Full Scholarship Available,Masters,1-2 Years,https://www.master-lascala.eu/,Europe,Annual,Scholarship,1,Masters,Study,95,High,0,92,Masters,https://www.master-lascala.eu/,Full Funding,1-2 Years
ERASMUS-26,NOHA Erasmus Mundus Joint Master in International Humanitarian Action (NOHA),Erasmus Mundus,International Students,Multiple Fields,International,Study,0,NOHA Erasmus Mundus Joint Master in International Humanitarian Action (NOHA) is an Erasmus Mundus Joint Master's programme.,Erasmus Mundus,Multiple European Countries,Varies by Programme,Full Scholarship Available,Masters,1-2 Years,https://www.nohanet.org/masters,Europe,Annual,Scholarship,1,Masters,Study,95,High,0,92,Masters,https://www.nohanet.org/masters,Full Funding,1-2 Years
ERASMUS-27,"Teaching, designing, managing, foreign Language learning for a Multicultural and inclusive Environment",Erasmus Mundus,International Students,Multiple Fields,International,Study,0,"Teaching, designing, managing, foreign Language learning for a Multicultural and inclusive Environment is an Erasmus Mundus Joint Master's programme.",Erasmus Mundus,Multiple European Countries,Varies by Programme,Full Scholarship Available,Masters,1-2 Years,https://telme.hypotheses.org/,Europe,Annual,Scholarship,1,Masters,Study,95,High,0,92,Masters,https://telme.hypotheses.org/,Full Funding,1-2 Years
ERASMUS-28,Data Science of Human Multimodal Communication: European and International Joint Masters Degree,Erasmus Mundus,International Students,Multiple Fields,International,Study,0,Data Science of Human Multimodal Communication: European and International Joint Masters Degree is an Erasmus Mundus Joint Master's programme.,Erasmus Mundus,Multiple European Countries,Varies by Programme,Full Scholarship Available,Masters,1-2 Years,https://multicom-em.eu/,Europe,Annual,Scholarship,1,Masters,Study,95,High,0,92,Masters,https://multicom-em.eu/,Full Funding,1-2 Years
ERASMUS-29,"Theatre in Social, Participatory Art, Community and Educational contexts",Erasmus Mundus,International Students,Multiple Fields,International,Study,0,"Theatre in Social, Participatory Art, Community and Educational contexts is an Erasmus Mundus Joint Master's programme.",Erasmus Mundus,Multiple European Countries,Varies by Programme,Full Scholarship Available,Masters,1-2 Years,https://www.theatre-spaces.eu/,Europe,Annual,Scholarship,1,Masters,Study,95,High,0,92,Masters,https://www.theatre-spaces.eu/,Full Funding,1-2 Years
ERASMUS-30,Joint European Master Degree in Nuclear Physics,Erasmus Mundus,International Students,Multiple Fields,International,Study,0,Joint European Master Degree in Nuclear Physics is an Erasmus Mundus Joint Master's programme.,Erasmus Mundus,Multiple European Countries,Varies by Programme,Full Scholarship Available,Masters,1-2 Years,https://www.emm-nucphys.eu/,Europe,Annual,Scholarship,1,Masters,Study,95,High,0,92,Masters,https://www.emm-nucphys.eu/,Full Funding,1-2 Years
ERASMUS-31,European Master in Biological and Chemical Engineering for a Sustainable Bioeconomy,Erasmus Mundus,International Students,Multiple Fields,International,Study,0,European Master in Biological and Chemical Engineering for a Sustainable Bioeconomy is an Erasmus Mundus Joint Master's programme.,Erasmus Mundus,Multiple European Countries,Varies by Programme,Full Scholarship Available,Masters,1-2 Years,https://www.bioceb.eu/,Europe,Annual,Scholarship,1,Masters,Study,95,High,0,92,Masters,https://www.bioceb.eu/,Full Funding,1-2 Years
ERASMUS-32,"DocNomadsPlus, Joint Master in Documentary Filmmaking",Erasmus Mundus,International Students,Multiple Fields,International,Study,0,"DocNomadsPlus, Joint Master in Documentary Filmmaking is an Erasmus Mundus Joint Master's programme.",Erasmus Mundus,Multiple European Countries,Varies by Programme,Full Scholarship Available,Masters,1-2 Years,https://docnomadsplus.eu,Europe,Annual,Scholarship,1,Masters,Study,95,High,0,92,Masters,https://docnomadsplus.eu,Full Funding,1-2 Years
ERASMUS-33,Erasmus Mundus Joint Master Programme in Neuroscience,Erasmus Mundus,International Students,Multiple Fields,International,Study,0,Erasmus Mundus Joint Master Programme in Neuroscience is an Erasmus Mundus Joint Master's programme.,Erasmus Mundus,Multiple European Countries,Varies by Programme,Full Scholarship Available,Masters,1-2 Years,https://www.neurasmus.u-bordeaux.fr/,Europe,Annual,Scholarship,1,Masters,Study,95,High,0,92,Masters,https://www.neurasmus.u-bordeaux.fr/,Full Funding,1-2 Years
ERASMUS-34,Geo-Information Science and Earth Observation for Environmental Modelling and Management,Erasmus Mundus,International Students,Multiple Fields,International,Study,0,Geo-Information Science and Earth Observation for Environmental Modelling and Management is an Erasmus Mundus Joint Master's programme.,Erasmus Mundus,Multiple European Countries,Varies by Programme,Full Scholarship Available,Masters,1-2 Years,https://www.gem-msc.eu/,Europe,Annual,Scholarship,1,Masters,Study,95,High,0,92,Masters,https://www.gem-msc.eu/,Full Funding,1-2 Years
ERASMUS-35,Interdisciplinary Mathematics,Erasmus Mundus,International Students,Multiple Fields,International,Study,0,Interdisciplinary Mathematics is an Erasmus Mundus Joint Master's programme.,Erasmus Mundus,Multiple European Countries,Varies by Programme,Full Scholarship Available,Masters,1-2 Years,https://www.intermaths.eu/erasmus-mundus,Europe,Annual,Scholarship,1,Masters,Study,95,High,0,92,Masters,https://www.intermaths.eu/erasmus-mundus,Full Funding,1-2 Years
ERASMUS-36,"International Master in Security, Intelligence and Strategic Studies",Erasmus Mundus,International Students,Multiple Fields,International,Study,0,"International Master in Security, Intelligence and Strategic Studies is an Erasmus Mundus Joint Master's programme.",Erasmus Mundus,Multiple European Countries,Varies by Programme,Full Scholarship Available,Masters,1-2 Years,https://www.securityintelligence-erasmusmundus.eu/,Europe,Annual,Scholarship,1,Masters,Study,95,High,0,92,Masters,https://www.securityintelligence-erasmusmundus.eu/,Full Funding,1-2 Years
ERASMUS-37,Choreomundus – Erasmus Mundus Master in Dance and Movement as Practical Knowledge and Heritage,Erasmus Mundus,International Students,Multiple Fields,International,Study,0,Choreomundus – Erasmus Mundus Master in Dance and Movement as Practical Knowledge and Heritage is an Erasmus Mundus Joint Master's programme.,Erasmus Mundus,Multiple European Countries,Varies by Programme,Full Scholarship Available,Masters,1-2 Years,https://choreomundus.org/,Europe,Annual,Scholarship,1,Masters,Study,95,High,0,92,Masters,https://choreomundus.org/,Full Funding,1-2 Years
ERASMUS-38,European Master's in Clinical Linguistics 25,Erasmus Mundus,International Students,Multiple Fields,International,Study,0,European Master's in Clinical Linguistics 25 is an Erasmus Mundus Joint Master's programme.,Erasmus Mundus,Multiple European Countries,Varies by Programme,Full Scholarship Available,Masters,1-2 Years,https://www.emcl.eu/,Europe,Annual,Scholarship,1,Masters,Study,95,High,0,92,Masters,https://www.emcl.eu/,Full Funding,1-2 Years
ERASMUS-39,Master of Science in European Forestry,Erasmus Mundus,International Students,Multiple Fields,International,Study,0,Master of Science in European Forestry is an Erasmus Mundus Joint Master's programme.,Erasmus Mundus,Multiple European Countries,Varies by Programme,Full Scholarship Available,Masters,1-2 Years,http://www.europeanforestry.eu,Europe,Annual,Scholarship,1,Masters,Study,95,High,0,92,Masters,http://www.europeanforestry.eu,Full Funding,1-2 Years
ERASMUS-40,Excellence in Analytical Chemistry,Erasmus Mundus,International Students,Multiple Fields,International,Study,0,Excellence in Analytical Chemistry is an Erasmus Mundus Joint Master's programme.,Erasmus Mundus,Multiple European Countries,Varies by Programme,Full Scholarship Available,Masters,1-2 Years,https://www.analyticalchemistry.eu/,Europe,Annual,Scholarship,1,Masters,Study,95,High,0,92,Masters,https://www.analyticalchemistry.eu/,Full Funding,1-2 Years
ERASMUS-41,European Master in Animal Biodiversity and Genomics,Erasmus Mundus,International Students,Multiple Fields,International,Study,0,European Master in Animal Biodiversity and Genomics is an Erasmus Mundus Joint Master's programme.,Erasmus Mundus,Multiple European Countries,Varies by Programme,Full Scholarship Available,Masters,1-2 Years,https://www.emabg.eu/,Europe,Annual,Scholarship,1,Masters,Study,95,High,0,92,Masters,https://www.emabg.eu/,Full Funding,1-2 Years
ERASMUS-42,RESOUND - Joint Master of Arts in Sound Design for Media Arts,Erasmus Mundus,International Students,Multiple Fields,International,Study,0,RESOUND - Joint Master of Arts in Sound Design for Media Arts is an Erasmus Mundus Joint Master's programme.,Erasmus Mundus,Multiple European Countries,Varies by Programme,Full Scholarship Available,Masters,1-2 Years,https://resound-ma.eu/,Europe,Annual,Scholarship,1,Masters,Arts,95,High,0,92,Masters,https://resound-ma.eu/,Full Funding,1-2 Years
ERASMUS-43,EMJM ENVIRONMENTAL CONTAMINATION AND TOXICOLOGY + ONE HEALTH,Erasmus Mundus,International Students,Multiple Fields,International,Study,0,EMJM ENVIRONMENTAL CONTAMINATION AND TOXICOLOGY + ONE HEALTH is an Erasmus Mundus Joint Master's programme.,Erasmus Mundus,Multiple European Countries,Varies by Programme,Full Scholarship Available,Masters,1-2 Years,https://www.ectplus.eu/,Europe,Annual,Scholarship,1,Masters,Study,95,High,0,92,Masters,https://www.ectplus.eu/,Full Funding,1-2 Years
ERASMUS-44,International Master in Quaternary and Prehistory,Erasmus Mundus,International Students,Multiple Fields,International,Study,0,International Master in Quaternary and Prehistory is an Erasmus Mundus Joint Master's programme.,Erasmus Mundus,Multiple European Countries,Varies by Programme,Full Scholarship Available,Masters,1-2 Years,https://quaternaryprehistory.eu/,Europe,Annual,Scholarship,1,Masters,Study,95,High,0,92,Masters,https://quaternaryprehistory.eu/,Full Funding,1-2 Years
ERASMUS-45,Europubhealth+│European Master in Public Health,Erasmus Mundus,International Students,Multiple Fields,International,Study,0,Europubhealth+│European Master in Public Health is an Erasmus Mundus Joint Master's programme.,Erasmus Mundus,Multiple European Countries,Varies by Programme,Full Scholarship Available,Masters,1-2 Years,https://www.europubhealth.org/,Europe,Annual,Scholarship,1,Masters,Study,95,High,0,92,Masters,https://www.europubhealth.org/,Full Funding,1-2 Years
ERASMUS-46,European Master in Linguistic Data Science,Erasmus Mundus,International Students,Multiple Fields,International,Study,0,European Master in Linguistic Data Science is an Erasmus Mundus Joint Master's programme.,Erasmus Mundus,Multiple European Countries,Varies by Programme,Full Scholarship Available,Masters,1-2 Years,https://emlds.fcsh.unl.pt/,Europe,Annual,Scholarship,1,Masters,Study,95,High,0,92,Masters,https://emlds.fcsh.unl.pt/,Full Funding,1-2 Years
ERASMUS-47,"Education, Migration, and Diversity",Erasmus Mundus,International Students,Multiple Fields,International,Study,0,"Education, Migration, and Diversity is an Erasmus Mundus Joint Master's programme.",Erasmus Mundus,Multiple European Countries,Varies by Programme,Full Scholarship Available,Masters,1-2 Years,https://www.edumig.org/,Europe,Annual,Scholarship,1,Masters,Study,95,High,0,92,Masters,https://www.edumig.org/,Full Funding,1-2 Years
ERASMUS-48,Master International en Sciences de l'Education Inclusive,Erasmus Mundus,International Students,Multiple Fields,International,Study,0,Master International en Sciences de l'Education Inclusive is an Erasmus Mundus Joint Master's programme.,Erasmus Mundus,Multiple European Countries,Varies by Programme,Full Scholarship Available,Masters,1-2 Years,https://master-misei.com,Europe,Annual,Scholarship,1,Masters,Study,95,High,0,92,Masters,https://master-misei.com,Full Funding,1-2 Years
ERASMUS-49,Erasmus Mundus Master Course in Mechatronics,Erasmus Mundus,International Students,Multiple Fields,International,Study,0,Erasmus Mundus Master Course in Mechatronics is an Erasmus Mundus Joint Master's programme.,Erasmus Mundus,Multiple European Countries,Varies by Programme,Full Scholarship Available,Masters,1-2 Years,https://www.eu4m.eu,Europe,Annual,Scholarship,1,Masters,Study,95,High,0,92,Masters,https://www.eu4m.eu,Full Funding,1-2 Years
ERASMUS-50,Digital Creativity Art&Science European Master,Erasmus Mundus,International Students,Multiple Fields,International,Study,0,Digital Creativity Art&Science European Master is an Erasmus Mundus Joint Master's programme.,Erasmus Mundus,Multiple European Countries,Varies by Programme,Full Scholarship Available,Masters,1-2 Years,https://master-digicrea.univ-st-etienne.fr/,Europe,Annual,Scholarship,1,Masters,Study,95,High,0,92,Masters,https://master-digicrea.univ-st-etienne.fr/,Full Funding,1-2 Years
ERASMUS-51,"Mathematical Modelling, Simulation and Data Science for Industrial and Societal Challenges",Erasmus Mundus,International Students,Multiple Fields,International,Study,0,"Mathematical Modelling, Simulation and Data Science for Industrial and Societal Challenges is an Erasmus Mundus Joint Master's programme.",Erasmus Mundus,Multiple European Countries,Varies by Programme,Full Scholarship Available,Masters,1-2 Years,https://mathsdisc.eu/,Europe,Annual,Scholarship,1,Masters,Study,95,High,0,92,Masters,https://mathsdisc.eu/,Full Funding,1-2 Years
ERASMUS-52,International Master degree on the biology of Ageing,Erasmus Mundus,International Students,Multiple Fields,International,Study,0,International Master degree on the biology of Ageing is an Erasmus Mundus Joint Master's programme.,Erasmus Mundus,Multiple European Countries,Varies by Programme,Full Scholarship Available,Masters,1-2 Years,https://life.univ-cotedazur.fr/international/imagein,Europe,Annual,Scholarship,1,Masters,Study,95,High,0,92,Masters,https://life.univ-cotedazur.fr/international/imagein,Full Funding,1-2 Years
ERASMUS-53,Leading International Vaccinology Education for Innovation,Erasmus Mundus,International Students,Multiple Fields,International,Study,0,Leading International Vaccinology Education for Innovation is an Erasmus Mundus Joint Master's programme.,Erasmus Mundus,Multiple European Countries,Varies by Programme,Full Scholarship Available,Masters,1-2 Years,https://masterlive-vaccinology.eu/,Europe,Annual,Scholarship,1,Masters,Study,95,High,0,92,Masters,https://masterlive-vaccinology.eu/,Full Funding,1-2 Years
ERASMUS-54,Greening Energy Market and Finance,Erasmus Mundus,International Students,Multiple Fields,International,Study,0,Greening Energy Market and Finance is an Erasmus Mundus Joint Master's programme.,Erasmus Mundus,Multiple European Countries,Varies by Programme,Full Scholarship Available,Masters,1-2 Years,https://site.unibo.it/grenfin-emjm,Europe,Annual,Scholarship,1,Masters,Study,95,High,0,92,Masters,https://site.unibo.it/grenfin-emjm,Full Funding,1-2 Years
ERASMUS-55,"Global Markets, Local Creativities",Erasmus Mundus,International Students,Multiple Fields,International,Study,0,"Global Markets, Local Creativities is an Erasmus Mundus Joint Master's programme.",Erasmus Mundus,Multiple European Countries,Varies by Programme,Full Scholarship Available,Masters,1-2 Years,https://globallocal-erasmusmundus.eu/,Europe,Annual,Scholarship,1,Masters,Study,95,High,0,92,Masters,https://globallocal-erasmusmundus.eu/,Full Funding,1-2 Years
ERASMUS-56,Erasmus Mundus Master in European Environmental Economics and Policy,Erasmus Mundus,International Students,Multiple Fields,International,Study,0,Erasmus Mundus Master in European Environmental Economics and Policy is an Erasmus Mundus Joint Master's programme.,Erasmus Mundus,Multiple European Countries,Varies by Programme,Full Scholarship Available,Masters,1-2 Years,https://4euplus.eu/4EU-981.html,Europe,Annual,Scholarship,1,Masters,Study,95,High,0,92,Masters,https://4euplus.eu/4EU-981.html,Full Funding,1-2 Years
ERASMUS-57,Health and Wellbeing across the Lifespan,Erasmus Mundus,International Students,Multiple Fields,International,Study,0,Health and Wellbeing across the Lifespan is an Erasmus Mundus Joint Master's programme.,Erasmus Mundus,Multiple European Countries,Varies by Programme,Full Scholarship Available,Masters,1-2 Years,https://www.hygieiamaster.eu/,Europe,Annual,Scholarship,1,Masters,Study,95,High,0,92,Masters,https://www.hygieiamaster.eu/,Full Funding,1-2 Years
ERASMUS-58,Erasmus Mundus - Master of Science in Imaging and Light in Extended Reality,Erasmus Mundus,International Students,Multiple Fields,International,Study,0,Erasmus Mundus - Master of Science in Imaging and Light in Extended Reality is an Erasmus Mundus Joint Master's programme.,Erasmus Mundus,Multiple European Countries,Varies by Programme,Full Scholarship Available,Masters,1-2 Years,https://imlex.org/,Europe,Annual,Scholarship,1,Masters,Study,95,High,0,92,Masters,https://imlex.org/,Full Funding,1-2 Years
ERASMUS-59,Economic POlicies for the Global bifurcation - Joint Master,Erasmus Mundus,International Students,Multiple Fields,International,Study,0,Economic POlicies for the Global bifurcation - Joint Master is an Erasmus Mundus Joint Master's programme.,Erasmus Mundus,Multiple European Countries,Varies by Programme,Full Scholarship Available,Masters,1-2 Years,https://www.epog.eu/,Europe,Annual,Scholarship,1,Masters,Study,95,High,0,92,Masters,https://www.epog.eu/,Full Funding,1-2 Years
ERASMUS-60,Intelligent Photonics for Security Reliability Sustainability and Safety,Erasmus Mundus,International Students,Multiple Fields,International,Study,0,Intelligent Photonics for Security Reliability Sustainability and Safety is an Erasmus Mundus Joint Master's programme.,Erasmus Mundus,Multiple European Countries,Varies by Programme,Full Scholarship Available,Masters,1-2 Years,https://www.master-photonics4security.eu/,Europe,Annual,Scholarship,1,Masters,Study,95,High,0,92,Masters,https://www.master-photonics4security.eu/,Full Funding,1-2 Years
ERASMUS-61,"Coordinated Humanitarian Response, Health and Displacement",Erasmus Mundus,International Students,Multiple Fields,International,Study,0,"Coordinated Humanitarian Response, Health and Displacement is an Erasmus Mundus Joint Master's programme.",Erasmus Mundus,Multiple European Countries,Varies by Programme,Full Scholarship Available,Masters,1-2 Years,https://humanresponse.eu/,Europe,Annual,Scholarship,1,Masters,Study,95,High,0,92,Masters,https://humanresponse.eu/,Full Funding,1-2 Years
ERASMUS-62,European Master in Health Economics and Management,Erasmus Mundus,International Students,Multiple Fields,International,Study,0,European Master in Health Economics and Management is an Erasmus Mundus Joint Master's programme.,Erasmus Mundus,Multiple European Countries,Varies by Programme,Full Scholarship Available,Masters,1-2 Years,http://eu-hem.eu,Europe,Annual,Scholarship,1,Masters,Study,95,High,0,92,Masters,http://eu-hem.eu,Full Funding,1-2 Years
ERASMUS-63,MASTER IN INTELLECTUAL PROPERTY AND DATA LAW,Erasmus Mundus,International Students,Multiple Fields,International,Study,0,MASTER IN INTELLECTUAL PROPERTY AND DATA LAW is an Erasmus Mundus Joint Master's programme.,Erasmus Mundus,Multiple European Countries,Varies by Programme,Full Scholarship Available,Masters,1-2 Years,https://mipdal.eu/,Europe,Annual,Scholarship,1,Masters,Study,95,High,0,92,Masters,https://mipdal.eu/,Full Funding,1-2 Years
ERASMUS-64,Response_Able Futures; A European Joint Masters in Design and Care,Erasmus Mundus,International Students,Multiple Fields,International,Study,0,Response_Able Futures; A European Joint Masters in Design and Care is an Erasmus Mundus Joint Master's programme.,Erasmus Mundus,Multiple European Countries,Varies by Programme,Full Scholarship Available,Masters,1-2 Years,https://www.response-able-futures.eu/,Europe,Annual,Scholarship,1,Masters,Study,95,High,0,92,Masters,https://www.response-able-futures.eu/,Full Funding,1-2 Years
ERASMUS-65,EUropean master on COntrol of Renewable Energy systems,Erasmus Mundus,International Students,Multiple Fields,International,Study,0,EUropean master on COntrol of Renewable Energy systems is an Erasmus Mundus Joint Master's programme.,Erasmus Mundus,Multiple European Countries,Varies by Programme,Full Scholarship Available,Masters,1-2 Years,https://master-eu-core.ec-nantes.fr,Europe,Annual,Scholarship,1,Masters,Study,95,High,0,92,Masters,https://master-eu-core.ec-nantes.fr,Full Funding,1-2 Years
ERASMUS-66,Erasmus Mundus Joint Master in Cutting-Edge Technologies for Sustainable Agriculture,Erasmus Mundus,International Students,Multiple Fields,International,Study,0,Erasmus Mundus Joint Master in Cutting-Edge Technologies for Sustainable Agriculture is an Erasmus Mundus Joint Master's programme.,Erasmus Mundus,Multiple European Countries,Varies by Programme,Full Scholarship Available,Masters,1-2 Years,https://sustagri-em.eu/,Europe,Annual,Scholarship,1,Masters,Study,95,High,0,92,Masters,https://sustagri-em.eu/,Full Funding,1-2 Years
ERASMUS-67,"Erasmus Mundus Joint Master's programme in Surface, Electro, Radiation, and Photo-chemistry",Erasmus Mundus,International Students,Multiple Fields,International,Study,0,"Erasmus Mundus Joint Master's programme in Surface, Electro, Radiation, and Photo-chemistry is an Erasmus Mundus Joint Master's programme.",Erasmus Mundus,Multiple European Countries,Varies by Programme,Full Scholarship Available,Masters,1-2 Years,https://www.master-serp.eu/,Europe,Annual,Scholarship,1,Masters,Study,95,High,0,92,Masters,https://www.master-serp.eu/,Full Funding,1-2 Years
ERASMUS-68,Theoretical Chemistry and Computational Modeling,Erasmus Mundus,International Students,Multiple Fields,International,Study,0,Theoretical Chemistry and Computational Modeling is an Erasmus Mundus Joint Master's programme.,Erasmus Mundus,Multiple European Countries,Varies by Programme,Full Scholarship Available,Masters,1-2 Years,https://www.emtccm.org,Europe,Annual,Scholarship,1,Masters,Study,95,High,0,92,Masters,https://www.emtccm.org,Full Funding,1-2 Years
ERASMUS-69,Social Psychology of Transformation:  Understanding and Mastering Social Change,Erasmus Mundus,International Students,Multiple Fields,International,Study,0,Social Psychology of Transformation:  Understanding and Mastering Social Change is an Erasmus Mundus Joint Master's programme.,Erasmus Mundus,Multiple European Countries,Varies by Programme,Full Scholarship Available,Masters,1-2 Years,https://spot-psychology.eu/,Europe,Annual,Scholarship,1,Masters,Study,95,High,0,92,Masters,https://spot-psychology.eu/,Full Funding,1-2 Years
ERASMUS-70,Research and Innovation in Higher Education,Erasmus Mundus,International Students,Multiple Fields,International,Study,0,Research and Innovation in Higher Education is an Erasmus Mundus Joint Master's programme.,Erasmus Mundus,Multiple European Countries,Varies by Programme,Full Scholarship Available,Masters,1-2 Years,http://www.marihe.eu/,Europe,Annual,Scholarship,1,Masters,Research,95,High,0,92,Masters,http://www.marihe.eu/,Full Funding,1-2 Years
ERASMUS-71,From Membrane Biology to Neuroscience and Experimental Medicine,Erasmus Mundus,International Students,Multiple Fields,International,Study,0,From Membrane Biology to Neuroscience and Experimental Medicine is an Erasmus Mundus Joint Master's programme.,Erasmus Mundus,Multiple European Countries,Varies by Programme,Full Scholarship Available,Masters,1-2 Years,https://life.univ-cotedazur.fr/international/erasmus-mundus-joint-master-membiomed,Europe,Annual,Scholarship,1,Masters,Study,95,High,0,92,Masters,https://life.univ-cotedazur.fr/international/erasmus-mundus-joint-master-membiomed,Full Funding,1-2 Years
ERASMUS-72,Electric vehicle PropulsIon & COntrol Plus,Erasmus Mundus,International Students,Multiple Fields,International,Study,0,Electric vehicle PropulsIon & COntrol Plus is an Erasmus Mundus Joint Master's programme.,Erasmus Mundus,Multiple European Countries,Varies by Programme,Full Scholarship Available,Masters,1-2 Years,https://master-epico.ec-nantes.fr/,Europe,Annual,Scholarship,1,Masters,Study,95,High,0,92,Masters,https://master-epico.ec-nantes.fr/,Full Funding,1-2 Years
ERASMUS-73,International Master's in Advanced Research in Criminology,Erasmus Mundus,International Students,Multiple Fields,International,Study,0,International Master's in Advanced Research in Criminology is an Erasmus Mundus Joint Master's programme.,Erasmus Mundus,Multiple European Countries,Varies by Programme,Full Scholarship Available,Masters,1-2 Years,https://www.internationalmastercriminology.eu/,Europe,Annual,Scholarship,1,Masters,Research,95,High,0,92,Masters,https://www.internationalmastercriminology.eu/,Full Funding,1-2 Years
ERASMUS-74,Decentralised Smart Energy Systems 2.0,Erasmus Mundus,International Students,Multiple Fields,International,Study,0,Decentralised Smart Energy Systems 2.0 is an Erasmus Mundus Joint Master's programme.,Erasmus Mundus,Multiple European Countries,Varies by Programme,Full Scholarship Available,Masters,1-2 Years,https://densys.univ-lorraine.fr/,Europe,Annual,Scholarship,1,Masters,Study,95,High,0,92,Masters,https://densys.univ-lorraine.fr/,Full Funding,1-2 Years
ERASMUS-75,International Master in Innovative Medicine,Erasmus Mundus,International Students,Multiple Fields,International,Study,0,International Master in Innovative Medicine is an Erasmus Mundus Joint Master's programme.,Erasmus Mundus,Multiple European Countries,Varies by Programme,Full Scholarship Available,Masters,1-2 Years,https://www.innovativemedicine.eu/home,Europe,Annual,Scholarship,1,Masters,Study,95,High,0,92,Masters,https://www.innovativemedicine.eu/home,Full Funding,1-2 Years
ERASMUS-76,Mechanics of Sustainable Materials and Structures,Erasmus Mundus,International Students,Multiple Fields,International,Study,0,Mechanics of Sustainable Materials and Structures is an Erasmus Mundus Joint Master's programme.,Erasmus Mundus,Multiple European Countries,Varies by Programme,Full Scholarship Available,Masters,1-2 Years,https://www.ms2master.com,Europe,Annual,Scholarship,1,Masters,Study,95,High,0,92,Masters,https://www.ms2master.com,Full Funding,1-2 Years
ERASMUS-77,Erasmus Mundus Joint Master in Global Change Ecology and Biodiversity Management,Erasmus Mundus,International Students,Multiple Fields,International,Study,0,Erasmus Mundus Joint Master in Global Change Ecology and Biodiversity Management is an Erasmus Mundus Joint Master's programme.,Erasmus Mundus,Multiple European Countries,Varies by Programme,Full Scholarship Available,Masters,1-2 Years,https://globe-master.eu/,Europe,Annual,Scholarship,1,Masters,Study,95,High,0,92,Masters,https://globe-master.eu/,Full Funding,1-2 Years
ERASMUS-78,http://www.spreeafrica.com/,Erasmus Mundus,International Students,Multiple Fields,International,Study,0,http://www.spreeafrica.com/ is an Erasmus Mundus Joint Master's programme.,Erasmus Mundus,Multiple European Countries,Varies by Programme,Full Scholarship Available,Masters,1-2 Years,http://www.spreeafrica.com/,Europe,Annual,Scholarship,1,Masters,Study,95,High,0,92,Masters,http://www.spreeafrica.com/,Full Funding,1-2 Years
ERASMUS-79,http://www.intra-africa-mastet.org/,Erasmus Mundus,International Students,Multiple Fields,International,Study,0,http://www.intra-africa-mastet.org/ is an Erasmus Mundus Joint Master's programme.,Erasmus Mundus,Multiple European Countries,Varies by Programme,Full Scholarship Available,Masters,1-2 Years,http://www.intra-africa-mastet.org/,Europe,Annual,Scholarship,1,Masters,Study,95,High,0,92,Masters,http://www.intra-africa-mastet.org/,Full Funding,1-2 Years
ERASMUS-80,https://miret.mu.ac.ke/,Erasmus Mundus,International Students,Multiple Fields,International,Study,0,https://miret.mu.ac.ke/ is an Erasmus Mundus Joint Master's programme.,Erasmus Mundus,Multiple European Countries,Varies by Programme,Full Scholarship Available,Masters,1-2 Years,https://miret.mu.ac.ke/,Europe,Annual,Scholarship,1,Masters,Study,95,High,0,92,Masters,https://miret.mu.ac.ke/,Full Funding,1-2 Years
ERASMUS-81,http://frame.nust.na/,Erasmus Mundus,International Students,Multiple Fields,International,Study,0,http://frame.nust.na/ is an Erasmus Mundus Joint Master's programme.,Erasmus Mundus,Multiple European Countries,Varies by Programme,Full Scholarship Available,Masters,1-2 Years,http://frame.nust.na/,Europe,Annual,Scholarship,1,Masters,Study,95,High,0,92,Masters,http://frame.nust.na/,Full Funding,1-2 Years
ERASMUS-82,https://elbmmobility.org/,Erasmus Mundus,International Students,Multiple Fields,International,Study,0,https://elbmmobility.org/ is an Erasmus Mundus Joint Master's programme.,Erasmus Mundus,Multiple European Countries,Varies by Programme,Full Scholarship Available,Masters,1-2 Years,https://elbmmobility.org/,Europe,Annual,Scholarship,1,Masters,Study,95,High,0,92,Masters,https://elbmmobility.org/,Full Funding,1-2 Years
ERASMUS-83,http://www.utm.rnu.tn/afridi/fr,Erasmus Mundus,International Students,Multiple Fields,International,Study,0,http://www.utm.rnu.tn/afridi/fr is an Erasmus Mundus Joint Master's programme.,Erasmus Mundus,Multiple European Countries,Varies by Programme,Full Scholarship Available,Masters,1-2 Years,http://www.utm.rnu.tn/afridi/fr,Europe,Annual,Scholarship,1,Masters,Study,95,High,0,92,Masters,http://www.utm.rnu.tn/afridi/fr,Full Funding,1-2 Years
ERASMUS-84,http://www.ru.ac.za/intra-africa-awarmn,Erasmus Mundus,International Students,Multiple Fields,International,Study,0,http://www.ru.ac.za/intra-africa-awarmn is an Erasmus Mundus Joint Master's programme.,Erasmus Mundus,Multiple European Countries,Varies by Programme,Full Scholarship Available,Masters,1-2 Years,http://www.ru.ac.za/intra-africa-awarmn,Europe,Annual,Scholarship,1,Masters,Study,95,High,0,92,Masters,http://www.ru.ac.za/intra-africa-awarmn,Full Funding,1-2 Years
ERASMUS-85,EMerald Master in Georesources Engineering,Erasmus Mundus,International Students,Multiple Fields,International,Study,0,EMerald Master in Georesources Engineering is an Erasmus Mundus Joint Master's programme.,Erasmus Mundus,Multiple European Countries,Varies by Programme,Full Scholarship Available,Masters,1-2 Years,https://www.em-georesources.eu/,Europe,Annual,Scholarship,1,Masters,Study,95,High,0,92,Masters,https://www.em-georesources.eu/,Full Funding,1-2 Years
ERASMUS-86,"FilmMemory - Joint Master of Arts in European Film Heritage, History and Cultures",Erasmus Mundus,International Students,Multiple Fields,International,Study,0,"FilmMemory - Joint Master of Arts in European Film Heritage, History and Cultures is an Erasmus Mundus Joint Master's programme.",Erasmus Mundus,Multiple European Countries,Varies by Programme,Full Scholarship Available,Masters,1-2 Years,https://www.filmmemory.eu/,Europe,Annual,Scholarship,1,Masters,Arts,95,High,0,92,Masters,https://www.filmmemory.eu/,Full Funding,1-2 Years
ERASMUS-87,MSc in Smart Cities and Communities,Erasmus Mundus,International Students,Multiple Fields,International,Study,0,MSc in Smart Cities and Communities is an Erasmus Mundus Joint Master's programme.,Erasmus Mundus,Multiple European Countries,Varies by Programme,Full Scholarship Available,Masters,1-2 Years,https://www.smaccs.eu/,Europe,Annual,Scholarship,1,Masters,Study,95,High,0,92,Masters,https://www.smaccs.eu/,Full Funding,1-2 Years
ERASMUS-88,European Master For Industry in Microwave Electronics and Photonics,Erasmus Mundus,International Students,Multiple Fields,International,Study,0,European Master For Industry in Microwave Electronics and Photonics is an Erasmus Mundus Joint Master's programme.,Erasmus Mundus,Multiple European Countries,Varies by Programme,Full Scholarship Available,Masters,1-2 Years,https://www.erasmus-mundus.emimep.eu/,Europe,Annual,Scholarship,1,Masters,Study,95,High,0,92,Masters,https://www.erasmus-mundus.emimep.eu/,Full Funding,1-2 Years
ERASMUS-89,Multiphase Systems for Sustainable Engineering,Erasmus Mundus,International Students,Multiple Fields,International,Study,0,Multiphase Systems for Sustainable Engineering is an Erasmus Mundus Joint Master's programme.,Erasmus Mundus,Multiple European Countries,Varies by Programme,Full Scholarship Available,Masters,1-2 Years,https://www.multiphase-master.eu/,Europe,Annual,Scholarship,1,Masters,Study,95,High,0,92,Masters,https://www.multiphase-master.eu/,Full Funding,1-2 Years
ERASMUS-90,Safe and Reliable Nuclear Applications,Erasmus Mundus,International Students,Multiple Fields,International,Study,0,Safe and Reliable Nuclear Applications is an Erasmus Mundus Joint Master's programme.,Erasmus Mundus,Multiple European Countries,Varies by Programme,Full Scholarship Available,Masters,1-2 Years,https://www.imt-atlantique.fr/en/study/masters/emjmd/sarena,Europe,Annual,Scholarship,1,Masters,Study,95,High,0,92,Masters,https://www.imt-atlantique.fr/en/study/masters/emjmd/sarena,Full Funding,1-2 Years
ERASMUS-91,Education Policies for Global Development,Erasmus Mundus,International Students,Multiple Fields,International,Study,0,Education Policies for Global Development is an Erasmus Mundus Joint Master's programme.,Erasmus Mundus,Multiple European Countries,Varies by Programme,Full Scholarship Available,Masters,1-2 Years,http://www.globed.eu/,Europe,Annual,Scholarship,1,Masters,Study,95,High,0,92,Masters,http://www.globed.eu/,Full Funding,1-2 Years
ERASMUS-92,Communications Engineering and Data Science,Erasmus Mundus,International Students,Multiple Fields,International,Study,0,Communications Engineering and Data Science is an Erasmus Mundus Joint Master's programme.,Erasmus Mundus,Multiple European Countries,Varies by Programme,Full Scholarship Available,Masters,1-2 Years,https://www.unite-codas-master.eu/,Europe,Annual,Scholarship,1,Masters,Study,95,High,0,92,Masters,https://www.unite-codas-master.eu/,Full Funding,1-2 Years
ERASMUS-93,Erasmus Mundus Masters Program in Public Policy,Erasmus Mundus,International Students,Multiple Fields,International,Study,0,Erasmus Mundus Masters Program in Public Policy is an Erasmus Mundus Joint Master's programme.,Erasmus Mundus,Multiple European Countries,Varies by Programme,Full Scholarship Available,Masters,1-2 Years,https://www.mundusmapp.org/,Europe,Annual,Scholarship,1,Masters,Study,95,High,0,92,Masters,https://www.mundusmapp.org/,Full Funding,1-2 Years
ERASMUS-94,PlantHealth - European Master Degree in PLANT HEALTH IN SUSTAINABLE CROPPING SYSTEMS,Erasmus Mundus,International Students,Multiple Fields,International,Study,0,PlantHealth - European Master Degree in PLANT HEALTH IN SUSTAINABLE CROPPING SYSTEMS is an Erasmus Mundus Joint Master's programme.,Erasmus Mundus,Multiple European Countries,Varies by Programme,Full Scholarship Available,Masters,1-2 Years,https://www.planthealth.upv.es/web/,Europe,Annual,Scholarship,1,Masters,Study,95,High,0,92,Masters,https://www.planthealth.upv.es/web/,Full Funding,1-2 Years
ERASMUS-95,Erasmus Mundus Joint Master in Physiology and Medicine of Humans in Space and Extreme Environment,Erasmus Mundus,International Students,Multiple Fields,International,Study,0,Erasmus Mundus Joint Master in Physiology and Medicine of Humans in Space and Extreme Environment is an Erasmus Mundus Joint Master's programme.,Erasmus Mundus,Multiple European Countries,Varies by Programme,Full Scholarship Available,Masters,1-2 Years,https://space-med.eu,Europe,Annual,Scholarship,1,Masters,Study,95,High,0,92,Masters,https://space-med.eu,Full Funding,1-2 Years
ERASMUS-96,Erasmus Mundus Joint Master Programme in Imaging,Erasmus Mundus,International Students,Multiple Fields,International,Study,0,Erasmus Mundus Joint Master Programme in Imaging is an Erasmus Mundus Joint Master's programme.,Erasmus Mundus,Multiple European Countries,Varies by Programme,Full Scholarship Available,Masters,1-2 Years,https://www.emjm-imaging.eu/,Europe,Annual,Scholarship,1,Masters,Study,95,High,0,92,Masters,https://www.emjm-imaging.eu/,Full Funding,1-2 Years
ERASMUS-97,International Masters in Risk Assessment and Management of Civil Infrastructures,Erasmus Mundus,International Students,Multiple Fields,International,Study,0,International Masters in Risk Assessment and Management of Civil Infrastructures is an Erasmus Mundus Joint Master's programme.,Erasmus Mundus,Multiple European Countries,Varies by Programme,Full Scholarship Available,Masters,1-2 Years,https://msc-norisk.org/,Europe,Annual,Scholarship,1,Masters,Study,95,High,0,92,Masters,https://msc-norisk.org/,Full Funding,1-2 Years
ERASMUS-98,Interdisciplinarity in Materials for Energy Storage and Conversion,Erasmus Mundus,International Students,Multiple Fields,International,Study,0,Interdisciplinarity in Materials for Energy Storage and Conversion is an Erasmus Mundus Joint Master's programme.,Erasmus Mundus,Multiple European Countries,Varies by Programme,Full Scholarship Available,Masters,1-2 Years,https://i-mesc.eu/,Europe,Annual,Scholarship,1,Masters,Study,95,High,0,92,Masters,https://i-mesc.eu/,Full Funding,1-2 Years
ERASMUS-99,Erasmus Mundus Master in 'Global Studies',Erasmus Mundus,International Students,Multiple Fields,International,Study,0,Erasmus Mundus Master in 'Global Studies' is an Erasmus Mundus Joint Master's programme.,Erasmus Mundus,Multiple European Countries,Varies by Programme,Full Scholarship Available,Masters,1-2 Years,https://globalstudies-masters.eu/,Europe,Annual,Scholarship,1,Masters,Study,95,High,0,92,Masters,https://globalstudies-masters.eu/,Full Funding,1-2 Years
ERASMUS-100,European Master of Science in Skin Health and Care,Erasmus Mundus,International Students,Multiple Fields,International,Study,0,European Master of Science in Skin Health and Care is an Erasmus Mundus Joint Master's programme.,Erasmus Mundus,Multiple European Countries,Varies by Programme,Full Scholarship Available,Masters,1-2 Years,http://www.emotion-master.eu/,Europe,Annual,Scholarship,1,Masters,Study,95,High,0,92,Masters,http://www.emotion-master.eu/,Full Funding,1-2 Years
ERASMUS-101,Image Processing and Computer Vision ai,Erasmus Mundus,International Students,Multiple Fields,International,Study,0,Image Processing and Computer Vision ai is an Erasmus Mundus Joint Master's programme.,Erasmus Mundus,Multiple European Countries,Varies by Programme,Full Scholarship Available,Masters,1-2 Years,http://ipcv.eu/,Europe,Annual,Scholarship,1,Masters,Study,95,High,0,92,Masters,http://ipcv.eu/,Full Funding,1-2 Years
ERASMUS-102,Master Erasmus Mundus in Lexicography,Erasmus Mundus,International Students,Multiple Fields,International,Study,0,Master Erasmus Mundus in Lexicography is an Erasmus Mundus Joint Master's programme.,Erasmus Mundus,Multiple European Countries,Varies by Programme,Full Scholarship Available,Masters,1-2 Years,https://www.emlex.eu.usc.gal/,Europe,Annual,Scholarship,1,Masters,Study,95,High,0,92,Masters,https://www.emlex.eu.usc.gal/,Full Funding,1-2 Years
ERASMUS-103,Groundwater and Global Change - Impacts and Adaptation,Erasmus Mundus,International Students,Multiple Fields,International,Study,0,Groundwater and Global Change - Impacts and Adaptation is an Erasmus Mundus Joint Master's programme.,Erasmus Mundus,Multiple European Countries,Varies by Programme,Full Scholarship Available,Masters,1-2 Years,https://www.groundwatermaster.eu/,Europe,Annual,Scholarship,1,Masters,Study,95,High,0,92,Masters,https://www.groundwatermaster.eu/,Full Funding,1-2 Years
ERASMUS-104,"Children’s Literature, Media and Cultural Entrepreneurship",Erasmus Mundus,International Students,Multiple Fields,International,Study,0,"Children’s Literature, Media and Cultural Entrepreneurship is an Erasmus Mundus Joint Master's programme.",Erasmus Mundus,Multiple European Countries,Varies by Programme,Full Scholarship Available,Masters,1-2 Years,https://www.clmce-erasmusmundus.eu/,Europe,Annual,Scholarship,1,Masters,Study,95,High,0,92,Masters,https://www.clmce-erasmusmundus.eu/,Full Funding,1-2 Years
ERASMUS-105,Erasmus Mundus Joint Master Redesigning the Post-Industrial City,Erasmus Mundus,International Students,Multiple Fields,International,Study,0,Erasmus Mundus Joint Master Redesigning the Post-Industrial City is an Erasmus Mundus Joint Master's programme.,Erasmus Mundus,Multiple European Countries,Varies by Programme,Full Scholarship Available,Masters,1-2 Years,https://www.unic.eu/en/repic#all,Europe,Annual,Scholarship,1,Masters,Study,95,High,0,92,Masters,https://www.unic.eu/en/repic#all,Full Funding,1-2 Years
ERASMUS-106,RE_PLAY: EUROPEAN JOINT MASTERS IN GAMES,Erasmus Mundus,International Students,Multiple Fields,International,Study,0,RE_PLAY: EUROPEAN JOINT MASTERS IN GAMES is an Erasmus Mundus Joint Master's programme.,Erasmus Mundus,Multiple European Countries,Varies by Programme,Full Scholarship Available,Masters,1-2 Years,https://www.replaymasters.eu/,Europe,Annual,Scholarship,1,Masters,Study,95,High,0,92,Masters,https://www.replaymasters.eu/,Full Funding,1-2 Years
ERASMUS-107,Joint Master's in Nanomaterials for Green and Digital Transitions,Erasmus Mundus,International Students,Multiple Fields,International,Study,0,Joint Master's in Nanomaterials for Green and Digital Transitions is an Erasmus Mundus Joint Master's programme.,Erasmus Mundus,Multiple European Countries,Varies by Programme,Full Scholarship Available,Masters,1-2 Years,https://www.greenanomaster.eu/,Europe,Annual,Scholarship,1,Masters,Study,95,High,0,92,Masters,https://www.greenanomaster.eu/,Full Funding,1-2 Years
ERASMUS-108,Erasmus Mundus Joint Master Degree on Public Health in Disaster,Erasmus Mundus,International Students,Multiple Fields,International,Study,0,Erasmus Mundus Joint Master Degree on Public Health in Disaster is an Erasmus Mundus Joint Master's programme.,Erasmus Mundus,Multiple European Countries,Varies by Programme,Full Scholarship Available,Masters,1-2 Years,https://masterpublichealthdisasters.eu/,Europe,Annual,Scholarship,1,Masters,Study,95,High,0,92,Masters,https://masterpublichealthdisasters.eu/,Full Funding,1-2 Years
ERASMUS-109,International Master in Advanced Design of Sustainable Ships and Offshore Structures,Erasmus Mundus,International Students,Multiple Fields,International,Study,0,International Master in Advanced Design of Sustainable Ships and Offshore Structures is an Erasmus Mundus Joint Master's programme.,Erasmus Mundus,Multiple European Countries,Varies by Programme,Full Scholarship Available,Masters,1-2 Years,http://www.EMship.eu,Europe,Annual,Scholarship,1,Masters,Study,95,High,0,92,Masters,http://www.EMship.eu,Full Funding,1-2 Years
ERASMUS-110,EUROPHOTONICS,Erasmus Mundus,International Students,Multiple Fields,International,Study,0,EUROPHOTONICS is an Erasmus Mundus Joint Master's programme.,Erasmus Mundus,Multiple European Countries,Varies by Programme,Full Scholarship Available,Masters,1-2 Years,http://www.europhotonics.org/wordpress/,Europe,Annual,Scholarship,1,Masters,Study,95,High,0,92,Masters,http://www.europhotonics.org/wordpress/,Full Funding,1-2 Years
ERASMUS-111,Sustainable Information Technologies for Societies Joint Masters,Erasmus Mundus,International Students,Multiple Fields,International,Study,0,Sustainable Information Technologies for Societies Joint Masters is an Erasmus Mundus Joint Master's programme.,Erasmus Mundus,Multiple European Countries,Varies by Programme,Full Scholarship Available,Masters,1-2 Years,https://aissprogram.eu/,Europe,Annual,Scholarship,1,Masters,Study,95,High,0,92,Masters,https://aissprogram.eu/,Full Funding,1-2 Years
ERASMUS-112,Sustainable Forest and Nature Management,Erasmus Mundus,International Students,Multiple Fields,International,Study,0,Sustainable Forest and Nature Management is an Erasmus Mundus Joint Master's programme.,Erasmus Mundus,Multiple European Countries,Varies by Programme,Full Scholarship Available,Masters,1-2 Years,https://em-sufonama.eu,Europe,Annual,Scholarship,1,Masters,Study,95,High,0,92,Masters,https://em-sufonama.eu,Full Funding,1-2 Years
ERASMUS-113,International Master in Soils and Global Change,Erasmus Mundus,International Students,Multiple Fields,International,Study,0,International Master in Soils and Global Change is an Erasmus Mundus Joint Master's programme.,Erasmus Mundus,Multiple European Countries,Varies by Programme,Full Scholarship Available,Masters,1-2 Years,https://imsoglo.eu/,Europe,Annual,Scholarship,1,Masters,Study,95,High,0,92,Masters,https://imsoglo.eu/,Full Funding,1-2 Years
ERASMUS-114,Flood Risk Management,Erasmus Mundus,International Students,Multiple Fields,International,Study,0,Flood Risk Management is an Erasmus Mundus Joint Master's programme.,Erasmus Mundus,Multiple European Countries,Varies by Programme,Full Scholarship Available,Masters,1-2 Years,https://www.floodriskmaster.org/,Europe,Annual,Scholarship,1,Masters,Study,95,High,0,92,Masters,https://www.floodriskmaster.org/,Full Funding,1-2 Years
ERASMUS-115,European Master in Sustainable Systems Engineering,Erasmus Mundus,International Students,Multiple Fields,International,Study,0,European Master in Sustainable Systems Engineering is an Erasmus Mundus Joint Master's programme.,Erasmus Mundus,Multiple European Countries,Varies by Programme,Full Scholarship Available,Masters,1-2 Years,https://www.emsse.eu,Europe,Annual,Scholarship,1,Masters,Study,95,High,0,92,Masters,https://www.emsse.eu,Full Funding,1-2 Years
ERASMUS-116,European Master on Embedded Intelligence Nanosystems Engineering – from Nanoscale Technologies to Ubiquitous Smart Sensors,Erasmus Mundus,International Students,Multiple Fields,International,Study,0,European Master on Embedded Intelligence Nanosystems Engineering – from Nanoscale Technologies to Ubiquitous Smart Sensors is an Erasmus Mundus Joint Master's programme.,Erasmus Mundus,Multiple European Countries,Varies by Programme,Full Scholarship Available,Masters,1-2 Years,http://eminent-master.eu/,Europe,Annual,Scholarship,1,Masters,Study,95,High,0,92,Masters,http://eminent-master.eu/,Full Funding,1-2 Years
ERASMUS-117,Copernicus Master in Digital Earth,Erasmus Mundus,International Students,Multiple Fields,International,Study,0,Copernicus Master in Digital Earth is an Erasmus Mundus Joint Master's programme.,Erasmus Mundus,Multiple European Countries,Varies by Programme,Full Scholarship Available,Masters,1-2 Years,https://master-cde.eu/,Europe,Annual,Scholarship,1,Masters,Study,95,High,0,92,Masters,https://master-cde.eu/,Full Funding,1-2 Years
ERASMUS-118,International Master on Wine Tourism Transitions and Innovations,Erasmus Mundus,International Students,Multiple Fields,International,Study,0,International Master on Wine Tourism Transitions and Innovations is an Erasmus Mundus Joint Master's programme.,Erasmus Mundus,Multiple European Countries,Varies by Programme,Full Scholarship Available,Masters,1-2 Years,http://www.wintour-master.eu/en/,Europe,Annual,Scholarship,1,Masters,Study,95,High,0,92,Masters,http://www.wintour-master.eu/en/,Full Funding,1-2 Years
ERASMUS-119,Manufacturing 4.0 by intElligent and susTAinable technologies - META 4.0,Erasmus Mundus,International Students,Multiple Fields,International,Study,0,Manufacturing 4.0 by intElligent and susTAinable technologies - META 4.0 is an Erasmus Mundus Joint Master's programme.,Erasmus Mundus,Multiple European Countries,Varies by Programme,Full Scholarship Available,Masters,1-2 Years,https://www.master-meta4-0.eu,Europe,Annual,Scholarship,1,Masters,Study,95,High,0,92,Masters,https://www.master-meta4-0.eu,Full Funding,1-2 Years
ERASMUS-120,Human Diseases Models Morphological Phenotyping,Erasmus Mundus,International Students,Multiple Fields,International,Study,0,Human Diseases Models Morphological Phenotyping is an Erasmus Mundus Joint Master's programme.,Erasmus Mundus,Multiple European Countries,Varies by Programme,Full Scholarship Available,Masters,1-2 Years,https://morphophen.eu/,Europe,Annual,Scholarship,1,Masters,Study,95,High,0,92,Masters,https://morphophen.eu/,Full Funding,1-2 Years
ERASMUS-121,Erasmus Mundus Master in Biomedical Engineering,Erasmus Mundus,International Students,Multiple Fields,International,Study,0,Erasmus Mundus Master in Biomedical Engineering is an Erasmus Mundus Joint Master's programme.,Erasmus Mundus,Multiple European Countries,Varies by Programme,Full Scholarship Available,Masters,1-2 Years,http://www.emmbiome.eu/,Europe,Annual,Scholarship,1,Masters,Study,95,High,0,92,Masters,http://www.emmbiome.eu/,Full Funding,1-2 Years
ERASMUS-122,Euro-Asian Joint Master Programme in Medical Technology and Healthcare Business,Erasmus Mundus,International Students,Multiple Fields,International,Study,0,Euro-Asian Joint Master Programme in Medical Technology and Healthcare Business is an Erasmus Mundus Joint Master's programme.,Erasmus Mundus,Multiple European Countries,Varies by Programme,Full Scholarship Available,Masters,1-2 Years,https://master-emmah.eu,Europe,Annual,Scholarship,1,Masters,Study,95,High,0,92,Masters,https://master-emmah.eu,Full Funding,1-2 Years
ERASMUS-123,Hydrogen Systems and Enabling Technologies,Erasmus Mundus,International Students,Multiple Fields,International,Study,0,Hydrogen Systems and Enabling Technologies is an Erasmus Mundus Joint Master's programme.,Erasmus Mundus,Multiple European Countries,Varies by Programme,Full Scholarship Available,Masters,1-2 Years,https://www.hysetmaster.polito.it/,Europe,Annual,Scholarship,1,Masters,Study,95,High,0,92,Masters,https://www.hysetmaster.polito.it/,Full Funding,1-2 Years
ERASMUS-124,Master of Science (MSc) in Global Environment and Development,Erasmus Mundus,International Students,Multiple Fields,International,Study,0,Master of Science (MSc) in Global Environment and Development is an Erasmus Mundus Joint Master's programme.,Erasmus Mundus,Multiple European Countries,Varies by Programme,Full Scholarship Available,Masters,1-2 Years,https://merged.info/,Europe,Annual,Scholarship,1,Masters,Study,95,High,0,92,Masters,https://merged.info/,Full Funding,1-2 Years
ERASMUS-125,Erasmus Mundus Joint Master In Artificial Intelligence,Erasmus Mundus,International Students,Multiple Fields,International,Study,0,Erasmus Mundus Joint Master In Artificial Intelligence is an Erasmus Mundus Joint Master's programme.,Erasmus Mundus,Multiple European Countries,Varies by Programme,Full Scholarship Available,Masters,1-2 Years,https://emai-master.eu,Europe,Annual,Scholarship,1,Masters,Study,95,High,0,92,Masters,https://emai-master.eu,Full Funding,1-2 Years
ERASMUS-126,"EMJM AQUACULTURE, ENVIRONMENT AND SOCIETY – STAR",Erasmus Mundus,International Students,Multiple Fields,International,Study,0,"EMJM AQUACULTURE, ENVIRONMENT AND SOCIETY – STAR is an Erasmus Mundus Joint Master's programme.",Erasmus Mundus,Multiple European Countries,Varies by Programme,Full Scholarship Available,Masters,1-2 Years,https://www.emm-aces.org/,Europe,Annual,Scholarship,1,Masters,Study,95,High,0,92,Masters,https://www.emm-aces.org/,Full Funding,1-2 Years
ERASMUS-127,International Master of Advanced Methods in Particle Physics,Erasmus Mundus,International Students,Multiple Fields,International,Study,0,International Master of Advanced Methods in Particle Physics is an Erasmus Mundus Joint Master's programme.,Erasmus Mundus,Multiple European Countries,Varies by Programme,Full Scholarship Available,Masters,1-2 Years,https://imapp.eu/,Europe,Annual,Scholarship,1,Masters,Study,95,High,0,92,Masters,https://imapp.eu/,Full Funding,1-2 Years
ERASMUS-128,Master in Materials Science powEred by Large-Scale Facilities,Erasmus Mundus,International Students,Multiple Fields,International,Study,0,Master in Materials Science powEred by Large-Scale Facilities is an Erasmus Mundus Joint Master's programme.,Erasmus Mundus,Multiple European Countries,Varies by Programme,Full Scholarship Available,Masters,1-2 Years,https://www.mamaself.eu/,Europe,Annual,Scholarship,1,Masters,Study,95,High,0,92,Masters,https://www.mamaself.eu/,Full Funding,1-2 Years
ERASMUS-129,Architectural and Urban Contemporary Heritage,Erasmus Mundus,International Students,Multiple Fields,International,Study,0,Architectural and Urban Contemporary Heritage is an Erasmus Mundus Joint Master's programme.,Erasmus Mundus,Multiple European Countries,Varies by Programme,Full Scholarship Available,Masters,1-2 Years,https://www.arurcohe.com/,Europe,Annual,Scholarship,1,Masters,Study,95,High,0,92,Masters,https://www.arurcohe.com/,Full Funding,1-2 Years
ERASMUS-130,"Masters degree in Environmental Sciences, Policy and Management",Erasmus Mundus,International Students,Multiple Fields,International,Study,0,"Masters degree in Environmental Sciences, Policy and Management is an Erasmus Mundus Joint Master's programme.",Erasmus Mundus,Multiple European Countries,Varies by Programme,Full Scholarship Available,Masters,1-2 Years,https://mespom.eu/,Europe,Annual,Scholarship,1,Masters,Study,95,High,0,92,Masters,https://mespom.eu/,Full Funding,1-2 Years
ERASMUS-131,Master in Membrane Engineering for Sustainable Development,Erasmus Mundus,International Students,Multiple Fields,International,Study,0,Master in Membrane Engineering for Sustainable Development is an Erasmus Mundus Joint Master's programme.,Erasmus Mundus,Multiple European Countries,Varies by Programme,Full Scholarship Available,Masters,1-2 Years,https://mesd.edu.umontpellier.fr/,Europe,Annual,Scholarship,1,Masters,Study,95,High,0,92,Masters,https://mesd.edu.umontpellier.fr/,Full Funding,1-2 Years
ERASMUS-132,EMJM in Global Forestry,Erasmus Mundus,International Students,Multiple Fields,International,Study,0,EMJM in Global Forestry is an Erasmus Mundus Joint Master's programme.,Erasmus Mundus,Multiple European Countries,Varies by Programme,Full Scholarship Available,Masters,1-2 Years,https://globalforestry.eu/,Europe,Annual,Scholarship,1,Masters,Study,95,High,0,92,Masters,https://globalforestry.eu/,Full Funding,1-2 Years
ERASMUS-133,Joint Master Programme in Resilience in Educational Contexts,Erasmus Mundus,International Students,Multiple Fields,International,Study,0,Joint Master Programme in Resilience in Educational Contexts is an Erasmus Mundus Joint Master's programme.,Erasmus Mundus,Multiple European Countries,Varies by Programme,Full Scholarship Available,Masters,1-2 Years,http://flourishproject.mt/,Europe,Annual,Scholarship,1,Masters,Study,95,High,0,92,Masters,http://flourishproject.mt/,Full Funding,1-2 Years
ERASMUS-134,Erasmus Mundus Joint Master on “Climate Change and Diversity: Sustainable Territorial Development”,Erasmus Mundus,International Students,Multiple Fields,International,Study,0,Erasmus Mundus Joint Master on “Climate Change and Diversity: Sustainable Territorial Development” is an Erasmus Mundus Joint Master's programme.,Erasmus Mundus,Multiple European Countries,Varies by Programme,Full Scholarship Available,Masters,1-2 Years,https://ccd-stede.eu/,Europe,Annual,Scholarship,1,Masters,Study,95,High,0,92,Masters,https://ccd-stede.eu/,Full Funding,1-2 Years
ERASMUS-135,ERASMUS MUNDUS JOINT MASTER in ARCHAEOLOGICAl MATERIALS SCIENCE,Erasmus Mundus,International Students,Multiple Fields,International,Study,0,ERASMUS MUNDUS JOINT MASTER in ARCHAEOLOGICAl MATERIALS SCIENCE is an Erasmus Mundus Joint Master's programme.,Erasmus Mundus,Multiple European Countries,Varies by Programme,Full Scholarship Available,Masters,1-2 Years,http://www.erasmusmundus-archmat.eu/,Europe,Annual,Scholarship,1,Masters,Study,95,High,0,92,Masters,http://www.erasmusmundus-archmat.eu/,Full Funding,1-2 Years
ERASMUS-136,Master of Applied Cybersecurity,Erasmus Mundus,International Students,Multiple Fields,International,Study,0,Master of Applied Cybersecurity is an Erasmus Mundus Joint Master's programme.,Erasmus Mundus,Multiple European Countries,Varies by Programme,Full Scholarship Available,Masters,1-2 Years,http://cybermacs.eu/,Europe,Annual,Scholarship,1,Masters,Study,95,High,0,92,Masters,http://cybermacs.eu/,Full Funding,1-2 Years
ERASMUS-137,European Master in Law and Economics,Erasmus Mundus,International Students,Multiple Fields,International,Study,0,European Master in Law and Economics is an Erasmus Mundus Joint Master's programme.,Erasmus Mundus,Multiple European Countries,Varies by Programme,Full Scholarship Available,Masters,1-2 Years,http://www.emle.org/,Europe,Annual,Scholarship,1,Masters,Study,95,High,0,92,Masters,http://www.emle.org/,Full Funding,1-2 Years
ERASMUS-138,Functional Advanced Materials Engineering with Artificial Intelligence for Sustainability,Erasmus Mundus,International Students,Multiple Fields,International,Study,0,Functional Advanced Materials Engineering with Artificial Intelligence for Sustainability is an Erasmus Mundus Joint Master's programme.,Erasmus Mundus,Multiple European Countries,Varies by Programme,Full Scholarship Available,Masters,1-2 Years,https://www.fame-master.eu/,Europe,Annual,Scholarship,1,Masters,Study,95,High,0,92,Masters,https://www.fame-master.eu/,Full Funding,1-2 Years
ERASMUS-139,"Global MINDS European Master in the Psychology of Global Mobility, Inclusion and Diversity in Society",Erasmus Mundus,International Students,Multiple Fields,International,Study,0,"Global MINDS European Master in the Psychology of Global Mobility, Inclusion and Diversity in Society is an Erasmus Mundus Joint Master's programme.",Erasmus Mundus,Multiple European Countries,Varies by Programme,Full Scholarship Available,Masters,1-2 Years,https://global-minds.eu,Europe,Annual,Scholarship,1,Masters,Study,95,High,0,92,Masters,https://global-minds.eu,Full Funding,1-2 Years
ERASMUS-140,Public Sector Innovation and eGovernance,Erasmus Mundus,International Students,Multiple Fields,International,Study,0,Public Sector Innovation and eGovernance is an Erasmus Mundus Joint Master's programme.,Erasmus Mundus,Multiple European Countries,Varies by Programme,Full Scholarship Available,Masters,1-2 Years,https://pioneer-master.eu/,Europe,Annual,Scholarship,1,Masters,Study,95,High,0,92,Masters,https://pioneer-master.eu/,Full Funding,1-2 Years
ERASMUS-141,International Master in Technology and Management for Circular Economy,Erasmus Mundus,International Students,Multiple Fields,International,Study,0,International Master in Technology and Management for Circular Economy is an Erasmus Mundus Joint Master's programme.,Erasmus Mundus,Multiple European Countries,Varies by Programme,Full Scholarship Available,Masters,1-2 Years,https://imatec-mundus.eu/,Europe,Annual,Scholarship,1,Masters,Study,95,High,0,92,Masters,https://imatec-mundus.eu/,Full Funding,1-2 Years
ERASMUS-142,Joint Master's Degree Programme in Service Design Strategies and Innovations,Erasmus Mundus,International Students,Multiple Fields,International,Study,0,Joint Master's Degree Programme in Service Design Strategies and Innovations is an Erasmus Mundus Joint Master's programme.,Erasmus Mundus,Multiple European Countries,Varies by Programme,Full Scholarship Available,Masters,1-2 Years,https://www.sdsi.ma/,Europe,Annual,Scholarship,1,Masters,Study,95,High,0,92,Masters,https://www.sdsi.ma/,Full Funding,1-2 Years
ERASMUS-143,Education in Museums and Heritage,Erasmus Mundus,International Students,Multiple Fields,International,Study,0,Education in Museums and Heritage is an Erasmus Mundus Joint Master's programme.,Erasmus Mundus,Multiple European Countries,Varies by Programme,Full Scholarship Available,Masters,1-2 Years,https://www.gla.ac.uk/postgraduate/erasmusmundus/edumah/,Europe,Annual,Scholarship,1,Masters,Study,95,High,0,92,Masters,https://www.gla.ac.uk/postgraduate/erasmusmundus/edumah/,Full Funding,1-2 Years
ERASMUS-144,International Master in Brain and Data Science,Erasmus Mundus,International Students,Multiple Fields,International,Study,0,International Master in Brain and Data Science is an Erasmus Mundus Joint Master's programme.,Erasmus Mundus,Multiple European Countries,Varies by Programme,Full Scholarship Available,Masters,1-2 Years,https://www.neurodata-master.org/,Europe,Annual,Scholarship,1,Masters,Study,95,High,0,92,Masters,https://www.neurodata-master.org/,Full Funding,1-2 Years
ERASMUS-145,Religious Diversity in a Globalised World,Erasmus Mundus,International Students,Multiple Fields,International,Study,0,Religious Diversity in a Globalised World is an Erasmus Mundus Joint Master's programme.,Erasmus Mundus,Multiple European Countries,Varies by Programme,Full Scholarship Available,Masters,1-2 Years,https://www.red-global.eu/,Europe,Annual,Scholarship,1,Masters,Study,95,High,0,92,Masters,https://www.red-global.eu/,Full Funding,1-2 Years
ERASMUS-146,International Master of Science in Fire Safety Engineering,Erasmus Mundus,International Students,Multiple Fields,International,Study,0,International Master of Science in Fire Safety Engineering is an Erasmus Mundus Joint Master's programme.,Erasmus Mundus,Multiple European Countries,Varies by Programme,Full Scholarship Available,Masters,1-2 Years,https://imfse.be/,Europe,Annual,Scholarship,1,Masters,Study,95,High,0,92,Masters,https://imfse.be/,Full Funding,1-2 Years
ERASMUS-147,Erasmus Mundus Joint Master in Planetary Geosciences,Erasmus Mundus,International Students,Multiple Fields,International,Study,0,Erasmus Mundus Joint Master in Planetary Geosciences is an Erasmus Mundus Joint Master's programme.,Erasmus Mundus,Multiple European Countries,Varies by Programme,Full Scholarship Available,Masters,1-2 Years,https://geoplanet-impg.eu,Europe,Annual,Scholarship,1,Masters,Study,95,High,0,92,Masters,https://geoplanet-impg.eu,Full Funding,1-2 Years
ERASMUS-148,Managing Art and Cultural Heritage in Global Markets,Erasmus Mundus,International Students,Multiple Fields,International,Study,0,Managing Art and Cultural Heritage in Global Markets is an Erasmus Mundus Joint Master's programme.,Erasmus Mundus,Multiple European Countries,Varies by Programme,Full Scholarship Available,Masters,1-2 Years,https://www.magma-erasmusmundus.eu/,Europe,Annual,Scholarship,1,Masters,Study,95,High,0,92,Masters,https://www.magma-erasmusmundus.eu/,Full Funding,1-2 Years
ERASMUS-149,Governance & Administration of Leisure and Sports International Master,Erasmus Mundus,International Students,Multiple Fields,International,Study,0,Governance & Administration of Leisure and Sports International Master is an Erasmus Mundus Joint Master's programme.,Erasmus Mundus,Multiple European Countries,Varies by Programme,Full Scholarship Available,Masters,1-2 Years,http://www.master-goals.eu/,Europe,Annual,Scholarship,1,Masters,Study,95,High,0,92,Masters,http://www.master-goals.eu/,Full Funding,1-2 Years
ERASMUS-150,"Coastal Hazards – Risks, Climate Change Impacts and Adaptation",Erasmus Mundus,International Students,Multiple Fields,International,Study,0,"Coastal Hazards – Risks, Climate Change Impacts and Adaptation is an Erasmus Mundus Joint Master's programme.",Erasmus Mundus,Multiple European Countries,Varies by Programme,Full Scholarship Available,Masters,1-2 Years,https://www.coasthazar.eu,Europe,Annual,Scholarship,1,Masters,Study,95,High,0,92,Masters,https://www.coasthazar.eu,Full Funding,1-2 Years
ERASMUS-151,Master of Science in Coastal and Marine Engineering and Management,Erasmus Mundus,International Students,Multiple Fields,International,Study,0,Master of Science in Coastal and Marine Engineering and Management is an Erasmus Mundus Joint Master's programme.,Erasmus Mundus,Multiple European Countries,Varies by Programme,Full Scholarship Available,Masters,1-2 Years,https://www.ntnu.edu/studies/mscomem,Europe,Annual,Scholarship,1,Masters,Study,95,High,0,92,Masters,https://www.ntnu.edu/studies/mscomem,Full Funding,1-2 Years
ERASMUS-152,Cartography - Mapping for a sustainable world,Erasmus Mundus,International Students,Multiple Fields,International,Study,0,Cartography - Mapping for a sustainable world is an Erasmus Mundus Joint Master's programme.,Erasmus Mundus,Multiple European Countries,Varies by Programme,Full Scholarship Available,Masters,1-2 Years,https://cartographymaster.eu/,Europe,Annual,Scholarship,1,Masters,Study,95,High,0,92,Masters,https://cartographymaster.eu/,Full Funding,1-2 Years
ERASMUS-153,Erasmus Mundus Joint Master in Sustainable Mineral and Metal Processing Engineering,Erasmus Mundus,International Students,Multiple Fields,International,Study,0,Erasmus Mundus Joint Master in Sustainable Mineral and Metal Processing Engineering is an Erasmus Mundus Joint Master's programme.,Erasmus Mundus,Multiple European Countries,Varies by Programme,Full Scholarship Available,Masters,1-2 Years,https://www.master-promise.eu/,Europe,Annual,Scholarship,1,Masters,Study,95,High,0,92,Masters,https://www.master-promise.eu/,Full Funding,1-2 Years
ERASMUS-154,"Techniques, Patrimoine, Territoires de l'Industrie : Histoire, Valorisation, Didactique",Erasmus Mundus,International Students,Multiple Fields,International,Study,0,"Techniques, Patrimoine, Territoires de l'Industrie : Histoire, Valorisation, Didactique is an Erasmus Mundus Joint Master's programme.",Erasmus Mundus,Multiple European Countries,Varies by Programme,Full Scholarship Available,Masters,1-2 Years,https://www.tpti.eu/en/,Europe,Annual,Scholarship,1,Masters,Study,95,High,0,92,Masters,https://www.tpti.eu/en/,Full Funding,1-2 Years
ERASMUS-155,"European Master in Law, Data and Artificial Intelligence",Erasmus Mundus,International Students,Multiple Fields,International,Study,0,"European Master in Law, Data and Artificial Intelligence is an Erasmus Mundus Joint Master's programme.",Erasmus Mundus,Multiple European Countries,Varies by Programme,Full Scholarship Available,Masters,1-2 Years,https://emildai.eu,Europe,Annual,Scholarship,1,Masters,Study,95,High,0,92,Masters,https://emildai.eu,Full Funding,1-2 Years
ERASMUS-156,Islands and Sustainability,Erasmus Mundus,International Students,Multiple Fields,International,Study,0,Islands and Sustainability is an Erasmus Mundus Joint Master's programme.,Erasmus Mundus,Multiple European Countries,Varies by Programme,Full Scholarship Available,Masters,1-2 Years,https://islandsmaster.eu/,Europe,Annual,Scholarship,1,Masters,Study,95,High,0,92,Masters,https://islandsmaster.eu/,Full Funding,1-2 Years
ERASMUS-157,Quantum Technologies and Engineering Erasmus Mundus Master,Erasmus Mundus,International Students,Multiple Fields,International,Study,0,Quantum Technologies and Engineering Erasmus Mundus Master is an Erasmus Mundus Joint Master's programme.,Erasmus Mundus,Multiple European Countries,Varies by Programme,Full Scholarship Available,Masters,1-2 Years,http://www.quanteem.eu,Europe,Annual,Scholarship,1,Masters,Study,95,High,0,92,Masters,http://www.quanteem.eu,Full Funding,1-2 Years
ERASMUS-158,Sustainable Biomass and Bioproducts Engineering,Erasmus Mundus,International Students,Multiple Fields,International,Study,0,Sustainable Biomass and Bioproducts Engineering is an Erasmus Mundus Joint Master's programme.,Erasmus Mundus,Multiple European Countries,Varies by Programme,Full Scholarship Available,Masters,1-2 Years,https://emjm-sbbe.eu,Europe,Annual,Scholarship,1,Masters,Study,95,High,0,92,Masters,https://emjm-sbbe.eu,Full Funding,1-2 Years
ERASMUS-159,"Sustainability in Agriculture, Food Production and Food Technology in the Danube Region - Danube AgriFood Master",Erasmus Mundus,International Students,Multiple Fields,International,Study,0,"Sustainability in Agriculture, Food Production and Food Technology in the Danube Region - Danube AgriFood Master is an Erasmus Mundus Joint Master's programme.",Erasmus Mundus,Multiple European Countries,Varies by Programme,Full Scholarship Available,Masters,1-2 Years,http://www.agrifoodmaster.eu/,Europe,Annual,Scholarship,1,Masters,Study,95,High,0,92,Masters,http://www.agrifoodmaster.eu/,Full Funding,1-2 Years
ERASMUS-160,EU-CONEXUS Joint Master Programme in Marine Biotechnology,Erasmus Mundus,International Students,Multiple Fields,International,Study,0,EU-CONEXUS Joint Master Programme in Marine Biotechnology is an Erasmus Mundus Joint Master's programme.,Erasmus Mundus,Multiple European Countries,Varies by Programme,Full Scholarship Available,Masters,1-2 Years,https://www.eu-conexus.eu/en/marine-biotechnology/,Europe,Annual,Scholarship,1,Masters,Study,95,High,0,92,Masters,https://www.eu-conexus.eu/en/marine-biotechnology/,Full Funding,1-2 Years
ERASMUS-161,ChEMoinformaticsplus - Artificial Intelligence in Chemistry,Erasmus Mundus,International Students,Multiple Fields,International,Study,0,ChEMoinformaticsplus - Artificial Intelligence in Chemistry is an Erasmus Mundus Joint Master's programme.,Erasmus Mundus,Multiple European Countries,Varies by Programme,Full Scholarship Available,Masters,1-2 Years,https://masterchemoinfo.u-strasbg.fr/,Europe,Annual,Scholarship,1,Masters,Study,95,High,0,92,Masters,https://masterchemoinfo.u-strasbg.fr/,Full Funding,1-2 Years
ERASMUS-162,Transnational German Studies Erasmus Mundus Joint Master,Erasmus Mundus,International Students,Multiple Fields,International,Study,0,Transnational German Studies Erasmus Mundus Joint Master is an Erasmus Mundus Joint Master's programme.,Erasmus Mundus,Multiple European Countries,Varies by Programme,Full Scholarship Available,Masters,1-2 Years,https://transnationalgermanstudies.eu/en/programme/,Europe,Annual,Scholarship,1,Masters,Study,95,High,0,92,Masters,https://transnationalgermanstudies.eu/en/programme/,Full Funding,1-2 Years
ERASMUS-163,QUAntum Research Master-level Education Network,Erasmus Mundus,International Students,Multiple Fields,International,Study,0,QUAntum Research Master-level Education Network is an Erasmus Mundus Joint Master's programme.,Erasmus Mundus,Multiple European Countries,Varies by Programme,Full Scholarship Available,Masters,1-2 Years,http://www.master-quarmen.eu/,Europe,Annual,Scholarship,1,Masters,Research,95,High,0,92,Masters,http://www.master-quarmen.eu/,Full Funding,1-2 Years
ERASMUS-164,"Master Degree in Sustainable Design, Construction and Management of the Built Environment",Erasmus Mundus,International Students,Multiple Fields,International,Study,0,"Master Degree in Sustainable Design, Construction and Management of the Built Environment is an Erasmus Mundus Joint Master's programme.",Erasmus Mundus,Multiple European Countries,Varies by Programme,Full Scholarship Available,Masters,1-2 Years,http://www.mbuild.eu/,Europe,Annual,Scholarship,1,Masters,Study,95,High,0,92,Masters,http://www.mbuild.eu/,Full Funding,1-2 Years
ERASMUS-165,Master in Astrophysics and Space Science,Erasmus Mundus,International Students,Multiple Fields,International,Study,0,Master in Astrophysics and Space Science is an Erasmus Mundus Joint Master's programme.,Erasmus Mundus,Multiple European Countries,Varies by Programme,Full Scholarship Available,Masters,1-2 Years,https://www.master-mass.eu/,Europe,Annual,Scholarship,1,Masters,Study,95,High,0,92,Masters,https://www.master-mass.eu/,Full Funding,1-2 Years
ERASMUS-166,Master Program in Advanced Materials Innovative Recycling AMIR EM,Erasmus Mundus,International Students,Multiple Fields,International,Study,0,Master Program in Advanced Materials Innovative Recycling AMIR EM is an Erasmus Mundus Joint Master's programme.,Erasmus Mundus,Multiple European Countries,Varies by Programme,Full Scholarship Available,Masters,1-2 Years,https://www.amir-em-master.com/,Europe,Annual,Scholarship,1,Masters,Study,95,High,0,92,Masters,https://www.amir-em-master.com/,Full Funding,1-2 Years
ERASMUS-167,European Master in Migration and Intercultural Relations,Erasmus Mundus,International Students,Multiple Fields,International,Study,0,European Master in Migration and Intercultural Relations is an Erasmus Mundus Joint Master's programme.,Erasmus Mundus,Multiple European Countries,Varies by Programme,Full Scholarship Available,Masters,1-2 Years,https://www.emmir.org/,Europe,Annual,Scholarship,1,Masters,Study,95,High,0,92,Masters,https://www.emmir.org/,Full Funding,1-2 Years
ERASMUS-168,International Master in Sustainable Drug Discovery,Erasmus Mundus,International Students,Multiple Fields,International,Study,0,International Master in Sustainable Drug Discovery is an Erasmus Mundus Joint Master's programme.,Erasmus Mundus,Multiple European Countries,Varies by Programme,Full Scholarship Available,Masters,1-2 Years,http://sustainabledrugdiscovery.eu,Europe,Annual,Scholarship,1,Masters,Study,95,High,0,92,Masters,http://sustainabledrugdiscovery.eu,Full Funding,1-2 Years
ERASMUS-169,Master of Science in Geospatial Technologies,Erasmus Mundus,International Students,Multiple Fields,International,Study,0,Master of Science in Geospatial Technologies is an Erasmus Mundus Joint Master's programme.,Erasmus Mundus,Multiple European Countries,Varies by Programme,Full Scholarship Available,Masters,1-2 Years,https://mastergeotech.info/,Europe,Annual,Scholarship,1,Masters,Study,95,High,0,92,Masters,https://mastergeotech.info/,Full Funding,1-2 Years
ERASMUS-170,Erasmus Mundus Joint Master in Cybersecurity,Erasmus Mundus,International Students,Multiple Fields,International,Study,0,Erasmus Mundus Joint Master in Cybersecurity is an Erasmus Mundus Joint Master's programme.,Erasmus Mundus,Multiple European Countries,Varies by Programme,Full Scholarship Available,Masters,1-2 Years,https://cyberus.univ-ubs.fr/en/index.html,Europe,Annual,Scholarship,1,Masters,Study,95,High,0,92,Masters,https://cyberus.univ-ubs.fr/en/index.html,Full Funding,1-2 Years
ERASMUS-171,European Master in Dynamics of Renewables-based Power Systems,Erasmus Mundus,International Students,Multiple Fields,International,Study,0,European Master in Dynamics of Renewables-based Power Systems is an Erasmus Mundus Joint Master's programme.,Erasmus Mundus,Multiple European Countries,Varies by Programme,Full Scholarship Available,Masters,1-2 Years,https://master-dream.ec-nantes.fr/,Europe,Annual,Scholarship,1,Masters,Study,95,High,0,92,Masters,https://master-dream.ec-nantes.fr/,Full Funding,1-2 Years
ERASMUS-172,Erasmus Mundus Master Impact Entrepreneurship,Erasmus Mundus,International Students,Multiple Fields,International,Study,0,Erasmus Mundus Master Impact Entrepreneurship is an Erasmus Mundus Joint Master's programme.,Erasmus Mundus,Multiple European Countries,Varies by Programme,Full Scholarship Available,Masters,1-2 Years,https://www.emmie.uliege.be/cms/c_7950389/en/emmie,Europe,Annual,Scholarship,1,Masters,Study,95,High,0,92,Masters,https://www.emmie.uliege.be/cms/c_7950389/en/emmie,Full Funding,1-2 Years
ERASMUS-173,International Masters in Environmental Technology and Engineering – Consolidation phase,Erasmus Mundus,International Students,Multiple Fields,International,Study,0,International Masters in Environmental Technology and Engineering – Consolidation phase is an Erasmus Mundus Joint Master's programme.,Erasmus Mundus,Multiple European Countries,Varies by Programme,Full Scholarship Available,Masters,1-2 Years,https://www.imete.eu/,Europe,Annual,Scholarship,1,Masters,Study,95,High,0,92,Masters,https://www.imete.eu/,Full Funding,1-2 Years
ERASMUS-174,European Master in Advanced Structural Analysis and Design using Composite Materials,Erasmus Mundus,International Students,Multiple Fields,International,Study,0,European Master in Advanced Structural Analysis and Design using Composite Materials is an Erasmus Mundus Joint Master's programme.,Erasmus Mundus,Multiple European Countries,Varies by Programme,Full Scholarship Available,Masters,1-2 Years,https://msc-frp.org/,Europe,Annual,Scholarship,1,Masters,Study,95,High,0,92,Masters,https://msc-frp.org/,Full Funding,1-2 Years
ERASMUS-175,"CYBER: Joint Master in CYberspace, Behavior and E-theRapy",Erasmus Mundus,International Students,Multiple Fields,International,Study,0,"CYBER: Joint Master in CYberspace, Behavior and E-theRapy is an Erasmus Mundus Joint Master's programme.",Erasmus Mundus,Multiple European Countries,Varies by Programme,Full Scholarship Available,Masters,1-2 Years,http://www.cyber-t.eu/,Europe,Annual,Scholarship,1,Masters,Study,95,High,0,92,Masters,http://www.cyber-t.eu/,Full Funding,1-2 Years
ERASMUS-176,Erasmus Mundus Joint Master Degree in Economics of Globalisation and European Integration,Erasmus Mundus,International Students,Multiple Fields,International,Study,0,Erasmus Mundus Joint Master Degree in Economics of Globalisation and European Integration is an Erasmus Mundus Joint Master's programme.,Erasmus Mundus,Multiple European Countries,Varies by Programme,Full Scholarship Available,Masters,1-2 Years,https://www.master-egei.eu/,Europe,Annual,Scholarship,1,Masters,Study,95,High,0,92,Masters,https://www.master-egei.eu/,Full Funding,1-2 Years
ERASMUS-177,Erasmus Mundus MSc in Chemical Innovation and Regulation,Erasmus Mundus,International Students,Multiple Fields,International,Study,0,Erasmus Mundus MSc in Chemical Innovation and Regulation is an Erasmus Mundus Joint Master's programme.,Erasmus Mundus,Multiple European Countries,Varies by Programme,Full Scholarship Available,Masters,1-2 Years,https://www.emmcchir.org/,Europe,Annual,Scholarship,1,Masters,Study,95,High,0,92,Masters,https://www.emmcchir.org/,Full Funding,1-2 Years
ERASMUS-178,European Master in Embedded Computing Systems,Erasmus Mundus,International Students,Multiple Fields,International,Study,0,European Master in Embedded Computing Systems is an Erasmus Mundus Joint Master's programme.,Erasmus Mundus,Multiple European Countries,Varies by Programme,Full Scholarship Available,Masters,1-2 Years,http://www.emecs.eu,Europe,Annual,Scholarship,1,Masters,Study,95,High,0,92,Masters,http://www.emecs.eu,Full Funding,1-2 Years
ERASMUS-179,"Master in Work, Organizational and Personnel Psychology",Erasmus Mundus,International Students,Multiple Fields,International,Study,0,"Master in Work, Organizational and Personnel Psychology is an Erasmus Mundus Joint Master's programme.",Erasmus Mundus,Multiple European Countries,Varies by Programme,Full Scholarship Available,Masters,1-2 Years,https://www.erasmuswop.org,Europe,Annual,Scholarship,1,Masters,Study,95,High,0,92,Masters,https://www.erasmuswop.org,Full Funding,1-2 Years
ERASMUS-180,International Master of Science in Health Mangement in Aquaculture,Erasmus Mundus,International Students,Multiple Fields,International,Study,0,International Master of Science in Health Mangement in Aquaculture is an Erasmus Mundus Joint Master's programme.,Erasmus Mundus,Multiple European Countries,Varies by Programme,Full Scholarship Available,Masters,1-2 Years,http://www.aquah.eu,Europe,Annual,Scholarship,1,Masters,Study,95,High,0,92,Masters,http://www.aquah.eu,Full Funding,1-2 Years
ERASMUS-181,International Master of Science in Marine Biological Resources,Erasmus Mundus,International Students,Multiple Fields,International,Study,0,International Master of Science in Marine Biological Resources is an Erasmus Mundus Joint Master's programme.,Erasmus Mundus,Multiple European Countries,Varies by Programme,Full Scholarship Available,Masters,1-2 Years,http://www.imbrsea.eu/,Europe,Annual,Scholarship,1,Masters,Study,95,High,0,92,Masters,http://www.imbrsea.eu/,Full Funding,1-2 Years
ERASMUS-182,International Master of Science in Rural Development,Erasmus Mundus,International Students,Multiple Fields,International,Study,0,International Master of Science in Rural Development is an Erasmus Mundus Joint Master's programme.,Erasmus Mundus,Multiple European Countries,Varies by Programme,Full Scholarship Available,Masters,1-2 Years,http://www.imrd.ugent.be/,Europe,Annual,Scholarship,1,Masters,Study,95,High,0,92,Masters,http://www.imrd.ugent.be/,Full Funding,1-2 Years
ERASMUS-183,Kino Eyes - The European Fiction Master,Erasmus Mundus,International Students,Multiple Fields,International,Study,0,Kino Eyes - The European Fiction Master is an Erasmus Mundus Joint Master's programme.,Erasmus Mundus,Multiple European Countries,Varies by Programme,Full Scholarship Available,Masters,1-2 Years,http://www.kinoeyes.eu/,Europe,Annual,Scholarship,1,Masters,Study,95,High,0,92,Masters,http://www.kinoeyes.eu/,Full Funding,1-2 Years
ERASMUS-184,Intelligent Field Robotic Systems,Erasmus Mundus,International Students,Multiple Fields,International,Study,0,Intelligent Field Robotic Systems is an Erasmus Mundus Joint Master's programme.,Erasmus Mundus,Multiple European Countries,Varies by Programme,Full Scholarship Available,Masters,1-2 Years,http://ifrosmaster.org/,Europe,Annual,Scholarship,1,Masters,Study,95,High,0,92,Masters,http://ifrosmaster.org/,Full Funding,1-2 Years
ERASMUS-185,Master in Applied Ecohydrology,Erasmus Mundus,International Students,Multiple Fields,International,Study,0,Master in Applied Ecohydrology is an Erasmus Mundus Joint Master's programme.,Erasmus Mundus,Multiple European Countries,Varies by Programme,Full Scholarship Available,Masters,1-2 Years,http://www.maeh-mundus.eu/,Europe,Annual,Scholarship,1,Masters,Study,95,High,0,92,Masters,http://www.maeh-mundus.eu/,Full Funding,1-2 Years
ERASMUS-186,Infectious Diseases and One Health,Erasmus Mundus,International Students,Multiple Fields,International,Study,0,Infectious Diseases and One Health is an Erasmus Mundus Joint Master's programme.,Erasmus Mundus,Multiple European Countries,Varies by Programme,Full Scholarship Available,Masters,1-2 Years,http://infectious-diseases-one-health.eu/,Europe,Annual,Scholarship,1,Masters,Study,95,High,0,92,Masters,http://infectious-diseases-one-health.eu/,Full Funding,1-2 Years
ERASMUS-187,European Joint Masters in Management and Engineering of Environment and Energy +,Erasmus Mundus,International Students,Multiple Fields,International,Study,0,European Joint Masters in Management and Engineering of Environment and Energy + is an Erasmus Mundus Joint Master's programme.,Erasmus Mundus,Multiple European Countries,Varies by Programme,Full Scholarship Available,Masters,1-2 Years,https://www.imt-atlantique.fr/en/study/msc/emjmd-me3plusqJaTLx94UxC2zIVi2A$,Europe,Annual,Scholarship,1,Masters,Study,95,High,0,92,Masters,https://www.imt-atlantique.fr/en/study/msc/emjmd-me3plusqJaTLx94UxC2zIVi2A$,Full Funding,1-2 Years
ERASMUS-188,Mediterranean Forestry and Natural Resources Management,Erasmus Mundus,International Students,Multiple Fields,International,Study,0,Mediterranean Forestry and Natural Resources Management is an Erasmus Mundus Joint Master's programme.,Erasmus Mundus,Multiple European Countries,Varies by Programme,Full Scholarship Available,Masters,1-2 Years,https://www.medfor.eu/,Europe,Annual,Scholarship,1,Masters,Study,95,High,0,92,Masters,https://www.medfor.eu/,Full Funding,1-2 Years
ERASMUS-189,European MSc in Marine EnviRonment 2030,Erasmus Mundus,International Students,Multiple Fields,International,Study,0,European MSc in Marine EnviRonment 2030 is an Erasmus Mundus Joint Master's programme.,Erasmus Mundus,Multiple European Countries,Varies by Programme,Full Scholarship Available,Masters,1-2 Years,http://merconsortium.eu/,Europe,Annual,Scholarship,1,Masters,Study,95,High,0,92,Masters,http://merconsortium.eu/,Full Funding,1-2 Years
ERASMUS-190,Marine and maritime Intelligent Robotics,Erasmus Mundus,International Students,Multiple Fields,International,Study,0,Marine and maritime Intelligent Robotics is an Erasmus Mundus Joint Master's programme.,Erasmus Mundus,Multiple European Countries,Varies by Programme,Full Scholarship Available,Masters,1-2 Years,http://www.master-mir.eu/,Europe,Annual,Scholarship,1,Masters,Study,95,High,0,92,Masters,http://www.master-mir.eu/,Full Funding,1-2 Years
ERASMUS-191,Erasmus Mundus Master’s Degree in Women’s and Gender Studies,Erasmus Mundus,International Students,Multiple Fields,International,Study,0,Erasmus Mundus Master’s Degree in Women’s and Gender Studies is an Erasmus Mundus Joint Master's programme.,Erasmus Mundus,Multiple European Countries,Varies by Programme,Full Scholarship Available,Masters,1-2 Years,https://gemmaerasmusmundus.eu/,Europe,Annual,Scholarship,1,Masters,Study,95,High,0,92,Masters,https://gemmaerasmusmundus.eu/,Full Funding,1-2 Years
ERASMUS-192,European Master of Science in Nuclear Fusion and Engineering Physics,Erasmus Mundus,International Students,Multiple Fields,International,Study,0,European Master of Science in Nuclear Fusion and Engineering Physics is an Erasmus Mundus Joint Master's programme.,Erasmus Mundus,Multiple European Countries,Varies by Programme,Full Scholarship Available,Masters,1-2 Years,http://www.em-master-fusion.org/,Europe,Annual,Scholarship,1,Masters,Study,95,High,0,92,Masters,http://www.em-master-fusion.org/,Full Funding,1-2 Years
ERASMUS-193,"European Master of Science in Sustainable Food Systems Engineering, Technology and Business",Erasmus Mundus,International Students,Multiple Fields,International,Study,0,"European Master of Science in Sustainable Food Systems Engineering, Technology and Business is an Erasmus Mundus Joint Master's programme.",Erasmus Mundus,Multiple European Countries,Varies by Programme,Full Scholarship Available,Masters,1-2 Years,https://iiw.kuleuven.be/english/food4s/,Europe,Annual,Scholarship,1,Masters,Study,95,High,0,92,Masters,https://iiw.kuleuven.be/english/food4s/,Full Funding,1-2 Years
ERASMUS-194,Erasmus Mundus Joint Master Degree in Food Innovation & Product Design,Erasmus Mundus,International Students,Multiple Fields,International,Study,0,Erasmus Mundus Joint Master Degree in Food Innovation & Product Design is an Erasmus Mundus Joint Master's programme.,Erasmus Mundus,Multiple European Countries,Varies by Programme,Full Scholarship Available,Masters,1-2 Years,http://www.fipdes.eu/,Europe,Annual,Scholarship,1,Masters,Study,95,High,0,92,Masters,http://www.fipdes.eu/,Full Funding,1-2 Years
ERASMUS-195,Master of Urban Climate and Sustainability1.5,Erasmus Mundus,International Students,Multiple Fields,International,Study,0,Master of Urban Climate and Sustainability1.5 is an Erasmus Mundus Joint Master's programme.,Erasmus Mundus,Multiple European Countries,Varies by Programme,Full Scholarship Available,Masters,1-2 Years,http://www.murcs.eu/,Europe,Annual,Scholarship,1,Masters,Study,95,High,0,92,Masters,http://www.murcs.eu/,Full Funding,1-2 Years
ERASMUS-196,Nanomedicine for Drug Delivery,Erasmus Mundus,International Students,Multiple Fields,International,Study,0,Nanomedicine for Drug Delivery is an Erasmus Mundus Joint Master's programme.,Erasmus Mundus,Multiple European Countries,Varies by Programme,Full Scholarship Available,Masters,1-2 Years,http://master-nanomed.eu/,Europe,Annual,Scholarship,1,Masters,Study,95,High,0,92,Masters,http://master-nanomed.eu/,Full Funding,1-2 Years
ERASMUS-197,"Euroculture: Society, Politics and Culture in a Global Context",Erasmus Mundus,International Students,Multiple Fields,International,Study,0,"Euroculture: Society, Politics and Culture in a Global Context is an Erasmus Mundus Joint Master's programme.",Erasmus Mundus,Multiple European Countries,Varies by Programme,Full Scholarship Available,Masters,1-2 Years,http://www.euroculturemaster.eu/,Europe,Annual,Scholarship,1,Masters,Study,95,High,0,92,Masters,http://www.euroculturemaster.eu/,Full Funding,1-2 Years
ERASMUS-198,European Joint Master in Social Work with Children and Youth,Erasmus Mundus,International Students,Multiple Fields,International,Study,0,European Joint Master in Social Work with Children and Youth is an Erasmus Mundus Joint Master's programme.,Erasmus Mundus,Multiple European Countries,Varies by Programme,Full Scholarship Available,Masters,1-2 Years,https://eswochy.eu/,Europe,Annual,Scholarship,1,Masters,Study,95,High,0,92,Masters,https://eswochy.eu/,Full Funding,1-2 Years
ERASMUS-199,Models and Methods of Quantitative Economics,Erasmus Mundus,International Students,Multiple Fields,International,Study,0,Models and Methods of Quantitative Economics is an Erasmus Mundus Joint Master's programme.,Erasmus Mundus,Multiple European Countries,Varies by Programme,Full Scholarship Available,Masters,1-2 Years,http://master-economics-qem.univ-paris1.fr/,Europe,Annual,Scholarship,1,Masters,Study,95,High,0,92,Masters,http://master-economics-qem.univ-paris1.fr/,Full Funding,1-2 Years
ERASMUS-200,Erasmus Mundus Master Program in Plant Breeding,Erasmus Mundus,International Students,Multiple Fields,International,Study,0,Erasmus Mundus Master Program in Plant Breeding is an Erasmus Mundus Joint Master's programme.,Erasmus Mundus,Multiple European Countries,Varies by Programme,Full Scholarship Available,Masters,1-2 Years,https://emplant-master.eu/,Europe,Annual,Scholarship,1,Masters,Study,95,High,0,92,Masters,https://emplant-master.eu/,Full Funding,1-2 Years
ERASMUS-201,Re:Anima - European Joint Masters in Animation,Erasmus Mundus,International Students,Multiple Fields,International,Study,0,Re:Anima - European Joint Masters in Animation is an Erasmus Mundus Joint Master's programme.,Erasmus Mundus,Multiple European Countries,Varies by Programme,Full Scholarship Available,Masters,1-2 Years,http://www.reanima.eu/,Europe,Annual,Scholarship,1,Masters,Study,95,High,0,92,Masters,http://www.reanima.eu/,Full Funding,1-2 Years
ERASMUS-202,Educating software engineers with a sustainability mindset to improve the well-being of people through software solutions,Erasmus Mundus,International Students,Multiple Fields,International,Study,0,Educating software engineers with a sustainability mindset to improve the well-being of people through software solutions is an Erasmus Mundus Joint Master's programme.,Erasmus Mundus,Multiple European Countries,Varies by Programme,Full Scholarship Available,Masters,1-2 Years,http://se4gd.eu/,Europe,Annual,Scholarship,1,Masters,Study,95,High,0,92,Masters,http://se4gd.eu/,Full Funding,1-2 Years
ERASMUS-203,Sustainable Ship and Shipping 4.0,Erasmus Mundus,International Students,Multiple Fields,International,Study,0,Sustainable Ship and Shipping 4.0 is an Erasmus Mundus Joint Master's programme.,Erasmus Mundus,Multiple European Countries,Varies by Programme,Full Scholarship Available,Masters,1-2 Years,http://www.master-seas40.unina.it/,Europe,Annual,Scholarship,1,Masters,Study,95,High,0,92,Masters,http://www.master-seas40.unina.it/,Full Funding,1-2 Years
ERASMUS-204,Master's programme in Security and Cloud Computing,Erasmus Mundus,International Students,Multiple Fields,International,Study,0,Master's programme in Security and Cloud Computing is an Erasmus Mundus Joint Master's programme.,Erasmus Mundus,Multiple European Countries,Varies by Programme,Full Scholarship Available,Masters,1-2 Years,https://secclo.eu/,Europe,Annual,Scholarship,1,Masters,Study,95,High,0,92,Masters,https://secclo.eu/,Full Funding,1-2 Years
ERASMUS-205,International Master of Science in Sustainable and Innovative Natural Resource Management,Erasmus Mundus,International Students,Multiple Fields,International,Study,0,International Master of Science in Sustainable and Innovative Natural Resource Management is an Erasmus Mundus Joint Master's programme.,Erasmus Mundus,Multiple European Countries,Varies by Programme,Full Scholarship Available,Masters,1-2 Years,https://sinrem.eu/,Europe,Annual,Scholarship,1,Masters,Study,95,High,0,92,Masters,https://sinrem.eu/,Full Funding,1-2 Years
ERASMUS-206,Joint International Master in Smart Systems Integrated Solutions,Erasmus Mundus,International Students,Multiple Fields,International,Study,0,Joint International Master in Smart Systems Integrated Solutions is an Erasmus Mundus Joint Master's programme.,Erasmus Mundus,Multiple European Countries,Varies by Programme,Full Scholarship Available,Masters,1-2 Years,https://ssi-master.eu/,Europe,Annual,Scholarship,1,Masters,Study,95,High,0,92,Masters,https://ssi-master.eu/,Full Funding,1-2 Years
ERASMUS-207,European Master in Advanced Solid Mechanics,Erasmus Mundus,International Students,Multiple Fields,International,Study,0,European Master in Advanced Solid Mechanics is an Erasmus Mundus Joint Master's programme.,Erasmus Mundus,Multiple European Countries,Varies by Programme,Full Scholarship Available,Masters,1-2 Years,https://master-strains.eu/,Europe,Annual,Scholarship,1,Masters,Study,95,High,0,92,Masters,https://master-strains.eu/,Full Funding,1-2 Years
ERASMUS-208,Erasmus Mundus Master Nanoscience and Nanotechnology,Erasmus Mundus,International Students,Multiple Fields,International,Study,0,Erasmus Mundus Master Nanoscience and Nanotechnology is an Erasmus Mundus Joint Master's programme.,Erasmus Mundus,Multiple European Countries,Varies by Programme,Full Scholarship Available,Masters,1-2 Years,https://ec.europa.eu/programmes/erasmus-plus/projects/eplus-project-details/#project/619804-EPP-1-2020-1-BE-EPPKA1-JMD-MOB,Europe,Annual,Scholarship,1,Masters,Study,95,High,0,92,Masters,https://ec.europa.eu/programmes/erasmus-plus/projects/eplus-project-details/#project/619804-EPP-1-2020-1-BE-EPPKA1-JMD-MOB,Full Funding,1-2 Years
ERASMUS-209,"Transition, Innovation and Sustainability Environments",Erasmus Mundus,International Students,Multiple Fields,International,Study,0,"Transition, Innovation and Sustainability Environments is an Erasmus Mundus Joint Master's programme.",Erasmus Mundus,Multiple European Countries,Varies by Programme,Full Scholarship Available,Masters,1-2 Years,https://www.tise-master.eu/,Europe,Annual,Scholarship,1,Masters,Study,95,High,0,92,Masters,https://www.tise-master.eu/,Full Funding,1-2 Years
ERASMUS-210,Erasmus Mundus Human Rights Policy and Practice,Erasmus Mundus,International Students,Multiple Fields,International,Study,0,Erasmus Mundus Human Rights Policy and Practice is an Erasmus Mundus Joint Master's programme.,Erasmus Mundus,Multiple European Countries,Varies by Programme,Full Scholarship Available,Masters,1-2 Years,http://www.emhrpp.com/,Europe,Annual,Scholarship,1,Masters,Study,95,High,0,92,Masters,http://www.emhrpp.com/,Full Funding,1-2 Years
ERASMUS-211,Erasmus Mundus Joint Master Degree in Tropical Biodiversity and Ecosystems,Erasmus Mundus,International Students,Multiple Fields,International,Study,0,Erasmus Mundus Joint Master Degree in Tropical Biodiversity and Ecosystems is an Erasmus Mundus Joint Master's programme.,Erasmus Mundus,Multiple European Countries,Varies by Programme,Full Scholarship Available,Masters,1-2 Years,https://www.tropimundo.eu/,Europe,Annual,Scholarship,1,Masters,Study,95,High,0,92,Masters,https://www.tropimundo.eu/,Full Funding,1-2 Years
ERASMUS-212,WAVES ACOUSTICS VIBRATIONS ENGINEERING SOUND,Erasmus Mundus,International Students,Multiple Fields,International,Study,0,WAVES ACOUSTICS VIBRATIONS ENGINEERING SOUND is an Erasmus Mundus Joint Master's programme.,Erasmus Mundus,Multiple European Countries,Varies by Programme,Full Scholarship Available,Masters,1-2 Years,https://master-waves.eu/,Europe,Annual,Scholarship,1,Masters,Study,95,High,0,92,Masters,https://master-waves.eu/,Full Funding,1-2 Years
ERASMUS-213,World Textile Engineering Advanced Master,Erasmus Mundus,International Students,Multiple Fields,International,Study,0,World Textile Engineering Advanced Master is an Erasmus Mundus Joint Master's programme.,Erasmus Mundus,Multiple European Countries,Varies by Programme,Full Scholarship Available,Masters,1-2 Years,https://we-team.education/,Europe,Annual,Scholarship,1,Masters,Study,95,High,0,92,Masters,https://we-team.education/,Full Funding,1-2 Years
ERASMUS-214,Joint European Master Programme in Advanced Materials Science and Engineering,Erasmus Mundus,International Students,Multiple Fields,International,Study,0,Joint European Master Programme in Advanced Materials Science and Engineering is an Erasmus Mundus Joint Master's programme.,Erasmus Mundus,Multiple European Countries,Varies by Programme,Full Scholarship Available,Masters,1-2 Years,https://www.eusmat.net/international-studies/master/amase/,Europe,Annual,Scholarship,1,Masters,Study,95,High,0,92,Masters,https://www.eusmat.net/international-studies/master/amase/,Full Funding,1-2 Years
ERASMUS-215,Chemical Nano-Engineering,Erasmus Mundus,International Students,Multiple Fields,International,Study,0,Chemical Nano-Engineering is an Erasmus Mundus Joint Master's programme.,Erasmus Mundus,Multiple European Countries,Varies by Programme,Full Scholarship Available,Masters,1-2 Years,https://www.master-cne.eu/,Europe,Annual,Scholarship,1,Masters,Study,95,High,0,92,Masters,https://www.master-cne.eu/,Full Funding,1-2 Years
ERASMUS-216,Cultures Littéraires Européennes - CLE,Erasmus Mundus,International Students,Multiple Fields,International,Study,0,Cultures Littéraires Européennes - CLE is an Erasmus Mundus Joint Master's programme.,Erasmus Mundus,Multiple European Countries,Varies by Programme,Full Scholarship Available,Masters,1-2 Years,https://www.cle.unibo.it/,Europe,Annual,Scholarship,1,Masters,Study,95,High,0,92,Masters,https://www.cle.unibo.it/,Full Funding,1-2 Years
ERASMUS-217,"Central and East European, Russian and Eurasian Studies",Erasmus Mundus,International Students,Multiple Fields,International,Study,0,"Central and East European, Russian and Eurasian Studies is an Erasmus Mundus Joint Master's programme.",Erasmus Mundus,Multiple European Countries,Varies by Programme,Full Scholarship Available,Masters,1-2 Years,https://erasmusmundus-ceeres.eu/,Europe,Annual,Scholarship,1,Masters,Study,95,High,0,92,Masters,https://erasmusmundus-ceeres.eu/,Full Funding,1-2 Years
ERASMUS-218,Erasmus Mundus Joint Master Degree in Biological and Chemical Engineering for a Sustainable Bioeconomy,Erasmus Mundus,International Students,Multiple Fields,International,Study,0,Erasmus Mundus Joint Master Degree in Biological and Chemical Engineering for a Sustainable Bioeconomy is an Erasmus Mundus Joint Master's programme.,Erasmus Mundus,Multiple European Countries,Varies by Programme,Full Scholarship Available,Masters,1-2 Years,https://www.bioceb.eu/,Europe,Annual,Scholarship,1,Masters,Study,95,High,0,92,Masters,https://www.bioceb.eu/,Full Funding,1-2 Years
ERASMUS-219,European Master in Building Information Modelling,Erasmus Mundus,International Students,Multiple Fields,International,Study,0,European Master in Building Information Modelling is an Erasmus Mundus Joint Master's programme.,Erasmus Mundus,Multiple European Countries,Varies by Programme,Full Scholarship Available,Masters,1-2 Years,https://bimaplus.org/,Europe,Annual,Scholarship,1,Masters,Study,95,High,0,92,Masters,https://bimaplus.org/,Full Funding,1-2 Years
ERASMUS-220,Big Data Management and Analytics,Erasmus Mundus,International Students,Multiple Fields,International,Study,0,Big Data Management and Analytics is an Erasmus Mundus Joint Master's programme.,Erasmus Mundus,Multiple European Countries,Varies by Programme,Full Scholarship Available,Masters,1-2 Years,https://bdma.ulb.ac.be/bdma/,Europe,Annual,Scholarship,1,Masters,Study,95,High,0,92,Masters,https://bdma.ulb.ac.be/bdma/,Full Funding,1-2 Years
ERASMUS-221,Advanced Spectroscopy in Chemistry Master's Course,Erasmus Mundus,International Students,Multiple Fields,International,Study,0,Advanced Spectroscopy in Chemistry Master's Course is an Erasmus Mundus Joint Master's programme.,Erasmus Mundus,Multiple European Countries,Varies by Programme,Full Scholarship Available,Masters,1-2 Years,http://www.master-asc.org/,Europe,Annual,Scholarship,1,Masters,Study,95,High,0,92,Masters,http://www.master-asc.org/,Full Funding,1-2 Years
CSC-0001,Application Guide for Chinese Government Scholarship,China Scholarship Council (CSC),ASEAN nationals|Developing countries|EU nationals|Pacific Island countries,Engineering|Science|Medicine/Health|Agriculture|Economics/Business|Law|Management|Education|History|Arts/Humanities|Chinese Language|Meteorology,ASEAN Member States,Degree study|Research|Exchange,0,"In order to strengthen mutual understanding and friendship between the Chinese and people around the world and promote China's exchange and cooperation with other countries in various fields, the Chinese government sets up scholarships for talented students and scholars to pursue higher education or conduct research in Chinese universities.",China Scholarship Council (campuschina.org),China,,"CNY 2,500/month; CNY 3,000/month; CNY 3,500/month; CNY 800/year",Undergraduate|Master's|PhD|General Scholar|Senior Scholar|Language,12 months,http://www.campuschina.org,Asia / China,Annual,Full,1,Undergraduate|Master's|PhD|General Scholar|Senior Scholar|Language,Bilateral,90,High,1,65,Undergraduate|Master's|PhD|General Scholar|Senior Scholar|Language,http://www.campuschina.org,Tuition + Accommodation + Stipend + Medical insurance,12 months
CSC-0002,Guidebook to the ASEAN-China Young Leaders Scholarship,Peking University,ASEAN nationals|Young professionals,Science|Medicine/Health|Economics/Business|Law|Management|Education|Arts/Humanities,ASEAN Member States,Degree study|Research|Training,0,"The ASEAN-China Young Leaders Scholarship Program (ACYLS) is an initiative in response to the call of the Leaders of the People's Republic of China (PRC) and ASEAN Member States (AMS) to increase people-to-people exchanges, strengthen educational cooperation and promote academic exchanges and linkages between AMS and the PRC, in an effort to foster a third pillar of socio-cultural and people-to-people exchanges within ASEAN-China relationship towards building a closer community of shared future.",China Scholarship Council (campuschina.org),China,January – March (annual),See program details,Undergraduate|Master's|PhD|Research Scholar,2-3 academic years,http://www.campuschina.org,Asia / China,Jan–Apr,Full,1,Undergraduate|Master's|PhD|Research Scholar,Designated,100,High,1,65,Undergraduate|Master's|PhD|Research Scholar,http://www.campuschina.org,Tuition + Accommodation + Stipend + Medical insurance + Air fare + Settlement fee,2-3 academic years
CSC-0003,Youth of Excellence Scheme of China Program Chinese Government Scholarship,Peking University,Developing countries|Belt and Road countries|Government officials,Engineering|Science|Medicine/Health|Economics/Business|Law|Management|Education|History|Arts/Humanities|Petroleum/Energy|Computer Science,Belt and Road countries,Degree study|Research,0,"In order to train global governance talents with a broad international perspective, superior comprehensive quality, outstanding leadership and multicultural background. China Scholarship Council implements the Youth of Excellence Scheme of China Program.",China Scholarship Council (campuschina.org),China,"March 31, 2026",See program details,Undergraduate|Master's,12 months,http://studyinchina.csc.edu.cn/#/login,Asia / China,Annual,Full,1,Undergraduate|Master's,Belt and Road,80,High,1,65,Undergraduate|Master's,http://studyinchina.csc.edu.cn/#/login,Tuition + Accommodation + Stipend + Medical insurance,12 months
CSC-0004,China Link Short-term Scientific Exchange Scholarship Program (2026),China Scholarship Council (CSC),International students,Science|Medicine/Health|Arts/Humanities|Chinese Language,Global (non-PRC),Research,0,"In order to deepen the academic friendship and mutual understanding between Chinese and foreign young generation, and to build a platform for the exchange of scientific research young talents in the world, China Scholarship Council (CSC) continues to carry out China Link Short-term Scientific Exchange Scholarship Program (referred to as China Link Scholarship) in 2026.",China Scholarship Council (campuschina.org),China,"August 31, 2027",See program details,Undergraduate|General Scholar|Senior Scholar|Language,12 months,https://studyinchina.csc.edu.cn/#/login,Asia / China,Rolling,Full,1,Undergraduate|General Scholar|Senior Scholar|Language,Designated,90,Medium,1,100,Undergraduate|General Scholar|Senior Scholar|Language,https://studyinchina.csc.edu.cn/#/login,Tuition + Accommodation + Stipend + Medical insurance,12 months
CSC-0005,MOFCOM SCHOLARSHIP-CSC Program(Enrollment Guide),Peking University,Developing countries,Science|Medicine/Health|Agriculture|Economics/Business|Law|Management|Education|Arts/Humanities,Developing countries,Degree study|Research,0,"Degree Education Programs sponsored by the Ministry of Commerce of People's Republic of China is designed to foster high-end business officials and managerial personnel for the recipient countries, offering one-year and two-year master programs as well as three-year doctoral programs for the purpose of educating high-end and inter-disciplinary talent working in the applied fields of government, trade, foreign affairs, agriculture, technology, education, culture and health, building intellectual capacity and facilitating the economic and social development of the recipient countries. These programs provide assistance to governmental officials, research fellows, and senior managerial personnel on their master and doctor education in China, which are fully conducted in English. Admission requirements include a bachelor's degree, relevant working experiences, and decent physical conditions, essential for the high-compact curriculum needed for the degrees. The programs are playing a more and more important role in stimulating economic cooperation between China and students' home countries, which the host governments are attaching great attention to this program.",China Scholarship Council (campuschina.org),China,Annual (see program page),See program details,Undergraduate|Master's|PhD,2-3 years,http://www.campuschina.org,Asia / China,Rolling,Full,1,Undergraduate|Master's|PhD,Designated,100,Medium,1,70,Undergraduate|Master's|PhD,http://www.campuschina.org,Tuition + Accommodation + Stipend + Medical insurance + Air fare + Settlement fee,2-3 years
CSC-0006,Chinese Trade Unions Silk Road Scholarship,All-China Federation of Trade Unions,Belt and Road countries|Trade union officials,Medicine/Health|Law|Management|Education|Arts/Humanities|Chinese Language,Belt and Road countries,Research,0,"As a dedicated project for trade union officials mainly from countries along the ""Belt and Road"", the Chinese Trade Unions Silk Road Scholarship (CTUSRS) is established to develop the friendly relations between trade unions of China and other countries, enhance the friendship between the Chinese working class and other working classes worldwide, make contribution to world peace, development, cooperation, workers' rights and interests and social progress.",China Scholarship Council (campuschina.org),China,,See program details,General Scholar|Language,One academic year,http://www.campuschina.org,Asia / China,Annual,Full,1,General Scholar|Language,Designated,100,Medium,1,65,General Scholar|Language,http://www.campuschina.org,Tuition + Accommodation + Stipend + Medical insurance + Air fare,One academic year
CSC-0007,Peking University (Overseas Students) Scholarship,Peking University,International students,Medicine/Health,International (non-PRC),Degree study,0,Peking University (Overseas Students) Scholarship was established in 2012 to support outstanding students to study undergraduate and/ or postgraduate degree at Peking University.,China Scholarship Council (campuschina.org),China,Annual (see program page),See program details,Undergraduate|Master's|PhD,1 year,http://www.studyatpku.com,Asia / China,Annual,Full,0,Undergraduate|Master's|PhD,Chinese Government Scholarship,50,Medium,1,95,Undergraduate|Master's|PhD,http://www.studyatpku.com,Tuition + Stipend + Medical insurance,1 year
CSC-0008,"Renmin University of China ""Belt and Road"" Scholarship",Renmin University of China,Belt and Road countries,All fields,Belt and Road countries,Degree study,0,"This Scholarship is specialized in encouraging and attracting outstanding international students to come to China for studying and getting to know the Chinese Culture. This Scholarship is for one year and you will get the money all at once: The first place is 80000 Yuan, the second is 40000 Yuan and the third place is 20000 Yuan.",China Scholarship Council (campuschina.org),China,September – October (annual),See program details,Master's,,https://www.campuschina.org,Asia / China,Rolling,Full,1,Master's,Belt and Road,80,High,0,65,Master's,https://www.campuschina.org,Tuition + Accommodation + Stipend + Medical insurance,
CSC-0009,Renmin University of China International Students Scholarships,Renmin University of China,International students,Law|Arts/Humanities,International (non-PRC),Degree study,0,"Renmin University offers four different kinds of Scholarships, they are Academic Performance Award, Academic Progress Award, Social Activity Award and Outstanding Leadership Award. These Awards are for the people who have made a great performance or progress in academic studies and extracurricular activities. You can only apply for one of these awards and receive the one-time scholarship.",China Scholarship Council (campuschina.org),China,Annual (see program page),See program details,Undergraduate|Master's,,https://www.campuschina.org,Asia / China,Annual,Full,1,Undergraduate|Master's,Designated,80,Medium,0,95,Undergraduate|Master's,https://www.campuschina.org,Tuition + Accommodation + Stipend + Medical insurance,
CSC-0010,China University of Petroleum (Beijing) Beijing Government Scholarship,China University of Petroleum (Beijing),International students,Medicine/Health|Education|Chinese Language|Petroleum/Energy,International (non-PRC),Degree study,0,Beijing Government Scholarship for International Students (BGS) is launched by Government of Beijing and the scheme supports outstanding international students who are studying or going to study in Beijing.,China Scholarship Council (campuschina.org),China,,See program details,Undergraduate|Master's|Language,two years,https://www.campuschina.org,Asia / China,Annual,Full,1,Undergraduate|Master's|Language,Chinese Government Scholarship,80,Medium,1,95,Undergraduate|Master's|Language,https://www.campuschina.org,Tuition,two years
CSC-0011,China University of Petroleum (Beijing) Chinese Government Scholarship,China University of Petroleum (Beijing),Belt and Road countries,Engineering|Science|Medicine/Health|Agriculture|Economics/Business|Law|Management|Education|History|Arts/Humanities|Petroleum/Energy,Belt and Road countries,Degree study|Research,0,"In order to promote the mutual understanding, cooperation and exchanges in various fields between China and other countries, the Chinese government has set up a series of scholarship programs to sponsor international students, teachers and scholars to study and conduct research in Chinese universities. China Scholarship Council (hereinafter referred to as CSC), entrusted by the Ministry of Education of the People's Republic of China (hereinafter referred to as MOE), is responsible for the enrollment and the administration of Chinese Government Scholarship programs. Now, 279 designated Chinese universities offer a wide variety of academic programs in Science, Engineering, Agriculture, Medicine, Economics, Legal Studies, Management, Education, History, Literature, Philosophy, and Fine Arts for scholarship recipients at all levels.",China Scholarship Council (campuschina.org),China,,"CNY 700/month; CNY 1000/month; CNY 2,500/month; CNY 3,000/month; CNY 3,500/month",Undergraduate|Master's|PhD|General Scholar|Senior Scholar,6 months,http://www.campuschina.org,Asia / China,Annual,Full,0,Undergraduate|Master's|PhD|General Scholar|Senior Scholar,Bilateral,50,High,1,65,Undergraduate|Master's|PhD|General Scholar|Senior Scholar,http://www.campuschina.org,Tuition + Accommodation + Stipend,6 months
CSC-0012,China University of Petroleum (Beijing) Confucius Institutes Scholarship,China University of Petroleum (Beijing),Confucius Institute students/teachers|Chinese language teachers,Medicine/Health|Education|Chinese Language|Petroleum/Energy,Global (non-PRC),Degree study,0,"In order to support development of Confucius Institutes, facilitate Chinese language promotion and Chinese cultural transmission in the world, cultivate qualified Chinese language teachers and talented students of Chinese language, Confucius Institute Headquarters (Hanban) (hereinafter referred to as Hanban) launches the ""Confucius Institute Scholarships"" program for providing sponsorship to students, scholars and Chinese language teachers of other countries for pursuing a study in relevant universities in China (hereinafter referred to as ""host institutions"").",China Scholarship Council (campuschina.org),China,,"CNY 2,500/month",Undergraduate|Master's|Language,1 Academic Year,http://cis.chinese.cn,Asia / China,Annual,Full,1,Undergraduate|Master's|Language,Confucius Institute,85,Medium,1,100,Undergraduate|Master's|Language,http://cis.chinese.cn,Tuition + Accommodation + Stipend + Medical insurance,1 Academic Year
CSC-0013,China University of Petroleum (Beijing) Scholarship,China University of Petroleum (Beijing),International students,Medicine/Health|Education|Chinese Language|Petroleum/Energy,Global (non-PRC),Degree study|Research,0,"In order to attract outstanding foreign students to study in our university, to further promote the quality of international students' education and constantly improve their international influence and competitiveness. According to the ""Strategic Plan of Action for Internationalization of China University of Petroleum (Beijing) 2013-2020) "","" China University of Petroleum (Beijing) Improving the Quality of Education for International Students ""and"" Improving the Quality of Postgraduate Education for Researchers at China University of Petroleum (Beijing) "" China University of Petroleum Scholarship has been set up.",China Scholarship Council (campuschina.org),China,,See program details,Undergraduate|Master's|PhD|Language,10 months,https://www.campuschina.org,Asia / China,Annual,Full,1,Undergraduate|Master's|PhD|Language,Exchange,85,High,1,100,Undergraduate|Master's|PhD|Language,https://www.campuschina.org,Tuition + Accommodation,10 months
CSC-0014,Nankai University Scholarship For New Student,Nankai University,International students,Medicine/Health|Chinese Language,International (non-PRC),Degree study|Research,0,"1. The applicant submitted the application materials to the International Student Office of Nankai University before the application deadline (every June 15th, by mailing time).",China Scholarship Council (campuschina.org),China,Jun-15,See program details,Undergraduate|Language,,http://nankai.17gz.org/member/login.do,Asia / China,Mar–Jun,Full,1,Undergraduate|Language,Exchange,80,Medium,1,95,Undergraduate|Language,http://nankai.17gz.org/member/login.do,Tuition + Accommodation + Stipend + Medical insurance,
CSC-0015,Tianjin University of Science and Technology Scholarship,Tianjin University,International students,Science|Medicine/Health|Law|Education,International (non-PRC),Degree study|Research,0,"In order to promote the development of higher education of International students in Tianjin University of Science and Technology (TUST), to further improve the talent cultivation, scientific research, social service, and cultural exchange, our university has set up the TUST Scholarship for International students.",China Scholarship Council (campuschina.org),China,May – June (annual),See program details,Undergraduate|Master's|PhD,one academic year,http://gjjl.tust.edu.cn/xzzq/73124.htm,Asia / China,Annual,Full,1,Undergraduate|Master's|PhD,Exchange,90,Medium,1,95,Undergraduate|Master's|PhD,http://gjjl.tust.edu.cn/xzzq/73124.htm,Tuition + Accommodation + Stipend + Medical insurance,one academic year
CSC-0016,Tianjin University International Student Scholarship School of Chemical Engineering,Tianjin University,International students,Engineering|Medicine/Health|Education,Global (non-PRC),Degree study,0,School of Chemical Engineering offers 15 full scholarship quota and 10 partial scholarship quota to support the international students who study in School of Chemical Engineering and Technology.,China Scholarship Council (campuschina.org),China,Annual (see program page),See program details,Undergraduate,four years,http://www.tju.edu.cn/sie/;http://www.tju.edu.cn,Asia / China,Annual,Full,0,Undergraduate,Chinese Government Scholarship,50,Medium,1,100,Undergraduate,http://www.tju.edu.cn/sie/;http://www.tju.edu.cn,Tuition + Stipend,four years
CSC-0017,Tianjin University International Student Scholarship School of Environment Science and Engineering,Tianjin University,International students,Engineering|Science|Medicine/Health|Education|Petroleum/Energy,Global (non-PRC),Degree study,0,"As the ""key and special major"" and ""excellent engineer major"" established by the Ministry of Education, Environment and Energy of Tianjin University offers quality bachelor's program in English with scholarships for international students.",China Scholarship Council (campuschina.org),China,May-15,See program details,Undergraduate,four years,http://www.tju.edu.cn/sie/;http://www.tju.edu.cn,Asia / China,Annual,Full,0,Undergraduate,Chinese Government Scholarship,50,Medium,1,100,Undergraduate,http://www.tju.edu.cn/sie/;http://www.tju.edu.cn,Tuition + Stipend,four years
CSC-0018,Tianjin University International Student Scholarship School of Civil Engineering,Tianjin University,International students,Engineering|Medicine/Health|Education,Global (non-PRC),Degree study,0,"TJU School of Civil Engineering includes two national key disciplines and emphasizes the practical exploration. We offer master's program in either English or Chinese with scholarships for international students. The fields of Master include: Building and Civil Engineering Program, Hydraulic Engineering Program, Naval and Ocean Engineering Program.",China Scholarship Council (campuschina.org),China,Jun-30,See program details,Undergraduate|Master's,two years,http://www.tju.edu.cn/sie/;http://www.tju.edu.cn,Asia / China,Annual,Full,0,Undergraduate|Master's,Chinese Government Scholarship,50,Medium,1,100,Undergraduate|Master's,http://www.tju.edu.cn/sie/;http://www.tju.edu.cn,Tuition + Stipend,two years
CSC-0019,Tianjin University International Student Scholarship,Tianjin University,International students,Engineering|Science|Medicine/Health|Education|Chinese Language|Petroleum/Energy|Computer Science,International (non-PRC),Degree study|Research,0,"Tianjin University (TJU) International Student Scholarship is established to encourage and support excellent international students to pursue Bachelor, Master and PhD degrees at Tianjin University.",China Scholarship Council (campuschina.org),China,Jun-30,See program details,Undergraduate|Master's|PhD|Language,,http://www.tju.edu.cn/sie/;http://www.tju.edu.cn,Asia / China,Annual,Full,0,Undergraduate|Master's|PhD|Language,Chinese Government Scholarship,50,Medium,1,95,Undergraduate|Master's|PhD|Language,http://www.tju.edu.cn/sie/;http://www.tju.edu.cn,Tuition + Stipend,
CSC-0020,"Jilin University ""Golden Bean"" International Students' Scholarship",China Scholarship Council (CSC),International students,Science|Law|Education,Global (non-PRC),Research,0,"Scholarship Content: JLU ""Golden Bean"" International Students' Scholarship is sponsored by Jilin Province Golden Bean Industry Group Co., LTD. The scholarship aims to award excellent international students and encourage them to make contribution to the friendship between China and student's country.The award, which is open for self-funded international students at Jilin University, offers scholarship for 30 students. The scholarship has a value of 2,000 RMB/person.",China Scholarship Council (campuschina.org),China,,See program details,Not specified,,http://cie.jlu.edu.cn,Asia / China,Annual,Full,1,Not specified,Chinese Government Scholarship,80,Medium,1,100,Not specified,http://cie.jlu.edu.cn,Tuition + Accommodation + Stipend + Medical insurance,
CSC-0021,Northeast Forestry University Scholarship for Outstanding Foreign Students,China Scholarship Council (CSC),International students,Medicine/Health|Law|Management|Education,Global (non-PRC),Degree study|Research,0,"For the further implementation of the international management conference, to further promote the development of school education for foreign students, in accordance with the relevant requirements of the national quality certification in China to study the index system, the school decided to set up a ""gold"" student of Northeast Forestry University Chancellor's Award for outstanding overseas, to encourage and support more outstanding foreign students come to school to learn, and constantly improve the school international atmosphere and international influence. The evaluation of scholarships adheres to the principle of ""fair, fair, open and preferred"". The total amount of the scholarship is 300 thousand RMB per year. It is selected once a year and the difference is selected.",China Scholarship Council (campuschina.org),China,March – June (annual),See program details,Undergraduate|Master's|PhD,two years,http://siee.nefu.edu.cn/en/index.asp,Asia / China,Mar–Jun,Full,1,Undergraduate|Master's|PhD,Exchange,80,Medium,1,100,Undergraduate|Master's|PhD,http://siee.nefu.edu.cn/en/index.asp,Tuition + Accommodation + Stipend + Medical insurance,two years
CSC-0022,East China Normal University Confucius Institute Scholarship Professional Development Program for Chinese Language Teachers in South Asian Countries,Sun Yat-sen University,Confucius Institute students/teachers|Chinese language teachers,Medicine/Health|Management|Education|Chinese Language,International (non-PRC),Degree study|Research,0,"For the purpose of deepening cultural exchanges between China and South Asian countries and promoting the localization of Chinese language teachers, Hanban (Confucius Institute Headquarters) (hereinafter referred to as ""Hanban"") launches the ""Confucius Institute Scholarship: Professional Development for Chinese Language Teachers in South Asian Countries"".",China Scholarship Council (campuschina.org),China,,See program details,Undergraduate|Master's|Language,One academic year,http://cis.chinese.cn,Asia / China,Annual,Full,1,Undergraduate|Master's|Language,Confucius Institute,95,Medium,1,95,Undergraduate|Master's|Language,http://cis.chinese.cn,Tuition + Accommodation + Stipend + Air fare,One academic year
CSC-0023,East China Normal University Confucius Institute Scholarship (Confucius China Studies Program),Sun Yat-sen University,Confucius Institute students/teachers,Science,Global (non-PRC),Degree study|Research,0,"Support doctoral students (candidates) registered with foreign universities to come to China for study, research and writing of their doctoral dissertations.",China Scholarship Council (campuschina.org),China,,See program details,Undergraduate|Master's|PhD,two years,https://www.campuschina.org,Asia / China,Annual,Full,1,Undergraduate|Master's|PhD,Confucius Institute,80,Medium,1,100,Undergraduate|Master's|PhD,https://www.campuschina.org,Tuition + Accommodation + Stipend + Medical insurance,two years
CSC-0025,East China Normal University Confucius Institute Scholarship,Sun Yat-sen University,Confucius Institute students/teachers|Chinese language teachers,Medicine/Health|Law|Education|Arts/Humanities|Chinese Language,International (non-PRC),Degree study,0,"Application is open to applicant who owns a non-Chinese citizenship, aged between 16 and 35, in good health condition, (Applicant is currently working in a Chinese language teaching position shall not exceed the age limit of 45. Undergraduate student shall not exceed the age limit of 20).",China Scholarship Council (campuschina.org),China,Annual (see program page),"CNY 2,500/month; CNY 3,000/month",Undergraduate|Master's|Language,2 academic years,http://cis.chinese.cn,Asia / China,Annual,Full,0,Undergraduate|Master's|Language,Designated,50,High,1,95,Undergraduate|Master's|Language,http://cis.chinese.cn,Stipend + Medical insurance,2 academic years
CSC-0026,East China Normal University Shanghai Government Scholarship,Sun Yat-sen University,International students,Medicine/Health|Education|Arts/Humanities,Global (non-PRC),Degree study|Research,0,Shanghai Municipal Government Scholarship was established in 2006 with the aims to enhance the development of international student education in Shanghai and encourage more and more outstanding international students and scholars to ECNU.,China Scholarship Council (campuschina.org),China,May-15,See program details,Undergraduate|Master's|PhD,,http://lxs.ecnu.edu.cn/application.php,Asia / China,Annual,Full,0,Undergraduate|Master's|PhD,Chinese Government Scholarship,50,Medium,1,100,Undergraduate|Master's|PhD,http://lxs.ecnu.edu.cn/application.php,Tuition + Accommodation + Medical insurance,
CSC-0027,East China Normal University Excellent Freshman Scholarship,Sun Yat-sen University,International students,Education,International (non-PRC),Degree study,0,"ECNU set up the ""Excellent Freshman Scholarship"" for the first time to encourage outstanding overseas students pursuing their bachelor degree in East China Normal University.",China Scholarship Council (campuschina.org),China,,See program details,Undergraduate,12 months,http://lxs.ecnu.edu.cn,Asia / China,Annual,Full,1,Undergraduate,Chinese Government Scholarship,80,Medium,1,95,Undergraduate,http://lxs.ecnu.edu.cn,Tuition + Stipend,12 months
CSC-0028,East China Normal University Scholarship of Specialized Item,China Scholarship Council (CSC),International students,Economics/Business|Arts/Humanities,Global (non-PRC),Degree study,0,"The students (including scholarship and self-financed students) who have made outstanding contribution in the fields of academic learning, sports, arts, cultural exchange, charity, etc.",China Scholarship Council (campuschina.org),China,Annual (see program page),See program details,Not specified,,http://lxs.ecnu.edu.cn,Asia / China,Annual,Full,1,Not specified,Exchange,80,Medium,1,100,Not specified,http://lxs.ecnu.edu.cn,Tuition + Accommodation + Stipend + Medical insurance,
CSC-0029,East China Normal University Scholarship of Execellent Degree Students,China Scholarship Council (CSC),International students,All fields,Global (non-PRC),Degree study,0,Those who haven't obtained any scholarships from governments of China or your home country,China Scholarship Council (campuschina.org),China,Annual (see program page),See program details,Undergraduate,,http://lxs.ecnu.edu.cn,Asia / China,Annual,Full,1,Undergraduate,Chinese Government Scholarship,80,Medium,1,100,Undergraduate,http://lxs.ecnu.edu.cn,Tuition + Accommodation + Stipend + Medical insurance,
CSC-0030,Shanghai International Studies University Scholarship,China Scholarship Council (CSC),International students,Law,Global (non-PRC),Degree study,0,The scholarship is for outstanding foreign students studying at Shanghai International Studies University. It aims to encourage foreign students to study diligently and promote their overall development.,China Scholarship Council (campuschina.org),China,Annual (see program page),See program details,Undergraduate|Master's|PhD,,https://www.campuschina.org,Asia / China,Annual,Full,1,Undergraduate|Master's|PhD,Chinese Government Scholarship,80,Medium,0,100,Undergraduate|Master's|PhD,https://www.campuschina.org,Tuition + Accommodation + Stipend + Medical insurance,
CSC-0031,Nanjing University of Science & Technology General Regulation of NMG-NJUST Joint Scholarship for International Students,China Scholarship Council (CSC),International students,Science|Medicine/Health|Education|Chinese Language|Computer Science,International (non-PRC),Degree study|Research|Language training,0,"Nanjing University of Science & Technology funds to set NMG-NJUST Joint Scholarship, supplementing to Nanjing Municipal Government scholarship. This joint scholarship is established to encourage and support excellent international students to pursue their degree study and to take preparatory language course at Nanjing University of Science & Technology.",China Scholarship Council (campuschina.org),China,,CNY 1500/month; CNY 750/month; CNY 3000/month; CNY 2000/month,Undergraduate|Master's|PhD|Language,one academic year,http://study.njust.edu.cn/wourseswwrograms/list.htm,Asia / China,Annual,Full,0,Undergraduate|Master's|PhD|Language,Chinese Government Scholarship,50,Medium,1,95,Undergraduate|Master's|PhD|Language,http://study.njust.edu.cn/wourseswwrograms/list.htm,Tuition + Accommodation + Stipend + Medical insurance,one academic year
CSC-0032,Soochow University Scholarship for International Students,China Scholarship Council (CSC),International students,Medicine/Health|Education,Global (non-PRC),Degree study|Research,0,"2) Should satisfy all Soochow University admission requirements; Have bachelor's degree, master's degree and above; applicant applying for Master's program should not be above 35 years of age, and for PhD programs not above 40.",China Scholarship Council (campuschina.org),China,"March 31, 2020",See program details,Undergraduate|Master's|PhD,,http://studyinchina.csc.edu.cn,Asia / China,Annual,Full,1,Undergraduate|Master's|PhD,Chinese Government Scholarship,90,Medium,1,100,Undergraduate|Master's|PhD,http://studyinchina.csc.edu.cn,Tuition + Accommodation + Stipend + Medical insurance,
CSC-0033,Hohai University Scholarship,China Scholarship Council (CSC),International students,Medicine/Health,International (non-PRC),Degree study|Research,0,"●Full scholarship includes: tuition, lodging, living allowance and comprehensive medical insurance;",China Scholarship Council (campuschina.org),China,,See program details,Undergraduate|Master's|PhD,,http://ie.hhu.edu.cn/s/104/t/404/9a/11/info170513.htm,Asia / China,Annual,Full,0,Undergraduate|Master's|PhD,Chinese Government Scholarship,50,Medium,1,95,Undergraduate|Master's|PhD,http://ie.hhu.edu.cn/s/104/t/404/9a/11/info170513.htm,Tuition + Stipend + Medical insurance,
CSC-0034,Jiangnan University New Student Scholarship,China Scholarship Council (CSC),International students,Medicine/Health|Education,Global (non-PRC),Degree study,0,"Jiangnan University New Student Scholarship has been set up to encourage more excellent international students to study at Jiangnan University, and to establish the trend of ""Study in Jiangnan "".",China Scholarship Council (campuschina.org),China,February – May (annual),See program details,Undergraduate|Master's|PhD,,https://www.campuschina.org,Asia / China,Annual,Full,1,Undergraduate|Master's|PhD,Chinese Government Scholarship,85,Medium,1,100,Undergraduate|Master's|PhD,https://www.campuschina.org,Tuition + Accommodation,
CSC-0035,Nanjing Agricultural University Jasmine Jiangsu Government Scholarship,China Scholarship Council (CSC),International students,Science|Medicine/Health|Education,Global (non-PRC),Degree study|Research,0,"Jiangsu Provincial Government has set up the Jasmine Jiangsu Government Scholarship for international students in order to promote the development of higher education of International students in Jiangsu, to further improve the profile of Jiangsu Education to the world, to highlight the brand of Study in Jiangsu and to make Jiangsu a preferred province for international students to study in. NAU is one of the universities in Jiangsu Province supported by this scholarship, and is entrusted by Jiangsu Provincial Government to recruit excellent overseas students or scholars to undertake full time study. For more information, please visit http://www.studyinjiangsu.org/lxjs/",China Scholarship Council (campuschina.org),China,,"CNY 1,500/month; CNY 10,000/year; CNY 30,000/year",Undergraduate|Master's|PhD,One academic year,http://www.studyinjiangsu.org/lxjs/,Asia / China,Annual,Full,0,Undergraduate|Master's|PhD,Chinese Government Scholarship,50,High,1,100,Undergraduate|Master's|PhD,http://www.studyinjiangsu.org/lxjs/,Tuition + Accommodation + Stipend + Medical insurance,One academic year
CSC-0036,Nanjing Agricultural University Nanjing Municipal Government Scholarship,China Scholarship Council (CSC),International students,Science|Medicine/Health|Education,Global (non-PRC),Degree study|Research,0,"Nanjing Municipal Government has set up the ""Nanjing Municipal Government Scholarship"" for international students in order to promote the development of higher education of International students in the city of Nanjing, to further improve the profile of Nanjing to the world, and to make Nanjing a preferred city for international students. NAU is one of the universities in Nanjing supported by this partial scholarship, and is entrusted by Nanjing Municipal Government to recruit outstanding overseas students or scholars to undertake degree and non-degree studies. For more information, please visit http://coie.njau.edu.cn/",China Scholarship Council (campuschina.org),China,,"CNY 20,000/year; CNY 10,000/year; CNY 5,000/year",Undergraduate|Master's|PhD,One academic year,http://coie.njau.edu.cn/,Asia / China,Annual,Partial,0,Undergraduate|Master's|PhD,Chinese Government Scholarship,50,High,1,100,Undergraduate|Master's|PhD,http://coie.njau.edu.cn/,See program details,One academic year
CSC-0037,Nanjing Agricultural University Scholarship,China Scholarship Council (CSC),International students,Medicine/Health|Education,International (non-PRC),Degree study,0,"Nanjing Agricultural University Scholarship is established by NAU to encourage and support excellent foreign students to study at NAU as postgraduate students. For more information, please visit http://coie.njau.edu.cn/",China Scholarship Council (campuschina.org),China,,"CNY 700/month; CNY 1,000/month; CNY 3,000/month; CNY 3,500/month",Undergraduate|Master's|PhD,1 year,http://coie.njau.edu.cn/,Asia / China,Annual,Full,0,Undergraduate|Master's|PhD,Chinese Government Scholarship,50,Medium,1,95,Undergraduate|Master's|PhD,http://coie.njau.edu.cn/,Tuition + Accommodation + Stipend + Medical insurance,1 year
CSC-0038,Zhejiang University Scholarship—Two-High Doctoral Program,China Scholarship Council (CSC),International students,Science|Medicine/Health,Global (non-PRC),Degree study|Research,0,"Duration of the Scholarship: Same as the length of each doctoral program, as usually 3 or 3.5 academic years. For exact information, please refer to the admission notice.",China Scholarship Council (campuschina.org),China,May-20,"CNY 3,500/month",Master's|PhD,5 academic years,https://www.campuschina.org,Asia / China,Annual,Full,1,Master's|PhD,Chinese Government Scholarship,85,High,1,100,Master's|PhD,https://www.campuschina.org,Tuition + Accommodation + Stipend + Medical insurance,5 academic years
CSC-0039,Zhejiang University Scholarship for International Postgraduate Students,China Scholarship Council (CSC),International students,Science|Medicine/Health|Education,Global (non-PRC),Degree study|Research,0,1. Applicants must meet the requirements prescribed in Doctoral Degree Programs Admission or Master's Degree Programs Admission.,China Scholarship Council (campuschina.org),China,May-20,See program details,Undergraduate|Master's|PhD,3-4 academic years,https://www.campuschina.org,Asia / China,Annual,Full,0,Undergraduate|Master's|PhD,Chinese Government Scholarship,50,High,1,100,Undergraduate|Master's|PhD,https://www.campuschina.org,Tuition + Accommodation + Stipend + Medical insurance,3-4 academic years
CSC-0040,Xiamen University Scholarships for New International Students,China Scholarship Council (CSC),International students,Medicine/Health|Education,International (non-PRC),Degree study|Research,0,"XMU itself offers scholarships to doctoral, master's and undergraduate candidates. Scholarship awardees will have their tuitions covered (a maximum of 4 years for doctoral programmes, 2 or 3 years for master's programmes, 4 or 5 years for undergraduate programmes). Moreover, XMU provides monthly living allowances for outstanding master's or doctoral candidates in accordance with the standards of Chinese Government Scholarships. The awardees' academic performance will be assessed each year and only those achieving the required standard will have their scholarship renewed for the following year.",China Scholarship Council (campuschina.org),China,"April 30, 2018",See program details,Undergraduate|Master's|PhD,4 years,http://admissions.xmu.edu.cn/en/clist/74.html,Asia / China,Annual,Full,1,Undergraduate|Master's|PhD,Chinese Government Scholarship,80,Medium,1,95,Undergraduate|Master's|PhD,http://admissions.xmu.edu.cn/en/clist/74.html,Tuition + Stipend,4 years
CSC-0041,Xiamen University Fujian Provincial Government Scholarships,China Scholarship Council (CSC),International students,Medicine/Health|Education,International (non-PRC),Degree study|Research,0,"In order to attract more international students to study in Fujian Province and to promote the international exchange and cooperation between Fujian Province and the rest of the world, Fujian provincial government set up scholarships for exceptional international students in undergraduate, master's or doctoral programmes in 2012. The scholarships cover tuition and accommodation fee for one academic year.",China Scholarship Council (campuschina.org),China,"May 10, 2018",See program details,Undergraduate|Master's|PhD,one academic year,http://admissions.xmu.edu.cn/en/clist/74.html,Asia / China,Annual,Full,1,Undergraduate|Master's|PhD,Exchange,85,Medium,1,95,Undergraduate|Master's|PhD,http://admissions.xmu.edu.cn/en/clist/74.html,Tuition + Accommodation,one academic year
CSC-0042,Shandong University CCEED Scholarship,China Scholarship Council (CSC),Belt and Road countries,Engineering|Science|Medicine/Health|Economics/Business|Management|Education,Global (non-PRC),Degree study,0,"""Shandong University-China Construction Eighth Engineering Division Scholarship""is set up by the First Company of China Construction Eighth Engineering Division, which is used to support the international students, especially the students from the countries of ""One Belt One Road"", to study the two-year master's program of ""International Project Management"" (teaching in English) in Shandong University.",China Scholarship Council (campuschina.org),China,Jun-20,See program details,Undergraduate|Master's,,http://www.apply.sdu.edu.cn,Asia / China,Annual,Full,1,Undergraduate|Master's,Chinese Government Scholarship,80,Medium,1,100,Undergraduate|Master's,http://www.apply.sdu.edu.cn,Tuition,
CSC-0043,Shandong University Freshman Scholarship,China Scholarship Council (CSC),International students,Medicine/Health|Law,Global (non-PRC),Degree study,0,SDU Freshman Scholarship for International Students is a scholarship program for outstanding international freshmen. It provides support for international students to successfully complete their studies in Shandong University.,China Scholarship Council (campuschina.org),China,February – May (annual),See program details,Not specified,two years,https://www.campuschina.org,Asia / China,Annual,Full,1,Not specified,Chinese Government Scholarship,85,Medium,1,100,Not specified,https://www.campuschina.org,Tuition + Accommodation + Stipend,two years
CSC-0044,Shandong University Confucius Institute Scholarships,China Scholarship Council (CSC),Confucius Institute students/teachers|Chinese language teachers,Medicine/Health|Law|Management|Education|Chinese Language,International (non-PRC),Degree study,0,"In order to support development of Confucius Institutes, facilitate Chinese language promotion and Chinese cultural transmission in the world, cultivate qualified Chinese language teachers and talented students of Chinese language, Confucius Institute Headquarters (Hanban) (hereinafter referred to as Hanban) launches the ""Confucius Institute Scholarships"" program for providing sponsorship to students, scholars and Chinese language teachers of other countries for pursuing a study in Shandong University in China (hereinafter referred to as ""UJN"").",China Scholarship Council (campuschina.org),China,,"CNY 2,500/month; CNY 800/year",Language,11 months,https://www.campuschina.org,Asia / China,Mar–Jun,Full,1,Language,Confucius Institute,85,Medium,1,95,Language,https://www.campuschina.org,Tuition + Accommodation + Stipend + Medical insurance,11 months
CSC-0045,Shandong University Jinan Sister City Scholarship,China Scholarship Council (CSC),International students,Science|Medicine/Health|Law,International (non-PRC),Degree study|Research,0,"""Sister Cities of Jinan"" Scholarship (referred to as ""the scholarship hereafter) is set up by the Jinan Municipal Government in order to encourage international students from sister cities of Jinan (including cities that have built up international friendly relations with Jinan, referred to as ""sister cities"" hereafter) to come to Jinan for study and scientific research.",China Scholarship Council (campuschina.org),China,February – May (annual),See program details,Undergraduate|Master's,one academic year,https://www.campuschina.org,Asia / China,Annual,Full,1,Undergraduate|Master's,Exchange,85,Medium,1,95,Undergraduate|Master's,https://www.campuschina.org,Tuition + Accommodation,one academic year
CSC-0046,"Shandong University, Weihai International Students Scholarship",China Scholarship Council (CSC),Confucius Institute students/teachers,Science|Education,International (non-PRC),Degree study|Research,0,1. Students whose score of New HSK level 5 reaches 180 upon undergraduate admission will get 10% discount off the tuition for the first semester;,China Scholarship Council (campuschina.org),China,Annual (see program page),See program details,Undergraduate|Master's|PhD,11 months,http://www.csc.edu.cn:8011/content/details3_74779.html,Asia / China,Annual,Full,1,Undergraduate|Master's|PhD,University,80,Medium,1,95,Undergraduate|Master's|PhD,http://www.csc.edu.cn:8011/content/details3_74779.html,Tuition,11 months
CSC-0047,Central China Normal University's Scholarship for new foreign students,China Scholarship Council (CSC),International students,Medicine/Health|Education,International (non-PRC),Degree study|Research,0,"Central China Normal University has set up a presidential scholarship program since 2009, providing 50 scholarships each year to attract university graduates with excellent language skills and professional background to study for diploma programs.",China Scholarship Council (campuschina.org),China,Annual (see program page),See program details,Undergraduate|Master's|PhD,,http://isao.ccnu.edu.cn,Asia / China,Annual,Full,1,Undergraduate|Master's|PhD,Exchange,80,Medium,1,95,Undergraduate|Master's|PhD,http://isao.ccnu.edu.cn,Tuition,
CSC-0048,Huazhong Agricultural University Scholarship,China Scholarship Council (CSC),International students,Medicine/Health,Global (non-PRC),Degree study,0,Huazhong Agricultural University Scholarship is established by Huazhong Agricultural University (HZAU) to encourage and support some excellent foreign students to study at HZAU as Master's or Doctoral students.,China Scholarship Council (campuschina.org),China,December – June (annual),See program details,Master's|PhD,,http://studyin.hzau.edu.cn/,Asia / China,Annual,Full,1,Master's|PhD,Chinese Government Scholarship,90,Medium,1,100,Master's|PhD,http://studyin.hzau.edu.cn/,Tuition + Accommodation + Stipend + Medical insurance,
CSC-0049,Shaanxi Normal University International Student Scholarship,China Scholarship Council (CSC),International students,Medicine/Health|Arts/Humanities|Computer Science,International (non-PRC),Degree study|Research,0,Shaanxi Normal University International Student Scholarship is a full scholarship or a partial scholarship established by our university to enroll outstanding international students for postgraduate studies in SNNU.,China Scholarship Council (campuschina.org),China,May-20,"CNY 1,700/month",Undergraduate|Master's|PhD,6 months,https://snnu.17gz.org/,Asia / China,Annual,Full,0,Undergraduate|Master's|PhD,Designated,50,Medium,1,95,Undergraduate|Master's|PhD,https://snnu.17gz.org/,Tuition + Accommodation + Medical insurance,6 months
CSC-0050,Anhui University Scholarship for International Students,China Scholarship Council (CSC),International students,Medicine/Health|Education,Global (non-PRC),Degree study|Research,0,Anhui University sets up special funds for Scholarship for International Students. Scholarship holders who pass the annual assessment are allowed to be supported till graduation on schedule.,China Scholarship Council (campuschina.org),China,Annual (see program page),See program details,Undergraduate|Master's|PhD,4 Years,http://sie.ahu.edu.cn,Asia / China,Annual,Full,1,Undergraduate|Master's|PhD,Chinese Government Scholarship,80,Medium,1,100,Undergraduate|Master's|PhD,http://sie.ahu.edu.cn,Tuition,4 Years
CSC-0051,Xi'an Jiaotong University (XJTU) Siyuan International Student Scholarship,Xi'an Jiaotong University,International students,Science|Education,International (non-PRC),Degree study,0,"To promote the opening up of higher education and build a global science and education center in China's west, the university sets up Siyuan International Student Scholarship by supporting outstanding international students to pursue their degree at XJTU.",China Scholarship Council (campuschina.org),China,Annual (see program page),See program details,Undergraduate|Master's|PhD,12 months,https://www.campuschina.org,Asia / China,Mar–Jun,Full,1,Undergraduate|Master's|PhD,University,85,Medium,1,95,Undergraduate|Master's|PhD,https://www.campuschina.org,Tuition + Stipend,12 months
CSC-0052,Xi'an Jiaotong University (XJTU)-Xi'an City Government Belt & Road Scholarship XJTU-Xi'an City Government Belt & Road Scholarship,Xi'an Jiaotong University,Belt and Road countries,Education|Chinese Language,Belt and Road countries,Degree study,0,XJTU-Xi'an City Government Belt & Road Scholarship is jointly founded by Xi'an Municipal Government and Xi'an Jiaotong University. The city government provides scholarship while the university covers some tuition fees. The scholarship is offered to students from One Belt & One Road countries to study in Xi'an Jiaotong University.,China Scholarship Council (campuschina.org),China,,See program details,Undergraduate|Master's|PhD|Language,,http://sie.xjtu.edu.cn/en/SCHOLARSHIPS1/XJTU_Xi_an_City_Government_Belt___Road_Scholarshi1.htm,Asia / China,Mar–Jun,Full,1,Undergraduate|Master's|PhD|Language,Belt and Road,80,Medium,0,65,Undergraduate|Master's|PhD|Language,http://sie.xjtu.edu.cn/en/SCHOLARSHIPS1/XJTU_Xi_an_City_Government_Belt___Road_Scholarshi1.htm,Tuition,
CSC-0053,International Student Scholarship of Guizhou Normal University,China Scholarship Council (CSC),International students,Science|Medicine/Health|Economics/Business|Law|Management|Education|History|Arts/Humanities|Chinese Language,Global (non-PRC),Degree study|Research,0,"In order to encourage more outstanding international students to study and engage in scientific research in Guizhou Normal University, we hereby inform you the relevant information about the application instructions for International Student Scholarship of Guizhou Normal University in 2021.",China Scholarship Council (campuschina.org),China,,See program details,Undergraduate|Master's|PhD|Language,,https://studyinchina.csc.edu.cn/#/register,Asia / China,Jan–Apr,Full,1,Undergraduate|Master's|PhD|Language,Chinese Government Scholarship,90,Medium,1,100,Undergraduate|Master's|PhD|Language,https://studyinchina.csc.edu.cn/#/register,Tuition + Accommodation + Stipend + Medical insurance,
CSC-0054,DUT International Chinese Language Teachers Scholarship,China Scholarship Council (CSC),Confucius Institute students/teachers|Chinese language teachers,Medicine/Health|Law|Management|Education|Arts/Humanities|Chinese Language,International (non-PRC),Degree study|Research,0,"For the purpose of satisfying the growing demand of the international community for Chinese language teachers and facilitating Chinese language education in other countries. the Center For Language Education and Cooperation (CLEC) will continue with the International Chinese Language Teachers Scholarship. Confucius Institutes, independently operated Confucius Classrooms, certain HSK test centers, Chinese language (education) departments of foreign universities, professional associations for Chinese language instruction of other countries, Chinese embassies (consulates) abroad (collectively ""recommending institutions"") may recommend outstanding students and currently-employed Chinese language teachers to study International Chinese Language Education or related majors in Chinese universities and colleges (""host institutions"").",China Scholarship Council (campuschina.org),China,Annual (see program page),See program details,Undergraduate|Master's|PhD|Language,three years,http://cis.chinese.cn,Asia / China,Annual,Full,1,Undergraduate|Master's|PhD|Language,Designated,85,Medium,1,95,Undergraduate|Master's|PhD|Language,http://cis.chinese.cn,Tuition + Accommodation + Stipend + Medical insurance,three years
CSC-0055,Dalian Uniersity of Technology Liaoning Government Scholarship,China Scholarship Council (CSC),International students,Medicine/Health|Law|Education,International (non-PRC),Degree study|Research,0,2. Applicants should abide by the laws and regulations of the Chinese government and the school rules and regulations;,China Scholarship Council (campuschina.org),China,,See program details,Master's,,https://www.campuschina.org,Asia / China,Rolling,Full,1,Master's,Chinese Government Scholarship,85,Medium,1,95,Master's,https://www.campuschina.org,Tuition + Accommodation,
CSC-0056,"Northwestern Polytechnical University Scholarship for International Students (""Guangdong, Hong Kong and Macau"" Scholarship)",China Scholarship Council (CSC),International students,All fields,Global (non-PRC),Research,0,"In order to motivate international students to study hard, encourage the overall development of students' academic level and comprehensive quality, better play the role models of outstanding students, further promote the development of the ""first and foremost"" activities of academic style construction, and create an excellent atmosphere of academic style, Northwestern Polytechnical University has set up several amount of ""Guangdong, Hong Kong, and Macau"" Scholarship for international students in the International College to support outstanding international students in China in the academic year.",China Scholarship Council (campuschina.org),China,Annual (see program page),See program details,Undergraduate,,https://www.campuschina.org,Asia / China,Annual,Full,1,Undergraduate,Chinese Government Scholarship,80,Medium,0,100,Undergraduate,https://www.campuschina.org,Tuition + Accommodation + Stipend + Medical insurance,
CSC-0057,"Northwestern Polytechnical University Scholarship for International Students (""Wu Yajun"" Scholarship)",China Scholarship Council (CSC),International students,All fields,Global (non-PRC),Research,0,"In order to motivate international students to study hard, encourage the overall development of students' academic level and comprehensive quality, better play the role models of outstanding students, further promote the development of the ""first and foremost"" activities of academic style construction, and create an excellent atmosphere of academic style, Northwestern Polytechnical University has set up the ""Wu Yajun"" Scholarship for international students in the International College to support outstanding international students in China in the academic year.",China Scholarship Council (campuschina.org),China,Annual (see program page),See program details,Undergraduate,,https://www.campuschina.org,Asia / China,Annual,Full,1,Undergraduate,Chinese Government Scholarship,80,Medium,0,100,Undergraduate,https://www.campuschina.org,Tuition + Accommodation + Stipend + Medical insurance,
CSC-0058,Northwestern Polytechnical University President Scholarship,China Scholarship Council (CSC),International students,Medicine/Health|Education,International (non-PRC),Degree study|Research,0,A. Undergraduate Program: tuition+dormitory+living allowance (1500 CNY/Year),China Scholarship Council (campuschina.org),China,Annual (see program page),See program details,Undergraduate|Master's|PhD,,https://npuinternationalcollege.nwpu.edu.cn/new_en/index.htm,Asia / China,Annual,Full,1,Undergraduate|Master's|PhD,Chinese Government Scholarship,85,Medium,1,95,Undergraduate|Master's|PhD,https://npuinternationalcollege.nwpu.edu.cn/new_en/index.htm,Tuition + Accommodation + Stipend,
CSC-0059,"Northwestern Polytechnical University Xi'an City ""The Belt and Road"" International Student Scholarship",China Scholarship Council (CSC),Belt and Road countries,Medicine/Health|Chinese Language,Global (non-PRC),Degree study,0,(1) Must hold valid foreign (outside P.R. China) citizenship and Possess good physical and mental health.,China Scholarship Council (campuschina.org),China,Annual (see program page),See program details,Undergraduate|Master's|PhD|Language,,https://npuinternationalcollege.nwpu.edu.cn/new_en/index.htm,Asia / China,Annual,Full,1,Undergraduate|Master's|PhD|Language,Belt and Road,80,High,1,100,Undergraduate|Master's|PhD|Language,https://npuinternationalcollege.nwpu.edu.cn/new_en/index.htm,Tuition + Stipend,
CSC-0060,Kunming Medical University Chinese Government Scholarship(Postgraduate students only),China Scholarship Council (CSC),International students,Science|Medicine/Health|Management|Education|Arts/Humanities,International (non-PRC),Degree study|Research,0,"Chinese government has set up a series of scholarship programs to sponsor international students, teachers and scholars to study and research in Chinese higher education institutions (Chinese HEIs). International students under Chinese Government Scholarship Programs (hereinafter referred to as scholarship students) will study at Chinese HEIs designated by the Ministry of Education of P. R. China (MOE) to pursue their proposed studies. The duration of Scholarship for Master's Degree Students are 2-3 years, and Doctoral Degree Students are 3- 4 years.",China Scholarship Council (campuschina.org),China,Annual (see program page),See program details,Undergraduate|Master's|PhD,2-3 years,http://laihua.csc.edu.cn,Asia / China,Jan–Apr,Full,1,Undergraduate|Master's|PhD,Designated,85,Medium,1,95,Undergraduate|Master's|PhD,http://laihua.csc.edu.cn,Tuition + Accommodation + Stipend,2-3 years
CSC-0061,Kunming Medical University Yunnan Government Scholarship,Peking University,International students,Science|Medicine/Health|Management|Education|Chinese Language,Global (non-PRC),Degree study|Research,0,"Yunnan Provincial Government has set up a scholarship program for students from neighboring countries. The categories of Applicants Scholarship are Doctoral Degree (3 years), Master's Degree (2-3 years), Bachelor's Degree (4-5 years), Non-Degree",China Scholarship Council (campuschina.org),China,Annual (see program page),See program details,Undergraduate|Master's|PhD|Research Scholar|Language,3 years,http://www.kmmc.cn/kmmc/DisplayPages/ContentDisplay_591.aspx?contentid=3095,Asia / China,Jan–Apr,Full,1,Undergraduate|Master's|PhD|Research Scholar|Language,Chinese Government Scholarship,85,Medium,1,100,Undergraduate|Master's|PhD|Research Scholar|Language,http://www.kmmc.cn/kmmc/DisplayPages/ContentDisplay_591.aspx?contentid=3095,Tuition + Accommodation + Stipend,3 years
CSC-0062,Dalian Polytechnic University Outstanding International Students Scholarships,China Scholarship Council (CSC),International students,Law|Education,Global (non-PRC),Degree study|Research,0,The scholarship programs are established with the aims to enhance the development of international student education in Dalian Polytechnic University (DPU) and encourage more and more outstanding international students to DPU.,China Scholarship Council (campuschina.org),China,,See program details,Undergraduate|Master's|PhD,,https://www.campuschina.org,Asia / China,Annual,Full,1,Undergraduate|Master's|PhD,Chinese Government Scholarship,80,Medium,0,100,Undergraduate|Master's|PhD,https://www.campuschina.org,Tuition + Accommodation + Stipend + Medical insurance,
CSC-0063,Dali University Scholarship,China Scholarship Council (CSC),International students,Law|Education,Global (non-PRC),Degree study,0,"In order to encourage and support excellent international students to study in Dali University and promote sino-foreign cultural exchange, Dali University has set up the University scholarship.",China Scholarship Council (campuschina.org),China,,See program details,Not specified,,https://www.campuschina.org,Asia / China,Annual,Full,1,Not specified,Exchange,85,Medium,0,100,Not specified,https://www.campuschina.org,Tuition + Accommodation,
CSC-0064,Shanghai Conservatory of Music Scholarships and Grant,China Scholarship Council (CSC),International students,Science|Medicine/Health|Law|Management|Education|Arts/Humanities|Chinese Language,International (non-PRC),Degree study|Research,0,"The Scholarships and Grant System of SHCM is established by Shanghai Conservatory of Music in order to attract and encourage more outstanding international students to study in SHCM. With a view to guiding the application for and review of the scholarships and grant in a careful, fair and square manner, enlarging enrollment of international students in SHCM and improving the quality of education for international students, these regulations are made based on the principle of improving efficiency and effectiveness, regularizing the procedures, designated usage only and scientific management.",China Scholarship Council (campuschina.org),China,Annual (see program page),See program details,Undergraduate|Master's|Language,one academic year,http://www.shcmusic.edu.cn/intro_40.aspx?cid=40,Asia / China,Annual,Full,0,Undergraduate|Master's|Language,Designated,50,Medium,1,95,Undergraduate|Master's|Language,http://www.shcmusic.edu.cn/intro_40.aspx?cid=40,Tuition + Accommodation + Stipend,one academic year
CSC-0065,University of Chinese Academic of Sciences UCAS Scholarship for International Students,China Scholarship Council (CSC),International students,Science|Medicine/Health,International (non-PRC),Degree study|Research,0,"The University of Chinese Academy of Sciences (UCAS) has set up the UCAS Scholarship for International Students to sponsor young talents all over the world to pursue Master's or Doctoral degree, or attend courses, conduct research or pay academic visits at UCAS faculties/CAS institutes. The Scholarship also encourages international graduate students currently studying at foreign universities to come for study on joint programs.",China Scholarship Council (campuschina.org),China,,See program details,Undergraduate|Master's|PhD,36 months,http://adis.ucas.ac.cn,Asia / China,Annual,Full,0,Undergraduate|Master's|PhD,Exchange,50,Medium,1,95,Undergraduate|Master's|PhD,http://adis.ucas.ac.cn,Tuition + Accommodation + Stipend + Medical insurance,36 months
CSC-0066,University of Chinese Academic of Sciences CAS-TWAS President's Fellowship Programme for Doctoral Candidates,China Scholarship Council (CSC),Developing countries,Science|Medicine/Health|Education|Chinese Language,Developing countries,Degree study|Research,0,"According to an agreement between the Chinese Academy of Sciences (CAS) and The World Academy of Sciences (TWAS) for the advancement of science in developing countries, up to 200 students/scholars from all over the world will be sponsored to study in China for doctoral degrees for up to 4 years.",China Scholarship Council (campuschina.org),China,,See program details,Undergraduate|Master's|PhD|Language,4 years,https://www.campuschina.org,Asia / China,Annual,Full,1,Undergraduate|Master's|PhD|Language,Chinese Government Scholarship,90,High,1,70,Undergraduate|Master's|PhD|Language,https://www.campuschina.org,Tuition + Accommodation + Stipend,4 years
CSC-0067,"University of Chinese Academic of Sciences CAS ""The Belt and Road"" Master Fellowship Programme",China Scholarship Council (CSC),Belt and Road countries,Science|Medicine/Health|Education|Chinese Language,Belt and Road countries,Degree study|Research,0,"""The Belt and Road"" Master Fellowship Programme is launched in connection with the International Outreach Initiative of Chinese Academy of Sciences (CAS).",China Scholarship Council (campuschina.org),China,,CNY 4000/month,Undergraduate|Master's|Language,3 years,http://adis.ucas.ac.cn,Asia / China,Annual,Full,1,Undergraduate|Master's|Language,Silk Road,90,Medium,1,65,Undergraduate|Master's|Language,http://adis.ucas.ac.cn,Tuition + Accommodation + Stipend,3 years
CSC-0068,Harbin Institute of Technology-Chinese Government Scholarship,China Scholarship Council (CSC),International students,Engineering|Science|Medicine/Health|Law|Management|Education|Arts/Humanities|Chinese Language,Global (non-PRC),Degree study|Research|Language training,0,"Founded in 1920, Harbin Institute of Technology has developed into an open, multidisciplinary, research-oriented, leading national university with science and engineering as its core, encompassing management, liberal arts, economy and law as a whole. In 2009, HIT became a member of Top 9 (C9) in China. HIT is now well on its way towards achieving the goal of being a world—class university, which is a leading engineering university ranks in the world's Top 6 in US News 2018.",China Scholarship Council (campuschina.org),China,October – December (annual),See program details,Undergraduate|Master's|PhD|Language,one academic year,http://studyinchina.csc.edu.cn/,Asia / China,Annual,Full,1,Undergraduate|Master's|PhD|Language,Chinese Government Scholarship,90,Medium,1,100,Undergraduate|Master's|PhD|Language,http://studyinchina.csc.edu.cn/,Tuition + Accommodation + Stipend + Medical insurance,one academic year
CSC-0069,Chongqing University Chongqing Municipal Government Mayor Scholarship,China Scholarship Council (CSC),International students,Medicine/Health|Education,Global (non-PRC),Degree study,0,"In order to encourage more outstanding international students to pursue a higher education in Chongqing, Chongqing Municipal Government launches the Chongqing Municipal Government Mayor Scholarship.",China Scholarship Council (campuschina.org),China,,See program details,Undergraduate|Master's|PhD,,http://study.cqu.edu.cn/,Asia / China,Annual,Full,1,Undergraduate|Master's|PhD,Chinese Government Scholarship,85,Medium,1,100,Undergraduate|Master's|PhD,http://study.cqu.edu.cn/,Tuition + Accommodation + Medical insurance,
CSC-0070,Chongqing University President Scholarship for International Students,China Scholarship Council (CSC),International students,Medicine/Health|Law|Education,International (non-PRC),Degree study|Research,0,Chongqing University President Scholarship is aimed to support outstanding international students to study degree programs or visiting programs (for at least 3 months) at Chongqing University.,China Scholarship Council (campuschina.org),China,Annual (see program page),See program details,Undergraduate|Master's|PhD,3 months,http://study.cqu.edu.cn,Asia / China,Annual,Full,0,Undergraduate|Master's|PhD,Chinese Government Scholarship,50,Medium,1,95,Undergraduate|Master's|PhD,http://study.cqu.edu.cn,Tuition + Accommodation + Stipend + Medical insurance,3 months
CSC-0071,Chongqing University Confucius Institute Scholarship,China Scholarship Council (CSC),Confucius Institute students/teachers|Chinese language teachers,Medicine/Health|Education|History|Arts/Humanities|Chinese Language,Global (non-PRC),Degree study,0,"For the purpose of cultivating qualified Chinese language teachers and facilitating the promotion of Chinese language and culture, the Confucius Institute Headquarters (Hanban) launches ""Confucius Institute Scholarship"" (CIS) to support outstanding students, scholars and currently employed Chinese language teachers recommended by Confucius Institutes, independently operated Confucius Classrooms as well as some HSK test centers (hereinafter to be collectively referred to as ""recommending institutions"") to study at Chongqing University.",China Scholarship Council (campuschina.org),China,Annual (see program page),See program details,Undergraduate|Master's|Language,11 months,http://cis.chinese.cn,Asia / China,Annual,Full,1,Undergraduate|Master's|Language,Designated,80,High,1,100,Undergraduate|Master's|Language,http://cis.chinese.cn,Tuition + Accommodation + Stipend + Medical insurance,11 months
CSC-0072,Chongqing University Chinese Government Scholarship-EU Program,China Scholarship Council (CSC),EU nationals,Medicine/Health|Law|Management|Education|Chinese Language,EU Member States,Degree study|Research|Language training,0,EU Program is a full scholarship established by MOE for candidates from EU member countries.,China Scholarship Council (campuschina.org),China,Annual (see program page),See program details,Undergraduate|Master's|PhD|General Scholar|Senior Scholar|Language,6 months,http://www.campuschina.org,Asia / China,Jan–Apr,Full,1,Undergraduate|Master's|PhD|General Scholar|Senior Scholar|Language,EU,90,High,1,60,Undergraduate|Master's|PhD|General Scholar|Senior Scholar|Language,http://www.campuschina.org,Tuition + Accommodation + Stipend + Medical insurance,6 months
CSC-0073,Chongqing University Chinese Government Scholarship-AUN Program,China Scholarship Council (CSC),ASEAN nationals,Medicine/Health|Management|Education|Chinese Language,ASEAN Member States,Degree study|Research|Language training,0,AUN Program is a full scholarship established by MOE for candidates from ASEAN member countries.,China Scholarship Council (campuschina.org),China,Annual (see program page),See program details,Undergraduate|Master's|PhD|Senior Scholar|Language,2-3 academic years,http://www.campuschina.org,Asia / China,Jan–Apr,Full,1,Undergraduate|Master's|PhD|Senior Scholar|Language,ASEAN,90,High,1,65,Undergraduate|Master's|PhD|Senior Scholar|Language,http://www.campuschina.org,Tuition + Accommodation + Stipend + Medical insurance,2-3 academic years
CSC-0074,Zhejiang Normal University Zhejiang Provincial Government Scholarship Program,China Scholarship Council (CSC),International students,Medicine/Health|Law|Education|Chinese Language,Global (non-PRC),Degree study,0,The Zhejiang Provincial Government Scholarship sponsors students who are studying at or applying to study at higher education institutions (HEIs) in Zhejiang Province.,China Scholarship Council (campuschina.org),China,,See program details,Undergraduate|Master's|PhD|General Scholar|Language,,http://iso.zjnu.edu.cn/StuApplication/Login.aspx,Asia / China,Annual,Full,1,Undergraduate|Master's|PhD|General Scholar|Language,Chinese Government Scholarship,80,Medium,1,100,Undergraduate|Master's|PhD|General Scholar|Language,http://iso.zjnu.edu.cn/StuApplication/Login.aspx,Tuition + Accommodation + Stipend + Medical insurance,
CSC-0075,Overseas Students' Scholarship at Zhongnan University of Economics and Law,China Scholarship Council (CSC),International students,Science|Economics/Business|Law|Management|Education|History|Arts/Humanities|Chinese Language,Global (non-PRC),Degree study,0,"With the aim of attracting outstanding students from the world, increasing the number and improving the quality of international students at our school, increase our capacity for international operation and our level of internationalization, Zhongnan University of Economics and Law shall establish an overseas students' scholarship.",China Scholarship Council (campuschina.org),China,March – May (annual),See program details,Undergraduate|Master's|Language,,https://www.campuschina.org,Asia / China,Annual,Full,1,Undergraduate|Master's|Language,Chinese Government Scholarship,85,Medium,1,100,Undergraduate|Master's|Language,https://www.campuschina.org,Tuition + Accommodation + Stipend,
CSC-0076,China University of Petroleum (East China) Qingdao Government Scholarship for New International Students,China Scholarship Council (CSC),International students,Engineering|Medicine/Health|Arts/Humanities|Chinese Language|Petroleum/Energy,Global (non-PRC),Degree study|Research,0,"1. Supporting Category:New students in the programs of Long-term non-degree, Bachelor's degree, Master's degree and Doctoral degree.",China Scholarship Council (campuschina.org),China,"April 1, 2018",CNY 10000/year,Undergraduate|Master's|PhD|Language,1 year,http://cie.upc.edu.cn/s/31/t/1027/p/1/c/7981/d/8227/list.htm,Asia / China,Annual,Full,1,Undergraduate|Master's|PhD|Language,Chinese Government Scholarship,85,Medium,1,100,Undergraduate|Master's|PhD|Language,http://cie.upc.edu.cn/s/31/t/1027/p/1/c/7981/d/8227/list.htm,Tuition + Accommodation + Stipend,1 year
CSC-0077,Southwest University President Scholarship,China Scholarship Council (CSC),International students,Medicine/Health|Education|Arts/Humanities|Chinese Language,International (non-PRC),Degree study|Research,0,"In order to strengthen mutual understanding and friendship between the people of China and the rest of the world, Southwest University offers the president scholarship to sponsor international students and scholars to undertake studies and research.",China Scholarship Council (campuschina.org),China,Annual (see program page),See program details,Undergraduate|Master's|PhD|Language,4 years,http://gjxy.swu.edu.cn,Asia / China,Annual,Full,1,Undergraduate|Master's|PhD|Language,Chinese Government Scholarship,85,Medium,1,95,Undergraduate|Master's|PhD|Language,http://gjxy.swu.edu.cn,Tuition + Accommodation + Stipend + Medical insurance,4 years
CSC-0078,"Southwest University ""New Silk Road"" Scholarship for International Students",China Scholarship Council (CSC),Belt and Road countries,Medicine/Health|Economics/Business|Education|Arts/Humanities,Belt and Road countries,Degree study|Research,0,To finance students or short-term groups from the countries along the Belt and Road with established joint study projects or agreements with SWU.,China Scholarship Council (campuschina.org),China,Annual (see program page),See program details,Undergraduate|Master's|PhD,4 years,http://gjxy.swu.edu.cn,Asia / China,Annual,Full,1,Undergraduate|Master's|PhD,Silk Road,85,Medium,1,65,Undergraduate|Master's|PhD,http://gjxy.swu.edu.cn,Tuition + Accommodation + Stipend + Medical insurance,4 years
CSC-0079,Excellent New Students of Dalian Maritime University,China Scholarship Council (CSC),International students,Law|Education,Global (non-PRC),Degree study,0,"The winners can enjoy payment discount in the next study term at DMU, even for different learning programs.",China Scholarship Council (campuschina.org),China,,See program details,Undergraduate|Master's,,http://iec.dlmu.edu.cn,Asia / China,Annual,Full,1,Undergraduate|Master's,Chinese Government Scholarship,80,Medium,0,100,Undergraduate|Master's,http://iec.dlmu.edu.cn,Tuition + Accommodation + Stipend + Medical insurance,
CSC-0080,Excellent Master's Degree Students Award of Dalian Maritime University,China Scholarship Council (CSC),International students,Law|Education,Global (non-PRC),Degree study,0,"The winners can enjoy payment discount in the next study term at DMU, even for different learning programs.",China Scholarship Council (campuschina.org),China,,See program details,Master's,,http://iec.dlmu.edu.cn,Asia / China,Annual,Full,1,Master's,Chinese Government Scholarship,80,Medium,0,100,Master's,http://iec.dlmu.edu.cn,Tuition + Accommodation + Stipend + Medical insurance,
CSC-0081,Excellent Language Students Award of Dalian Maritime University,China Scholarship Council (CSC),International students,Law|Education|Chinese Language,Global (non-PRC),Degree study,0,"The winners can enjoy payment discount in the next study term at DMU, even for different learning programs.",China Scholarship Council (campuschina.org),China,,See program details,Language,,http://iec.dlmu.edu.cn,Asia / China,Annual,Full,1,Language,Chinese Government Scholarship,80,Medium,0,100,Language,http://iec.dlmu.edu.cn,Tuition + Accommodation + Stipend + Medical insurance,
CSC-0082,Excellent Graduates Award of Dalian Maritime University,China Scholarship Council (CSC),International students,Law|Education|Chinese Language,Global (non-PRC),Degree study,0,"The winners can enjoy payment discount in the next study term at DMU, even for different learning programs.",China Scholarship Council (campuschina.org),China,,See program details,Undergraduate|Language,,http://iec.dlmu.edu.cn,Asia / China,Annual,Full,1,Undergraduate|Language,Chinese Government Scholarship,80,Medium,0,100,Undergraduate|Language,http://iec.dlmu.edu.cn,Tuition + Accommodation + Stipend + Medical insurance,
CSC-0083,Excellent Undergraduates Award of Dalian Maritime University,China Scholarship Council (CSC),International students,Law|Education,Global (non-PRC),Degree study,0,"The winners can enjoy payment discount in the next study term at DMU, even for different learning programs.",China Scholarship Council (campuschina.org),China,,See program details,Undergraduate,,http://iec.dlmu.edu.cn,Asia / China,Annual,Full,1,Undergraduate,Chinese Government Scholarship,80,Medium,0,100,Undergraduate,http://iec.dlmu.edu.cn,Tuition + Accommodation + Stipend + Medical insurance,
CSC-0084,Good Progress Award of Dalian Maritime University,China Scholarship Council (CSC),International students,Law|Education,Global (non-PRC),Degree study,0,"The winners can enjoy payment discount in the next study term at DMU, even for different learning programs.",China Scholarship Council (campuschina.org),China,,See program details,Undergraduate,,http://iec.dlmu.edu.cn,Asia / China,Annual,Full,1,Undergraduate,Chinese Government Scholarship,80,Medium,0,100,Undergraduate,http://iec.dlmu.edu.cn,Tuition + Accommodation + Stipend + Medical insurance,
CSC-0085,Dalian Government Scholarship of Dalian Maritime University,China Scholarship Council (CSC),International students,Law|Education,Global (non-PRC),Degree study,0,"With a view to further development the education of international students, Dalian Government established Dalian Government Scholarship Program for encouraging international students to study hard after being enrolled.",China Scholarship Council (campuschina.org),China,,See program details,Undergraduate|Master's,,https://www.campuschina.org,Asia / China,Annual,Full,1,Undergraduate|Master's,Chinese Government Scholarship,80,Medium,0,100,Undergraduate|Master's,https://www.campuschina.org,Tuition,
CSC-0086,Liaoning Government Scholarship of Dalian Maritime University,China Scholarship Council (CSC),International students,Engineering|Science|Medicine/Health|Economics/Business|Law|Management|Education|Arts/Humanities|Chinese Language|Computer Science,International (non-PRC),Degree study|Research|Exchange,0,The Scholarship is aimed at assisting Doctorate students who apply for studying at Dalian Maritime University.,China Scholarship Council (campuschina.org),China,July. 6,See program details,Undergraduate|Master's|PhD,3 years,http://www.campuschina.org,Asia / China,Annual,Full,1,Undergraduate|Master's|PhD,Designated,90,Medium,1,95,Undergraduate|Master's|PhD,http://www.campuschina.org,Tuition + Accommodation + Stipend + Medical insurance,3 years
CSC-0087,Chinese Government Scholarship of Dalian Maritime University,China Scholarship Council (CSC),International students,Engineering|Science|Medicine/Health|Economics/Business|Law|Management|Education|Arts/Humanities|Computer Science,International (non-PRC),Degree study|Research,0,"(3) Monthly living allowance (master's degree students: 3,000RMB/month; doctoral degree students: 3,500RMB/month).",China Scholarship Council (campuschina.org),China,July. 6,See program details,Undergraduate|Master's|PhD,6 months,http://www.campuschina.org,Asia / China,Annual,Full,1,Undergraduate|Master's|PhD,Designated,85,Medium,1,95,Undergraduate|Master's|PhD,http://www.campuschina.org,Tuition + Accommodation + Stipend + Medical insurance,6 months
CSC-0088,SWUPL President Scholarship for International Students,China Scholarship Council (CSC),International students,Science|Law|Chinese Language,Global (non-PRC),Degree study,0,"· Non-Chinese applicants wishing to participate in or currently study in a degree program (bachelor degree, master degree, doctorate degree, or pre-university program) at Southwest University of Political Science and Law.",China Scholarship Council (campuschina.org),China,Oct-15,See program details,Undergraduate|Master's|PhD|Language,1 year,http://zs.swupl.edu.cn,Asia / China,Annual,Full,1,Undergraduate|Master's|PhD|Language,University,80,Medium,1,100,Undergraduate|Master's|PhD|Language,http://zs.swupl.edu.cn,Tuition + Accommodation + Stipend + Medical insurance,1 year
CSC-0089,"""The Belt and Road"" scholarships for foreign students at Beijing Film Academy",China Scholarship Council (CSC),Belt and Road countries,Education,Belt and Road countries,Degree study,0,"Contents and standard of scholarship: ""The Belt and Road"" scholarships for foreign students at Beijing Film Academy are a scholarship program of Beijing Municipal Education Commission to implement the ""Belt and Road"" strategy and support higher education for foreign students from countries along the routes. The scholarships are targeted at foreign freshmen of undergraduate program or above every year. Contents of scholarships: partly tuition wavers during the first year; standards of scholarships: according to enrollment every year.",China Scholarship Council (campuschina.org),China,Annual (see program page),See program details,Undergraduate|PhD,,https://www.campuschina.org,Asia / China,Annual,Full,1,Undergraduate|PhD,Belt and Road,80,High,0,65,Undergraduate|PhD,https://www.campuschina.org,Tuition,
CSC-0090,Scholarships for foreign students at Beijing Film Academy,China Scholarship Council (CSC),International students,Education,International (non-PRC),Degree study,0,Contents and standard of scholarship: Scholarships for foreign students at Beijing Film Academy are a scholarship program of Beijing Municipal Education Commission to support foreign student higher education. The scholarships are targeted at foreign freshmen of undergraduate and graduate programs every year. Contents of scholarships: partly tuition wavers during the first year; standards of scholarships: according to enrollment every year.,China Scholarship Council (campuschina.org),China,Annual (see program page),See program details,Undergraduate,,https://www.campuschina.org,Asia / China,Annual,Full,1,Undergraduate,Chinese Government Scholarship,80,Medium,0,95,Undergraduate,https://www.campuschina.org,Tuition,
CSC-0091,Beijing Film Academy national scholarships,China Scholarship Council (CSC),International students,Medicine/Health|Education,International (non-PRC),Degree study,0,"Contents and standard of scholarship: Beijing Film Academy national scholarships are a scholarship program of Ministry of Education to support foreign student higher education. It is a full scholarship (including tuition, accommodation, living expenses and general medical insurance). Living expenses are paid monthly. Graduate standard: RMB 3000/per person/month; doctoral standard: RMB 3500/per person/month.",China Scholarship Council (campuschina.org),China,Annual (see program page),See program details,PhD,,https://www.campuschina.org,Asia / China,Annual,Full,1,PhD,Chinese Government Scholarship,85,Medium,1,95,PhD,https://www.campuschina.org,Tuition + Accommodation + Medical insurance,
CSC-0092,Ningxia University Scholarships for International Students,China Scholarship Council (CSC),International students,Medicine/Health|Law|Management|Education|Arts/Humanities|Chinese Language,Global (non-PRC),Degree study|Research,0,"In order to further accelerate the internationalization of our school, serve the construction of ""Double First-Class"" university project (to construct world-class universities and first-class disciplines), expand the scale of international students and attract high quality students, Ningxia University has provided full scholarships for international students since 2017, which include PhD scholarships (¥3500 per month), Master Scholarships (¥3000 per month) and Bachelor Scholarships (¥2500 per month). Scholarship recipients are exempt from tuition, living expenses and comprehensive medical insurance.",China Scholarship Council (campuschina.org),China,March – June (annual),See program details,Undergraduate|Master's|PhD|Language,,http://sie.nxu.edu.cn/info/1023/1318.htm,Asia / China,Mar–Jun,Full,1,Undergraduate|Master's|PhD|Language,Chinese Government Scholarship,80,Medium,1,100,Undergraduate|Master's|PhD|Language,http://sie.nxu.edu.cn/info/1023/1318.htm,Tuition + Medical insurance,
CSC-0093,Northeast Normal University Confucius Institute Scholarship,China Scholarship Council (CSC),Confucius Institute students/teachers|Chinese language teachers,Medicine/Health|History|Arts/Humanities|Chinese Language,Global (non-PRC),Degree study,0,"b) In good Physical and mental condition, well performed both academically and behaviorally",China Scholarship Council (campuschina.org),China,Annual (see program page),See program details,Undergraduate|Master's|Language,11 months,http://iso.nenu.edu.cn,Asia / China,Annual,Full,1,Undergraduate|Master's|Language,Designated,80,Medium,1,100,Undergraduate|Master's|Language,http://iso.nenu.edu.cn,Tuition + Accommodation + Stipend + Medical insurance,11 months
CSC-0094,Northeast Normal University Chinese Government Scholarship,China Scholarship Council (CSC),Belt and Road countries,Engineering|Science|Medicine/Health|Agriculture|Economics/Business|Law|Management|Education|History|Arts/Humanities,Global (non-PRC),Degree study|Research,0,"In order to promote the mutual understanding, cooperation and exchanges in various fields between China and other countries, the Chinese government has set up a series of scholarship programs to sponsor international students, teachers and scholars to study and conduct research in Chinese universities. China Scholarship Council (hereinafter referred to as CSC), entrusted by the Ministry of Education of the People's Republic of China(hereinafter referred to as MOE), is responsible for the enrollment and the administration of Chinese Government Scholarship programs. Now, 279 designated Chinese universities offer a wide variety of academic programs in Science, Engineering, Agriculture, Medicine, Economics, Legal Studies, Management, Education, History, Literature, Philosophy, and Fine Arts for scholarship recipients at all levels.",China Scholarship Council (campuschina.org),China,,See program details,Undergraduate|Master's|PhD|General Scholar|Senior Scholar,,http://iso.nenu.edu.cn,Asia / China,Annual,Full,1,Undergraduate|Master's|PhD|General Scholar|Senior Scholar,Bilateral,85,High,1,100,Undergraduate|Master's|PhD|General Scholar|Senior Scholar,http://iso.nenu.edu.cn,Tuition + Accommodation + Stipend + Medical insurance,
CSC-0095,NENU Excellent Self-financed International Students Scholarship,China Scholarship Council (CSC),International students,Economics/Business|Law,Global (non-PRC),Degree study,0,"In order to encourage international students to study hard and be positive as well as to improve reputation of NENU and attract more international students to study here, NENU set up Excellent Self-supporting International Students Scholarship.",China Scholarship Council (campuschina.org),China,,See program details,Undergraduate|Master's|PhD,,https://www.campuschina.org,Asia / China,Annual,Full,1,Undergraduate|Master's|PhD,Chinese Government Scholarship,80,Medium,0,100,Undergraduate|Master's|PhD,https://www.campuschina.org,Tuition + Accommodation + Stipend + Medical insurance,
CSC-0096,Shanghai Jiao Tong University Scholarship,China Scholarship Council (CSC),International students,Management,International (non-PRC),Degree study,0,"SJTU provides different kinds of scholarship for excellent applicants, such as Chinese Government Scholarship, Shanghai Government Scholarship, SJTU Scholarship, and others.",China Scholarship Council (campuschina.org),China,,See program details,Undergraduate,4 years,https://www.campuschina.org,Asia / China,Annual,Full,1,Undergraduate,Chinese Government Scholarship,85,Medium,0,95,Undergraduate,https://www.campuschina.org,Tuition + Accommodation + Stipend,4 years
CSC-0097,Chongqing Normal University Chinese Government Scholarship,China Scholarship Council (CSC),International students,Medicine/Health|Education|Arts/Humanities|Chinese Language,Global (non-PRC),Degree study|Research|Language training,0,Chinese Government Scholarship-University Postgraduate Program of Chongqing Normal University is established by Chinese Scholarship Council aiming to provide support in developing international high level universities and promote more excellent international students to study in China.,China Scholarship Council (campuschina.org),China,"January 5, 2018",See program details,Undergraduate|Master's|Language,2-3 academic years,http://www.csc.edu.cn/Laihua/scholarshipen.aspx,Asia / China,Jan–Apr,Full,1,Undergraduate|Master's|Language,Chinese Government Scholarship,85,Medium,1,100,Undergraduate|Master's|Language,http://www.csc.edu.cn/Laihua/scholarshipen.aspx,Tuition + Accommodation + Stipend + Medical insurance,2-3 academic years
CSC-0098,Chongqing Normal University Confucius Institute Scholarship,China Scholarship Council (CSC),Confucius Institute students/teachers,Medicine/Health|Law|Education|History|Arts/Humanities|Chinese Language|Computer Science,International (non-PRC),Degree study,0,"Application is open to applicant who holds a non-Chinese citizenship, aged between 18 and 35 years, in good character and excellent learning. (Applicant currently holding a Chinese language teaching position must not exceed the age limit of 45;Applicant for undergraduate program must not exceed the age limit of 25.)",China Scholarship Council (campuschina.org),China,,"CNY 2,500/month; CNY 3,000/month",Undergraduate|Master's|Language,,http://cis.chinese.cn,Asia / China,Rolling,Full,1,Undergraduate|Master's|Language,Designated,85,High,1,95,Undergraduate|Master's|Language,http://cis.chinese.cn,Tuition + Accommodation + Stipend + Medical insurance,
CSC-0099,Chongqing Normal University Chongqing Municipal Government Mayor Scholarship,China Scholarship Council (CSC),International students,Medicine/Health|Education|Arts/Humanities,International (non-PRC),Degree study,0,"In order to encourage more outstanding international students to pursue a higher education in Chongqing, facilitate the internationalization of the higher education institutions in Chongqing, Chongqing Municipal Government launches the Chongqing Municipal Government Mayor Scholarship.",China Scholarship Council (campuschina.org),China,,See program details,Undergraduate|Master's,,http://international.cqnu.edu.cn/,Asia / China,Annual,Full,1,Undergraduate|Master's,Chinese Government Scholarship,80,Medium,1,95,Undergraduate|Master's,http://international.cqnu.edu.cn/,Tuition + Accommodation + Stipend + Medical insurance,
CSC-0100,SILK ROAD SCHOLARSHIP OF CHONGQING NORMAL UNIVERSITY,China Scholarship Council (CSC),Belt and Road countries,Medicine/Health|Law,Global (non-PRC),Degree study,0,"Chongqing Normal University has founded the ""Silk Road Scholarship"", in response to ""The Belt and Road Initiative"" Strategy enounced by Chinese president Xi Jinping. It also aims to expand the overseas students enrollment, to motivate international students of Chongqing Normal University to obey laws and regulations of China, and to encourage them to study assiduously. Applicants of graduates or postgraduates, or language students could apply this scholarship. The ""Silk Road Scholarship"" is classified into the first class and second class.",China Scholarship Council (campuschina.org),China,,See program details,Undergraduate|Master's,,http://international.cqnu.edu.cn/,Asia / China,Annual,Full,1,Undergraduate|Master's,Silk Road,85,Medium,1,100,Undergraduate|Master's,http://international.cqnu.edu.cn/,Tuition + Accommodation,
CSC-0101,Tianjin University of Technology and Education Scholarships,Tianjin University,International students,Science|Medicine/Health|Management|Education|Arts/Humanities|Chinese Language,International (non-PRC),Degree study|Research|Language training,0,"- Applicants for undergraduate programme must have senior high school diploma with good academic performance and be under the age of 25, and applicants for Tianjin Government Scholarship should be under the age of 30.",China Scholarship Council (campuschina.org),China,March – June (annual),See program details,Undergraduate|Master's|General Scholar|Language,6 months,http://www.csc.edu.cn/Laihua,Asia / China,Mar–Jun,Full,0,Undergraduate|Master's|General Scholar|Language,Chinese Government Scholarship,50,Medium,1,95,Undergraduate|Master's|General Scholar|Language,http://www.csc.edu.cn/Laihua,Tuition + Accommodation + Stipend + Medical insurance,6 months
CSC-0102,HIT Outstanding International Freshman Scholarship,China Scholarship Council (CSC),International students,Medicine/Health|Law|Education|Chinese Language,Global (non-PRC),Degree study|Research|Language training,0,The International Freshman Scholarship was founded to encourage worldwide international students to study at HIT. The implement rules are set to carry out the election work of the scholarship.,China Scholarship Council (campuschina.org),China,March – June (annual),See program details,Undergraduate|PhD|Language,2 years,http://www.studyathit.cn/en/academic/program/view?id=19,Asia / China,Mar–Jun,Full,1,Undergraduate|PhD|Language,Exchange,80,Medium,1,100,Undergraduate|PhD|Language,http://www.studyathit.cn/en/academic/program/view?id=19,Tuition,2 years
CSC-0103,HIT Qingrui Scholarship for International Students,China Scholarship Council (CSC),International students,Medicine/Health|Economics/Business|Law|Management|Education|Arts/Humanities|Petroleum/Energy,Global (non-PRC),Degree study|Research,0,"In order to encourage and attract more excellent International students to study at HIT, develop English-medium courses, Harbin Institute of Technology and Daqing Zhongyou Qingrui Petroleum Technology Co. Ltd. co-founded HIT-Qingrui Scholarship for International Students (hereinafter referred to as Qingrui Scholarship). Qingrui Scholarship is funded by Daqing Zhongyou Qingrui Petroleum Technology Co. Ltd., managed by College of International Education of HIT.",China Scholarship Council (campuschina.org),China,Annual (see program page),See program details,Undergraduate|Master's,4 years,http://www.studyathit.cn/en/academic/program/view?id=20,Asia / China,Annual,Full,1,Undergraduate|Master's,Chinese Government Scholarship,80,Medium,1,100,Undergraduate|Master's,http://www.studyathit.cn/en/academic/program/view?id=20,Tuition + Stipend,4 years
CSC-0104,Zhengzhou University Henan Provincial Government Scholarship,China Scholarship Council (CSC),International students,Medicine/Health|Law|Management|Education|Arts/Humanities|Chinese Language,Global (non-PRC),Degree study|Research,0,Henan Provincial Government Scholarship is a provincial scholarship established by the Government of Henan Province to support provincial universities to recruit outstanding international students and scholars for degree programs and non-degree programs in Henan province.,China Scholarship Council (campuschina.org),China,Annual (see program page),"CNY 40,000/year; CNY 30,000/year; CNY 15,000/year; CNY 10,000/year",Undergraduate|Master's|PhD|General Scholar|Research Scholar|Language,4 years,http://apply.zzu.edu.cn,Asia / China,Jan–Apr,Full,1,Undergraduate|Master's|PhD|General Scholar|Research Scholar|Language,Chinese Government Scholarship,85,Medium,1,100,Undergraduate|Master's|PhD|General Scholar|Research Scholar|Language,http://apply.zzu.edu.cn,Tuition + Accommodation,4 years
CSC-0105,Zhengzhou University Presidential Scholarship,China Scholarship Council (CSC),Confucius Institute students/teachers,Medicine/Health|Law|Management|Education|Arts/Humanities|Chinese Language,Global (non-PRC),Degree study|Research,0,"In order to further enhance international exchange and cooperation, attract and encourage international students from different states and regions across the world to study in Zhengzhou University, and endeavor to create an international brand of ""studying abroad in Zhengzhou University"", ZZU hereby introduces ""Zhengzhou University Presidential Scholarship"" (hereinafter referred to as the scholarship).",China Scholarship Council (campuschina.org),China,Annual (see program page),See program details,Undergraduate|Master's|PhD|Language,,http://apply.zzu.edu.cn/,Asia / China,Mar–Jun,Full,1,Undergraduate|Master's|PhD|Language,Confucius Institute,90,Medium,1,100,Undergraduate|Master's|PhD|Language,http://apply.zzu.edu.cn/,Tuition + Accommodation + Stipend + Medical insurance,
CSC-0106,Zhengzhou University Scholarships for Excellent International Students,China Scholarship Council (CSC),International students,Law|Management|Education,Global (non-PRC),Degree study,0,"In order to attract excellent international candidates to pursue their degree study in China, Zhengzhou University establishes ""Zhengzhou University Scholarships for Excellent International Students"".",China Scholarship Council (campuschina.org),China,,See program details,Undergraduate|Master's,,https://www.campuschina.org,Asia / China,Annual,Full,1,Undergraduate|Master's,Chinese Government Scholarship,85,Medium,0,100,Undergraduate|Master's,https://www.campuschina.org,Tuition + Accommodation,
CSC-0107,Beihang University Foreign Students Scholarship,China Scholarship Council (CSC),International students,Law,International (non-PRC),Degree study|Research,0,"Article One: In order to encourage foreign students to study hard and to promote their innovation and creativity, Beijing Municipal Government and Beihang University (BUAA) have established the Self-Supported Foreign Students Scholarships. This regulation is constituted for the awarding of scholarship.",China Scholarship Council (campuschina.org),China,March – May (annual),See program details,Undergraduate|Master's|PhD,,http://is.buaa.edu.cn,Asia / China,Annual,Full,1,Undergraduate|Master's|PhD,Chinese Government Scholarship,80,Medium,0,95,Undergraduate|Master's|PhD,http://is.buaa.edu.cn,Tuition,
CSC-0108,"CUG ""Belt and Road"" special Elite scholarships (CUG Elite Scholarship)",China Scholarship Council (CSC),Belt and Road countries,Science|Medicine/Health|Education|Chinese Language,Belt and Road countries,Degree study|Research,0,"China University of Geosciences (CUG) provides ""Belt and Road"" special Elite scholarships (hereinafter referred to as CUG Elite Scholarship) for elite graduate students to reward those international students who make outstanding contributions to society and scientific progress. This award is given to master and Ph.D. students who are self-funded.",China Scholarship Council (campuschina.org),China,January – June (annual),See program details,Undergraduate|Master's|Language,,"http://admission.cug.du.cn,and",Asia / China,Annual,Partial,0,Undergraduate|Master's|Language,Belt and Road,50,High,1,65,Undergraduate|Master's|Language,"http://admission.cug.du.cn,and",Tuition + Accommodation,
CSC-0109,CUG's International Freshman Scholarship,China Scholarship Council (CSC),International students,Engineering|Science|Medicine/Health|Economics/Business|Management|Education|Arts/Humanities,International (non-PRC),Degree study,0,"To encourage and support outstanding international students to pursue a bachelor's degree in China university of Geosciences (Wuhan), China University Geosciences (Wuhan) (CUG) has established a CUG International Freshman Scholarship from 2016. This kind of scholarship is offered for all international students who intend to pursue a bachelor's degree in CUG.",China Scholarship Council (campuschina.org),China,"June 30, 2017",See program details,Undergraduate,4 years,http://admission.cug.edu.cn/,Asia / China,Annual,Full,1,Undergraduate,Chinese Government Scholarship,85,Medium,1,95,Undergraduate,http://admission.cug.edu.cn/,Tuition + Accommodation,4 years
CSC-0110,Shanghai Maritime University Chinese Government Scholarship,China Scholarship Council (CSC),International students,Medicine/Health|Law|Management|Education,Global (non-PRC),Degree study|Research,0,"In order to increase the cooperation and understanding between the people of China and other countries, develop outstanding international talent and improve the perception of China's higher education, Shanghai Maritime University (SMU) is opening application for full-time studies under the 2016 Chinese government scholarship program.",China Scholarship Council (campuschina.org),China,,See program details,Undergraduate|Master's|PhD|General Scholar|Senior Scholar,two years,https://www.campuschina.org,Asia / China,Annual,Full,1,Undergraduate|Master's|PhD|General Scholar|Senior Scholar,Chinese Government Scholarship,90,Medium,1,100,Undergraduate|Master's|PhD|General Scholar|Senior Scholar,https://www.campuschina.org,Tuition + Accommodation + Stipend + Medical insurance,two years
CSC-0111,Harbin Normal University Chinese Government Scholarship,China Scholarship Council (CSC),International students,Medicine/Health,Global (non-PRC),Degree study,0,Scholarship for Postgraduate: Scholarship is provided to those who apply to attend postgraduate program with a time span of 3 years. The applicant should have a Bachelor's Degree with good records and be recommended by 2 professors or 2 associate professors. Applicant will be admitted when passing the HRBNU enrollment test. The applicant should be younger than 35.,China Scholarship Council (campuschina.org),China,Apr-01,See program details,Undergraduate|Master's|PhD,3 years,https://www.campuschina.org,Asia / China,Annual,Full,1,Undergraduate|Master's|PhD,Chinese Government Scholarship,85,Medium,1,100,Undergraduate|Master's|PhD,https://www.campuschina.org,Tuition + Accommodation + Stipend + Medical insurance,3 years
CSC-0112,Harbin Normal University Confucius Institute Scholarship,China Scholarship Council (CSC),Confucius Institute students/teachers|Chinese language teachers,Medicine/Health|Chinese Language,International (non-PRC),Degree study,0,"The category of scholarship includes Scholarship for Students of Master's Degree in Teaching Chinese to Speakers of Other Languages(MTCSOL), Scholarship for Students of Bachelor's Degree in Teaching Chinese to Speakers of Other Languages (BTCSOL),Scholarship for One-Academic-Year Students, and Scholarship for One-Semester Students. Applicants shall be non-Chinese citizens in good health, aged between 16 and 35 (Chinese language teachers in position can be aged below 45).",China Scholarship Council (campuschina.org),China,,See program details,Undergraduate|Master's|Language,,https://www.campuschina.org,Asia / China,Annual,Full,0,Undergraduate|Master's|Language,Confucius Institute,50,Medium,1,95,Undergraduate|Master's|Language,https://www.campuschina.org,Tuition + Accommodation + Stipend + Medical insurance,
CSC-0113,Harbin Normal University Heilongjiang Provincial Government Scholarship,China Scholarship Council (CSC),International students,Medicine/Health|Chinese Language,Global (non-PRC),Degree study|Language training,0,Scholarship for Undergraduate: Scholarship is provided to those who apply to attend undergraduate program with a time span of 4 years. Applicants are required to have a diploma comparable to a Chinese high school certificate with good records. The applicant should be younger than 25.,China Scholarship Council (campuschina.org),China,Apr-01,See program details,Undergraduate|Master's|PhD|Language,4 years,https://www.campuschina.org,Asia / China,Annual,Full,1,Undergraduate|Master's|PhD|Language,Chinese Government Scholarship,85,Medium,1,100,Undergraduate|Master's|PhD|Language,https://www.campuschina.org,Tuition + Accommodation + Medical insurance,4 years
CSC-0114,Beijing Technology and Business University Chinese Government Scholarship,China Scholarship Council (CSC),International students,Engineering|Science|Medicine/Health|Agriculture|Economics/Business|Law|Management|Education|History|Arts/Humanities|Chinese Language,International (non-PRC),Degree study|Research,0,"l NOTE: Field of Study I includes Philosophy, Economics, Legal Studies, Education, Literature (Fine Arts excluded), History, and Management; Field of Study II includes Science, Engineering, and Agriculture; Field of Study III includes Fine Arts and Medicine.",China Scholarship Council (campuschina.org),China,Apr-01,See program details,Undergraduate|Master's|PhD|Language,6 months,http://admission.btbu.edu.cn,Asia / China,Annual,Full,1,Undergraduate|Master's|PhD|Language,Chinese Government Scholarship,90,Medium,1,95,Undergraduate|Master's|PhD|Language,http://admission.btbu.edu.cn,Tuition + Accommodation + Stipend + Medical insurance,6 months
CSC-0115,Beijing Technology and Business University Beijing Belt and Road Scholarship,China Scholarship Council (CSC),Belt and Road countries,Medicine/Health|Economics/Business|Law|Education|Chinese Language,Belt and Road countries,Degree study|Research,0,(2) Doctoral degree applicants should be under the age 45. Master degree applicants should be under the age 35.,China Scholarship Council (campuschina.org),China,Jun-15,See program details,Undergraduate|Master's|PhD|Language,6 months,http://admission.btbu.edu.cn,Asia / China,Annual,Full,1,Undergraduate|Master's|PhD|Language,Belt and Road,90,High,1,65,Undergraduate|Master's|PhD|Language,http://admission.btbu.edu.cn,Tuition + Accommodation + Stipend + Medical insurance,6 months
CSC-0116,Beijing Technology and Business University President Scholarship,China Scholarship Council (CSC),International students,Medicine/Health|Economics/Business|Law|Education|Chinese Language,International (non-PRC),Degree study|Research,0,(1) Doctoral degree applicants should be under the age 45. Master degree applicants should be under the age 35.,China Scholarship Council (campuschina.org),China,Jun-15,See program details,Undergraduate|Master's|PhD|Language,6 months,http://admission.btbu.edu.cn,Asia / China,Annual,Full,1,Undergraduate|Master's|PhD|Language,Chinese Government Scholarship,90,Medium,1,95,Undergraduate|Master's|PhD|Language,http://admission.btbu.edu.cn,Tuition + Accommodation + Stipend + Medical insurance,6 months
CSC-0117,Beijing Technology and Business University Silk Road Scholarship,China Scholarship Council (CSC),Belt and Road countries,Science|Medicine/Health|Economics/Business|Law|Education|Chinese Language,Belt and Road countries,Degree study|Research,0,"(3) Applicants education back ground, research ability, academic performance, language proficiency meet the admission criteria.",China Scholarship Council (campuschina.org),China,Apr-15,See program details,Undergraduate|Master's|PhD|Language,6 months,http://admission.btbu.edu.cn,Asia / China,Annual,Full,1,Undergraduate|Master's|PhD|Language,Silk Road,90,Medium,1,65,Undergraduate|Master's|PhD|Language,http://admission.btbu.edu.cn,Tuition + Accommodation + Stipend + Medical insurance,6 months
CSC-0118,Beijing Technology and Business University Beijing Government Scholarship,China Scholarship Council (CSC),International students,Medicine/Health|Economics/Business|Law|Education|Chinese Language,International (non-PRC),Degree study|Research,0,(1) Doctoral degree applicants should be under the age 45. Master degree applicants should be under the age 35.,China Scholarship Council (campuschina.org),China,Jun-15,See program details,Undergraduate|Master's|PhD|Language,6 months,http://admission.btbu.edu.cn,Asia / China,Annual,Full,1,Undergraduate|Master's|PhD|Language,Chinese Government Scholarship,90,Medium,1,95,Undergraduate|Master's|PhD|Language,http://admission.btbu.edu.cn,Tuition + Accommodation + Stipend + Medical insurance,6 months
CSC-0119,President Scholarship for International Students of Sichuan International Studies University,China Scholarship Council (CSC),International students,All fields,Global (non-PRC),Degree study,0,"The president scholarship for foreign students of SISU provides scholarships of 80,000 yuan each year for international students in recognition and encouragement of outstanding self-sponsored students.",China Scholarship Council (campuschina.org),China,Annual (see program page),See program details,Not specified,,https://www.campuschina.org,Asia / China,Annual,Full,1,Not specified,Chinese Government Scholarship,80,Medium,0,100,Not specified,https://www.campuschina.org,Tuition + Accommodation + Stipend + Medical insurance,
CSC-0120,Yunnan Minzu University Yunnan Provincial Government Scholarship,China Scholarship Council (CSC),International students,Medicine/Health|Education|Chinese Language,International (non-PRC),Degree study|Research,0,"This Scholarship is open to all applicants for the doctoral, master's and bachelor's degree programs and Chinese Language & Culture program. It includes tuition fees, accommodation, health insurance and living stipends. The scholarship mainly opening to South Asia and Southeast Asia countries.",China Scholarship Council (campuschina.org),China,Annual (see program page),See program details,Undergraduate|Master's|PhD|Language,3-6 years,http://202.203.144.4:9001,Asia / China,Annual,Full,1,Undergraduate|Master's|PhD|Language,Chinese Government Scholarship,90,Medium,1,95,Undergraduate|Master's|PhD|Language,http://202.203.144.4:9001,Tuition + Accommodation + Stipend,3-6 years
CSC-0121,Yunnan Minzu University The Chinese Government Scholarship (CSC),China Scholarship Council (CSC),International students,Medicine/Health|Education,International (non-PRC),Degree study|Research,0,"In order to promote the mutual understanding, cooperation and exchanges in various fields between China and other countries, the Chinese government has set up a series of scholarship programs to sponsor international students to study and conduct research in Chinese universities. China Scholarship Council (hereinafter referred to as CSC), entrusted by the Ministry of Education of the People's Republic of China, is responsible for the enrollment and the administration of Chinese Government Scholarship programs.",China Scholarship Council (campuschina.org),China,Annual (see program page),See program details,Undergraduate|Master's|PhD,3-6 years,http://laihua.csc.edu.cn,Asia / China,Annual,Full,1,Undergraduate|Master's|PhD,Exchange,90,Medium,1,95,Undergraduate|Master's|PhD,http://laihua.csc.edu.cn,Tuition + Accommodation + Stipend,3-6 years
CSC-0122,University of Science and Technology of China CAS-TWAS President's Fellowship Programme for Doctoral Candidates,China Scholarship Council (CSC),Developing countries,Science|Medicine/Health|Education|Chinese Language,Global (non-PRC),Degree study|Research,0,"According to the agreement between the Chinese Academy of Sciences (CAS) and The World Academy of Sciences (TWAS) for the advancement of science in developing countries, CAS-TWAS President's Fellowship Programme provides students/scholars (other than China) an opportunity to pursue PhD degrees at University of Science and Technology of China (USTC) or University of CAS or CAS institutes around China.",China Scholarship Council (campuschina.org),China,,See program details,Undergraduate|Master's|PhD|Language,4 years,http://www.fellowship.cas.cn/dms/aonline/1958.jhtml,Asia / China,Annual,Full,1,Undergraduate|Master's|PhD|Language,Chinese Government Scholarship,90,Medium,1,100,Undergraduate|Master's|PhD|Language,http://www.fellowship.cas.cn/dms/aonline/1958.jhtml,Tuition + Accommodation + Stipend,4 years
CSC-0123,"University of Science and Technology of China CAS ""The Belt and Road"" Master Fellowship",China Scholarship Council (CSC),Belt and Road countries,Science|Medicine/Health|Education|Chinese Language,Belt and Road countries,Degree study|Research,0,"""The Belt and Road"" Master Fellowship Programme is launched in connection with the International Outreach Initiative of Chinese Academy of Sciences (CAS). It provides opportunities for the students/scholars from the countries along the Silk Road Economic Belt and the 21st-Century Maritime Silk Road (the Belt and Road) to pursue Master degrees at the University of Science and Technology of China (USTC) or University of CAS or CAS institutes around China.",China Scholarship Council (campuschina.org),China,,See program details,Undergraduate|Master's|Language,3 years,http://isa.ustc.edu.cn/,Asia / China,Annual,Full,1,Undergraduate|Master's|Language,Silk Road,90,Medium,1,65,Undergraduate|Master's|Language,http://isa.ustc.edu.cn/,Tuition + Accommodation + Stipend,3 years
CSC-0124,University of Science and Technology of China Scholarships,China Scholarship Council (CSC),International students,Science|Education,Global (non-PRC),Degree study,0,USTC Scholarship was set up by University of Science and Technology of China to provide an opportunity for excellent international students to study at USTC. USTC Scholarship has two categories: USTC Scholarship A for degree seeking students; USTC Scholarship B for non-degree students.,China Scholarship Council (campuschina.org),China,,See program details,Undergraduate|Master's|PhD,,http://isa.ustc.edu.cn/,Asia / China,Annual,Full,1,Undergraduate|Master's|PhD,Exchange,85,Medium,1,100,Undergraduate|Master's|PhD,http://isa.ustc.edu.cn/,Tuition + Stipend,
CSC-0125,NUAA Outstanding International Student Scholarship,China Scholarship Council (CSC),International students,All fields,Global (non-PRC),Degree study,0,"In order to strengthen the support for overseas students, besides Chinese Government Scholarship, Jasmine Jiangsu Government Scholarship and Nanjing Municipal Government International Student Scholarship, our university also offers university scholarship for international students. The amount of first prize, the second prize and the third prize for undergraduate students is 10000RMB, 7000RMB, 5000RMB; The first prize and the second prize for postgraduate students are 20000 RMB and 10000RMB.",China Scholarship Council (campuschina.org),China,,See program details,Undergraduate|Master's,,https://www.campuschina.org,Asia / China,Annual,Full,1,Undergraduate|Master's,Chinese Government Scholarship,85,Medium,0,100,Undergraduate|Master's,https://www.campuschina.org,Accommodation,
CSC-0126,Scholarship for Outstanding Self-funded International Students of Fujian Medical University,China Scholarship Council (CSC),International students,Medicine/Health|Law|Education,Global (non-PRC),Degree study,0,"Scholarship for Outstanding Self-funded International Students of Fujian Medical University is set up for international students for the purpose of stimulating learning enthusiasm and initiative, and cultivating the spirit of ""understanding and befriending China, observing laws and disciplines and diligently learning with a studious and motivated attitude"". The number of candidates accounts for no more than 18% of the total number of self-funded international students of each grade for each major. The scholarship consists of three levels, of which the first level accounts for 3% of candidates with an amount of RMB 7,000 per year; the second level accounts for 6% of candidates with an amount of RMB 5,000 per year; the third level accounts for 9% of candidates with an amount of RMB 3,000 per year.",China Scholarship Council (campuschina.org),China,,"CNY 7,000/year; CNY 5,000/year; CNY 3,000/year",Undergraduate,,https://www.campuschina.org,Asia / China,Annual,Full,1,Undergraduate,Chinese Government Scholarship,85,Medium,1,100,Undergraduate,https://www.campuschina.org,Tuition + Accommodation,
CSC-0127,Excellent Intern Scholarship for International Students of Fujian Medical University,China Scholarship Council (CSC),International students,Medicine/Health|Law|Education,Global (non-PRC),Degree study,0,"Excellent Intern Scholarship is set up for international students for the purpose of cultivating the spirit of ""understanding and befriending China, observing laws and disciplines and diligently learning with a studious and motivated attitude"", and encouraging self-funded international students to study diligently, take clinical practice seriously, make continuous improvement and achieve excellent academic performance. The number of candidates accounts for 10% of the number of clinical trainees of each hospital , each student RMB 2,000 each time.",China Scholarship Council (campuschina.org),China,,See program details,Undergraduate,,https://www.campuschina.org,Asia / China,Annual,Full,1,Undergraduate,Chinese Government Scholarship,85,Medium,1,100,Undergraduate,https://www.campuschina.org,Tuition + Accommodation,
CSC-0128,Academic Progress Scholarship for International Students of Fujian Medical University,China Scholarship Council (CSC),International students,Medicine/Health|Law|Education,Global (non-PRC),Degree study,0,"Academic Progress Scholarship is set up for international students for the purpose of cultivating the spirit of ""understanding and befriending China, observing laws and disciplines and diligently learning with a studious and motivated attitude"", and encouraging self-funded international students to study diligently, take clinical practice seriously, make continuous improvement and achieve excellent academic performance.The number of candidates accounts for 5% of the number of students in each grade, RMB 1,000 per year for each student.",China Scholarship Council (campuschina.org),China,,"CNY 1,000/year",Undergraduate,,https://www.campuschina.org,Asia / China,Annual,Full,1,Undergraduate,Chinese Government Scholarship,85,Medium,1,100,Undergraduate,https://www.campuschina.org,Tuition + Accommodation,
CSC-0129,Chinese Learning Scholarship for International Students of Fujian Medical University,China Scholarship Council (CSC),Chinese language teachers,Medicine/Health|Law|Education|Chinese Language,Global (non-PRC),Degree study,0,"Chinese Learning Scholarship is set up for international students for the purpose of cultivating the spirit of ""understanding and befriending China, observing laws and disciplines and diligently learning with a studious and motivated attitude"", and encouraging self-funded international students to diligently learn Chinese, seriously take clinical practice, make continuous improvement and achieve excellent academic performance ( without number limit ).",China Scholarship Council (campuschina.org),China,,See program details,Undergraduate|Language,,https://www.campuschina.org,Asia / China,Annual,Full,1,Undergraduate|Language,Chinese Government Scholarship,85,Medium,1,100,Undergraduate|Language,https://www.campuschina.org,Tuition + Accommodation,
CSC-0130,Huazhong University of Science & Technology Scholarships,China Scholarship Council (CSC),International students,Science|Medicine/Health,International (non-PRC),Degree study|Research,0,"In order to build up the first-class university in the world and attract more outstanding students from renowned universities globally, Huazhong University of Science & Technology (HUST) has been offering 25 seats of President Scholarship from the Year of 2012 to excellent students for studying in the 2-year English-medium Master's programs at HUST.",China Scholarship Council (campuschina.org),China,May – June (annual),See program details,Master's,,http://admission.hust.edu.cn/,Asia / China,Annual,Full,1,Master's,Chinese Government Scholarship,85,Medium,1,95,Master's,http://admission.hust.edu.cn/,Tuition + Stipend,
CSC-0131,NUIST Excellent Freshmen Scholarship,China Scholarship Council (CSC),International students,Science|Medicine/Health|Law,International (non-PRC),Degree study|Research,0,NUIST Excellent Freshmen Scholarship was established by Nanjing University of Information Science and Technology to attract and encourage outstanding international students to conduct studies and research at our university. The scholarship covers the tuition waiver.,China Scholarship Council (campuschina.org),China,Jun-15,See program details,Undergraduate|Master's|PhD,3 years,http://nuist.17gz.org/member/login.do,Asia / China,Annual,Full,1,Undergraduate|Master's|PhD,Chinese Government Scholarship,80,Medium,1,95,Undergraduate|Master's|PhD,http://nuist.17gz.org/member/login.do,Tuition,3 years
CSC-0132,ZUST Zhejiang Provincial Government Scholarship of ZUST,China Scholarship Council (CSC),International students,Science|Medicine/Health|Law|Education,International (non-PRC),Degree study,0,"International students who apply to study or are studying in Zhejiang Province pursuing a bachelor degree, a master degree, a doctoral degree, or as a long-term general scholar.",China Scholarship Council (campuschina.org),China,,See program details,Undergraduate|Master's|PhD|General Scholar,,https://www.campuschina.org,Asia / China,Annual,Full,1,Undergraduate|Master's|PhD|General Scholar,Chinese Government Scholarship,85,High,1,95,Undergraduate|Master's|PhD|General Scholar,https://www.campuschina.org,Tuition + Accommodation,
CSC-0133,Confucius Institute Scholarship of ZUST,China Scholarship Council (CSC),Confucius Institute students/teachers|Chinese language teachers,Science|Medicine/Health|Law|Management|Education|History|Arts/Humanities|Chinese Language,International (non-PRC),Degree study,0,"The category of scholarship of 2018 includes Scholarship for Students of Master's Degree in Teaching Chinese to Speakers of Other Languages(MTCSOL), Scholarship for Students of One-Academic-Year + MTCSOL, Scholarship for One-Academic-Year Students, and Scholarship for One-Semester Students. Applicants shall be non-Chinese citizens in good health, aged between 16 and 35 (Chinese language teachers in post shall be aged below 45).",China Scholarship Council (campuschina.org),China,Apr-25,See program details,Undergraduate|Master's|Language,5 years,http://cis.chinese.cn,Asia / China,Annual,Full,1,Undergraduate|Master's|Language,Confucius Institute,85,Medium,1,95,Undergraduate|Master's|Language,http://cis.chinese.cn,Tuition + Accommodation,5 years
CSC-0134,ZUST Specialized Scholarship for European students,China Scholarship Council (CSC),International students,All fields,International (non-PRC),Degree study,0,"This scholarship is offered to students from European universities with exchange cooperation agreements with ZUST, and the majors applied by the scholarship applicants should be approved by China Scholarship Council. They could apply to study at ZUST for 1 semester or above and their universities should accept credits students gain at ZUST. Applicants of this scholarship should not be winners of other Chinese government scholarships.",China Scholarship Council (campuschina.org),China,,CNY 1000/month,Undergraduate,,http://www.zust.edu.cn,Asia / China,Annual,Full,1,Undergraduate,Exchange,85,Medium,0,95,Undergraduate,http://www.zust.edu.cn,Tuition + Accommodation + Stipend,
CSC-0135,"""Silk Road"" Chinese Government Scholarship of ZUST",China Scholarship Council (CSC),Belt and Road countries,Engineering|Science|Medicine/Health|Economics/Business|Computer Science,Global (non-PRC),Research,0,"To finance outstanding students from countries within the Belt and Road Initiative to pursue studies in Zhejiang University of Science and Technology(ZUST),we offer 'Silk Road' Chinese Government Scholarship for undergraduate programs.",China Scholarship Council (campuschina.org),China,Annual (see program page),See program details,Undergraduate,,http://studyinchina.csc.edu.cn,Asia / China,Annual,Full,1,Undergraduate,Silk Road,85,Medium,1,100,Undergraduate,http://studyinchina.csc.edu.cn,Tuition + Accommodation + Stipend + Medical insurance,
CSC-0136,Chinese Government Scholarship of ZUST,Tianjin University,ASEAN nationals|EU nationals|Pacific Island countries,Engineering|Science|Medicine/Health|Agriculture|Economics/Business|Law|Management|Education|History|Arts/Humanities|Chinese Language,Pacific Island Forum countries,Degree study|Research|Language training,0,"In order to strengthen mutual understanding and friendship between the Chinese people and people from all over the world, and to develop cooperation and exchanges in fields of politics, economy, culture, education and trade between China and other countries, Chinese government has set up a series of scholarship programs to sponsor international students, teachers and scholars to undertake studies and researches in Chinese higher education institutions (Chinese HEIs).",China Scholarship Council (campuschina.org),China,Jul-31,See program details,Undergraduate|Master's|General Scholar|Senior Scholar|Language,1-2 years,http://laihua.csc.edu.cn,Asia / China,Jan–Apr,Full,0,Undergraduate|Master's|General Scholar|Senior Scholar|Language,Bilateral,50,High,1,50,Undergraduate|Master's|General Scholar|Senior Scholar|Language,http://laihua.csc.edu.cn,Tuition + Accommodation + Stipend + Medical insurance + Air fare,1-2 years
CSC-0137,Scholarship for Outstanding Postgraduate of ZUST,China Scholarship Council (CSC),International students,Law|Management,Global (non-PRC),Degree study,0,This scholarship aims to encourage diligent and hardworking international students pursuing a bachelor or Master degree at ZUST.,China Scholarship Council (campuschina.org),China,July – September (annual),See program details,Undergraduate|Master's,,https://www.campuschina.org,Asia / China,Annual,Full,1,Undergraduate|Master's,Chinese Government Scholarship,80,Medium,0,100,Undergraduate|Master's,https://www.campuschina.org,Tuition,
CSC-0138,Scholarship for Outstanding Undergraduate of ZUST,China Scholarship Council (CSC),International students,Law|Management,Global (non-PRC),Degree study,0,This scholarship aims to encourage diligent and hardworking international students pursuing a bachelor or Master degree at ZUST.,China Scholarship Council (campuschina.org),China,July – September (annual),See program details,Undergraduate|Master's,,https://www.campuschina.org,Asia / China,Annual,Full,1,Undergraduate|Master's,Chinese Government Scholarship,80,Medium,0,100,Undergraduate|Master's,https://www.campuschina.org,Tuition,
CSC-0139,Scholarship for Outstanding New Postgraduate Students of ZUST,China Scholarship Council (CSC),International students,Science|Medicine/Health|Education|Chinese Language,International (non-PRC),Degree study,0,Applicants should be newly enrolled international postgraduate students who will study at Zhejiang University of Science and Technology (ZUST). Applicants should be in a healthy condition.,China Scholarship Council (campuschina.org),China,Annual (see program page),See program details,Undergraduate|Master's|Language,,http://isam.zust.edu.cn/,Asia / China,Annual,Full,1,Undergraduate|Master's|Language,Chinese Government Scholarship,85,Medium,1,95,Undergraduate|Master's|Language,http://isam.zust.edu.cn/,Tuition + Accommodation,
CSC-0140,Scholarship for Outstanding Chinese Language Students of ZUST,China Scholarship Council (CSC),International students,Medicine/Health|Chinese Language,Global (non-PRC),Degree study,0,"a. The applicant must be an officially registered, self-funded advanced level Chinese language student of ZUST",China Scholarship Council (campuschina.org),China,Jan-10,See program details,Language,,https://www.campuschina.org,Asia / China,Annual,Full,1,Language,Chinese Government Scholarship,80,Medium,1,100,Language,https://www.campuschina.org,Tuition + Accommodation + Stipend + Medical insurance,
CSC-0141,Specialized Scholarships of ZUST,China Scholarship Council (CSC),International students,Arts/Humanities|Chinese Language,Global (non-PRC),Degree study,0,"The Specialized Scholarships aim to reward students with outstanding achievements in the areas of academics, sports, arts, cultural exchange and social activities.",China Scholarship Council (campuschina.org),China,,See program details,Language,,https://www.campuschina.org,Asia / China,Annual,Full,1,Language,Exchange,80,Medium,0,100,Language,https://www.campuschina.org,Tuition + Accommodation + Stipend + Medical insurance,
CSC-0142,Scholarship for Outstanding New Students of ZUST,China Scholarship Council (CSC),International students,Science|Medicine/Health|Education|Chinese Language,International (non-PRC),Degree study,0,Applicants should be International students who will study at ZUST. Applicants should be healthy.,China Scholarship Council (campuschina.org),China,Annual (see program page),See program details,Undergraduate|Master's|Language,,http://isam.zust.edu.cn/,Asia / China,Annual,Full,1,Undergraduate|Master's|Language,Chinese Government Scholarship,80,Medium,1,95,Undergraduate|Master's|Language,http://isam.zust.edu.cn/,Tuition,
CSC-0143,Xidian University Huashan Scholarship,China Scholarship Council (CSC),International students,Education,Global (non-PRC),Degree study|Research,0,Huashan Scholarship Program is established by Xidian University which aims to financially assist excellent international students to study at Xidian University for the degrees study.,China Scholarship Council (campuschina.org),China,,See program details,Undergraduate|Master's|PhD|General Scholar|Senior Scholar,,http://sie.xidian.edu.cn/html/english/admission/common/,Asia / China,Annual,Full,1,Undergraduate|Master's|PhD|General Scholar|Senior Scholar,Chinese Government Scholarship,85,Medium,0,100,Undergraduate|Master's|PhD|General Scholar|Senior Scholar,http://sie.xidian.edu.cn/html/english/admission/common/,Tuition + Accommodation + Stipend,
CSC-0144,BNU Scholarship for New International Students,China Scholarship Council (CSC),International students,Science|Medicine/Health|Economics/Business|Education,International (non-PRC),Degree study|Research,0,"(2) Provide living expenses during the school term (including accommodation allowance, monthly payment):",China Scholarship Council (campuschina.org),China,"January 1, 2018",See program details,Undergraduate|Master's|PhD,,http://iso.bnu.edu.cn/course?cid=10&pid=8&type_id=2&k=0,Asia / China,Jan–Apr,Full,1,Undergraduate|Master's|PhD,Chinese Government Scholarship,85,Medium,1,95,Undergraduate|Master's|PhD,http://iso.bnu.edu.cn/course?cid=10&pid=8&type_id=2&k=0,Tuition + Accommodation,
CSC-0145,Scholarship of Yunnan University,China Scholarship Council (CSC),International students,Medicine/Health|Education,International (non-PRC),Degree study|Research,0,"2) Supporting Category: Full-time Bachelor`s Degree, Master's Degree and PhD. Degree Programs",China Scholarship Council (campuschina.org),China,May. 3,See program details,Undergraduate|Master's|PhD,,http://www.sie.ynu.edu.cn/downloads/,Asia / China,Annual,Full,1,Undergraduate|Master's|PhD,Exchange,85,Medium,1,95,Undergraduate|Master's|PhD,http://www.sie.ynu.edu.cn/downloads/,Tuition + Accommodation,
CSC-0146,President Scholarship Programs of Fujian Normal University,China Scholarship Council (CSC),International students,Science|Medicine/Health|Law|Education,International (non-PRC),Degree study,0,"All majors in Fujian Normal Nniversity are open to foreign students.,enroll undergraduate, master , doctor students. Free accommodation and tuition after receiving the scholarship.",China Scholarship Council (campuschina.org),China,,See program details,Undergraduate|Master's|PhD,,"http://iccs.fjnu.edu.cn/""",Asia / China,Rolling,Full,1,Undergraduate|Master's|PhD,Chinese Government Scholarship,85,Medium,1,95,Undergraduate|Master's|PhD,"http://iccs.fjnu.edu.cn/""",Tuition + Accommodation,
CSC-0147,Central University provides Undergraduate Academic Excellence Scholarship,China Scholarship Council (CSC),International students,Medicine/Health|Economics/Business,Global (non-PRC),Degree study,0,"From 2018, Central University of Finance and Economics offers Undergraduate Academic Excellence Scholarship to the top 2 students in College Entrance Evaluation. The scholarship aims to bring outstanding students to CUFE for undergraduate programs. The scholarship covers four years' tuition fee. The scholarship is subject to annual evaluation. The scholarship will be automatically granted should the candidate's average score is above 80 during the previous academic year, otherwise the scholarship will be cancelled. The annual evaluation takes place every September.",China Scholarship Council (campuschina.org),China,May-01,See program details,Undergraduate,four years,http://sice.cufe.edu.cn/,Asia / China,Annual,Full,1,Undergraduate,Exchange,80,Medium,1,100,Undergraduate,http://sice.cufe.edu.cn/,Tuition,four years
CSC-0148,The Graduate School of CAAS Scholarship,China Scholarship Council (CSC),International students,Science|Medicine/Health|Management|Education|Arts/Humanities,Global (non-PRC),Degree study|Research,0,"The Graduate School of CAAS offers scholarship to graduates with excellent language proficiency and academic background. The GSCAASS covers tuition waiver, comprehensive medical insurance, accommodation, and stipend (Master's students: 3,000 RMB per month, Doctoral students: 3,500 RMB per month). The medium of instruction is English.",China Scholarship Council (campuschina.org),China,,See program details,Undergraduate|Master's|PhD,3 academic years,http://111.203.19.143:8080/lxszs/usersManager/toLogin.do,Asia / China,Rolling,Full,1,Undergraduate|Master's|PhD,Designated,90,Medium,1,100,Undergraduate|Master's|PhD,http://111.203.19.143:8080/lxszs/usersManager/toLogin.do,Tuition + Accommodation + Stipend + Medical insurance,3 academic years
CSC-0149,Nanjing Medical University Scholarships,China Scholarship Council (CSC),International students,Science|Medicine/Health|Law|Management|Education|Chinese Language,International (non-PRC),Degree study|Research|Language training,0,"Undergraduate Programs:Clinical Medicine program in English-medium, Clinical Medicine program in Chinese-medium",China Scholarship Council (campuschina.org),China,"June 30, 2018",See program details,Undergraduate|Master's|PhD|Language,,http://admission.njmu.edu.cn/,Asia / China,Annual,Full,1,Undergraduate|Master's|PhD|Language,Chinese Government Scholarship,80,Medium,1,95,Undergraduate|Master's|PhD|Language,http://admission.njmu.edu.cn/,Tuition,
CSC-0150,Fuzhou University Scholarship,China Scholarship Council (CSC),International students,Science|Medicine/Health|Law|Education|Arts/Humanities|Chinese Language,International (non-PRC),Degree study|Research|Language training|Training,0,"In order to encourage more excellent international students to come to study in Fuzhou University and enlarge the number of international students enrolled, as well as promote quality in international education, Fuzhou University has established the Fuzhou University Scholarship (FZS). The Fuzhou University Scholarship is an exclusive fund for international students to study in Fuzhou University. It is calculated in RMB and can be used for registration, tuition, and accommodation fees, as well as insurance and living expenses. Detailed awards are as follow:",China Scholarship Council (campuschina.org),China,Annual (see program page),See program details,Undergraduate|Master's|PhD|Research Scholar|Language,,http://oce.fzu.edu.cn/html/gjxs/zsxx/1.html,Asia / China,Annual,Full,1,Undergraduate|Master's|PhD|Research Scholar|Language,Exchange,85,Medium,1,95,Undergraduate|Master's|PhD|Research Scholar|Language,http://oce.fzu.edu.cn/html/gjxs/zsxx/1.html,Tuition + Accommodation,
CSC-0151,CQUPT Chongqing Municipal Government Scholarship,China Scholarship Council (CSC),International students,Medicine/Health|Law,International (non-PRC),Degree study,0,"1. First class: PhD 35000¥/ year, master degree 30000¥/ year,bachelor degree 25000¥/year, language students 10000¥/year",China Scholarship Council (campuschina.org),China,,See program details,Undergraduate|Master's|PhD,,https://www.campuschina.org,Asia / China,Annual,Full,1,Undergraduate|Master's|PhD,University,80,Medium,1,95,Undergraduate|Master's|PhD,https://www.campuschina.org,Tuition + Accommodation + Stipend + Medical insurance,
CSC-0152,CQUPT President Scholarship,China Scholarship Council (CSC),International students,Medicine/Health|Law,International (non-PRC),Degree study,0,"1. First class: PhD 12000¥/ year, master degree 10000¥/ year,bachelor degree& language students 6000¥/ year",China Scholarship Council (campuschina.org),China,,See program details,Undergraduate|Master's|PhD,,https://www.campuschina.org,Asia / China,Annual,Full,1,Undergraduate|Master's|PhD,University,80,Medium,1,95,Undergraduate|Master's|PhD,https://www.campuschina.org,Tuition + Accommodation + Stipend + Medical insurance,
CSC-0153,NAU Chinese Government Scholarship,China Scholarship Council (CSC),International students,Medicine/Health|Management|Education,Global (non-PRC),Degree study,0,"Chinese Government Scholarship - Chinese University Program is a full scholarship established by the Ministry of Education of P.R. China (hereinafter referred to as MOE). China Scholarship Council (hereinafter referred to as CSC), entrusted by the MOE, holds the responsibility of the verification, approval and the routine management of the program. Nanjing Agricultural University (hereinafter referred to as NAU) is one of the Chinese universities listed under this program and is entrusted by MOE to recruit outstanding international students for graduate studies. For more information, please visit http://www.csc.edu.cn/Laihua/indexen.aspx .",China Scholarship Council (campuschina.org),China,,"CNY 700/month; CNY 1,000/month; CNY 3,000/month; CNY 3,500/month",Undergraduate|Master's|PhD,1 year,http://www.csc.edu.cn/Laihua/indexen.aspx,Asia / China,Annual,Full,1,Undergraduate|Master's|PhD,University,90,Medium,1,100,Undergraduate|Master's|PhD,http://www.csc.edu.cn/Laihua/indexen.aspx,Tuition + Accommodation + Stipend + Medical insurance,1 year
CSC-0154,JUFE-Scholarship for international students,China Scholarship Council (CSC),International students,Medicine/Health|Law,International (non-PRC),Degree study,0,- the JUFE- scholarship is only available for 15% of the amount of students for the year,China Scholarship Council (campuschina.org),China,,See program details,Undergraduate|Master's|PhD,,https://www.campuschina.org,Asia / China,Annual,Full,1,Undergraduate|Master's|PhD,Exchange,80,Medium,1,95,Undergraduate|Master's|PhD,https://www.campuschina.org,Tuition,
CSC-0155,Fujian Agriculture and Forestry University Scholarship,China Scholarship Council (CSC),International students,Agriculture|Education,Global (non-PRC),Degree study,0,"Fujian Agriculture and Forestry University Scholarship (FAFUS) was established in 2013 to encourage and support excellent foreign students to study at Fujian Agriculture and Forestry University, especially for Master and PHD program students.",China Scholarship Council (campuschina.org),China,may – April (annual),See program details,Master's|PhD,,http://hwxy.fafu.edu.cn,Asia / China,Jan–Apr,Full,1,Master's|PhD,Chinese Government Scholarship,85,Medium,1,100,Master's|PhD,http://hwxy.fafu.edu.cn,Tuition + Accommodation,
CSC-0156,Yanshan University Scholarship Program for International Students (Docteral Degree Program),China Scholarship Council (CSC),Confucius Institute students/teachers,Medicine/Health|Education|Chinese Language,International (non-PRC),Degree study,0,"1. Awarded only to Doctoral Degree candidates, the scholarship is valid for 4 years (can be extended to 4 years if 1 year of Chinese language learning is needed).",China Scholarship Council (campuschina.org),China,May-20,See program details,Master's|PhD|Language,4 years,https://www.campuschina.org,Asia / China,Annual,Full,1,Master's|PhD|Language,Confucius Institute,85,Medium,1,95,Master's|PhD|Language,https://www.campuschina.org,Tuition + Accommodation,4 years
CSC-0157,Yanshan University Scholarship Program for International Students (Matster's Degree Program),China Scholarship Council (CSC),Confucius Institute students/teachers,Medicine/Health|Education|Chinese Language,International (non-PRC),Degree study,0,"1. Awarded only to Master Degree candidates, the scholarship is valid for 3 years (can be extended to 4 years if 1 year of Chinese language learning is needed).",China Scholarship Council (campuschina.org),China,May-20,See program details,Undergraduate|Master's|Language,3 years,https://www.campuschina.org,Asia / China,Annual,Full,1,Undergraduate|Master's|Language,Confucius Institute,85,Medium,1,95,Undergraduate|Master's|Language,https://www.campuschina.org,Tuition + Accommodation,3 years
CSC-0158,USTB B&R Excellent Freshman Scholarship,China Scholarship Council (CSC),International students,Science|Medicine/Health,Global (non-PRC),Degree study,0,"Full Scholarship, including Tuition fee, On-campus accommodation, Monthly living allowance (2500rmb for bachelor), Comprehensive Medical Insurance.",China Scholarship Council (campuschina.org),China,,See program details,Undergraduate,,http://isc.ustb.edu.cn/cn/template.jsp?id=151,Asia / China,Annual,Full,0,Undergraduate,Chinese Government Scholarship,50,Medium,1,100,Undergraduate,http://isc.ustb.edu.cn/cn/template.jsp?id=151,Tuition + Accommodation + Stipend + Medical insurance,
CSC-0159,USTB Chancellor Scholarship,China Scholarship Council (CSC),International students,Science|Medicine/Health,Global (non-PRC),Degree study,0,"l Full Scholarship, including Tuition fee, On-campus accommodation, Monthly living allowance (3000rmb for master, 3500rmb for doctorate), Comprehensive Medical Insurance.",China Scholarship Council (campuschina.org),China,,See program details,Undergraduate|Master's|PhD,,http://isc.ustb.edu.cn/cn/template.jsp?id=153,Asia / China,Annual,Full,0,Undergraduate|Master's|PhD,Chinese Government Scholarship,50,Medium,1,100,Undergraduate|Master's|PhD,http://isc.ustb.edu.cn/cn/template.jsp?id=153,Tuition + Accommodation + Stipend + Medical insurance,
CSC-0160,Guangxi University Junwu Scholarship for International Candidates of Doctor's Degree,China Scholarship Council (CSC),International students,Medicine/Health|Education,International (non-PRC),Degree study|Research,0,2. Applicants must have a master's degree and should be under the age of 45. Fresh graduates of master degree should submit Certificate of Master's Degree or Certificate of thesis defense before entering Guangxi University.,China Scholarship Council (campuschina.org),China,,See program details,Master's|PhD,,http://gjy.gxu.edu.cn/en/scholarship/list-136.html,Asia / China,Mar–Jun,Full,1,Master's|PhD,Chinese Government Scholarship,85,Medium,1,95,Master's|PhD,http://gjy.gxu.edu.cn/en/scholarship/list-136.html,Tuition + Stipend + Medical insurance,
CSC-0161,NWNU President's Scholarship,China Scholarship Council (CSC),International students,Education,International (non-PRC),Degree study,0,"Only offered to Non-Scholarship students of bachelor, master and doctoral programs. Eligible as long as you have good school performance and have passed HSK level 4 with a yearly appraisal.",China Scholarship Council (campuschina.org),China,,See program details,Undergraduate|Master's|PhD,,https://www.facebook.com/studyinchinauniversity,Asia / China,Annual,Full,1,Undergraduate|Master's|PhD,Exchange,80,Medium,0,95,Undergraduate|Master's|PhD,https://www.facebook.com/studyinchinauniversity,Tuition + Accommodation + Stipend + Medical insurance,
CSC-0162,YZU International Degree Students' Scholarship,China Scholarship Council (CSC),International students,Medicine/Health|Education,Global (non-PRC),Degree study|Research,0,1.The Contents and Standards of Scholarship for International Students of Yangzhou University,China Scholarship Council (campuschina.org),China,,See program details,Undergraduate|Master's|PhD,,http://coe.yzu.edu.cn,Asia / China,Annual,Full,1,Undergraduate|Master's|PhD,Chinese Government Scholarship,85,Medium,1,100,Undergraduate|Master's|PhD,http://coe.yzu.edu.cn,Tuition + Accommodation + Stipend,
CSC-0163,Taihu Scholarship to International Students in Jiangnan University,China Scholarship Council (CSC),International students,Medicine/Health|Law|Management|Education,Global (non-PRC),Degree study,0,1. This evaluation method is to regulate the management of international students and develop the scholarship.,China Scholarship Council (campuschina.org),China,Annual (see program page),See program details,Undergraduate|Master's|PhD,1 year,https://www.campuschina.org,Asia / China,Annual,Full,1,Undergraduate|Master's|PhD,Chinese Government Scholarship,80,Medium,1,100,Undergraduate|Master's|PhD,https://www.campuschina.org,Tuition + Accommodation + Stipend + Medical insurance,1 year
CSC-0164,President Scholarship to International Students in Jiangnan University,China Scholarship Council (CSC),International students,Medicine/Health|Law|Management|Education|Chinese Language,Global (non-PRC),Degree study|Research,0,(1) This evaluation method is to regulate the management of international students and develop the scholarship.,China Scholarship Council (campuschina.org),China,Annual (see program page),See program details,Undergraduate|Master's|PhD|Language,,https://www.campuschina.org,Asia / China,Annual,Full,1,Undergraduate|Master's|PhD|Language,Chinese Government Scholarship,80,Medium,1,100,Undergraduate|Master's|PhD|Language,https://www.campuschina.org,Tuition + Accommodation + Stipend + Medical insurance,
CSC-0165,President Scholarship for International Students Studying in University of International Business and Economics,China Scholarship Council (CSC),International students,Economics/Business|Education,Global (non-PRC),Degree study,0,President Scholarship for International Students studying in University of International Business and Economics is established to fund foreign students who have applied for UIBE degree or non-degree programs with excellent scores yet have financial difficulties to afford the expenses.,China Scholarship Council (campuschina.org),China,Annual (see program page),See program details,Not specified,,http://www.uibe.cn,Asia / China,Mar–Jun,Full,1,Not specified,Chinese Government Scholarship,80,Medium,0,100,Not specified,http://www.uibe.cn,Tuition + Accommodation + Stipend + Medical insurance,
CSC-0166,"""One Belt One Road"" Scholarship of Shanghai University of Political Science and Law",China Scholarship Council (CSC),Belt and Road countries,Science|Medicine/Health|Economics/Business|Law|Management|Education|Arts/Humanities|Chinese Language,Global (non-PRC),Degree study|Research,0,"Students of this scholarship will be provided one-time subsidy of 10,000 Yuan at the first year of registration.",China Scholarship Council (campuschina.org),China,January – December (annual),See program details,Undergraduate|Master's|Language,,http://int.shupl.edu.cn/english/main.psp,Asia / China,Rolling,Full,1,Undergraduate|Master's|Language,Exchange,80,Medium,1,100,Undergraduate|Master's|Language,http://int.shupl.edu.cn/english/main.psp,Tuition + Accommodation + Stipend + Medical insurance,
CSC-0167,Shanghai Government Scholarship of Shanghai University of Political Science and Law,China Scholarship Council (CSC),International students,Science|Medicine/Health|Economics/Business|Law|Management|Education|Arts/Humanities|Chinese Language,Global (non-PRC),Degree study|Research,0,"(a) Full Scholarship: covering fees of tuition, expenses of accommodation, insurance expenses and providing living expenses;",China Scholarship Council (campuschina.org),China,February – June (annual),See program details,Undergraduate|Master's|Language,,http://www.study-shanghai.org/,Asia / China,Rolling,Full,0,Undergraduate|Master's|Language,Exchange,50,Medium,1,100,Undergraduate|Master's|Language,http://www.study-shanghai.org/,Tuition + Accommodation,
CSC-0168,Chinese Government Scholarship of Shanghai University of Political Science and Law,China Scholarship Council (CSC),International students,Science|Medicine/Health|Economics/Business|Law|Management|Education|Arts/Humanities|Chinese Language,Global (non-PRC),Degree study|Research,0,"1. Scholarship Content: covering fees of tuition, expenses of accommodation, insurance expenses and providing living expenses.",China Scholarship Council (campuschina.org),China,February – June (annual),See program details,Undergraduate|Master's|Language,,http://int.shupl.edu.cn/english/main.psp,Asia / China,Rolling,Full,1,Undergraduate|Master's|Language,Exchange,85,Medium,1,100,Undergraduate|Master's|Language,http://int.shupl.edu.cn/english/main.psp,Tuition + Accommodation,
CSC-0169,President Scholarship for International Students of Shanghai University of Sport,China Scholarship Council (CSC),International students,Medicine/Health|Economics/Business|Education|Arts/Humanities|Chinese Language,International (non-PRC),Degree study|Research,0,"Since 2018, Shanghai University of Sport (SUS) has started to launch ""President Scholarship Program"" for international presidents. Every year, it will benefit 85 scholarship winners, with a view to attracting international students with excellent language skills and professional backgrounds to take bachelor programs, master programs and doctoral programs fully delivered in Chinese or English in SUS. President Scholarship of Shanghai University of Sport for International Student includes full scholarship and partial scholarship. Partial scholarship falls into Type A (covering tuition and accommodation expense) and Type B (covering only tuition). Full scholarship covers tuition, accommodation expense, living expense and insurance expense.",China Scholarship Council (campuschina.org),China,Annual (see program page),See program details,Undergraduate|Master's|PhD|Language,,http://cice.sus.edu.cn,Asia / China,Annual,Full,0,Undergraduate|Master's|PhD|Language,Designated,50,Medium,1,95,Undergraduate|Master's|PhD|Language,http://cice.sus.edu.cn,Tuition + Accommodation,
CSC-0170,Ningbo University Zhejiang Government Scholarship,China Scholarship Council (CSC),International students,Medicine/Health|Law,International (non-PRC),Degree study,0,"ZGS scholarship for Bachelor degree is RMB 20,000 for the first year; ZGS scholarship for Master/Ph.D degree RMB 30,000 for the first year",China Scholarship Council (campuschina.org),China,,See program details,Undergraduate|Master's,,http://is.nbu.edu.cn,Asia / China,Annual,Full,1,Undergraduate|Master's,Chinese Government Scholarship,80,Medium,1,95,Undergraduate|Master's,http://is.nbu.edu.cn,Tuition,
CSC-0171,Ningbo University Ningbo Government Scholarship,China Scholarship Council (CSC),International students,Medicine/Health|Law|Chinese Language,International (non-PRC),Degree study,0,"NGS scholarship for Bachelor degree is RMB 20,000 for the first year; NGS scholarship for Master/Ph.D degree RMB 30,000 for the first year; NGS scholarship for Non-degree Chinese Language RMB 6,000 for the first year.",China Scholarship Council (campuschina.org),China,,See program details,Undergraduate|Master's|Language,,http://is.nbu.edu.cn,Asia / China,Annual,Full,1,Undergraduate|Master's|Language,Chinese Government Scholarship,80,Medium,1,95,Undergraduate|Master's|Language,http://is.nbu.edu.cn,Tuition,
CSC-0172,China University of Petroleum (East China) New Student Scholarship,China Scholarship Council (CSC),International students,Medicine/Health|Management|Education|Petroleum/Energy,Global (non-PRC),Degree study|Research,0,"Established in 2012, China University of Petroleum (East China) New Student Scholarship Program provides the following scholarships for 40 international students to pursue their master's and doctoral degree studies at UPC.",China Scholarship Council (campuschina.org),China,May – July (annual),CNY 1000/month; CNY 10000/year,Undergraduate|Master's|PhD,10 months,https://upc.17gz.org/member/login.do,Asia / China,Annual,Full,1,Undergraduate|Master's|PhD,Chinese Government Scholarship,85,Medium,1,100,Undergraduate|Master's|PhD,https://upc.17gz.org/member/login.do,Tuition + Accommodation + Stipend,10 months
CSC-0173,Chang'an University San Qin International Student Scholarship of Shaanxi Province,China Scholarship Council (CSC),International students,Medicine/Health|Law|Education,Global (non-PRC),Degree study,0,"For the implementation of the document Implementing Opinions of Shaanxi Province on the Outline of the National Plan for Middle and Long-term Education Reform and Development (2010-2020), Shaanxi provincial government has founded ""San Qin International Student Scholarship of Shaanxi Province"" to fund outstanding international students. It is also set up to attract and encourage more excellent foreign students to study in Shaanxi province, so that the higher education for international students in Shaanxi province will develop healthily and rapidly and the international influence of higher education in this province will be extended.",China Scholarship Council (campuschina.org),China,,See program details,Undergraduate|Master's|PhD,,https://www.campuschina.org,Asia / China,Annual,Full,1,Undergraduate|Master's|PhD,Chinese Government Scholarship,80,Medium,1,100,Undergraduate|Master's|PhD,https://www.campuschina.org,Tuition + Accommodation + Stipend + Medical insurance,
CSC-0174,Excellent International Student in China Scholarship of Chang'an University,China Scholarship Council (CSC),International students,Economics/Business|Law|Education,Global (non-PRC),Degree study,0,"Chang'an University has founded ""Excellent International Student in China Scholarship of Chang'an University"" to finance the outstanding international students in our university to finish their studies. The multi-level scholarships are offered in cash.",China Scholarship Council (campuschina.org),China,,See program details,Undergraduate|Master's|PhD,,https://www.campuschina.org,Asia / China,Annual,Full,1,Undergraduate|Master's|PhD,Chinese Government Scholarship,80,Medium,0,100,Undergraduate|Master's|PhD,https://www.campuschina.org,Tuition + Accommodation + Stipend + Medical insurance,
CSC-0175,Chang'an University Chinese Government Scholarship For Postgraduate Students,China Scholarship Council (CSC),International students,Medicine/Health|Education|Chinese Language,Global (non-PRC),Degree study|Research|Language training,0,(1) Applicants studying to earn a Master's degree must have a Bachelor's degree and be under the age of 35.,China Scholarship Council (campuschina.org),China,"April 10, 2018",See program details,Undergraduate|Master's|PhD|Language,,http://www.csc.edu.cn/studyinchina,Asia / China,Annual,Full,1,Undergraduate|Master's|PhD|Language,Chinese Government Scholarship,85,Medium,1,100,Undergraduate|Master's|PhD|Language,http://www.csc.edu.cn/studyinchina,Tuition + Accommodation + Stipend + Medical insurance,
CSC-0176,"(11) Application Deadline: April 10, 2018 (the deadline for our receipt of paper materials).",China Scholarship Council (CSC),International students,Education,International (non-PRC),Degree study,0,#NAME?,China Scholarship Council (campuschina.org),China,"April 10, 2018",See program details,Not specified,,https://www.campuschina.org,Asia / China,Annual,Full,1,Not specified,Chinese Government Scholarship,80,Medium,0,95,Not specified,https://www.campuschina.org,Tuition + Accommodation + Stipend + Medical insurance,
CSC-0177,Tianjin Foreign Studies University New Students' Scholarship,China Scholarship Council (CSC),International students,Medicine/Health,International (non-PRC),Degree study,0,Application Submission on TFSU online admission system (http://tfsu.at0086.com/StuApplication/Login.aspx) — Materials Screening —Announce the winners of scholarship -- Deliver visa application materials,China Scholarship Council (campuschina.org),China,Jun-30,See program details,Undergraduate|Master's|PhD,,http://tfsu.at0086.com/StuApplication/Login.aspx,Asia / China,Mar–Jun,Full,1,Undergraduate|Master's|PhD,Chinese Government Scholarship,80,Medium,1,95,Undergraduate|Master's|PhD,http://tfsu.at0086.com/StuApplication/Login.aspx,Tuition,
CSC-0178,The WUT Friendship Scholarship for International Student,China Scholarship Council (CSC),International students,Science|Education,Global (non-PRC),Degree study,0,"In order to promote the cultural, educational and scientific exchanges with domestic and foreign institutions, Wuhan University of Technology (WUT) sponsors the Friendship Scholarship for self-supported International Students who have studied at the University over one academic year for bachelor, master or doctor degree if their performance in both study and behavior are demonstrated more excellent than their peer students.",China Scholarship Council (campuschina.org),China,May-31,See program details,Undergraduate|Master's|PhD,one academic year,https://www.campuschina.org,Asia / China,Annual,Full,1,Undergraduate|Master's|PhD,Exchange,85,Medium,1,100,Undergraduate|Master's|PhD,https://www.campuschina.org,Tuition + Accommodation,one academic year
CSC-0179,Guilin University of Electronic Technology- President Scholarship,China Scholarship Council (CSC),International students,Engineering|Science|Medicine/Health|Economics/Business|Law|Computer Science,Global (non-PRC),Degree study,0,"1. For the first year, the students should pay 8,500 RMB and the relevant accommodation fee as rule. and Insurance fee: 800 RMB, Registration fee: 700 RMB. The fees of visa, medical examination and others are self-supporting. The basic requirements of English-Taught Classes Scholarship:",China Scholarship Council (campuschina.org),China,Annual (see program page),See program details,Not specified,,https://www.campuschina.org,Asia / China,Annual,Full,1,Not specified,Chinese Government Scholarship,85,Medium,1,100,Not specified,https://www.campuschina.org,Accommodation,
CSC-0180,Southern Medical University Outstanding International Students Scholarship for Freshmen,China Scholarship Council (CSC),International students,Medicine/Health|Law|Education,Global (non-PRC),Degree study,0,"To attract and encourage more students to study in Southern Medical University and to give awards to excellent international students, we set up the freshman scholarship for international students.",China Scholarship Council (campuschina.org),China,,See program details,Undergraduate|Master's|PhD,2 years,http://www.studysmu.com,Asia / China,Annual,Full,1,Undergraduate|Master's|PhD,Chinese Government Scholarship,85,Medium,1,100,Undergraduate|Master's|PhD,http://www.studysmu.com,Tuition + Accommodation,2 years
CSC-0181,Southern Medical University Guangdong Government Outstanding International Students Scholarship for Freshmen,China Scholarship Council (CSC),International students,Medicine/Health|Law|Education,Global (non-PRC),Degree study,0,"To attract and encourage more students to study in Southern Medical University and to give awards to excellent international students, we set up the freshman scholarship for international students.",China Scholarship Council (campuschina.org),China,,See program details,Undergraduate|Master's|PhD,2 years,http://www.studysmu.com,Asia / China,Annual,Full,1,Undergraduate|Master's|PhD,Chinese Government Scholarship,85,Medium,1,100,Undergraduate|Master's|PhD,http://www.studysmu.com,Tuition + Accommodation,2 years
CSC-0182,CPU President Scholarship,China Scholarship Council (CSC),International students,Science|Medicine/Health|Education|Chinese Language,Global (non-PRC),Degree study|Research|Language training|Training,0,"CPU PRESIDENT SCHOLARSHIP is initiated in 2016 to support more excellent students from all over the world to study and do scientific researches at China Pharmaceutical University, educating pharmacy talents for the world and advancing international pharmacy education.",China Scholarship Council (campuschina.org),China,"June 15, 2018",See program details,Undergraduate|Master's|PhD|Language,4 Years,http://admission.cpu.edu.cn/apply,Asia / China,Annual,Full,1,Undergraduate|Master's|PhD|Language,Exchange,85,High,1,100,Undergraduate|Master's|PhD|Language,http://admission.cpu.edu.cn/apply,Tuition + Accommodation + Stipend,4 Years
CSC-0183,Nanjing Government Scholarship of China Pharmaceutical University,China Scholarship Council (CSC),International students,Science|Medicine/Health|Education|Chinese Language,Global (non-PRC),Degree study|Research,0,"NANJING GOVERNMENT SCHOLARSHIP is established by Nanjing government, Jiangsu province aiming to support more excellent international student to study and do scientific research in Nanjing. Entrusted by Nanjing government, China Pharmaceutical University recruits international students supported by the scholarship across the world.",China Scholarship Council (campuschina.org),China,"June 15, 2018",See program details,Undergraduate|Master's|PhD|Language,6 months,http://admission.cpu.edu.cn/apply,Asia / China,Annual,Full,1,Undergraduate|Master's|PhD|Language,Exchange,80,High,1,100,Undergraduate|Master's|PhD|Language,http://admission.cpu.edu.cn/apply,Tuition + Accommodation + Stipend + Medical insurance,6 months
CSC-0184,"""One Belt and One Road"" Special Scholarship of TYUT",China Scholarship Council (CSC),Belt and Road countries,Education|Arts/Humanities,Global (non-PRC),Degree study,0,"In order to actively respond to the national ""One Belt and One Road"" policy, our university set up the scholarship programme called ""One Belt and One Road"" Special scholarship of TYUT, and has recruited the first international students.This scholarship programme is designed to cultivate excellent international talents in countries and regions along the ""One Belt and One Road"". The programme funding includes: free tuition, 500 yuan stipend per month (release 10 months' stipend per year), other expenses are self-funded. Applicants could log onto the following websites to register and apply:",China Scholarship Council (campuschina.org),China,,See program details,Not specified,10 months,http://is.tyut.edu.cn/,Asia / China,Annual,Full,1,Not specified,Exchange,85,Medium,1,100,Not specified,http://is.tyut.edu.cn/,Tuition + Stipend,10 months
CSC-0185,Taiyuan University of Technology Master Special Scholarship,China Scholarship Council (CSC),International students,Education,Global (non-PRC),Degree study,0,"In order to further promote the realization of internationalization strategic goal of our university, we set up the international students master special scholarship in 2017 ( for both master and doctor students).",China Scholarship Council (campuschina.org),China,,See program details,Master's,10 months,http://is.tyut.edu.cn/,Asia / China,Annual,Full,1,Master's,Exchange,90,Medium,1,100,Master's,http://is.tyut.edu.cn/,Tuition + Accommodation + Stipend,10 months
CSC-0186,China Academy of Art Scholarship for Foreign Students,China Scholarship Council (CSC),International students,Education|Chinese Language,International (non-PRC),Degree study,0,"In order to encourage and support foreign students of outstanding academic and moral excellence interested in studying at the China Academy of Art (CAA), our Academy has established a ""China Academy of Art Scholarship for Foreign Students."" In accordance with the selection criteria of CAA's specialized programming, the following are eligibility requirements and rules for the selection process of applicants. Please refer to the following.",China Scholarship Council (campuschina.org),China,Annual (see program page),See program details,Undergraduate|Master's|PhD|Language,,http://admission.caa.edu.cn/,Asia / China,Annual,Full,1,Undergraduate|Master's|PhD|Language,Chinese Government Scholarship,80,Medium,0,95,Undergraduate|Master's|PhD|Language,http://admission.caa.edu.cn/,Tuition + Accommodation + Stipend + Medical insurance,
CSC-0187,China Academy of Art Zhejiang Provincial Government Scholarship for Foreign Students,China Scholarship Council (CSC),International students,Medicine/Health|Education,International (non-PRC),Degree study,0,"In order to encourage and support individuals of outstanding academic and moral excellence who have an interest in studying in Zhejiang Province of PR China, the Provincial Government of Zhejiang Province continues to offer the, ""Zhejiang Provincial Government Scholarship for Foreign Students."" In accordance with the selection criteria of the Scholarship and based on the specialized programming of the CAA, the following include eligibility requirements and rules for the selection process for applicants.",China Scholarship Council (campuschina.org),China,Annual (see program page),See program details,Undergraduate|Master's|PhD,,http://admission.caa.edu.cn/,Asia / China,Annual,Full,1,Undergraduate|Master's|PhD,Chinese Government Scholarship,85,Medium,1,95,Undergraduate|Master's|PhD,http://admission.caa.edu.cn/,Tuition + Accommodation,
CSC-0188,University Scholarship for New Students at UESTC,China Scholarship Council (CSC),International students,Medicine/Health|Law,International (non-PRC),Degree study,0,"1. First class scholarship (Full scholarship): including tuition, accommodation on campus, medical insurance, and living allowance (1500 RMB/month); (available for master & PhD applicants)",China Scholarship Council (campuschina.org),China,,See program details,Master's|PhD,2 years,http://en.uestc.edu.cn/admission,Asia / China,Annual,Full,0,Master's|PhD,University,50,Medium,1,95,Master's|PhD,http://en.uestc.edu.cn/admission,Tuition + Accommodation + Stipend + Medical insurance,2 years
CSC-0189,Chinese Government Scholarship —— ECNU Independent Enrollment,Sun Yat-sen University,International students,Medicine/Health|Education|Chinese Language,International (non-PRC),Degree study|Research|Language training,0,Applicants for master's degree program must have bachelor's degree and be under 35.,China Scholarship Council (campuschina.org),China,Mar-31,See program details,Undergraduate|Master's|PhD|Language,6 months,http://studyinchina.csc.edu.cn/#/register,Asia / China,Annual,Full,1,Undergraduate|Master's|PhD|Language,Chinese Government Scholarship,85,Medium,1,95,Undergraduate|Master's|PhD|Language,http://studyinchina.csc.edu.cn/#/register,Tuition + Accommodation + Stipend,6 months
CSC-0190,Scholarship of Xi'an Shiyou University,China Scholarship Council (CSC),International students,Medicine/Health|Education,International (non-PRC),Degree study|Research,0,"""Scholarship for Foreign Freshmen"" of Xi'an Shiyou University is used to encourage excellent foreign undergraduates and postgraduates from all over the world to apply for the entrance examination of Xian Shiyou University. 70 scholarships are offered every year. Scholarship for the first prize: exempt from tuition and accommodation fees; second prize: exempt from tuition; third prize: exempt from 50% of tuition.",China Scholarship Council (campuschina.org),China,Annual (see program page),See program details,Undergraduate|Master's,2 years,http://xsyu.edu.cn/lxsgl,Asia / China,Annual,Full,1,Undergraduate|Master's,Chinese Government Scholarship,85,Medium,1,95,Undergraduate|Master's,http://xsyu.edu.cn/lxsgl,Tuition + Accommodation,2 years
CSC-0191,DUT International Students Presidential Scholarship,China Scholarship Council (CSC),International students,Education,International (non-PRC),Degree study,0,"Dalian University of Technology (DUT) sets up International Students Presidential Scholarship (hereinafter referred to as DUT Scholarship) for International Students in order to encourage excellent international students to study at our university. The scholarship is open to the international students who would like to pursue bachelor, master or Ph.D programs at DUT. There are two kinds of DUT Scholarship: one is Full Scholarship (tuition, accommodation, and living allowance included), and the other is Partial Scholarship (only tuition is waived).",China Scholarship Council (campuschina.org),China,,See program details,Undergraduate|Master's,,https://www.campuschina.org,Asia / China,Annual,Full,0,Undergraduate|Master's,Chinese Government Scholarship,50,Medium,1,95,Undergraduate|Master's,https://www.campuschina.org,Tuition + Accommodation + Stipend,
CSC-0193,CTGU Full Scholarship for Myanmar Students,China Scholarship Council (CSC),International students,Engineering|Medicine/Health|Economics/Business|Chinese Language|Computer Science,ASEAN Member States,Degree study,0,"This scholarship fund is donated by our alumnus, Mr. Wang Junchang, the chairman of Yunan Yunneng Electric Engineering, Co., Ltd to welcome excellent Myanmar students to study at CTGU. It's expected that it will promote our two countries' understanding, mutual trust and in-depth cooperation in talent training.",China Scholarship Council (campuschina.org),China,,See program details,Undergraduate|Master's|Language,18-25 years,http://lsx.ctgu.edu.cn/,Asia / China,Rolling,Full,1,Undergraduate|Master's|Language,Chinese Government Scholarship,85,Medium,1,65,Undergraduate|Master's|Language,http://lsx.ctgu.edu.cn/,Tuition + Accommodation + Stipend,18-25 years
CSC-0194,CTGU International Students Scholarship,China Scholarship Council (CSC),International students,Engineering|Medicine/Health|Law|Chinese Language,International (non-PRC),Degree study,0,"To attract more international students to study in China Three Gorges University, the university will provide scholarship that only covers full tuition fee or partial tuition fee each year; other regular fees shall be paid by students according to the university fees structure. Nevertheless, the final qualification of the scholarship will be determined on the arrival sequence. Any failure in examination or violation of regulations or law will lead to cancellation of scholarship qualification of the next school year.",China Scholarship Council (campuschina.org),China,Annual (see program page),See program details,Undergraduate|Master's|Language,Four Years,http://lsx.ctgu.edu.cn/,Asia / China,Rolling,Full,1,Undergraduate|Master's|Language,Chinese Government Scholarship,80,Medium,1,95,Undergraduate|Master's|Language,http://lsx.ctgu.edu.cn/,Tuition,Four Years
CSC-0195,Zhejiang Normal University Scholarship for Outstanding International Students,China Scholarship Council (CSC),International students,Medicine/Health|Law|Education|Arts/Humanities,Global (non-PRC),Degree study,0,Zhejiang Normal University Scholarship with yearly funds for the first year to support students' study at the university. They can use their scholarship to cover part of tuition fee. The later years scholarship position will be evaluated yearly based on their performance in the previous year.,China Scholarship Council (campuschina.org),China,Annual (see program page),See program details,Not specified,,http://iso.zjnu.edu.cn/Account/stuLogin,Asia / China,Mar–Jun,Full,1,Not specified,Chinese Government Scholarship,80,Medium,1,100,Not specified,http://iso.zjnu.edu.cn/Account/stuLogin,Tuition,
CSC-0196,"Scholarship for High-level International Business Professionals in South Asia and Southeast Asia under the ""Belt and Road Initiatives""",Ministry of Commerce of China,Belt and Road countries|Young professionals|Government officials,Engineering|Science|Medicine/Health|Economics/Business|Law|Management|Education|Arts/Humanities|Computer Science,ASEAN Member States,Degree study|Research,0,"""The Silk Road"" Chinese Government Scholarship Program is to promote the ""Silk Road"" study abroad program. It cultivates industry leaders and outstanding technical personnel with ""the Belt and Road Initiatives"" in China's neighboring countries. It is a special study abroad program that invites the policy communication, infrastructure interconnections, trade flow, and financing between China and its neighboring countries. This is the first year of the program implementation.",China Scholarship Council (campuschina.org),China,"August 10, 2017",See program details,Undergraduate|Master's|PhD,two years,https://www.campuschina.org,Asia / China,Annual,Full,1,Undergraduate|Master's|PhD,Silk Road,85,Medium,1,65,Undergraduate|Master's|PhD,https://www.campuschina.org,Tuition + Accommodation,two years
CSC-0197,"Yunnan University of Finance and Economics MBA Scholarship under ""the Belt and the Road""",China Scholarship Council (CSC),International students,Medicine/Health|Economics/Business|Law|Management|Education,Global (non-PRC),Degree study,0,"""the Belt and the Road"" MBA Scholarship mainly faces the international students from south and southeast Asia. Students should",China Scholarship Council (campuschina.org),China,,See program details,Undergraduate|Master's,,https://www.campuschina.org,Asia / China,Annual,Full,1,Undergraduate|Master's,Chinese Government Scholarship,85,Medium,1,100,Undergraduate|Master's,https://www.campuschina.org,Tuition + Accommodation + Stipend + Medical insurance,
CSC-0198,Nantong University Scholarship for International Students,China Scholarship Council (CSC),International students,Medicine/Health|Economics/Business|Education,Global (non-PRC),Degree study|Research,0,"Starting from the year of 2015, Nantong University (NTU) has been offering 40-50 seats of scholarship annually to international students with excellent language proficiency and professional background for both undergraduate and postgraduate programs. The scholarship for undergraduate programs is 10000 CNY each person, the scholarship for master's programs covers the tuition waiver, and the scholarship for doctoral programs covers the tuition and accommodation waiver, insurance, and 3000 CNY allowance every month.",China Scholarship Council (campuschina.org),China,Annual (see program page),See program details,Undergraduate|Master's|PhD,,https://ntu.17gz.org/member/login.do,Asia / China,Annual,Full,1,Undergraduate|Master's|PhD,Chinese Government Scholarship,85,Medium,1,100,Undergraduate|Master's|PhD,https://ntu.17gz.org/member/login.do,Tuition + Accommodation,
CSC-0199,Wenzhou University Scholarship for Outstanding International Students,China Scholarship Council (CSC),International students,Medicine/Health|Law|Chinese Language,Global (non-PRC),Degree study,0,Applicants for Scholarship C should be international students studying in Wenzhou University for bachelor's degree or master's degree or enrolled in a Chinese language program for over one semester. Classes and coverage are:,China Scholarship Council (campuschina.org),China,Annual (see program page),See program details,Undergraduate|Master's|Language,,https://www.campuschina.org,Asia / China,Annual,Full,1,Undergraduate|Master's|Language,Chinese Government Scholarship,80,Medium,1,100,Undergraduate|Master's|Language,https://www.campuschina.org,Tuition,
CSC-0200,Wenzhou University Enrollment Scholarship for Chinese Major International Students,China Scholarship Council (CSC),International students,Medicine/Health|Law|Chinese Language,Global (non-PRC),Degree study,0,Applicants for Scholarship B should be international students applying to study in Wenzhou University for Chinese language programs. Classes and coverage are:,China Scholarship Council (campuschina.org),China,Jan-15,See program details,Undergraduate|Language,,https://www.campuschina.org,Asia / China,Annual,Full,1,Undergraduate|Language,Chinese Government Scholarship,80,Medium,1,100,Undergraduate|Language,https://www.campuschina.org,Tuition + Accommodation + Stipend + Medical insurance,
CSC-0201,Wenzhou University Presidential Scholarship-First Class (hereinafter Scholarship I),China Scholarship Council (CSC),International students,Medicine/Health|Law|Education|History|Arts/Humanities,Global (non-PRC),Degree study|Research,0,Applicants for Scholarship A should be international students applying to study in Wenzhou University for bachelor's degree or master's degree. Classes and coverage are:,China Scholarship Council (campuschina.org),China,Jul-31,See program details,Undergraduate|Master's,,https://www.campuschina.org,Asia / China,Annual,Full,1,Undergraduate|Master's,Chinese Government Scholarship,80,Medium,1,100,Undergraduate|Master's,https://www.campuschina.org,Tuition,
CSC-0202,Ningxia Medical University Ningxia Government Scholarship,China Scholarship Council (CSC),International students,Medicine/Health|Law,Global (non-PRC),Degree study|Research,0,"In order to attract more excellent international students to study in Ningxia, the Ningxia Government set up the partial scholarship for those high quality international students. This scholarship is available for those prospective students or current students of NXMU. The applicant must be in good character, study hard and the average results of high school (comprehensive scores for those current students of NXMU) must be more than 85 (100 mark system).",China Scholarship Council (campuschina.org),China,Annual (see program page),See program details,Undergraduate|Master's|PhD,,https://www.campuschina.org,Asia / China,Mar–Jun,Partial,0,Undergraduate|Master's|PhD,Chinese Government Scholarship,50,Medium,1,100,Undergraduate|Master's|PhD,https://www.campuschina.org,See program details,
CSC-0203,Ningxia Medical University Chinese Government Scholarship,China Scholarship Council (CSC),International students,Medicine/Health|Law|Management|Education,Global (non-PRC),Degree study|Research,0,"Chinese Government Scholarship (CSC scholarship) is provided by the Ministry of Education of Chinese government. The Chinese Scholarship Council (CSC) is responsible for the specific matters of this scholarship. Therefore, it is usually called CSC scholarship. This scholarship includes full scholarship and partial scholarship. Since 2014, Ningxia Medical University has been granted by the Ministry of Education of Chinese government as the university that is qualified to offer the CSC scholarship to the international student.",China Scholarship Council (campuschina.org),China,Annual (see program page),See program details,Undergraduate|Master's,,http://www.csc.edu.cn/Laihua/indexen.aspx,Asia / China,Jan–Apr,Full,0,Undergraduate|Master's,Chinese Government Scholarship,50,Medium,1,100,Undergraduate|Master's,http://www.csc.edu.cn/Laihua/indexen.aspx,See program details,
CSC-0204,President Scholarship of LUT,China Scholarship Council (CSC),International students,Medicine/Health|Law|Education|Arts/Humanities,Global (non-PRC),Degree study|Research,0,"Academic outstanding scholarship: Tuition waiver: 100% tuition waiver of the academic year for the first prize; 50% tuition waiver of the academic year for the second prize; Stipend: CNY 10,000 per year (totally 10 months)",China Scholarship Council (campuschina.org),China,Annual (see program page),"CNY 10,000/year",Undergraduate|Master's|PhD,10 months,http://gjy.lut.edu.cn/,Asia / China,Mar–Jun,Full,1,Undergraduate|Master's|PhD,Exchange,85,Medium,1,100,Undergraduate|Master's|PhD,http://gjy.lut.edu.cn/,Tuition + Stipend,10 months
CSC-0205,LUT The Silk Road Scholarship of Gansu Province,China Scholarship Council (CSC),Belt and Road countries,Medicine/Health|Law|Education|Chinese Language,Global (non-PRC),Degree study,0,"※ Tuition waiver: CNY 5,000 for master's students and doctoral students; CNY 3,000 for undergraduate students.",China Scholarship Council (campuschina.org),China,,"CNY 1,200/month",Undergraduate|Master's|PhD|Language,10 months,http://gjy.lut.edu.cn/,Asia / China,Jan–Apr,Full,1,Undergraduate|Master's|PhD|Language,Silk Road,85,Medium,1,100,Undergraduate|Master's|PhD|Language,http://gjy.lut.edu.cn/,Tuition + Stipend,10 months
CSC-0206,UJN President Scholarship,China Scholarship Council (CSC),International students,Medicine/Health|Chinese Language,International (non-PRC),Degree study|Research,0,UJN president scholarship aims to support international students with excellent academic achievement to pursue postgraduate programs and Ph.D programs in University of Jinan.,China Scholarship Council (campuschina.org),China,Annual (see program page),See program details,Undergraduate|Master's|PhD|Language,three years,http://www.lxbx.net,Asia / China,Annual,Full,1,Undergraduate|Master's|PhD|Language,Chinese Government Scholarship,90,Medium,1,95,Undergraduate|Master's|PhD|Language,http://www.lxbx.net,Tuition + Accommodation + Stipend + Medical insurance,three years
CSC-0207,Dongbei University of finance and economics Freshmen Scholarship,China Scholarship Council (CSC),International students,Medicine/Health|Economics/Business|Education,International (non-PRC),Degree study|Research,0,"In order to attract more outstanding oversea students, Dongbei University of finance and economics has established a new scholarship for freshmen. This scholarship is for students who with excellent language skills and outstanding academic performance to pursue undergraduate degree program, master degree program, and doctoral degree program. The scholarship covers part or full tuition waiver.",China Scholarship Council (campuschina.org),China,,See program details,Undergraduate|Master's|PhD,,http://study.dufe.edu.cn,Asia / China,Annual,Full,1,Undergraduate|Master's|PhD,Chinese Government Scholarship,80,Medium,1,95,Undergraduate|Master's|PhD,http://study.dufe.edu.cn,Tuition,
CSC-0208,University Scholarships of Jinzhou Medical University,China Scholarship Council (CSC),International students,Science|Medicine/Health|Law|Education,International (non-PRC),Degree study,0,"In order to encourage foreign students to finish their education in campus, the regulations are hereby formulated.",China Scholarship Council (campuschina.org),China,Annual (see program page),See program details,Undergraduate|Master's|General Scholar,,https://www.campuschina.org,Asia / China,Annual,Full,1,Undergraduate|Master's|General Scholar,Chinese Government Scholarship,80,Medium,1,95,Undergraduate|Master's|General Scholar,https://www.campuschina.org,Tuition + Accommodation + Stipend + Medical insurance,
CSC-0209,Shanghai Ocean University President's Scholarship,China Scholarship Council (CSC),International students,Medicine/Health|Education,Global (non-PRC),Degree study|Research,0,"I. The University President's Scholarship is divided into Type A, Type B and Type C.",China Scholarship Council (campuschina.org),China,Jun. 30,See program details,Undergraduate|Master's|PhD,2 years,https://www.campuschina.org,Asia / China,Annual,Partial,0,Undergraduate|Master's|PhD,Exchange,50,Medium,1,100,Undergraduate|Master's|PhD,https://www.campuschina.org,Tuition + Accommodation + Stipend + Medical insurance,2 years
CSC-0210,Northwest University International Students Scholarship,China Scholarship Council (CSC),Belt and Road countries,Engineering|Science|Medicine/Health|Economics/Business|Law|Management|History|Arts/Humanities|Chinese Language,Belt and Road countries,Degree study|Research,0,"1. Be a citizen of a country other than the People's Republic of China, and be in good health;",China Scholarship Council (campuschina.org),China,,See program details,Undergraduate|Master's|PhD|Language,,http://nwu.17gz.org,Asia / China,Annual,Full,1,Undergraduate|Master's|PhD|Language,Silk Road,80,Medium,1,65,Undergraduate|Master's|PhD|Language,http://nwu.17gz.org,Tuition,
CSC-0211,Northwest University International Students Silk Road Scholarship,China Scholarship Council (CSC),Belt and Road countries,Engineering|Science|Medicine/Health|Economics/Business|Management|History|Arts/Humanities|Petroleum/Energy|Computer Science,Belt and Road countries,Degree study|Research,0,"2. Applicants should hold a master degree or above, over 18 years old and below 45 years old.",China Scholarship Council (campuschina.org),China,,See program details,Undergraduate|Master's,,http://www.campuschina.org,Asia / China,Annual,Full,1,Undergraduate|Master's,Silk Road,85,Medium,1,65,Undergraduate|Master's,http://www.campuschina.org,Tuition + Accommodation + Medical insurance,
CSC-0212,ZSTU President Scholarship for International Students,China Scholarship Council (CSC),International students,Science|Medicine/Health|Economics/Business|Law|Management|Education|Arts/Humanities,Global (non-PRC),Degree study|Research,0,"(1) Master's degree candidates: At least hold a bachelor's degree, under the age of 35, and two letters of recommendation by professors or associate professors from universities candidates graduated;",China Scholarship Council (campuschina.org),China,Mar-31,"CNY 1,700/month; CNY 2,000/month",Undergraduate|Master's|PhD,3 years,http://admission.zstu.edu.cn/en/,Asia / China,Annual,Full,1,Undergraduate|Master's|PhD,Chinese Government Scholarship,85,High,1,100,Undergraduate|Master's|PhD,http://admission.zstu.edu.cn/en/,Tuition + Accommodation + Stipend,3 years
CSC-0213,ZSTU International Student Scholarships,China Scholarship Council (CSC),International students,Medicine/Health|Law|Education,International (non-PRC),Degree study,0,(2) Master's degree candidates: At least hold a bachelor's degree and two letters of recommendation by professors or associate professors from universities candidates graduated;,China Scholarship Council (campuschina.org),China,May-31,See program details,Undergraduate|Master's|PhD|Senior Scholar,one academic year,http://admission.zstu.edu.cn/en/,Asia / China,Annual,Full,1,Undergraduate|Master's|PhD|Senior Scholar,Chinese Government Scholarship,80,High,1,95,Undergraduate|Master's|PhD|Senior Scholar,http://admission.zstu.edu.cn/en/,Tuition,one academic year
CSC-0214,ZSTU Zhejiang Provincial Government Scholarships,China Scholarship Council (CSC),International students,Medicine/Health|Law|Education,International (non-PRC),Degree study,0,"(1) Bachelor's degree candidates: At least hold a high school diploma, under the age of 30;",China Scholarship Council (campuschina.org),China,May-31,See program details,Undergraduate|Master's|PhD|Senior Scholar,6 months,http://admission.zstu.edu.cn/en/,Asia / China,Annual,Full,1,Undergraduate|Master's|PhD|Senior Scholar,Chinese Government Scholarship,80,High,1,95,Undergraduate|Master's|PhD|Senior Scholar,http://admission.zstu.edu.cn/en/,Tuition + Accommodation + Stipend + Medical insurance,6 months
CSC-0215,Tan Kah Kee Scholarships at Xiamen University,China Scholarship Council (CSC),Belt and Road countries,Medicine/Health|Law|Education|History,Belt and Road countries,Degree study|Research,0,"In 1921, Mr. Tan Kah Kee, a renowned patriotic leader of overseas Chinese, founded Xiamen University (XMU), making it the first higher-learning institution established by overseas Chinese in the nation's modern education history. With Xiamen's close geographic and cultural proximity to Taiwan and its status as a major ancestral home for overseas Chinese and as a special economic zone, XMU has rapidly emerged as a leading center for educational and cultural exchanges with countries along the Maritime Silk Road, as well as with Hong Kong, Macao and Taiwan. It has recently been chosen for inclusion in the Chinese Government's Program of Building World-Class Universities and World-Class Disciplines. The University was placed among the world's top 400 institutions in various authoritative world university rankings, such as THE, QS, US News and ARWU. Currently, the University has a total enrollment of approximately 40,000 students, including 19,782 in bachelor's programs and 19,619 in master's and doctoral programs. Close to 3,500 international students from over 130 countries and regions are studying at XMU. Over the past century, driven by its vision to become a world-class institution, XMU has been dedicated to academic excellence and the education of the whole person. The University has been making significant contributions to China's great rejuvenation and human development, earning a prestigious reputation as the ""Strength of the South"".",China Scholarship Council (campuschina.org),China,"April 30, 2018","CNY 70,000/year; CNY 60,000/year; CNY 50,000/year",Undergraduate|Master's|PhD,four years,http://admissions.xmu.edu.cn/en/clist/68.html,Asia / China,Annual,Full,1,Undergraduate|Master's|PhD,Silk Road,85,High,1,65,Undergraduate|Master's|PhD,http://admissions.xmu.edu.cn/en/clist/68.html,Tuition + Accommodation + Stipend,four years
CSC-0216,Zhejiang Gongshang University Scholarship for International Students,China Scholarship Council (CSC),International students,Law|Education|Arts/Humanities|Chinese Language,International (non-PRC),Degree study,0,"The degree students who are already enrolled, have outstanding academic performance",China Scholarship Council (campuschina.org),China,,See program details,Undergraduate|Master's|PhD|Language,,http://121.43.56.43/gj/Login.aspx,Asia / China,Annual,Full,1,Undergraduate|Master's|PhD|Language,Chinese Government Scholarship,80,Medium,0,95,Undergraduate|Master's|PhD|Language,http://121.43.56.43/gj/Login.aspx,Tuition,
CSC-0217,Harbin Engineering University Scholarship for International Students,China Scholarship Council (CSC),International students,Engineering|Medicine/Health|Law|Education|Arts/Humanities,International (non-PRC),Degree study|Research,0,"Following the principle of ""Fair, just and open"", Harbin Engineering University sets up the scholarship for international students in order to promote the development of education and to attract distinguished international students to study at HEU.",China Scholarship Council (campuschina.org),China,"May 31, 2018",See program details,Undergraduate|Master's|PhD,1 year,http://studyHEU.hrbeu.edu.cn,Asia / China,Annual,Full,1,Undergraduate|Master's|PhD,Exchange,80,Medium,1,95,Undergraduate|Master's|PhD,http://studyHEU.hrbeu.edu.cn,Tuition,1 year
CSC-0218,"Qingdao University ""President Scholarship""",China Scholarship Council (CSC),International students,Science|Medicine/Health|Law|Management|Education,International (non-PRC),Degree study|Research,0,President scholarship for Foreign Students is set up by Qingdao University in order to encourage international students to come to Qingdao University for study and scientific research.,China Scholarship Council (campuschina.org),China,March – May (annual),See program details,Master's|PhD,1 year,https://www.campuschina.org,Asia / China,Annual,Full,1,Master's|PhD,Exchange,85,High,1,95,Master's|PhD,https://www.campuschina.org,Tuition + Accommodation + Stipend + Medical insurance,1 year
CSC-0219,Hebei University of Technology Chinese Government Scholarship,China Scholarship Council (CSC),International students,Medicine/Health|Law|Arts/Humanities|Chinese Language,International (non-PRC),Degree study|Research,0,"This scholarship only supports master's students for no more than 3 academic years or doctoral students for no more than 4 academic years. The scholarship covers both major study and Chinese language/preparatory study, as specified in the Admission Letter.",China Scholarship Council (campuschina.org),China,May-30,See program details,Undergraduate|Master's|PhD|Language,3 academic years,http://www.campuschina.org,Asia / China,Annual,Full,1,Undergraduate|Master's|PhD|Language,Chinese Government Scholarship,90,Medium,1,95,Undergraduate|Master's|PhD|Language,http://www.campuschina.org,Tuition + Accommodation + Stipend + Medical insurance,3 academic years
CSC-0220,China University of Mining and Technology Scholarship,China Scholarship Council (CSC),International students,Medicine/Health|Law|Chinese Language,International (non-PRC),Degree study|Research|Language training|Training,0,"English is mother tongue or teaching language in graduate years, or IELTS score of at least 6.5 with each subtest more than 6.0",China Scholarship Council (campuschina.org),China,,"CNY 15,400/year; CNY 17,000/year; CNY 7,700/year; CNY 8,500/year; CNY 3,850/year; CNY 4,250/year",Undergraduate|Master's|PhD|Language,6 months,http://cumt.17gz.org/member/login.do,Asia / China,Annual,Full,1,Undergraduate|Master's|PhD|Language,Chinese Government Scholarship,80,Medium,1,95,Undergraduate|Master's|PhD|Language,http://cumt.17gz.org/member/login.do,Tuition + Accommodation + Stipend + Medical insurance,6 months
CSC-0221,ECUST Presidential Scholarship for International Students,China Scholarship Council (CSC),International students,Science|Medicine/Health|Education,Global (non-PRC),Degree study|Research,0,"East China University of Science and Technology has set up a presidential scholarship program for foreign students since 2016, providing 8 scholarship quotas each year in order to attract outstanding foreign students studying for master's and doctoral programs at ECUST.",China Scholarship Council (campuschina.org),China,Annual (see program page),See program details,Undergraduate|Master's|PhD,,http://apply.ecust.edu.cn,Asia / China,Annual,Full,0,Undergraduate|Master's|PhD,Chinese Government Scholarship,50,Medium,1,100,Undergraduate|Master's|PhD,http://apply.ecust.edu.cn,See program details,
CSC-0222,Chinese Government Scholarship (Guizhou University Program),China Scholarship Council (CSC),International students,Medicine/Health|Education|Chinese Language,International (non-PRC),Degree study|Research,0,Chinese Government Scholarship (Guizhou University Program) is a full scholarship funded by the Chinese government to support outstanding international students for graduate studies in Guizhou University (GZU).,China Scholarship Council (campuschina.org),China,Apr-20,See program details,Undergraduate|Master's|PhD|Language,3 academic years,https://www.campuschina.org,Asia / China,Annual,Full,1,Undergraduate|Master's|PhD|Language,University,90,Medium,1,95,Undergraduate|Master's|PhD|Language,https://www.campuschina.org,Tuition + Accommodation + Stipend + Medical insurance,3 academic years
CSC-0223,Confucius Institute Scholarship (Guizhou University Program),China Scholarship Council (CSC),Confucius Institute students/teachers|Chinese language teachers,Medicine/Health|Education|Arts/Humanities|Chinese Language,International (non-PRC),Degree study,0,"Confucius Institute Scholarship (Guizhou University Program) provides full scholarships or partial scholarships sponsored by Confucius Institute Headquarters (or ""Hanban"") to support outstanding foreign students, scholars and Chinese language teachers to pursue studies in ""Chinese Language and Literature"" at Guizhou University. Since 2010, more than 130 students have enrolled in Guizhou University under Confucius Institute Scholarships.",China Scholarship Council (campuschina.org),China,"May 15, 2017",See program details,Language,500 month,http://cis.chinese.cn,Asia / China,Annual,Full,0,Language,University,50,Medium,1,95,Language,http://cis.chinese.cn,Tuition + Accommodation + Stipend + Medical insurance,500 month
CSC-0224,Guizhou Government Scholarship for Southeast Asia of Guizhou University,China Scholarship Council (CSC),International students,Medicine/Health|Education|Chinese Language,International (non-PRC),Degree study|Research,0,"1. The degree study duration is 4 academic years for bachelor's programs, 3 academic years for master's programs, and 4 academic years for doctoral programs. The study duration for Chinese language program is usually 1 year;",China Scholarship Council (campuschina.org),China,"June 15, 2017",See program details,Undergraduate|Master's|PhD|Language,4 academic years,https://www.campuschina.org,Asia / China,Annual,Full,0,Undergraduate|Master's|PhD|Language,Exchange,50,Medium,1,95,Undergraduate|Master's|PhD|Language,https://www.campuschina.org,Tuition + Accommodation + Stipend + Medical insurance,4 academic years
CSC-0225,Xiangtan University Excellent International Students Scholarship,China Scholarship Council (CSC),International students,Law,Global (non-PRC),Degree study,0,"Xiangtan University excellent international students scholarship aims to reward undergraduates, masters and doctoral candidates who are diligent, hardworking and excellent .",China Scholarship Council (campuschina.org),China,Annual (see program page),See program details,Undergraduate|Master's|PhD,,https://www.campuschina.org,Asia / China,Annual,Full,1,Undergraduate|Master's|PhD,Exchange,80,Medium,0,100,Undergraduate|Master's|PhD,https://www.campuschina.org,Tuition + Accommodation + Stipend + Medical insurance,
CSC-0226,Hunan Normal University scholarship for Foreign Students,China Scholarship Council (CSC),International students,All fields,International (non-PRC),Degree study,0,"To attract more outstanding foreign student to be enrolled and encourage registered foreign students to be more excellent in school, Hunan Normal University launches ""Hunan Normal University Scholarship for Foreign Students""",China Scholarship Council (campuschina.org),China,March – May (annual),See program details,Master's,,https://www.campuschina.org,Asia / China,Annual,Full,1,Master's,Exchange,80,Medium,0,95,Master's,https://www.campuschina.org,Tuition + Accommodation + Stipend + Medical insurance,
CSC-0227,Southeast University Jiangsu Provincial Government /Jasmine Scholarship,China Scholarship Council (CSC),International students,Medicine/Health|Law|Management|Education,International (non-PRC),Degree study,0,#NAME?,China Scholarship Council (campuschina.org),China,,"CNY 1,500/month; CNY 10000/year; CNY 30,000/year",Undergraduate|Master's|PhD,One academic year,http://cis.seu.edu.cn,Asia / China,Annual,Full,0,Undergraduate|Master's|PhD,Exchange,50,Medium,1,95,Undergraduate|Master's|PhD,http://cis.seu.edu.cn,Tuition + Accommodation + Stipend + Medical insurance,One academic year
CSC-0228,Southeast University Nanjing Municipal Government Scholarship,China Scholarship Council (CSC),International students,Medicine/Health|Law|Education|Chinese Language,Global (non-PRC),Degree study|Research,0,"-Undergraduate student: CNY10,000 per academic year; Duration: One academic year.",China Scholarship Council (campuschina.org),China,,"CNY 20,000/year; CNY 10,000/year",Undergraduate|Master's|PhD|Language,One academic year,http://cis.seu.edu,Asia / China,Annual,Full,1,Undergraduate|Master's|PhD|Language,Exchange,80,Medium,1,100,Undergraduate|Master's|PhD|Language,http://cis.seu.edu,Tuition + Accommodation + Stipend + Medical insurance,One academic year
CSC-0229,SEU President Scholarship,China Scholarship Council (CSC),International students,Medicine/Health,Global (non-PRC),Degree study|Research,0,"- Exempt from registration fee, tuition fee, physical insurance, and fee for basic learning materials;",China Scholarship Council (campuschina.org),China,,See program details,Undergraduate,,http://cis.seu.edu.cn,Asia / China,Annual,Full,1,Undergraduate,Chinese Government Scholarship,85,Medium,1,100,Undergraduate,http://cis.seu.edu.cn,Tuition + Accommodation + Stipend,
CSC-0230,Jiangsu Normal University Scholarship,China Scholarship Council (CSC),International students,Medicine/Health,Global (non-PRC),Degree study,0,"Starting from the year of 2016, Jiangsu Normal University (JSNU) has been offering 300 seats of Scholarship annually to graduates and undergraduates with excellent background for studying in Jiangsu Normal University. The scholarship covers the tuition waiver.",China Scholarship Council (campuschina.org),China,Annual (see program page),See program details,Undergraduate|Master's,,http://international.jsnu.edu.cn/,Asia / China,Mar–Jun,Full,1,Undergraduate|Master's,Chinese Government Scholarship,80,Medium,1,100,Undergraduate|Master's,http://international.jsnu.edu.cn/,Tuition,
CSC-0231,Wuyi University International Student Scholarship,China Scholarship Council (CSC),International students,Education,Global (non-PRC),Research,0,"In order to promote international education and attract excellent students all over the world to study at Wuyi University, we establish International Student Scholarship.",China Scholarship Council (campuschina.org),China,March – June (annual),See program details,Not specified,,http://www.csc.edu.cn/Laihua/universityen.aspx#fujian,Asia / China,Mar–Jun,Full,1,Not specified,Chinese Government Scholarship,85,Medium,0,100,Not specified,http://www.csc.edu.cn/Laihua/universityen.aspx#fujian,Tuition + Accommodation + Stipend,
CSC-0232,Wuyi University Fujian Province Government Scholarship,China Scholarship Council (CSC),International students,Law|Education,Global (non-PRC),Degree study|Research,0,The Fujian Government Scholarship sponsors students who are studying at or applying to study at higher education institutions in Fujian Province.,China Scholarship Council (campuschina.org),China,,See program details,Undergraduate|Master's|PhD|General Scholar,6 months,https://www.campuschina.org,Asia / China,Annual,Full,1,Undergraduate|Master's|PhD|General Scholar,Chinese Government Scholarship,80,Medium,0,100,Undergraduate|Master's|PhD|General Scholar,https://www.campuschina.org,Tuition + Accommodation + Stipend + Medical insurance,6 months
CSC-0233,Guizhou Minzu University Scholarship,China Scholarship Council (CSC),International students,Education,International (non-PRC),Degree study|Research,0,"(1) Standard: Class A Scholarship including tuition 12,000 Yuan per year, accommodation fee and living expenses for ten months(undergraduate: 600-1000RMB per month; postgraduate:1000-1500RMB per month) ten months per year. ①The Class A Scholarship is including tuition 12,000Yuan per year and accommodation fee. ②The Class B Scholarship is including tuition fee and accommodation. ③ The Class C Scholarship is including tuition fee. ④ The Class C Scholarship is including 50% tuition fee.",China Scholarship Council (campuschina.org),China,Annual (see program page),See program details,Undergraduate|Master's|PhD,,https://www.campuschina.org,Asia / China,Annual,Full,1,Undergraduate|Master's|PhD,Exchange,85,Medium,0,95,Undergraduate|Master's|PhD,https://www.campuschina.org,Tuition + Accommodation,
CSC-0234,SCUT International Scholarship for Excellence,China Scholarship Council (CSC),International students,Engineering|Science|Medicine/Health|Economics/Business|Law|Management|Education|Arts/Humanities,International (non-PRC),Degree study|Research,0,South China University of Technology (SCUT) offers the International Scholarship for Excellence to outstanding students who will matriculate into degree programs as full-time students. Selected students will receive a full or partial exemption from tuition and registration fees for the normal duration of the degree. The level of benefits depends upon the applicant's academic excellence in previous academic achievements.,China Scholarship Council (campuschina.org),China,,"CNY 1,400/month",Undergraduate|Master's|PhD,four years,http://www.scut.edu.cn/apply,Asia / China,Mar–Jun,Full,1,Undergraduate|Master's|PhD,Chinese Government Scholarship,80,Medium,1,95,Undergraduate|Master's|PhD,http://www.scut.edu.cn/apply,Tuition + Stipend,four years
CSC-0235,Gannan Normal Universtiy The One Belt and Road Scholarship,China Scholarship Council (CSC),Belt and Road countries,Medicine/Health|Education,Belt and Road countries,Degree study|Research,0,"Starting from the year of 2017, Gannan Normal University has been offering 30 seats of The One Belt and Road Scholarship Program annually to oversea students with excellent academic background in the language programs, the Bachelor's programs and the Master's programs. The scholarship covers half of the tuition.",China Scholarship Council (campuschina.org),China,Annual (see program page),See program details,Undergraduate|Master's,,https://www.campuschina.org,Asia / China,Mar–Jun,Full,1,Undergraduate|Master's,Belt and Road,80,High,1,65,Undergraduate|Master's,https://www.campuschina.org,Tuition,
CSC-0236,SHUTCM Silk Road Assistance Fund,China Scholarship Council (CSC),Belt and Road countries,Medicine/Health|Law|Education|Chinese Language,ASEAN Member States,Degree study|Language training,0,"In 2013, Chinese President Xi Jin-ping put forward the strategic initiative of jointly building ""Silk Road Economic Belt"" and ""21st-Century Maritime Silk Road"", advocating the reinforcement of interconnection and exchange with adjacent countries of ""One Belt& One Road"". In April. 2017, Ministry of Education declared that China has established mutual recognition on education and diploma with 24 countries including Poland, Lithuania, Estonia, Latvia, Hungary, Romania, Bulgaria, Czech, Thailand, Vietnam, Philippine, Malaysia, Indonesia, Kazakhstan, Turkmenistan, Kyrgyzstan, Uzbekistan, Armenia, Russia, Ukraine, Belarus, Mongolia, Egypt. To answer the initiative, International Education College of Shanghai University of Traditional Chinese Medicine revised in 2015 ""Silk Road"" Assistance Fund which aims to provide financial assistance for students from above countries annually.",China Scholarship Council (campuschina.org),China,Annual (see program page),CNY 30000/year; CNY 20000/year; CNY 10000/year,Undergraduate|Master's|PhD|Language,,http://apply.shutcm.edu.cn,Asia / China,Mar–Jun,Full,1,Undergraduate|Master's|PhD|Language,Silk Road,80,Medium,1,65,Undergraduate|Master's|PhD|Language,http://apply.shutcm.edu.cn,Tuition,
CSC-0237,SHUTCM Shanghai Government Scholarships,China Scholarship Council (CSC),International students,Science|Medicine/Health|Law|Education|Chinese Language,International (non-PRC),Degree study|Research|Language training,0,"Shanghai University of Traditional Chinese Medicine's 'Shanghai Government Scholarships for International Students' (hereinafter referred to as ""Scholarship"") is provided to excellent international students who come to the University for study in order to implement the Studying in China Plan and Outline of Shanghai's Plan for Medium and Long-term Education Reform and Development (2010 to 2020), cater to Shanghai's demand in international talents that accelerate to build Shanghai into a scientific and technological center with global influences, further boost the international cooperation and exchange of Shanghai education, promote the development of international student education undertaking, and provide financial aid to excellent students from all over the world to come to Shanghai for study and research. The regulations for the applicants, application formats, procedures and conditions for class A scholarship and class B scholarship by students attending preparatory courses, bachelor's degree, master's degree and doctor's degree programs are as follows:",China Scholarship Council (campuschina.org),China,February – April (annual),See program details,Undergraduate|Master's|PhD|Language,5 academic years,https://www.campuschina.org,Asia / China,Annual,Full,1,Undergraduate|Master's|PhD|Language,Exchange,90,Medium,1,95,Undergraduate|Master's|PhD|Language,https://www.campuschina.org,Tuition + Accommodation + Stipend + Medical insurance,5 academic years
CSC-0238,SHUTCM Pre-Enrollment Scholarship,China Scholarship Council (CSC),International students,Medicine/Health|Law|History|Arts/Humanities,Global (non-PRC),Degree study,0,Shanghai University of Traditional Chinese Medicine's pre-enrollment scholarship aims to give impetus to new full-time self-supported international students apply to pursue a bachelor's degree at our university.,China Scholarship Council (campuschina.org),China,Annual (see program page),See program details,Undergraduate,,https://www.campuschina.org,Asia / China,Annual,Full,1,Undergraduate,Exchange,80,Medium,1,100,Undergraduate,https://www.campuschina.org,Tuition + Accommodation + Stipend + Medical insurance,
CSC-0239,SHUTCM Major-Specific Scholarship,China Scholarship Council (CSC),International students,Medicine/Health|Law,International (non-PRC),Degree study,0,'Shanghai University of Traditional Chinese Medicine's major-specific scholarship for international students' aims to give impetus to international students majored in traditional Chinese medicine (acupuncture) (English teaching) and Chinese and Western Integrative Medicine (English teaching).,China Scholarship Council (campuschina.org),China,,See program details,Undergraduate,5 years,https://www.campuschina.org,Asia / China,Annual,Full,1,Undergraduate,Chinese Government Scholarship,80,Medium,1,95,Undergraduate,https://www.campuschina.org,Tuition,5 years
CSC-0240,SHUTCM Good Student Scholarship,China Scholarship Council (CSC),International students,Medicine/Health|Education,International (non-PRC),Degree study,0,Shanghai University of Traditional Chinese Medicine's 'good student' scholarship for international students aims to reward full-time self-supported international students studying for an academic degree and registered with International Education College.,China Scholarship Council (campuschina.org),China,Annual (see program page),See program details,Not specified,,https://www.campuschina.org,Asia / China,Annual,Full,1,Not specified,Chinese Government Scholarship,80,Medium,1,95,Not specified,https://www.campuschina.org,Tuition + Accommodation + Stipend + Medical insurance,
CSC-0241,SHUTCM Fellowship for the Living,China Scholarship Council (CSC),International students,Medicine/Health|Law|Education|Chinese Language,Global (non-PRC),Degree study,0,"Fellowship for the Living"" is set up to provide financial aid for full-time international undergraduate students of Shanghai University of Traditional Chinese Medicine International Education College with excellent performance.",China Scholarship Council (campuschina.org),China,Jun-15,See program details,Undergraduate|Language,,https://www.campuschina.org,Asia / China,Annual,Full,1,Undergraduate|Language,Chinese Government Scholarship,80,Medium,1,100,Undergraduate|Language,https://www.campuschina.org,Tuition,
CSC-0242,SHUTCM Degree Stipend for International Postgraduate Students,China Scholarship Council (CSC),International students,Science|Medicine/Health|Law|Education,Global (non-PRC),Degree study|Research,0,Shanghai University of Traditional Chinese Medicine sets up its Graduate Degree Stipend for the purpose of providing financial assistance for excellent international full-time graduate students.,China Scholarship Council (campuschina.org),China,Mar-15,See program details,Undergraduate|Master's|PhD,2016 academic year,https://www.campuschina.org,Asia / China,Annual,Full,1,Undergraduate|Master's|PhD,Chinese Government Scholarship,85,Medium,1,100,Undergraduate|Master's|PhD,https://www.campuschina.org,Tuition + Stipend,2016 academic year
CSC-0243,President Scholarship of Mudanjiang Normal University,China Scholarship Council (CSC),International students,Medicine/Health|Economics/Business|Education|History|Arts/Humanities|Chinese Language,International (non-PRC),Degree study|Research,0,"As the earliest, largest and most comprehensive university in the East-Southern region of Hei Longjiang Province, Mudanjiang Normal University is the Chinese Language Standardization Demonstration University,The Exchange Base for Chinese and Russian University Students, Chinese Government Scholarship College,and the national test center for HSK,BCT,YCT of Hanban. In addition, it is the research center on teacher education and the center for both training teachers of elementary education and further education.",China Scholarship Council (campuschina.org),China,Annual (see program page),See program details,Undergraduate|Master's|Language,,https://www.campuschina.org,Asia / China,Annual,Full,1,Undergraduate|Master's|Language,Designated,80,Medium,1,95,Undergraduate|Master's|Language,https://www.campuschina.org,Tuition + Medical insurance,
